field,PX,PX,PX,PX,PX,PX,PX,PX,PX,PX,PX,PX,PX,PX,PX,PX,PX,PX,PX,PX,PX,PX,PX,PX,PX,PX,PX,T,T,T,T,T,T,T,T,T,T,T,T,T,T,T,T,T,T,r,r,r,r,r,r,r,r,r,r,r,r,r,r,r,r,r,r,Fair,Fair,Fair,Fair,Fair,Fair,Fair,Fair,Fair,Fair,Fair,Fair,Fair,Fair,Fair,Fair,Fair,Fair
contract,ESH1,ESM1,ESU1,ESZ1,ESH2,ESM2,ESU2,ESZ2,ESH3,ESM3,ESU3,ESZ3,ESH4,ESM4,ESU4,ESZ4,ESH5,ESM5,ESU5,ESZ5,ESH6,^SPX,1M,3M,6M,12M,q,ESZ1,ESH2,ESM2,ESU2,ESZ2,ESH3,ESM3,ESU3,ESZ3,ESH4,ESM4,ESU4,ESZ4,ESH5,ESM5,ESU5,ESZ5,ESH6,ESZ1,ESH2,ESM2,ESU2,ESZ2,ESH3,ESM3,ESU3,ESZ3,ESH4,ESM4,ESU4,ESZ4,ESH5,ESM5,ESU5,ESZ5,ESH6,ESZ1,ESH2,ESM2,ESU2,ESZ2,ESH3,ESM3,ESU3,ESZ3,ESH4,ESM4,ESU4,ESZ4,ESH5,ESM5,ESU5,ESZ5,ESH6
Date,,,,,,,,,,,,,,,,,,,,,,,,,,,,,,,,,,,,,,,,,,,,,,,,,,,,,,,,,,,,,,,,,,,,,,,,,,,,,,,,,
2021-09-21,,,,4343.25,4335.75,4325.75,4321.25,4312.25,4303.5,4294.5,4295.0,4292.0,,,,4284.5,,,,4289.5,,4354.18994140625,0.0005593,0.0005942,0.0005641999999999999,0.0006067000000000001,0.01669994043029594,0.23835616438356164,0.4876712328767123,0.736986301369863,0.9863013698630136,1.2356164383561643,1.484931506849315,1.7342465753424658,1.9835616438356165,2.232876712328767,,,,3.249315068493151,,,,4.2465753424657535,,0.0006,0.0006,0.0006,0.0006,0.0006,0.0007,0.0006,0.0004,0.0,,,,-0.0038,,,,-0.0134,,4337.512670361861,4320.136973743719,4302.8308826474295,4285.594118239357,4268.426402802849,4251.958799616514,4234.297013535997,4215.662052931034,4194.816843729588,,,,4073.6028177632447,,,,3831.732004992843,
2021-09-22,,,,4384.0,4376.5,4366.25,4360.5,4351.5,4342.5,4333.5,4334.0,4331.0,,,,4323.5,,,,4328.5,,4395.64013671875,0.0005677999999999999,0.0005795,0.0005544,0.0005954,0.01674514816032739,0.2356164383561644,0.4849315068493151,0.7342465753424657,0.9835616438356164,1.2328767123287672,1.4821917808219178,1.7315068493150685,1.9808219178082191,2.23013698630137,,,,3.2465753424657535,,,,4.243835616438356,,0.0006,0.0006,0.0006,0.0006,0.0006,0.0006,0.0006,0.0004,0.0002,,,,-0.0028,,,,-0.0101,,4378.9506118849185,4361.35976147042,4343.839575935646,4326.389771409998,4309.010065163225,4291.700175600842,4274.459822259571,4255.602473677661,4236.405815810299,,,,4125.380985238073,,,,3922.3335724252333,
2021-09-23,,,,4438.0,4430.5,4420.25,4412.75,4403.25,4393.75,4384.25,4384.5,4381.5,,,,4374.0,,,,4379.0,,4448.97998046875,0.0005421,0.0005688,0.0005491,0.0006083,0.01658005953387198,0.2328767123287671,0.4821917808219178,0.7315068493150685,0.9808219178082191,1.2301369863013698,1.4794520547945205,1.7287671232876711,1.978082191780822,2.2273972602739724,,,,3.243835616438356,,,,4.241095890410959,,0.0006,0.0006,0.0006,0.0006,0.0007,0.0007,0.0006,0.0005,0.0002,,,,-0.0032,,,,-0.0116,,4432.4543868764185,4414.830311020051,4397.276311022944,4379.792108253407,4362.914090377428,4345.674859609071,4327.755513585085,4309.695158055493,4289.584831156587,,,,4172.484202387577,,,,3947.8081152013033,
2021-09-24,,,,4445.75,4438.25,4428.0,4419.0,4412.5,4403.75,4394.75,4395.25,4394.25,,,,4396.75,,,,4401.75,,4455.47998046875,0.0005593,0.0005788,0.0005578,0.000654,0.01668177119970541,0.23013698630136986,0.4794520547945205,0.7287671232876712,0.9780821917808219,1.2273972602739727,1.4767123287671233,1.726027397260274,1.9753424657534246,2.2246575342465755,,,,3.241095890410959,,,,4.238356164383561,,0.0006,0.0006,0.0006,0.0006,0.0007,0.0008,0.0007,0.0005,0.0002,,,,-0.004,,,,-0.0144,,4439.020679718743,4421.258378537114,4403.567151442775,4385.94671403981,4368.9329918010035,4352.202276765118,4334.255352852306,4315.314706521141,4295.072770498755,,,,4166.611815198378,,,,3905.5521864615544,
2021-09-27,,,,4433.0,4425.5,4415.5,4408.5,4399.5,4390.75,4381.75,4382.25,4381.25,,,,4383.75,,,,4388.75,,4443.10986328125,0.0005687,0.0005831,0.0005665,0.0006891,0.01725467569160433,0.2219178082191781,0.4712328767123288,0.7205479452054795,0.9698630136986301,1.2191780821917808,1.4684931506849315,1.7178082191780821,1.9671232876712328,2.2164383561643834,,,,3.232876712328767,,,,4.23013698630137,,0.0006,0.0006,0.0006,0.0007,0.0008,0.0008,0.0008,0.0006,0.0002,,,,-0.0041,,,,-0.015,,4426.7185759078075,4408.375790679204,4390.10901158566,4372.341960395985,4354.863954823065,4337.035162455093,4319.27936107848,4299.9042306994625,4278.292209818301,,,,4146.719406535722,,,,3876.4231283003905,
2021-09-28,,,,4343.5,4336.0,4326.0,4319.75,4311.0,4302.25,4293.75,4294.25,4293.25,,,,4295.75,,,,4300.75,,4352.6298828125,0.0005663,0.0005861999999999999,0.0005695,0.0007226,0.01760637437899545,0.2191780821917808,0.4684931506849315,0.7178082191780822,0.9671232876712329,1.2164383561643837,1.4657534246575343,1.715068493150685,1.9643835616438357,2.213698630136986,,,,3.23013698630137,,,,4.227397260273973,,0.0006,0.0006,0.0006,0.0007,0.0008,0.0009,0.0008,0.0006,0.0002,,,,-0.0049,,,,-0.018,,4336.4359829737205,4318.088654526545,4299.818953066709,4282.040656255631,4264.548504626831,4247.339588372991,4228.96021168697,4209.623403781036,4188.102494413053,,,,4047.4277701900064,,,,3744.3870937093757,
2021-09-29,,,,4349.75,4342.25,4332.0,4326.5,4317.75,4309.0,4300.25,4300.75,4299.75,,,,4302.25,,,,4307.25,,4359.4599609375,0.0006028,0.0006053,0.0005923,0.0007774,0.0173328648632656,0.21643835616438356,0.4657534246575342,0.7150684931506849,0.9643835616438357,1.2136986301369863,1.463013698630137,1.7123287671232876,1.9616438356164383,2.210958904109589,,,,3.2273972602739724,,,,4.2246575342465755,,0.0006,0.0006,0.0006,0.0008,0.0009,0.001,0.0009,0.0007,0.0003,,,,-0.0049,,,,-0.0183,,4343.700148905592,4325.617039951989,4307.609212168407,4290.503810622318,4273.373840968663,4256.524501098667,4238.501217387021,4219.516004912604,4198.340059701395,,,,4057.609066922778,,,,3750.208867786757,
2021-09-30,,,,4297.75,4290.0,4280.75,4276.5,4268.0,4259.5,4250.75,4251.25,4250.25,,,,4252.75,,,,4257.75,,4307.5400390625,0.0005781,0.0005738,0.0005628,0.0007485,0.01742165302427479,0.2136986301369863,0.46301369863013697,0.7123287671232876,0.9616438356164384,1.210958904109589,1.4602739726027398,1.7095890410958905,1.9589041095890412,2.208219178082192,,,,3.2246575342465755,,,,4.221917808219178,,0.0006,0.0006,0.0006,0.0007,0.0009,0.0009,0.0009,0.0007,0.0003,,,,-0.0046,,,,-0.0173,,4292.083246712629,4274.120408367935,4256.232746468535,4238.8275510324065,4222.215295011812,4204.859350373024,4187.574749517835,4168.727651657567,4147.719321131586,,,,4012.2600868639774,,,,3720.191030829485,
2021-10-01,,,,4343.75,4336.0,4326.0,4319.75,4311.0,4302.5,4293.75,4294.25,4293.25,,,,4295.75,,,,4300.75,,4357.0400390625,0.0005485,0.0005541,0.000547,0.0007457,0.01744023121959557,0.21095890410958903,0.4602739726027397,0.7095890410958904,0.958904109589041,1.2082191780821918,1.4575342465753425,1.7068493150684931,1.9561643835616438,2.2054794520547945,,,,3.221917808219178,,,,4.219178082191781,,0.0006,0.0005,0.0006,0.0007,0.0009,0.0009,0.0009,0.0007,0.0003,,,,-0.0049,,,,-0.0183,,4341.588695344984,4323.199655801603,4305.284807921614,4287.657987353348,4270.832239519524,4253.256748460477,4235.7535847298395,4216.672427048953,4195.407643801618,,,,4054.447991148819,,,,3747.161186898142,
2021-10-04,,,,4291.25,4283.5,4273.5,4268.0,4259.25,4250.75,4242.25,4242.75,4241.75,,,,4244.25,,,,4249.25,,4300.4599609375,0.0005831,0.0005706,0.0005516,0.0007056,0.01807818406936371,0.20273972602739726,0.4520547945205479,0.7013698630136986,0.9506849315068493,1.2,1.4493150684931506,1.6986301369863013,1.9479452054794522,2.197260273972603,,,,3.213698630136986,,,,4.210958904109589,,0.0006,0.0006,0.0006,0.0007,0.0008,0.0009,0.0008,0.0007,0.0003,,,,-0.0042,,,,-0.0157,,4285.24815298934,4266.615490326067,4248.063844235354,4229.99498258376,4212.213004051485,4194.7149330014545,4176.0788849082155,4157.3183304321865,4135.708628375707,,,,4003.3304012503663,,,,3730.2805289715116,
2021-10-05,,,,4334.0,4326.25,4316.0,4312.0,4303.5,4294.75,4286.0,4286.5,4285.5,,,,4288.0,,,,4293.0,,4345.72021484375,0.0005781,0.0005702999999999999,0.0005499,0.0007059,0.01755083075515996,0.2,0.44931506849315067,0.6986301369863014,0.947945205479452,1.1972602739726028,1.4465753424657535,1.6958904109589041,1.9452054794520548,2.1945205479452055,,,,3.210958904109589,,,,4.208219178082191,,0.0006,0.0006,0.0006,0.0007,0.0008,0.0009,0.0008,0.0007,0.0003,,,,-0.0044,,,,-0.0166,,4331.012446245801,4312.747786541504,4294.560152197501,4276.854621551975,4259.43446987458,4242.296801034148,4224.0058396001405,4205.5840326120215,4184.278131495357,,,,4049.9651926393817,,,,3763.981554498958,
2021-10-06,,,,4354.0,4346.25,4336.0,4330.5,4321.5,4312.25,4303.25,4306.5,4305.5,,,,4308.0,,,,4313.0,,4363.5498046875,0.0005884,0.0005724,0.0005541,0.0007362,0.01770108738209314,0.19726027397260273,0.4465753424657534,0.6958904109589041,0.9452054794520548,1.1945205479452055,1.4438356164383561,1.6931506849315068,1.9424657534246574,2.191780821917808,,,,3.208219178082192,,,,4.205479452054795,,0.0006,0.0006,0.0006,0.0007,0.0008,0.0009,0.0009,0.0007,0.0003,,,,-0.0046,,,,-0.0175,,4348.854757521012,4330.352630152792,4311.929219765532,4293.990042569957,4276.338724627223,4258.9723259118355,4241.1698061942,4221.801241574423,4200.260435765238,,,,4062.2586036715174,,,,3763.1201928932733,
2021-10-07,,,,4390.0,4382.25,4372.0,4365.25,4356.0,4346.75,4337.5,4340.75,4339.75,,,,4342.25,,,,4347.25,,4399.759765625,0.0005565,0.0005545,0.0005459,0.000772,0.01668014887101429,0.19452054794520549,0.4438356164383562,0.6931506849315069,0.9424657534246575,1.1917808219178083,1.441095890410959,1.6904109589041096,1.9397260273972603,2.1890410958904107,,,,3.2054794520547945,,,,4.2027397260273975,,0.0006,0.0005,0.0006,0.0007,0.0009,0.001,0.001,0.0008,0.0004,,,,-0.0053,,,,-0.02,,4386.019172769556,4368.276834796149,4350.992476125787,4333.992608596119,4317.78898375338,4301.455021745555,4284.672180788839,4266.29940938792,4245.722586059654,,,,4100.434833971868,,,,3771.1983734648948,
2021-10-08,,,,4382.25,4374.5,4364.5,4356.75,4347.5,4338.25,4329.25,4332.5,4331.5,,,,4334.0,,,,4344.0,,4391.33984375,0.0005415,0.0005505,0.0005502,0.0007897999999999999,0.01681574964726765,0.1917808219178082,0.4410958904109589,0.6904109589041096,0.9397260273972603,1.189041095890411,1.4383561643835616,1.6876712328767123,1.936986301369863,2.186301369863014,,,,3.202739726027397,,,,4.2,,0.0005,0.0005,0.0006,0.0008,0.0009,0.001,0.001,0.0008,0.0004,,,,-0.0052,,,,-0.02,,4377.620606401216,4359.849655100374,4342.450642180064,4325.743215339842,4309.017430256677,4292.5703517353995,4275.677624162393,4257.201827411835,4236.530297489379,,,,4092.367560056058,,,,3762.216338947777,
2021-10-12,,,,4340.75,4333.25,4323.25,4314.25,4305.25,4300.25,4296.25,4293.25,4292.25,,,,4302.25,,,,4319.25,,4350.64990234375,0.0005267000000000001,0.0005448,0.0005537000000000001,0.00084,0.01798440120203246,0.18082191780821918,0.4301369863013699,0.6794520547945205,0.9287671232876712,1.178082191780822,1.4273972602739726,1.6767123287671233,1.926027397260274,2.175342465753425,,,,3.191780821917808,,,,4.189041095890411,,0.0005,0.0005,0.0006,0.0008,0.001,0.0011,0.0011,0.0009,0.0005,,,,-0.0057,,,,-0.0221,,4336.916769294747,4318.052753526019,4299.562914148804,4281.763382110604,4264.462794137764,4247.049424454759,4229.208895045544,4209.821349508564,4188.282210966973,,,,4033.8845474082195,,,,3678.1504577623077,
2021-10-13,,,,4355.0,4347.5,4337.75,4329.0,4319.5,4314.25,4310.25,4307.25,4306.25,,,,4316.25,,,,4333.25,,4363.7998046875,0.0005233999999999999,0.0005477,0.0005677999999999999,0.0009585,0.0181065857557766,0.1780821917808219,0.4273972602739726,0.6767123287671233,0.9260273972602739,1.1753424657534246,1.4246575342465753,1.673972602739726,1.9232876712328768,2.1726027397260275,,,,3.1890410958904107,,,,4.186301369863013,,0.0005,0.0006,0.0007,0.0009,0.0011,0.0013,0.0013,0.0011,0.0005,,,,-0.0074,,,,-0.0285,,4350.138889744631,4331.270538420955,4312.699065751106,4294.819044250426,4277.439702340503,4260.555554475268,4242.7406007874115,4223.37527238266,4200.027513909733,,,,4022.894395585568,,,,3590.2935891176867,
2021-10-14,,,,4429.0,4421.5,4411.75,4402.5,4393.0,4387.75,4383.75,4380.75,4379.75,,,,4389.75,,,,4406.75,,4438.259765625,0.0005243,0.0005432,0.0005784000000000001,0.0010629,0.01741651451402027,0.17534246575342466,0.4246575342465753,0.673972602739726,0.9232876712328767,1.1726027397260275,1.4219178082191781,1.6712328767123288,1.9205479452054794,2.16986301369863,,,,3.186301369863014,,,,4.183561643835616,,0.0005,0.0006,0.0007,0.001,0.0013,0.0015,0.0016,0.0013,0.0007,,,,-0.0082,,,,-0.0321,,4425.114578486081,4406.677901879153,4388.536859556438,4371.495584089837,4355.171919440741,4338.941305382454,4322.479845563197,4302.988649752833,4280.1575016722645,,,,4090.39040746653,,,,3607.831733576153,
2021-10-15,,,,4462.5,4455.0,4445.25,4436.25,4426.5,4426.25,4424.25,4421.25,4423.25,,,,4433.25,,,,4450.25,,4471.3701171875,0.0005290000000000001,0.0005346,0.0005788999999999999,0.001067,0.0174766927936431,0.1726027397260274,0.42191780821917807,0.6712328767123288,0.9205479452054794,1.16986301369863,1.4191780821917808,1.6684931506849314,1.917808219178082,2.1671232876712327,,,,3.1835616438356165,,,,4.1808219178082195,,0.0005,0.0006,0.0007,0.001,0.0013,0.0015,0.0016,0.0014,0.0008,,,,-0.0073,,,,-0.0291,,4458.2871798812475,4439.644467445899,4421.300164975207,4404.061969192535,4387.5472632673445,4371.128017327554,4354.477919429377,4335.612369638663,4312.658029713957,,,,4132.22807399922,,,,3680.196021525832,
2021-10-18,,,,4477.5,4470.0,4460.75,4451.0,4441.25,4441.0,4439.0,4436.0,4438.0,,,,4448.0,,,,4465.0,,4486.4599609375,0.0005269,0.0005434,0.0006028,0.0011753,0.01824256965311932,0.1643835616438356,0.4136986301369863,0.663013698630137,0.9123287671232877,1.1616438356164382,1.4109589041095891,1.6602739726027398,1.9095890410958904,2.158904109589041,,,,3.175342465753425,,,,4.1726027397260275,,0.0005,0.0006,0.0007,0.001,0.0014,0.0017,0.0018,0.0016,0.001,,,,-0.0082,,,,-0.033,,4473.393874521008,4453.833813853047,4434.580396218778,4416.4361549057585,4399.53518759124,4382.954662430274,4365.6399718174725,4346.120007381859,4322.521484237292,,,,4125.139135559815,,,,3622.8067722143924,
2021-10-19,,,,4511.25,4504.0,4494.5,4483.0,4473.25,4473.0,4471.0,4468.0,4470.0,,,,4480.0,,,,4497.0,,4519.6298828125,0.0005003,0.0005371999999999999,0.0006302,0.0013256,0.01827955478126165,0.16164383561643836,0.410958904109589,0.6602739726027397,0.9095890410958904,1.158904109589041,1.4082191780821918,1.6575342465753424,1.906849315068493,2.1561643835616437,,,,3.1726027397260275,,,,4.16986301369863,,0.0005,0.0006,0.0008,0.0012,0.0016,0.0019,0.0021,0.0019,0.0012,,,,-0.0089,,,,-0.0367,,4506.659315311526,4486.911197342665,4467.76735674385,4449.958322046689,4433.10437981735,4416.5732075543265,4400.032556113884,4380.648458614969,4356.215946999143,,,,4146.23285494021,,,,3593.666153767978,
2021-10-20,,,,4528.0,4521.0,4511.0,4500.0,4490.25,4490.0,4488.0,4485.0,4487.0,,,,4497.0,,,,4514.0,,4536.18994140625,0.0004837,0.0005149999999999999,0.0005928,0.0011986,0.01843985227564392,0.1589041095890411,0.40821917808219177,0.6575342465753424,0.9068493150684932,1.1561643835616437,1.4054794520547946,1.6547945205479453,1.904109589041096,2.1534246575342464,,,,3.16986301369863,,,,4.167123287671233,,0.0005,0.0006,0.0007,0.0011,0.0014,0.0017,0.0019,0.0017,0.0011,,,,-0.0079,,,,-0.0325,,4523.276965378209,4503.274820189547,4483.584684906051,4465.417909034892,4447.697601906205,4430.710351165805,4413.717844092891,4393.881155142138,4369.931676460763,,,,4172.826885151116,,,,3668.6171587059753,
2021-10-21,,,,4541.75,4534.75,4525.25,4516.75,4510.0,4507.0,4506.75,4506.75,4507.75,,,,4529.0,,,,4555.0,,4549.77978515625,0.0004213,0.0004539,0.0005421,0.0011506,0.01820106020507754,0.15616438356164383,0.4054794520547945,0.6547945205479452,0.9041095890410958,1.1534246575342466,1.4027397260273973,1.652054794520548,1.9013698630136986,2.1506849315068495,,,,3.1671232876712327,,,,4.164383561643835,,0.0004,0.0005,0.0007,0.001,0.0014,0.0017,0.0018,0.0017,0.0011,,,,-0.0073,,,,-0.0304,,4537.149454187607,4517.241033820067,4497.938742432432,4479.570581333091,4462.459519533357,4445.676897408707,4428.156611969872,4409.248268817641,4385.483317676067,,,,4196.764332213806,,,,3716.139559887058,
2021-10-22,,,,4536.5,4529.75,4520.5,4513.0,4506.0,4504.25,4504.0,4504.0,4506.0,,,,4524.0,,,,4550.0,,4544.89990234375,0.0004351,0.0004731,0.0005917,0.0013566,0.01844214158749156,0.15342465753424658,0.40273972602739727,0.6520547945205479,0.9013698630136986,1.1506849315068493,1.4,1.6493150684931508,1.8986301369863015,2.147945205479452,,,,3.164383561643836,,,,4.161643835616438,,0.0005,0.0005,0.0008,0.0012,0.0016,0.002,0.0022,0.002,0.0014,,,,-0.0086,,,,-0.0363,,4532.406056411794,4512.176767005384,4492.916568480282,4474.8111821308685,4457.667758521398,4441.475786118675,4424.765553672248,4405.210999167811,4381.539371777038,,,,4172.16045090658,,,,3618.966209672518,
2021-10-25,,,,4558.0,4551.25,4542.25,4534.75,4527.75,4526.0,4525.75,4525.75,4527.75,,,,4545.75,,,,4571.75,,4566.47998046875,0.0004343,0.0004546,0.000598,0.0015173,0.01937223320209516,0.14520547945205478,0.39452054794520547,0.6438356164383562,0.8931506849315068,1.1424657534246576,1.3917808219178083,1.641095890410959,1.8904109589041096,2.1397260273972605,,,,3.1561643835616437,,,,4.153424657534247,,0.0004,0.0005,0.0008,0.0013,0.0018,0.0023,0.0025,0.0024,0.0017,,,,-0.0096,,,,-0.0411,,4553.917223974397,4532.606586210235,4512.2016175076,4493.363074186282,4475.718907283988,4459.255645087508,4441.77339758887,4422.2922378067715,4397.028297413689,,,,4167.438308760406,,,,3552.2307934881483,
2021-10-26,,,,4565.25,4558.5,4549.5,4542.0,4535.0,4533.25,4533.0,4533.0,4535.0,,,,4553.0,,,,4579.0,,4574.7900390625,0.0004538,0.000476,0.0006079,0.001473,0.01973974997046369,0.14246575342465753,0.3917808219178082,0.6410958904109589,0.8904109589041096,1.1397260273972603,1.389041095890411,1.6383561643835616,1.8876712328767122,2.136986301369863,,,,3.1534246575342464,,,,4.1506849315068495,,0.0005,0.0005,0.0008,0.0012,0.0018,0.0022,0.0024,0.0023,0.0016,,,,-0.0092,,,,-0.0395,,4562.267684279002,4540.435985615404,4519.577918864965,4499.889351976147,4482.201825544779,4464.679231296193,4446.65495638953,4426.637605099064,4400.8442933815595,,,,4175.781320520812,,,,3577.5394764140337,
2021-10-27,,,,4544.5,4538.0,4529.0,4521.5,4514.5,4512.75,4512.5,4512.5,4514.5,,,,4532.5,,,,4563.5,,4551.68017578125,0.0004227,0.0004653,0.0005957,0.0015112,0.02016043728936814,0.13972602739726028,0.38904109589041097,0.6383561643835617,0.8876712328767123,1.1369863013698631,1.3863013698630138,1.6356164383561644,1.884931506849315,2.1342465753424658,,,,3.1506849315068495,,,,4.147945205479452,,0.0004,0.0005,0.0008,0.0013,0.0018,0.0023,0.0025,0.0023,0.0016,,,,-0.0108,,,,-0.0452,,4539.130104700237,4516.99846178541,4495.772809920602,4476.110899337251,4457.646198420858,4440.364579271213,4422.082472076666,4400.995358709497,4374.900971555941,,,,4128.647415209268,,,,3470.7993293807417,
2021-10-28,,,,4587.5,4581.25,4572.25,4566.0,4557.25,4555.5,4555.25,4555.25,4557.25,,,,4575.25,,,,4598.75,,4596.419921875,0.0004345,0.0004764,0.0006214,0.0016369,0.01998136844784516,0.136986301369863,0.3863013698630137,0.6356164383561644,0.8849315068493151,1.1342465753424658,1.3835616438356164,1.632876712328767,1.8821917808219177,2.1315068493150684,,,,3.147945205479452,,,,4.145205479452055,,0.0004,0.0005,0.0008,0.0014,0.002,0.0025,0.0027,0.0025,0.0017,,,,-0.0118,,,,-0.0495,,4584.107101710174,4561.958574700482,4540.720634534878,4521.457891683961,4503.6240497276385,4486.582031934677,4468.5294774126605,4447.643630144112,4420.756611731542,,,,4158.821397395873,,,,3446.1689798238926,
2021-10-29,,,,4597.0,4591.0,4582.5,4575.25,4566.75,4565.0,4564.75,4564.75,4566.75,,,,4584.75,,,,4608.25,,4605.3798828125,0.0004323,0.0004776,0.0006540999999999999,0.0017961,0.01944985687850228,0.13424657534246576,0.3835616438356164,0.6328767123287671,0.8821917808219178,1.1315068493150684,1.3808219178082193,1.63013698630137,1.8794520547945206,2.128767123287671,,,,3.1452054794520548,,,,4.142465753424657,,0.0004,0.0005,0.0009,0.0015,0.0022,0.0027,0.003,0.0029,0.002,,,,-0.0123,,,,-0.0525,,4593.617232586021,4572.02732084823,4551.629894651561,4533.027069770682,4516.362118068501,4500.08637195602,4483.525324363968,4464.336028025102,4437.443748066082,,,,4167.704214125116,,,,3418.409354216181,
2021-11-01,,,,4605.75,4599.5,4591.0,4583.75,4578.5,4578.75,4573.0,4573.0,4575.0,,,,4593.0,,,,4616.5,,4613.669921875,0.000436,0.0004818999999999999,0.000686,0.0018677,0.0207142911808207,0.12602739726027398,0.37534246575342467,0.6246575342465753,0.873972602739726,1.1232876712328768,1.3726027397260274,1.621917808219178,1.8712328767123287,2.1205479452054794,,,,3.136986301369863,,,,4.134246575342465,,0.0004,0.0006,0.0009,0.0015,0.0022,0.0028,0.0032,0.0031,0.0023,,,,-0.011,,,,-0.049,,4601.873308435823,4578.969034527085,4556.917793602424,4536.840545622606,4518.710853578579,4501.606862748418,4484.454578808269,4464.080142765979,4436.985620066996,,,,4176.762069389511,,,,3458.405169848262,
2021-11-02,,,,4623.5,4617.25,4608.25,4600.75,4595.5,4593.75,4590.0,4590.0,4592.0,,,,4610.0,,,,4633.5,,4630.64990234375,0.0004234,0.0004784,0.000656,0.001818,0.02110309492302238,0.1232876712328767,0.3726027397260274,0.6219178082191781,0.8712328767123287,1.1205479452054794,1.36986301369863,1.6191780821917807,1.8684931506849316,2.117808219178082,,,,3.1342465753424658,,,,4.131506849315069,,0.0004,0.0005,0.0009,0.0015,0.0022,0.0028,0.0031,0.0029,0.0021,,,,-0.0126,,,,-0.0539,,4618.845534518396,4595.237569945831,4572.831335938105,4552.235200260042,4533.595810398215,4515.990276455874,4497.6138888047735,4475.798930465224,4447.990029188799,,,,4166.446091019004,,,,3396.757926012079,
2021-11-03,,,,4652.25,4645.75,4637.0,4629.75,4624.5,4622.75,4619.0,4619.0,4621.0,,,,4639.0,,,,4662.5,,4660.56982421875,0.0004145,0.0004774,0.0005999,0.0016106,0.02136779536168002,0.12054794520547946,0.3698630136986301,0.6191780821917808,0.8684931506849315,1.1178082191780823,1.367123287671233,1.6164383561643836,1.8657534246575342,2.115068493150685,,,,3.1315068493150684,,,,4.1287671232876715,,0.0004,0.0005,0.0008,0.0013,0.0019,0.0024,0.0027,0.0025,0.0015,,,,-0.0133,,,,-0.0548,,4648.804528454768,4624.736955477079,4601.59320503284,4580.045706751132,4560.245495787657,4541.268624745471,4522.0362043342775,4499.359560349305,4468.782376565017,,,,4181.10381358329,,,,3403.0042050075895,
2021-11-04,,,,4673.25,4666.75,4657.75,4650.0,4644.75,4643.0,4639.25,4639.25,4641.25,,,,4659.25,,,,4682.75,,4680.06005859375,0.0004205,0.0004603,0.0005951,0.0016422,0.02066384235352578,0.1178082191780822,0.36712328767123287,0.6164383561643836,0.8657534246575342,1.115068493150685,1.3643835616438356,1.6136986301369862,1.8630136986301369,2.1123287671232878,,,,3.128767123287671,,,,4.126027397260274,,0.0004,0.0005,0.0008,0.0013,0.0019,0.0025,0.0028,0.0026,0.0017,,,,-0.0126,,,,-0.053,,4668.900923516701,4645.54328550233,4623.102925521029,4602.256055200128,4583.156594317746,4565.502090462424,4547.074617347505,4525.1818180335185,4496.2920721198725,,,,4217.472970517731,,,,3453.4437139172474,
2021-11-05,,,,4690.25,4683.75,4674.5,4666.75,4661.5,4659.75,4656.0,4656.0,4658.0,,,,4676.0,,,,4699.5,,4697.52978515625,0.0004314,0.0004439,0.0005492,0.0014731,0.02018508704695604,0.11506849315068493,0.3643835616438356,0.6136986301369863,0.863013698630137,1.1123287671232878,1.3616438356164384,1.610958904109589,1.8602739726027397,2.1095890410958904,,,,3.126027397260274,,,,4.123287671232877,,0.0004,0.0005,0.0007,0.0012,0.0017,0.0022,0.0025,0.0023,0.0015,,,,-0.0115,,,,-0.0479,,4686.847364853307,4663.955327245308,4641.691381524724,4621.190716514909,4601.927782425616,4583.887833653722,4565.585866005144,4543.808926887602,4515.965189775398,,,,4254.547210000023,,,,3547.710241217582,
2021-11-08,,,,4694.0,4687.75,4678.5,4670.75,4665.5,4663.75,4660.0,4660.0,4662.0,,,,4680.0,,,,4703.5,,4701.7001953125,0.0004266,0.0004479,0.0005510000000000001,0.0014888,0.02171432446746169,0.10684931506849316,0.3561643835616438,0.6054794520547945,0.8547945205479452,1.104109589041096,1.3534246575342466,1.6027397260273972,1.8520547945205479,2.1013698630136988,,,,3.117808219178082,,,,4.115068493150685,,0.0004,0.0005,0.0007,0.0012,0.0017,0.0022,0.0025,0.0023,0.0015,,,,-0.0119,,,,-0.0496,,4691.0046284676655,4666.30902350247,4642.255955191787,4619.972047905884,4598.941551062134,4579.148295155704,4559.115456413485,4535.647239237372,4506.164799775032,,,,4233.8899054348085,,,,3505.947658477489,
2021-11-09,,,,4678.25,4671.75,4662.5,4654.5,4649.25,4647.5,4643.75,4643.75,4645.75,,,,4663.75,,,,4687.25,,4685.25,0.0004341,0.0004643,0.0005702,0.0015476,0.02174404837128839,0.10410958904109589,0.35342465753424657,0.6027397260273972,0.852054794520548,1.1013698630136985,1.3506849315068492,1.6,1.8493150684931507,2.0986301369863014,,,,3.115068493150685,,,,4.112328767123287,,0.0004,0.0005,0.0007,0.0012,0.0018,0.0023,0.0026,0.0024,0.0015,,,,-0.0126,,,,-0.0525,,4674.850370672814,4650.204074099533,4626.197202721693,4603.949956110555,4583.456932799086,4563.804030233663,4543.914197579284,4520.605910795126,4490.36731632586,,,,4209.884501736118,,,,3452.5163436675466,
2021-11-10,,,,4642.0,4635.5,4626.5,4618.75,4613.5,4611.75,4608.0,4611.0,4610.0,,,,4628.0,,,,4651.5,,4646.7099609375,0.000434,0.000461,0.0005638,0.0014648,0.02030650066652355,0.10136986301369863,0.3506849315068493,0.6,0.8493150684931506,1.0986301369863014,1.347945205479452,1.5972602739726027,1.8465753424657534,2.095890410958904,,,,3.1123287671232878,,,,4.109589041095891,,0.0004,0.0005,0.0007,0.0011,0.0017,0.0022,0.0024,0.0023,0.0015,,,,-0.0112,,,,-0.047,,4637.3427298149745,4614.546481366583,4592.3667982544985,4571.52598833979,4552.687743963703,4534.672492163955,4515.690418254336,4494.745616437096,4467.116264636386,,,,4212.687670387633,,,,3523.861397773364,
2021-11-12,,,,4678.25,4672.0,4663.0,4655.75,4650.0,4651.5,4647.5,4649.5,4646.5,,,,4664.5,,,,4688.0,,4682.85009765625,0.0004484,0.0004979,0.0006464999999999999,0.001785,0.02031108912964988,0.0958904109589041,0.3452054794520548,0.5945205479452055,0.8438356164383561,1.093150684931507,1.3424657534246576,1.5917808219178082,1.841095890410959,2.0904109589041098,,,,3.106849315068493,,,,4.104109589041096,,0.0005,0.0005,0.0008,0.0014,0.002,0.0027,0.003,0.0028,0.002,,,,-0.0132,,,,-0.0563,,4673.962562335659,4650.933830830815,4628.84407172193,4608.714967519428,4590.046433117968,4573.435329527924,4555.57364452604,4534.284623866044,4506.988618479649,,,,4219.8222887190905,,,,3419.4735766442564,
2021-11-15,,,,4679.0,4672.5,4663.75,4657.0,4649.25,4650.75,4646.75,4648.75,4645.75,,,,4663.75,,,,4687.25,,4682.7998046875,0.0004428,0.0005004,0.0006661,0.0019104,0.02170885097911719,0.08767123287671233,0.336986301369863,0.5863013698630137,0.8356164383561644,1.084931506849315,1.3342465753424657,1.5835616438356164,1.832876712328767,2.0821917808219177,,,,3.0986301369863014,,,,4.095890410958904,,0.0004,0.0005,0.0008,0.0014,0.0022,0.0029,0.0032,0.0031,0.0022,,,,-0.014,,,,-0.0606,,4674.0596899865295,4649.450718960054,4625.744319415436,4604.001286049223,4584.72631629906,4566.744258389689,4547.539299768286,4525.773267113245,4496.390711109922,,,,4192.292239096723,,,,3342.664175794438,
2021-11-16,,,,4696.0,4689.75,4681.0,4674.25,4666.75,4670.25,4669.25,4671.25,4676.25,,,,4701.0,,,,4728.25,,4700.89990234375,0.000442,0.000512,0.0006976,0.00197,0.02178735551639606,0.08493150684931507,0.33424657534246577,0.5835616438356165,0.8328767123287671,1.082191780821918,1.3315068493150686,1.5808219178082192,1.83013698630137,2.0794520547945203,,,,3.095890410958904,,,,4.093150684931507,,0.0004,0.0006,0.0008,0.0015,0.0022,0.0029,0.0033,0.0032,0.0024,,,,-0.0135,,,,-0.0592,,4692.368654830752,4667.726666381199,4643.677157794813,4622.1367261229225,4602.302325484966,4584.152816256602,4565.503219112952,4543.676800160262,4515.152139269389,,,,4214.403965052196,,,,3374.5450298577966,
2021-11-17,,,,4686.25,4680.0,4671.25,4664.0,4656.5,4660.0,4659.0,4661.0,4666.0,,,,4690.75,,,,4718.0,,4688.669921875,0.0004562,0.0005338,0.0007528,0.0020621,0.0201497194103083,0.0821917808219178,0.3315068493150685,0.5808219178082191,0.8301369863013699,1.0794520547945206,1.3287671232876712,1.5780821917808219,1.8273972602739725,2.0767123287671234,,,,3.0931506849315067,,,,4.090410958904109,,0.0005,0.0006,0.0009,0.0015,0.0023,0.003,0.0035,0.0034,0.0027,,,,-0.0121,,,,-0.0552,,4681.1036185467365,4658.381534426168,4636.539472017698,4616.639786929206,4599.1937996718825,4583.032789814594,4567.081218362665,4547.331385092222,4521.8033976643,,,,4243.530983513562,,,,3445.047269159737,
2021-11-18,,,,4701.5,4695.25,4686.25,4678.5,4671.0,4674.5,4673.5,4675.5,4680.5,,,,4705.25,,,,4732.5,,4704.5400390625,0.0004745,0.0005315000000000001,0.000749,0.0020002,0.01963185434935549,0.07945205479452055,0.3287671232876712,0.5780821917808219,0.8273972602739726,1.0767123287671232,1.326027397260274,1.5753424657534247,1.8246575342465754,2.073972602739726,,,,3.0904109589041098,,,,4.087671232876712,,0.0005,0.0006,0.0009,0.0015,0.0022,0.0029,0.0033,0.0033,0.0027,,,,-0.0106,,,,-0.0496,,4697.394264146576,4675.19540731853,4653.871513819584,4634.4881509111465,4617.063586746301,4601.310300899027,4585.0441942019015,4566.412871978919,4542.201498998001,,,,4284.9083113664565,,,,3544.974436468409,
2021-11-19,,,,4694.5,4688.5,4679.5,4672.75,4664.25,4667.75,4666.75,4668.75,4673.75,,,,4698.5,,,,4725.75,,4697.9599609375,0.0004696,0.0005278,0.0007067,0.0019121,0.02001129610274121,0.07671232876712329,0.32602739726027397,0.5753424657534246,0.8246575342465754,1.073972602739726,1.3232876712328767,1.5726027397260274,1.821917808219178,2.0712328767123287,,,,3.0876712328767124,,,,4.0849315068493155,,0.0005,0.0006,0.0008,0.0014,0.0021,0.0028,0.0032,0.0031,0.0024,,,,-0.0121,,,,-0.0543,,4690.933516413674,4668.322265822938,4646.318981178439,4626.406431668391,4608.452522919112,4592.170865383863,4575.385114945146,4555.418356709289,4529.67987005067,,,,4254.508475355399,,,,3467.978324863525,
2021-11-22,,,,4679.75,4673.75,4665.25,4658.75,4651.0,4654.5,4653.5,4655.5,4660.5,,,,4685.25,,,,4712.5,,4682.93994140625,0.0004743,0.0005155,0.0006812,0.001839,0.0212982530734847,0.0684931506849315,0.3178082191780822,0.5671232876712329,0.8164383561643835,1.0657534246575342,1.3150684931506849,1.5643835616438355,1.8136986301369864,2.063013698630137,,,,3.0794520547945203,,,,4.076712328767123,,0.0005,0.0005,0.0008,0.0013,0.002,0.0027,0.0031,0.003,0.0023,,,,-0.0115,,,,-0.0519,,4676.273665370477,4652.088458061044,4628.8157999407695,4607.100795297259,4587.60878295091,4569.794006210643,4551.500948466003,4530.075421862294,4502.948700527873,,,,4233.061361791561,,,,3474.7338444505585,
2021-11-23,,,,4688.5,4682.75,4674.25,4667.5,4659.75,4666.25,4665.25,4668.25,4673.25,,,,4709.0,,,,4741.25,,4690.7001953125,0.0004746,0.0005384,0.0008387,0.0024014,0.02205689712807873,0.06575342465753424,0.3150684931506849,0.5643835616438356,0.8136986301369863,1.063013698630137,1.3123287671232877,1.5616438356164384,1.810958904109589,2.0602739726027397,,,,3.0767123287671234,,,,4.073972602739726,,0.0005,0.0006,0.001,0.0017,0.0026,0.0035,0.0041,0.0042,0.0035,,,,-0.011,,,,-0.0546,,4684.056120014264,4659.096170253771,4635.285066245744,4613.641633611916,4594.679108825072,4577.848448873509,4560.989469822179,4541.438262707975,4514.748917250117,,,,4237.084029446757,,,,3432.4825262844247,
2021-11-24,,,,4699.0,4693.25,4685.0,4679.25,4674.25,4677.5,4679.0,4684.0,4688.0,,,,4726.0,,,,4766.0,,4701.4599609375,0.0005036999999999999,0.0005556,0.0009062,0.0024277,0.02227395060823614,0.06301369863013699,0.31232876712328766,0.5616438356164384,0.810958904109589,1.0602739726027397,1.3095890410958904,1.558904109589041,1.8082191780821917,2.0575342465753423,,,,3.073972602739726,,,,4.071232876712329,,0.0005,0.0006,0.001,0.0018,0.0026,0.0035,0.0041,0.0043,0.004,,,,-0.0067,,,,-0.0402,,4695.013712450029,4669.74138496256,4645.619382288167,4624.043588568409,4604.404349503644,4587.278507598027,4570.129969314057,4551.114956239388,4527.970433930327,,,,4300.829710879373,,,,3645.6223397413473,
2021-11-26,,,,4595.75,4589.5,4580.5,4574.0,4566.5,4564.75,4566.25,4567.25,4575.25,,,,4608.25,,,,4648.25,,4594.6201171875,0.0005137,0.0005575,0.0009679,0.0025973,0.02459182529920661,0.057534246575342465,0.30684931506849317,0.5561643835616439,0.8054794520547945,1.0547945205479452,1.3041095890410959,1.5534246575342465,1.8027397260273972,2.052054794520548,,,,3.0684931506849313,,,,4.065753424657534,,0.0005,0.0006,0.0011,0.0019,0.0028,0.0037,0.0043,0.0047,0.0045,,,,-0.0047,,,,-0.0348,,4588.255902944475,4560.919300286527,4534.980405234818,4511.403400107492,4490.213188623894,4471.128553608429,4452.048189280551,4432.777202375718,4409.038122566478,,,,4199.663126121664,,,,3608.9380576056087,
2021-11-29,,,,4651.0,4645.0,4636.0,4629.5,4625.75,4627.25,4625.75,4626.75,4634.75,,,,4667.75,,,,4707.75,,4655.27001953125,0.0005169,0.0005353000000000001,0.0007718,0.0019321,0.0269567726531557,0.049315068493150684,0.29863013698630136,0.547945205479452,0.7972602739726027,1.0465753424657533,1.295890410958904,1.5452054794520549,1.7945205479452055,2.043835616438356,,,,3.0602739726027397,,,,4.057534246575343,,0.0005,0.0006,0.0009,0.0014,0.0021,0.0027,0.0032,0.0033,0.003,,,,-0.0063,,,,-0.0349,,4649.200167593428,4618.7725536349035,4589.27579035653,4561.376836692548,4535.727229551234,4511.211741756908,4487.477860069414,4461.7780422429505,4432.821151671082,,,,4204.793061074025,,,,3621.955024118463,
2021-11-30,,,,4566.25,4560.25,4551.5,4545.25,4538.25,4536.75,4538.25,4539.25,4537.25,,,,4570.25,,,,4600.25,,4567.0,0.0005104,0.0005363,0.000797,0.0020048,0.02620756320921185,0.04657534246575343,0.2958904109589041,0.5452054794520548,0.7945205479452054,1.0438356164383562,1.2931506849315069,1.5424657534246575,1.7917808219178082,2.041095890410959,,,,3.0575342465753423,,,,4.054794520547945,,0.0005,0.0006,0.0009,0.0014,0.0021,0.0028,0.0033,0.0035,0.0032,,,,-0.0058,,,,-0.0337,,4561.535027158769,4532.526461511893,4504.418086233309,4477.865202192619,4453.508449231684,4430.8304536384085,4408.446687949625,4384.912003176378,4357.488640344045,,,,4141.227798442664,,,,3582.080135696239,
2021-12-01,,,,4508.5,4502.5,4494.0,4488.0,4483.0,4490.0,4483.0,4490.25,4498.25,,,,4525.0,,,,4555.0,,4513.0400390625,0.0005144,0.0005413,0.0008426999999999999,0.0020662,0.0262091210085012,0.043835616438356165,0.29315068493150687,0.5424657534246575,0.7917808219178082,1.0410958904109588,1.2904109589041095,1.5397260273972602,1.789041095890411,2.0383561643835617,,,,3.0547945205479454,,,,4.052054794520548,,0.0005,0.0006,0.0009,0.0015,0.0022,0.0028,0.0034,0.0036,0.0035,,,,-0.0035,,,,-0.0265,,4507.956819877463,4479.286011894391,4451.502418575948,4425.604080916797,4401.631182551975,4378.75136147472,4357.293882287936,4334.1362761242635,4308.895970429539,,,,4121.494056416731,,,,3645.125320122261,
2021-12-02,,,,4575.75,4569.75,4561.0,4554.75,4545.5,4552.5,4545.5,4552.75,4560.75,,,,4579.5,,,,4597.5,,4577.10009765625,0.0005233999999999999,0.0005586,0.0009616,0.0024002,0.02380595377171858,0.0410958904109589,0.29041095890410956,0.5397260273972603,0.7890410958904109,1.0383561643835617,1.2876712328767124,1.536986301369863,1.7863013698630137,2.0356164383561643,,,,3.052054794520548,,,,4.049315068493151,,0.0005,0.0006,0.0011,0.0017,0.0025,0.0033,0.0039,0.0043,0.0044,,,,-0.0013,,,,-0.0215,,4572.718346367733,4546.357522515188,4521.350068257685,4497.9562419330705,4476.952022241239,4457.823776080578,4439.1834544602325,4420.364325153555,4399.815255433637,,,,4239.481120696644,,,,3809.9175551669528,
2021-12-03,,,,4537.5,4531.25,4522.75,4518.0,4510.5,4517.5,4515.5,4517.75,4520.75,,,,4544.5,,,,4542.5,,4538.43017578125,0.0005233999999999999,0.0005521,0.0009858,0.0024972,0.02441279158402555,0.038356164383561646,0.2876712328767123,0.536986301369863,0.7863013698630137,1.0356164383561643,1.284931506849315,1.5342465753424657,1.7835616438356163,2.032876712328767,,,,3.0493150684931507,,,,4.046575342465753,,0.0005,0.0006,0.0011,0.0018,0.0026,0.0034,0.0041,0.0045,0.0046,,,,-0.0006,,,,-0.0199,,4534.269422587456,4507.4470137054095,4481.969302408347,4458.447926840856,4437.057761559655,4417.532039511878,4399.172016180924,4380.073410816398,4359.268261661749,,,,4205.147178803773,,,,3793.412941780491,
2021-12-06,,,,4590.0,4583.25,4575.0,4567.75,4560.25,4564.25,4565.25,4567.5,4575.5,,,,4604.25,,,,4617.25,,4591.669921875,0.000516,0.0005569,0.0010205,0.0025487,0.02970607694385426,0.030136986301369864,0.27945205479452057,0.5287671232876713,0.7780821917808219,1.0273972602739727,1.2767123287671234,1.526027397260274,1.7753424657534247,2.0246575342465754,,,,3.041095890410959,,,,4.038356164383561,,0.0005,0.0006,0.0011,0.0018,0.0026,0.0034,0.0041,0.0046,0.0049,,,,0.0007,,,,-0.0157,,4587.630189534723,4554.473889569116,4522.739174247885,4493.044587443122,4465.561963610626,4440.018231161667,4415.708073989961,4391.504551295776,4366.754102140288,,,,4203.987644055661,,,,3822.3975803941016,
2021-12-07,,,,4685.0,4678.5,4670.5,4663.25,4660.75,4664.75,4660.75,4668.0,4676.0,,,,4709.75,,,,4732.75,,4686.75,0.0005304,0.0005742,0.0010459,0.0025391,0.03153014348962501,0.0273972602739726,0.27671232876712326,0.5260273972602739,0.7753424657534247,1.0246575342465754,1.273972602739726,1.5232876712328767,1.7726027397260273,2.021917808219178,,,,3.0383561643835617,,,,4.035616438356165,,0.0005,0.0006,0.0011,0.0018,0.0026,0.0034,0.0041,0.0046,0.0049,,,,0.0018,,,,-0.0118,,4682.767295224812,4646.808437685063,4612.326019552581,4579.951166507826,4549.857387211694,4521.7647378666925,4494.953751963636,4468.2772531726005,4441.070349674761,,,,4281.950430090578,,,,3934.8609288651533,
2021-12-08,,,,4699.0,4692.25,4684.25,4678.75,4676.25,4680.25,4676.25,4683.5,4691.5,,,,4725.25,,,,4748.25,,4701.2099609375,0.0005268,0.0005848,0.0011569,0.0028442,0.03396473134790422,0.024657534246575342,0.273972602739726,0.5232876712328767,0.7726027397260274,1.021917808219178,1.2712328767123289,1.5205479452054795,1.7698630136986302,2.0191780821917806,,,,3.0356164383561643,,,,4.032876712328767,,0.0005,0.0006,0.0012,0.002,0.0029,0.0038,0.0046,0.0053,0.0057,,,,0.0041,,,,-0.0061,,4697.33232111262,4658.431911331972,4621.292990983651,4586.530587929968,4554.311250433507,4524.348169675403,4495.916013606209,4468.6540963421285,4440.417431129324,,,,4293.756731258921,,,,3999.797728807127,
2021-12-09,,,,4667.0,4659.75,4651.75,4645.0,4642.5,4646.5,4642.5,4649.75,4657.75,,,,4691.5,,,,4714.5,,4667.4501953125,0.0005215,0.0005885,0.001198,0.0028822,0.03291877654191288,0.021917808219178082,0.27123287671232876,0.5205479452054794,0.7698630136986301,1.0191780821917809,1.2684931506849315,1.5178082191780822,1.7671232876712328,2.0164383561643837,,,,3.032876712328767,,,,4.03013698630137,,0.0005,0.0006,0.0013,0.0021,0.0029,0.0038,0.0046,0.0053,0.0059,,,,0.0062,,,,0.0009,,4664.134923421891,4626.714528417834,4591.256971996017,4558.012574804011,4526.814298526276,4498.193884676741,4471.082074028458,4445.121233157077,4419.962573383568,,,,4304.143531470147,,,,4102.402879669962,
2021-12-10,,,,4711.0,4703.5,4695.5,4689.5,4687.0,4691.0,4687.0,4694.25,4702.25,,,,4736.0,,,,4759.0,,4712.02001953125,0.0005285,0.0005903,0.001193,0.0028447,0.03607380683771155,0.019178082191780823,0.2684931506849315,0.5178082191780822,0.7671232876712328,1.0164383561643835,1.2657534246575342,1.515068493150685,1.7643835616438357,2.0136986301369864,,,,3.03013698630137,,,,4.027397260273973,,0.0005,0.0006,0.0012,0.0021,0.0029,0.0037,0.0045,0.0053,0.0059,,,,0.0065,,,,0.0022,,4708.806399635337,4667.353556539926,4627.694292846823,4590.801357715559,4555.783684855161,4522.836937923779,4491.919944929909,4462.994244548553,4434.237803030194,,,,4308.130317888049,,,,4111.111451536537,
2021-12-13,,,,4668.75,4659.5,4651.25,4645.5,4641.75,4647.0,4643.0,4650.25,4650.25,,,,4692.0,,,,4715.0,,4668.97021484375,0.0005255,0.0005886,0.0012091,0.0028622,0.06215358776061759,0.010958904109589041,0.2602739726027397,0.5095890410958904,0.7589041095890411,1.0082191780821919,1.2575342465753425,1.5068493150684932,1.7561643835616438,2.0054794520547947,,,,3.021917808219178,,,,4.019178082191781,,0.0005,0.0006,0.0012,0.0021,0.0029,0.0037,0.0045,0.0053,0.006,,,,0.0074,,,,0.0056,,4665.816663719642,4594.765587471318,4526.175200664396,4460.958360914374,4398.211289136562,4338.076938477636,4280.471929411636,4225.317013273375,4171.700181954358,,,,3956.9664934674142,,,,3719.6872650935447,
2021-12-14,,,,4637.0,4628.0,4620.0,4612.0,4608.25,4613.5,4609.5,4616.75,4616.75,,,,4658.5,,,,4681.5,,4634.08984375,0.0005565,0.0006211,0.0012326,0.002865,0.06507753989133416,0.00821917808219178,0.25753424657534246,0.5068493150684932,0.7561643835616438,1.0054794520547945,1.2547945205479452,1.5041095890410958,1.7534246575342465,2.0027397260273974,,,,3.0191780821917806,,,,4.016438356164383,,0.0006,0.0006,0.0013,0.0021,0.0029,0.0037,0.0045,0.0053,0.0059,,,,0.0073,,,,0.0052,,4631.634647421839,4557.775333921035,4486.68540217722,4418.580281180171,4353.245135039539,4290.58725577585,4230.518469373292,4172.954930793453,4116.1678776497965,,,,3892.295676209011,,,,3643.5022143359784,
2021-12-15,,,,4709.5,4700.5,4692.75,4688.5,4684.75,4690.0,4686.0,4693.25,4701.25,4710.0,,,4735.0,,,,4758.0,,4709.85009765625,0.0006124,0.0006659,0.0012613,0.0029419,0.09462790550845446,0.005479452054794521,0.2547945205479452,0.5041095890410959,0.7534246575342466,1.0027397260273974,1.252054794520548,1.5013698630136987,1.7506849315068493,2.0,2.249315068493151,,,3.0164383561643837,,,,4.013698630136986,,0.0006,0.0007,0.0013,0.0021,0.003,0.0038,0.0046,0.0053,0.0059,0.0063,,,0.0058,,,,-0.0004,,4707.424107109716,4598.470579402442,4493.395216907369,4392.696500786223,4296.398614471984,4203.571691138119,4114.391283581658,4028.0043829854894,3944.0190628360947,3861.2029974545076,,,3602.8030945219457,,,,3216.3356252537264,
2021-12-16,,,,4668.75,4659.25,4651.75,4649.0,4645.25,4650.5,4646.5,4653.75,4661.75,4664.5,,,4685.5,,,,4708.5,,4668.669921875,0.0005885,0.0007081,0.0014314,0.0031966,0.1767588015022011,0.0027397260273972603,0.25205479452054796,0.5013698630136987,0.7506849315068493,1.0,1.2493150684931507,1.4986301369863013,1.747945205479452,1.9972602739726026,2.2465753424657535,,,3.0136986301369864,,,,4.010958904109589,,0.0006,0.0007,0.0014,0.0023,0.0032,0.0041,0.005,0.0058,0.0067,0.0076,,,0.0105,,,,0.0144,,4666.417240046996,4466.020540774077,4275.7289373898075,4095.589341771153,3924.8000855076857,3762.8211254362245,3609.14644148899,3462.6964293083533,3324.178345155308,3192.6338211361804,,,2828.708636933223,,,,2434.3012083667227,
2021-12-17,,,,4636.46,4610.0,4602.5,4598.75,4595.0,4600.25,4596.25,4603.5,4604.5,4614.25,,,4635.25,,,,4658.25,,4620.64013671875,0.0005471,0.0006436,0.0014102,0.003161,0.0004338342683380988,0.0,0.2493150684931507,0.4986301369863014,0.7479452054794521,0.9972602739726028,1.2465753424657535,1.4958904109589042,1.7452054794520548,1.9945205479452055,2.243835616438356,,,3.010958904109589,,,,4.008219178082192,,0.0005,0.0006,0.0014,0.0023,0.0032,0.004,0.0049,0.0059,0.007,0.0082,,,0.0135,,,,0.0252,,4620.64013671875,4620.831562811188,4622.866709605911,4627.094081809976,4633.404172693287,4641.226891207995,4651.61349562171,4664.9300316541785,4681.551657374259,4701.865065730352,,,4806.047118085726,,,,5102.861565642955,
2021-12-20,,,,,4558.5,4551.0,4546.25,4542.5,4547.75,4543.75,4551.0,4552.0,4561.75,,,4582.75,,,,4605.75,,4568.02001953125,0.0005326,0.0006547,0.0014836,0.0032707,0.01376931325739085,,0.2410958904109589,0.4904109589041096,0.7397260273972602,0.989041095890411,1.2383561643835617,1.4876712328767123,1.736986301369863,1.9863013698630136,2.2356164383561645,,,3.0027397260273974,,,,4.0,,,0.0006,0.0014,0.0024,0.0032,0.0041,0.005,0.0061,0.0073,0.0088,,,0.0159,,,,0.033,,,4553.539249389613,4540.3940712807525,4529.763261493448,4520.517008599959,4513.64847614488,4508.813333065044,4507.570708531304,4509.69646738721,4517.55255244495,,,4597.339435727365,,,,4933.272701914273,
2021-12-21,,,,,4640.75,4633.0,4628.0,4628.5,4627.75,4623.75,4631.0,4642.0,4641.75,,,4662.75,,,,4685.75,,4649.22998046875,0.0005276,0.000672,0.0015236,0.0032751,0.01349225486733372,,0.23835616438356164,0.4876712328767123,0.736986301369863,0.9863013698630136,1.2356164383561643,1.484931506849315,1.7342465753424658,1.9835616438356165,2.232876712328767,,,3.0,,,,3.9972602739726026,,,0.0007,0.0015,0.0024,0.0032,0.0041,0.005,0.006,0.0074,0.0091,,,0.0173,,,,0.0382,,,4635.07554400956,4622.119344910322,4611.378196705724,4602.273153377474,4595.58649715577,4590.969369890868,4589.211362875858,4593.385101832815,4603.856154047822,,,4702.6437270251945,,,,5131.843228075257,
2021-12-22,,,,,4686.0,4678.25,4672.0,4674.25,4673.5,4674.5,4681.75,4687.75,4687.5,,,4718.5,,,,4741.5,,4696.56005859375,0.0005157,0.0007578999999999999,0.0016771,0.0035443,0.01328676456070214,,0.2356164383561644,0.4849315068493151,0.7342465753424657,0.9835616438356164,1.2328767123287672,1.4821917808219178,1.7315068493150685,1.9808219178082191,2.23013698630137,,,2.9972602739726026,,,,3.9945205479452053,,,0.0007,0.0016,0.0026,0.0035,0.0044,0.0053,0.0065,0.0078,0.0095,,,0.0174,,,,0.0371,,,4682.652344550924,4670.018616003881,4659.851674094944,4651.568395471238,4645.384069016333,4641.290355943633,4641.692250912358,4645.792795203807,4657.064595889622,,,4754.819691441976,,,,5165.24634549581,
2021-12-23,,,,,4715.75,4708.0,4704.0,4700.75,4705.5,4706.5,4708.75,4719.75,4719.5,,,4750.5,,,,4773.5,,4725.7900390625,0.0005141,0.0007521,0.001711,0.0036035,0.01322105828110827,,0.2328767123287671,0.4821917808219178,0.7315068493150685,0.9808219178082191,1.2301369863013698,1.4794520547945205,1.7287671232876711,1.978082191780822,2.2273972602739724,,,2.9945205479452053,,,,3.9917808219178084,,,0.0007,0.0016,0.0026,0.0035,0.0044,0.0054,0.0066,0.0081,0.0099,,,0.0192,,,,0.0432,,,4712.030353701015,4699.382758981418,4689.2158584694325,4680.945521241515,4674.787190487206,4671.423626306015,4672.005782067898,4678.160030811923,4690.960856302345,,,4811.162865296025,,,,5326.551952531094,
2021-12-27,,,,,4782.25,4774.5,4771.25,4767.25,4772.0,4773.0,4775.25,4786.25,4786.0,,,4817.0,,,,4840.0,,4791.18994140625,0.000523,0.0007861999999999999,0.0017969,0.0037565,0.01315118520487889,,0.2219178082191781,0.4712328767123288,0.7205479452054795,0.9698630136986301,1.2191780821917808,1.4684931506849315,1.7178082191780821,1.9671232876712328,2.2164383561643834,,,2.9835616438356163,,,,3.9808219178082194,,,0.0007,0.0017,0.0027,0.0036,0.0046,0.0056,0.0068,0.0083,0.0103,,,0.0204,,,,0.0466,,,4777.969487515416,4765.405473600649,4755.245015081248,4747.012445417463,4741.499258697215,4738.354572433651,4739.201608195004,4745.685659924966,4761.007599112738,,,4895.939011655156,,,,5473.578337704839,
2021-12-28,,,,,4778.5,4770.75,4766.0,4763.0,4766.0,4767.0,4771.0,4774.0,4787.0,,,4810.0,,,,4845.0,,4786.35009765625,0.0005306999999999999,0.0007907,0.0018783,0.0039107,0.01320246782102697,,0.2191780821917808,0.4684931506849315,0.7178082191780822,0.9671232876712329,1.2164383561643837,1.4657534246575343,1.715068493150685,1.9643835616438357,2.213698630136986,,,2.9808219178082194,,,,3.978082191780822,,,0.0007,0.0017,0.0028,0.0038,0.0047,0.0058,0.0071,0.0089,0.0112,,,0.0234,,,,0.0565,,,4773.252174915942,4760.626654997002,4750.7436337939425,4743.023452727588,4737.101303043773,4734.698001767144,4736.51667513346,4746.067783340519,4765.179833537148,,,4934.074733383415,,,,5686.0128825471265,
2021-12-29,,,,,4784.5,4776.75,4771.75,4770.0,4772.0,4774.0,4778.0,4781.0,4795.0,,,4819.0,,,,4857.0,,4793.06005859375,0.0005145,0.0008216,0.0019147,0.0039567,0.01321864897050333,,0.21643835616438356,0.4657534246575342,0.7150684931506849,0.9643835616438357,1.2136986301369863,1.463013698630137,1.7123287671232876,1.9616438356164383,2.210958904109589,,,2.978082191780822,,,,3.9753424657534246,,,0.0007,0.0017,0.0029,0.0038,0.0048,0.0058,0.0071,0.0088,0.0111,,,0.0227,,,,0.0537,,,4780.090764800447,4767.414862181495,4757.824423181887,4749.720909091393,4744.335347000357,4741.319466883444,4743.104655620693,4751.694232915336,4770.660690147672,,,4930.326895374736,,,,5629.925922336087,
2021-12-30,,,,,4772.25,4764.25,4759.0,4756.0,4759.0,4761.0,4764.0,4767.0,4781.0,,,4805.0,,,,4843.0,,4778.72998046875,0.0005269,0.0009281000000000001,0.0020575,0.0041014,0.01320203284142489,,0.2136986301369863,0.46301369863013697,0.7123287671232876,0.9616438356164384,1.210958904109589,1.4602739726027398,1.7095890410958905,1.9589041095890412,2.208219178082192,,,2.9753424657534246,,,,3.9726027397260273,,,0.0008,0.0019,0.003,0.004,0.0049,0.006,0.0073,0.009,0.0112,,,0.0229,,,,0.0543,,,4766.081692952512,4753.78822244025,4744.127869441433,4736.6291767602515,4730.928086967756,4728.735712881186,4730.754795894017,4739.5558905282005,4757.650193001389,,,4918.627805368434,,,,5626.236317224493,
2021-12-31,,,,,4758.5,4750.5,4746.0,4743.0,4746.0,4747.0,4750.0,4753.0,4767.0,,,4791.0,,,,4829.0,,4766.18017578125,0.0005463,0.0009125,0.0019947,0.0040353,0.0132262807569007,,0.21095890410958903,0.4602739726027397,0.7095890410958904,0.958904109589041,1.2082191780821918,1.4575342465753425,1.7068493150684931,1.9561643835616438,2.2054794520547945,,,2.9726027397260273,,,,3.96986301369863,,,0.0008,0.0018,0.0029,0.0039,0.0048,0.0059,0.0071,0.0087,0.0108,,,0.021,,,,0.0478,,,4753.7023084006205,4741.179586831037,4731.384031115299,4723.746210315092,4717.902844964373,4715.556219748613,4716.601618760021,4724.165979817276,4740.743926968585,,,4877.600321300629,,,,5467.372270110506,
2022-01-03,,,,,4786.0,4778.0,4773.5,4770.5,4773.5,4775.5,4780.5,4784.5,4800.5,,,4827.5,,,,4867.5,,4796.56005859375,0.0005573,0.000911,0.0019336,0.0039773,0.01325356793317634,,0.20273972602739726,0.4520547945205479,0.7013698630136986,0.9506849315068493,1.2,1.4493150684931506,1.6986301369863013,1.9479452054794522,2.197260273972603,,,2.9643835616438357,,,,3.9616438356164383,,,0.0008,0.0017,0.0028,0.0038,0.0048,0.0058,0.007,0.0084,0.0101,,,0.0179,,,,0.0371,,,4784.464821359283,4771.573671963148,4761.5211619309075,4753.644761179772,4748.148369091807,4745.023754256231,4745.878264601955,4751.424758124913,4763.438574249502,,,4863.084042859686,,,,5271.790599967703,
2022-01-04,,,,,4784.25,4776.25,4775.0,4772.5,4775.5,4777.5,4782.5,4786.5,4802.5,,,4829.5,,,,4869.5,,4793.5400390625,0.0005497,0.0009274,0.0020027,0.0041079,0.01322625971091901,,0.2,0.44931506849315067,0.6986301369863014,0.947945205479452,1.1972602739726028,1.4465753424657535,1.6958904109589041,1.9452054794520548,2.1945205479452055,,,2.9616438356164383,,,,3.958904109589041,,,0.0008,0.0018,0.0029,0.0039,0.0049,0.006,0.0072,0.0087,0.0105,,,0.0193,,,,0.0413,,,4781.641675709962,4768.993115007893,4759.082749769189,4751.348170311139,4745.992066052984,4743.692577275488,4744.8001360921035,4751.520542784554,4764.946709594068,,,4880.547673619871,,,,5357.0338305560745,
2022-01-05,,,,,4692.5,4684.5,4683.25,4679.75,4682.75,4684.75,4689.75,4693.75,4709.75,,,4736.75,,,,4776.75,,4700.580078125,0.0005386,0.0009317,0.0020139,0.004056199999999999,0.01344251883420499,,0.19726027397260273,0.4465753424657534,0.6958904109589041,0.9452054794520548,1.1945205479452055,1.4438356164383561,1.6931506849315068,1.9424657534246574,2.191780821917808,,,2.958904109589041,,,,3.956164383561644,,,0.0008,0.0018,0.0029,0.0038,0.0048,0.0058,0.0071,0.0086,0.0106,,,0.0203,,,,0.0455,,,4688.872063044127,4676.2039553541845,4666.220756549875,4657.932873477331,4652.302487470381,4648.996459217736,4650.371374386343,4656.571719977468,4671.385663915603,,,4796.932020568094,,,,5336.182913634864,
2022-01-06,,,,,4687.5,4680.0,4677.75,4674.0,4680.75,4682.75,4687.75,4691.75,4707.75,,,4734.75,,,,4774.75,,4696.0498046875,0.0005548,0.0010435,0.0021771,0.004240900000000001,0.01342505589308725,,0.19452054794520549,0.4438356164383562,0.6931506849315069,0.9424657534246575,1.1917808219178083,1.441095890410959,1.6904109589041096,1.9397260273972603,2.1890410958904107,,,2.956164383561644,,,,3.9534246575342467,,,0.0009,0.0019,0.003,0.004,0.005,0.006,0.0073,0.0089,0.0109,,,0.021,,,,0.0476,,,4684.6223658596655,4672.089761312053,4662.23782863228,4654.5204903643,4649.13354673201,4646.068930221053,4647.678402446081,4655.011213058886,4670.164225480953,,,4802.393638066071,,,,5375.382611095248,
2022-01-07,,,,,4667.75,4660.25,4657.5,4656.0,4662.75,4664.75,4669.75,4673.75,4689.75,,,4722.75,,,,4762.75,,4677.02978515625,0.0005786,0.0011477,0.0024342,0.0047247,0.01332209628119572,,0.1917808219178082,0.4410958904109589,0.6904109589041096,0.9397260273972603,1.189041095890411,1.4383561643835616,1.6876712328767123,1.936986301369863,2.186301369863014,,,2.9534246575342467,,,,3.9506849315068493,,,0.0009,0.0021,0.0034,0.0045,0.0055,0.0067,0.0081,0.0099,0.0122,,,0.0243,,,,0.0562,,,4665.900865917343,4653.935597108614,4645.100104924557,4638.415837744238,4633.731361882177,4632.69287801766,4635.991377088971,4646.13036481902,4665.569968220033,,,4831.15543081556,,,,5540.364735206387,
2022-01-10,,,,,4662.25,4654.5,4651.25,4651.25,4652.0,4660.0,4665.0,4669.0,4685.0,,,4718.0,,,,4758.0,,4670.2900390625,0.0005949999999999999,0.0011685,0.0024318,0.0047116,0.0134615675844878,,0.18356164383561643,0.4328767123287671,0.6821917808219178,0.9315068493150684,1.180821917808219,1.4301369863013698,1.6794520547945206,1.9287671232876713,2.1780821917808217,,,2.9452054794520546,,,,3.9424657534246577,,,0.0009,0.0021,0.0033,0.0044,0.0055,0.0066,0.008,0.0097,0.0119,,,0.023,,,,0.0521,,,4659.533587564648,4647.377205291503,4638.026900005592,4631.034440174807,4626.58947925856,4624.68469705764,4627.647944697718,4636.528827392785,4654.432326372667,,,4803.351099407706,,,,5438.764239369389,
2022-01-11,,,,,4705.0,4697.25,4690.0,4691.0,4691.75,4698.75,4704.75,4708.75,4724.75,,,4757.75,,,,4797.75,,4713.06982421875,0.0006345000000000001,0.0012478,0.0025063,0.0047671,0.01338149251056907,,0.18082191780821918,0.4301369863013699,0.6794520547945205,0.9287671232876712,1.178082191780822,1.4273972602739726,1.6767123287671233,1.926027397260274,2.175342465753425,,,2.9424657534246577,,,,3.9397260273972603,,,0.001,0.0021,0.0034,0.0045,0.0055,0.0067,0.008,0.0097,0.0118,,,0.0224,,,,0.0499,,,4702.529793517416,4690.254643064746,4681.214184785835,4674.352380085428,4669.511288676026,4668.334261968544,4670.734072175709,4679.76927093579,4696.883366520695,,,4839.813139804966,,,,5442.357753312924,
2022-01-12,,,,,4716.25,4708.5,4705.0,4703.75,4704.5,4711.5,4717.5,4721.5,4737.5,,,4770.5,,,,4810.5,,4726.35009765625,0.0005936,0.0012432,0.0025722,0.0049616,0.01336708096786967,,0.1780821917808219,0.4273972602739726,0.6767123287671233,0.9260273972602739,1.1753424657534246,1.4246575342465753,1.673972602739726,1.9232876712328768,2.1726027397260275,,,2.9397260273972603,,,,3.936986301369863,,,0.0009,0.0022,0.0035,0.0046,0.0057,0.007,0.0084,0.0101,0.0123,,,0.0234,,,,0.0522,,,4715.868459889423,4703.846015564287,4694.896556602839,4688.134292683735,4683.950178896968,4683.671660660881,4687.2145696246935,4696.745013807245,4715.405488410986,,,4867.825306042264,,,,5507.098659208981,
2022-01-13,,,,,4652.0,4644.25,4640.0,4634.75,4635.5,4642.5,4648.5,4652.5,4668.5,,,4701.5,,,,4741.5,,4659.02978515625,0.0005835,0.0013149,0.0026437,0.0049456,0.01348399807720516,,0.17534246575342466,0.4246575342465753,0.673972602739726,0.9232876712328767,1.1726027397260275,1.4219178082191781,1.6712328767123288,1.9205479452054794,2.16986301369863,,,2.936986301369863,,,,3.9342465753424656,,,0.001,0.0022,0.0035,0.0046,0.0057,0.0068,0.0082,0.0099,0.0121,,,0.0233,,,,0.0525,,,4648.842439397945,4636.757888339704,4627.7846889251405,4620.970462969614,4616.697803482787,4614.959674304594,4618.067994136795,4627.070681587301,4645.059304700717,,,4795.302001950336,,,,5431.991349777571,
2022-01-14,,,,,4654.75,4647.25,4643.25,4643.0,4651.5,4656.5,4664.5,4668.5,4684.5,,,4717.5,,,,4757.5,,4662.85009765625,0.0005605,0.0013671,0.0027569,0.005103,0.01350720101490847,,0.1726027397260274,0.42191780821917807,0.6712328767123288,0.9205479452054794,1.16986301369863,1.4191780821917808,1.6684931506849314,1.917808219178082,2.1671232876712327,,,2.9342465753424656,,,,3.9315068493150687,,,0.001,0.0023,0.0036,0.0048,0.0058,0.007,0.0084,0.0102,0.0126,,,0.0244,,,,0.056,,,4652.794900727814,4640.853774476774,4631.944836969862,4625.6248942942175,4620.9970833437,4619.9874704371,4623.285225715011,4633.3692017861995,4653.691863248606,,,4814.29216512015,,,,5510.677646103541,
2022-01-18,,,,,4571.25,4563.75,4561.0,4557.0,4565.5,4570.5,4573.5,4582.5,4593.5,,,4631.5,,,,4671.5,,4577.10986328125,0.0005724,0.0014248,0.0028516,0.0052948,0.01391981205154429,,0.16164383561643836,0.410958904109589,0.6602739726027397,0.9095890410958904,1.158904109589041,1.4082191780821918,1.6575342465753424,1.906849315068493,2.1561643835616437,,,2.9232876712328766,,,,3.9205479452054797,,,0.001,0.0023,0.0037,0.0049,0.006,0.0072,0.0087,0.0105,0.0127,,,0.024,,,,0.0535,,,4567.560965006481,4555.305053023472,4546.328066604614,4539.711403525245,4535.291965538755,4534.001108258016,4537.679452122213,4547.359334557488,4565.0873538227515,,,4713.991747497926,,,,5345.439616412444,
2022-01-19,,,,,4524.25,4516.75,4514.0,4511.0,4519.5,4524.5,4527.5,4536.5,4547.5,,,4585.5,,,,4625.5,,4532.759765625,0.0006027,0.0016037,0.0032721,0.0060103,0.01409231869083083,,0.1589041095890411,0.40821917808219177,0.6575342465753424,0.9068493150684932,1.1561643835616437,1.4054794520547946,1.6547945205479453,1.904109589041096,2.1534246575342464,,,2.9205479452054797,,,,3.9178082191780823,,,0.001,0.0027,0.0042,0.0055,0.0068,0.0082,0.0098,0.012,0.0148,,,0.0295,,,,0.0693,,,4523.3395093068275,4511.728821665026,4503.371936790033,4497.57802608849,4494.704179010285,4495.376575462909,4500.678073076532,4514.737157124825,4539.672678291564,,,4741.387648771282,,,,5627.268081867151,
2022-01-20,,,,,4474.75,4467.25,4464.25,4466.25,4468.0,4474.5,4477.5,4486.5,4497.5,,,4535.5,,,,4575.5,,4482.72998046875,0.0006286999999999999,0.0017064,0.003326,0.005971300000000001,0.01420676455450479,,0.15616438356164383,0.4054794520547945,0.6547945205479452,0.9041095890410958,1.1534246575342466,1.4027397260273973,1.652054794520548,1.9013698630136986,2.1506849315068495,,,2.9178082191780823,,,,3.915068493150685,,,0.0011,0.0027,0.0042,0.0055,0.0067,0.008,0.0096,0.0116,0.0141,,,0.0271,,,,0.0616,,,4473.5640684212885,4461.863370652292,4453.45347447443,4447.581041283173,4444.083869574754,4443.870612549414,4448.743087380049,4460.566642779783,4481.700787988278,,,4654.582507592616,,,,5396.658654436108,
2022-01-21,,,,,4390.0,4382.0,4379.75,4380.25,4382.0,4388.5,4391.5,4400.5,4411.5,,,4449.5,,,,4489.5,,4397.93994140625,0.0006112,0.0017114,0.0033795,0.006115000000000001,0.01450923961851247,,0.15342465753424658,0.40273972602739727,0.6520547945205479,0.9013698630136986,1.1506849315068493,1.4,1.6493150684931508,1.8986301369863015,2.147945205479452,,,2.915068493150685,,,,3.9123287671232876,,,0.0011,0.0027,0.0043,0.0056,0.0069,0.0082,0.0099,0.0119,0.0145,,,0.0278,,,,0.0632,,,4388.901325194413,4377.072781424123,4368.760159583905,4362.763627421539,4359.60038691208,4359.264282976659,4364.63317428025,4376.206508565037,4397.852659901828,,,4571.675248919818,,,,5320.836344897972,
2022-01-24,,,,,4403.75,4395.75,4392.25,4391.25,4393.0,4399.5,4402.5,4411.5,4422.5,,,4460.5,,,,4500.5,,4410.1298828125,0.0005883,0.0016712,0.003308,0.00596,0.01461904240465478,,0.14520547945205478,0.39452054794520547,0.6438356164383562,0.8931506849315068,1.1424657534246576,1.3917808219178083,1.641095890410959,1.8904109589041096,2.1397260273972605,,,2.9068493150684933,,,,3.904109589041096,,,0.001,0.0026,0.0041,0.0054,0.0067,0.008,0.0095,0.0115,0.0141,,,0.0275,,,,0.0633,,,4401.417205962892,4389.267609914969,4380.363039828172,4373.9659906081615,4370.4103493964085,4369.689197093815,4373.236275313831,4384.203068607177,4405.23467372452,,,4578.388790079127,,,,5333.245337739246,
2022-01-25,,,,,4349.0,4341.25,4337.75,4338.75,4340.5,4347.0,4350.0,4354.0,4365.0,,,4398.0,,,,4438.0,,4356.4501953125,0.000586,0.0016527,0.003267,0.0058052,0.01485621023962089,,0.14246575342465753,0.3917808219178082,0.6410958904109589,0.8904109589041096,1.1397260273972603,1.389041095890411,1.6383561643835616,1.8876712328767122,2.136986301369863,,,2.904109589041096,,,,3.9013698630136986,,,0.001,0.0026,0.0041,0.0053,0.0065,0.0077,0.0092,0.0112,0.0139,,,0.0281,,,,0.067,,,4347.8588908314505,4335.581761350079,4326.512491088358,4319.538621743765,4315.157222121022,4313.360420439159,4316.265943039388,4326.4867020803995,4347.557278357279,,,4527.269358798518,,,,5339.274382262019,
2022-01-26,,,,,4341.5,4334.0,4331.5,4334.0,4335.75,4342.25,4345.25,4349.25,4360.25,,,4393.25,,,,4433.25,,4349.93017578125,0.0005803,0.0017239,0.0033708,0.0059331,0.01489321798635492,,0.13972602739726028,0.38904109589041097,0.6383561643835617,0.8876712328767123,1.1369863013698631,1.3863013698630138,1.6356164383561644,1.884931506849315,2.1342465753424658,,,2.9013698630136986,,,,3.8986301369863012,,,0.001,0.0027,0.0042,0.0054,0.0066,0.0078,0.0094,0.0114,0.014,,,0.0281,,,,0.0666,,,4341.494090144375,4329.3444379442435,4320.338310513183,4313.427953845194,4309.106259305774,4307.365462490584,4311.0219862607,4321.382251852267,4341.64559672882,,,4519.844328930752,,,,5321.447815355875,
2022-01-27,,,,,4317.75,4310.5,4308.5,4308.75,4310.5,4317.0,4320.0,4324.0,4335.0,,,4368.0,,,,4408.0,,4326.509765625,0.0005603,0.0017939,0.0035599,0.0063207,0.01493301265392296,,0.136986301369863,0.3863013698630137,0.6356164383561644,0.8849315068493151,1.1342465753424658,1.3835616438356164,1.632876712328767,1.8821917808219177,2.1315068493150684,,,2.8986301369863012,,,,3.8958904109589043,,,0.001,0.0028,0.0044,0.0057,0.007,0.0084,0.01,0.0121,0.0149,,,0.0297,,,,0.07,,,4318.259926655948,4306.278865056914,4297.640719489736,4291.303678023793,4287.75448482737,4287.579405271886,4291.7997055086435,4303.5010327871205,4326.205334130186,,,4515.722484492664,,,,5361.780518397354,
2022-01-28,,,,,4423.25,4416.0,4414.0,4411.25,4418.0,4424.5,4432.5,4436.5,4447.5,,,4480.5,,,,4530.5,,4431.85009765625,0.0005059999999999999,0.0020424,0.0041953,0.007326399999999999,0.0145144625704436,,0.13424657534246576,0.3835616438356164,0.6328767123287671,0.8821917808219178,1.1315068493150684,1.3808219178082193,1.63013698630137,1.8794520547945206,2.128767123287671,,,2.8958904109589043,,,,3.893150684931507,,,0.001,0.0032,0.0052,0.0067,0.0081,0.0096,0.0116,0.0142,0.0179,,,0.0385,,,,0.0969,,,4423.816813050104,4412.658455808042,4405.801608072426,4401.402638012923,4399.800142831532,4401.877385785803,4410.8444346597735,4429.231571343812,4463.905908075051,,,4750.627022093373,,,,6107.737668609025,
2022-01-31,,,,,4504.25,4497.25,4495.25,4499.0,4506.25,4512.75,4520.75,4527.75,4538.75,,,4568.75,,,,4618.75,,4515.5498046875,0.0004799,0.0020156,0.004244299999999999,0.0074773,0.01435897035189766,,0.12602739726027398,0.37534246575342467,0.6246575342465753,0.873972602739726,1.1232876712328768,1.3726027397260274,1.621917808219178,1.8712328767123287,2.1205479452054794,,,2.8876712328767122,,,,3.884931506849315,,,0.0009,0.0032,0.0052,0.0068,0.0082,0.0097,0.0118,0.0146,0.0185,,,0.0404,,,,0.1032,,,4507.897025762455,4496.676268707245,4489.789113130402,4485.816899906107,4484.417711638698,4486.765380463622,4496.847127047305,4517.586879057688,4555.376593652669,,,4868.203045734847,,,,6376.811882631033,
2022-02-01,,,,,4535.0,4528.0,4526.25,4530.0,4540.25,4546.75,4554.75,4561.75,4572.75,,,4602.75,,,,4652.75,,4546.5400390625,0.0004993,0.0020924,0.0043877,0.007703100000000001,0.01428243901069875,,0.1232876712328767,0.3726027397260274,0.6219178082191781,0.8712328767123287,1.1205479452054794,1.36986301369863,1.6191780821917807,1.8684931506849316,2.117808219178082,,,2.884931506849315,,,,3.882191780821918,,,0.0009,0.0033,0.0053,0.007,0.0084,0.01,0.0121,0.015,0.0189,,,0.0415,,,,0.1062,,,4539.044934043464,4527.973216724436,4521.212336548941,4517.78492292248,4516.669824312151,4519.946501867693,4530.502023419022,4552.639936382934,4591.219253315504,,,4917.928041122176,,,,6496.139728122744,
2022-02-02,,,,,4577.25,4570.25,4568.5,4570.25,4576.25,4582.75,4590.75,4597.75,4613.75,,,4638.75,,,,4684.75,,4589.3798828125,0.0005013999999999999,0.0020722,0.004317,0.0075814,0.01413788044522991,,0.12054794520547946,0.3698630136986301,0.6191780821917808,0.8684931506849315,1.1178082191780823,1.367123287671233,1.6164383561643836,1.8657534246575342,2.115068493150685,,,2.882191780821918,,,,3.8794520547945206,,,0.0009,0.0032,0.0052,0.0068,0.0083,0.0098,0.0119,0.0146,0.0185,,,0.04,,,,0.1017,,,4582.061994163514,4570.850971314707,4564.051762848648,4560.225227282137,4559.5287888914145,4562.243489213209,4572.808270465132,4593.338557729916,4631.918266878935,,,4944.542789142022,,,,6445.859313700198,
2022-02-03,,,,,4469.0,4462.0,4460.25,4460.75,4466.75,4473.25,4481.25,4488.25,4504.25,,,4529.25,,,,4575.25,,4477.43994140625,0.0004950999999999999,0.0021977,0.0043047,0.0074126,0.01449520040242515,,0.1178082191780822,0.36712328767123287,0.6164383561643836,0.8657534246575342,1.115068493150685,1.3643835616438356,1.6136986301369862,1.8630136986301369,2.1123287671232878,,,2.8794520547945206,,,,3.8767123287671232,,,0.0009,0.0033,0.0051,0.0067,0.0081,0.0096,0.0114,0.0138,0.0169,,,0.0336,,,,0.0796,,,4470.27449533637,4459.075344441056,4451.58351768084,4447.324680512134,4445.624504133791,4447.635072286364,4455.1321366774355,4471.6446587828505,4500.241980660394,,,4730.650861536003,,,,5762.9184440349045,
2022-02-04,,,,,4492.5,4486.0,4485.5,4490.75,4499.75,4506.25,4519.25,4526.25,4542.25,,,4577.25,,,,4633.25,,4500.52978515625,0.0004898,0.0022962,0.0044949,0.0076993,0.01426028092499134,,0.11506849315068493,0.3643835616438356,0.6136986301369863,0.863013698630137,1.1123287671232878,1.3616438356164384,1.610958904109589,1.8602739726027397,2.1095890410958904,,,2.8767123287671232,,,,3.873972602739726,,,0.0008,0.0034,0.0053,0.0069,0.0084,0.0099,0.0118,0.0143,0.0175,,,0.035,,,,0.0834,,,4493.564515986655,4482.754996687173,4475.849686369395,4472.0329174601175,4471.288225925823,4473.888630866304,4482.727635742889,4500.862334213354,4531.393897191671,,,4777.213016108077,,,,5882.845052390589,
2022-02-07,,,,,4475.75,4469.25,4468.5,4470.75,4477.75,4484.25,4497.25,4504.25,4520.25,,,4555.25,,,,4605.25,,4483.8701171875,0.0005409,0.0026402,0.0052196,0.0086407,0.01441353021983507,,0.10684931506849316,0.3561643835616438,0.6054794520547945,0.8547945205479452,1.104109589041096,1.3534246575342466,1.6027397260273972,1.8520547945205479,2.1013698630136988,,,2.8684931506849316,,,,3.8657534246575342,,,0.0008,0.0038,0.0061,0.0078,0.0093,0.0109,0.013,0.0161,0.0203,,,0.0452,,,,0.1177,,,4477.352637248731,4466.952360303819,4461.356497595195,4458.593375197663,4458.625974963547,4462.598592945783,4473.723313347351,4497.897086301218,4539.678475400964,,,4897.8548162319885,,,,6684.333890808119,
2022-02-08,,,,,4512.5,4506.0,4505.5,4507.0,4513.75,4526.25,4539.25,4546.25,4562.25,,,4597.25,,,,4647.25,,4521.5400390625,0.0005853,0.002678,0.0052725,0.0086793,0.01430480763000642,,0.10410958904109589,0.35342465753424657,0.6027397260273972,0.852054794520548,1.1013698630136985,1.3506849315068492,1.6,1.8493150684931507,2.0986301369863014,,,2.8657534246575342,,,,3.863013698630137,,,0.0009,0.0038,0.0061,0.0078,0.0093,0.0109,0.013,0.0161,0.0205,,,0.046,,,,0.1211,,,4515.234318947752,4504.7842306274115,4499.234579737779,4496.5489380101735,4496.685222536036,4500.794019818833,4512.1103017742,4536.5759375322805,4580.710283485262,,,4951.463841904449,,,,6830.541434948815,
2022-02-09,,,,,4577.75,4571.25,4570.5,4573.0,4580.75,4593.25,4606.25,4613.25,4629.25,,,4664.25,,,,4714.25,,4587.18017578125,0.0005677999999999999,0.0027365,0.005356,0.0088609,0.01396969748281686,,0.10136986301369863,0.3506849315068493,0.6,0.8493150684931506,1.0986301369863014,1.347945205479452,1.5972602739726027,1.8465753424657534,2.095890410958904,,,2.863013698630137,,,,3.8602739726027395,,,0.0008,0.0039,0.0062,0.0079,0.0095,0.0111,0.0133,0.0163,0.0205,,,0.0447,,,,0.1151,,,4581.060328342377,4571.010074393473,4565.845342620454,4563.593716958507,4564.7098399940905,4569.470343155541,4582.275978886744,4606.9617054592445,4650.395607796241,,,5009.052480538137,,,,6777.824424711916,
2022-02-10,,,,,4497.5,4492.25,4494.0,4496.75,4507.5,4520.25,4533.25,4548.25,4564.25,,,4599.25,,,,4654.25,,4504.080078125,0.0005704999999999999,0.0029972,0.005537100000000001,0.008974900000000001,0.01409331027806179,,0.09863013698630137,0.34794520547945207,0.5972602739726027,0.8465753424657534,1.095890410958904,1.3452054794520547,1.5945205479452054,1.8438356164383563,2.0931506849315067,,,2.8602739726027395,,,,3.8575342465753426,,,0.0008,0.0041,0.0063,0.008,0.0096,0.0112,0.0132,0.0159,0.0193,,,0.0382,,,,0.091,,,4498.178553738793,4488.446027914794,4483.163947245812,4480.905846105017,4481.9557135250225,4486.583832913751,4497.669026322107,4519.109263702088,4553.435742127754,,,4825.601581832899,,,,6059.661008998987,
2022-02-11,,,,,4409.5,4403.75,4405.5,4408.5,4419.25,4432.0,4445.0,4460.0,4476.0,,,4511.0,,,,4566.0,,4418.64013671875,0.0009919,0.0037486,0.0065962,0.0104738,0.01435968324281561,,0.0958904109589041,0.3452054794520548,0.5945205479452055,0.8438356164383561,1.093150684931507,1.3424657534246576,1.5917808219178082,1.841095890410959,2.0904109589041098,,,2.8575342465753426,,,,3.8547945205479452,,,0.0012,0.005,0.0074,0.0094,0.0111,0.013,0.0152,0.0181,0.0219,,,0.0423,,,,0.0988,,,4413.06782680714,4404.3864881038935,4400.395013461186,4400.186075910803,4402.923105064122,4410.582024906886,4424.554464821631,4449.1731467165955,4488.8401421914,,,4785.891884925629,,,,6118.592324466202,
2022-02-14,,,,,4394.0,4388.5,4391.25,4395.0,4407.0,4417.0,4430.0,4440.0,4462.0,,,4499.0,,,,4549.0,,4401.669921875,0.0009452000000000001,0.0037579,0.0068838,0.0110207,0.0144712998422126,,0.08767123287671233,0.336986301369863,0.5863013698630137,0.8356164383561644,1.084931506849315,1.3342465753424657,1.5835616438356164,1.832876712328767,2.0821917808219177,,,2.8493150684931505,,,,3.8465753424657536,,,0.001,0.005,0.0077,0.0098,0.0116,0.0136,0.0161,0.0194,0.0241,,,0.0503,,,,0.1261,,,4396.474418239545,4387.643515391082,4384.229835478328,4384.521867514775,4387.979334952432,4396.555826905559,4413.037128633505,4441.613433513486,4490.808700245058,,,4874.76184946509,,,,6762.361762296689,
2022-02-15,,,,,4464.5,4458.75,4459.75,4461.75,4473.75,4483.75,4496.75,4506.75,4528.75,,,4565.75,,,,4615.75,,4471.06982421875,0.0007092,0.0037989,0.0069945,0.0113048,0.01415604842004722,,0.08493150684931507,0.33424657534246577,0.5835616438356165,0.8328767123287671,1.082191780821918,1.3315068493150686,1.5808219178082192,1.83013698630137,2.0794520547945203,,,2.8465753424657536,,,,3.8438356164383563,,,0.0007,0.0051,0.0078,0.01,0.0119,0.014,0.0165,0.0197,0.024,,,0.0472,,,,0.112,,,4465.9630144391485,4457.556567554066,4454.516691149058,4455.620078464594,4460.167124582538,4470.140923893423,4487.667523674683,4516.665069780745,4563.535899517063,,,4912.042347551367,,,,6512.502429966145,
2022-02-16,,,,,4470.0,4464.0,4465.5,4465.75,4477.75,4487.75,4500.75,4510.75,4532.75,,,4569.75,,,,4619.75,,4475.009765625,0.0008029000000000001,0.0037696,0.006756499999999999,0.0110066,0.01403494180786289,,0.0821917808219178,0.3315068493150685,0.5808219178082191,0.8301369863013699,1.0794520547945206,1.3287671232876712,1.5780821917808219,1.8273972602739725,2.0767123287671234,,,2.8438356164383563,,,,3.841095890410959,,,0.0008,0.0049,0.0075,0.0097,0.0116,0.0137,0.016,0.0189,0.0225,,,0.0405,,,,0.0879,,,4470.14448134089,4461.4786109579045,4458.056445724327,4458.934956209786,4463.263081083081,4473.018562423995,4488.908414228671,4514.971741287872,4554.373703168957,,,4824.80736221754,,,,5943.102512102777,
2022-02-17,,,,,4374.5,4367.75,4368.5,4368.75,4380.75,4390.75,4403.75,4413.75,4435.75,,,4472.75,,,,4522.75,,4380.259765625,0.0013254,0.0039223,0.0067701,0.0107961,0.01422319067843232,,0.07945205479452055,0.3287671232876712,0.5780821917808219,0.8273972602739726,1.0767123287671232,1.326027397260274,1.5753424657534247,1.8246575342465754,2.073972602739726,,,2.841095890410959,,,,3.8383561643835615,,,0.0013,0.0049,0.0075,0.0095,0.0114,0.0133,0.0156,0.0185,0.0223,,,0.0425,,,,0.0984,,,4375.764536735427,4366.854130519663,4363.268677036811,4363.175311835486,4366.965025434102,4374.900836971308,4389.770623902884,4414.575774844037,4454.251846369913,,,4746.678719853671,,,,6050.909581595888,
2022-02-18,,,,,4343.5,4336.5,4336.5,4336.75,4348.75,4358.75,4366.75,4376.75,4398.75,,,4430.75,,,,4480.75,,4348.8701171875,0.0013149,0.0037065,0.0064875,0.0103977,0.01420385775928573,,0.07671232876712329,0.32602739726027397,0.5753424657534246,0.8246575342465754,1.073972602739726,1.3232876712328767,1.5726027397260274,1.821917808219178,2.0712328767123287,,,2.8383561643835615,,,,3.835616438356164,,,0.0012,0.0047,0.0072,0.0092,0.0109,0.0128,0.015,0.018,0.0219,,,0.0436,,,,0.105,,,4344.534037889343,4335.415919610773,4331.3810978209885,4330.961614310178,4333.466570977437,4340.798687336404,4354.318379789541,4379.052283460712,4418.748764324488,,,4727.293262311974,,,,6160.606582632379,
2022-02-22,,,,,4300.0,4293.0,4293.5,4300.0,4313.75,4323.75,4331.75,4341.75,4363.75,,,4395.75,,,,4445.75,,4304.759765625,0.0014032,0.003669,0.006357199999999999,0.0101628,0.01570251204894544,,0.06575342465753424,0.3150684931506849,0.5643835616438356,0.8136986301369863,1.063013698630137,1.3123287671232877,1.5616438356164384,1.810958904109589,2.0602739726027397,,,2.8273972602739725,,,,3.824657534246575,,,0.0012,0.0045,0.0069,0.0089,0.0106,0.0124,0.0146,0.0174,0.0212,,,0.0422,,,,0.1018,,,4300.656747086763,4289.592646177158,4283.42678373529,4280.9979059607585,4281.473784719602,4286.143386817612,4297.354503429688,4318.01330627497,4353.794066239388,,,4639.65614860524,,,,5983.554196942294,
2022-02-23,,,,,4222.0,4215.0,4215.25,4221.5,4234.25,4244.25,4252.25,4262.25,4284.25,,,4316.25,,,,4366.25,,4225.5,0.0015426,0.0038658,0.0066906,0.0106862,0.01604873203874801,,0.06301369863013699,0.31232876712328766,0.5616438356164384,0.810958904109589,1.0602739726027397,1.3095890410958904,1.558904109589041,1.8082191780821917,2.0575342465753423,,,2.824657534246575,,,,3.8219178082191783,,,0.0013,0.0046,0.0073,0.0093,0.0111,0.013,0.0153,0.0183,0.0224,,,0.0451,,,,0.1101,,,4221.5747622412555,4210.417572487084,4204.788208560132,4202.437241861188,4203.386816532212,4208.662961601818,4220.570867468719,4242.736164396565,4281.081002333813,,,4586.868191299985,,,,6053.240889978489,
2022-02-24,,,,,4284.0,4276.0,4275.5,4280.25,4289.0,4299.25,4307.25,4317.25,4339.25,,,4371.25,,,,4421.25,,4288.7001953125,0.0019041,0.0042617,0.0070483,0.0110483,0.01579145637363991,,0.06027397260273973,0.3095890410958904,0.5589041095890411,0.8082191780821918,1.0575342465753426,1.3068493150684932,1.5561643835616439,1.8054794520547945,2.0547945205479454,,,2.8219178082191783,,,,3.819178082191781,,,0.0016,0.005,0.0076,0.0096,0.0115,0.0134,0.0156,0.0185,0.0224,,,0.0433,,,,0.102,,,4285.033314944926,4274.395913517214,4269.110380044449,4267.292915144172,4269.280620823458,4275.317758632993,4287.422620641725,4309.724246409721,4347.334512262779,,,4634.881124781199,,,,5960.947724243059,
2022-02-25,,,,,4380.0,4372.5,4372.5,4378.25,4387.0,4397.25,4405.25,4415.25,4437.25,,,4469.25,,,,4519.25,,4384.64990234375,0.0019497,0.0037661,0.006343,0.0101537,0.01536710431840019,,0.057534246575342465,0.30684931506849317,0.5561643835616439,0.8054794520547945,1.0547945205479452,1.3041095890410959,1.5534246575342465,1.8027397260273972,2.052054794520548,,,2.819178082191781,,,,3.8164383561643835,,,0.0017,0.0044,0.0069,0.0088,0.0105,0.0123,0.0145,0.0174,0.0213,,,0.0436,,,,0.1078,,,4381.203490893838,4369.919266090479,4364.050679346714,4361.517796383748,4362.197690585586,4367.147031289451,4378.747837108096,4400.748167820884,4438.357652082044,,,4747.904408345136,,,,6239.338900006832,
2022-02-28,,,,,4368.0,4360.0,4358.5,4360.0,4369.0,4377.0,4387.0,4396.0,4412.0,,,4434.0,,,,4484.0,,4373.93994140625,0.0022257,0.00411,0.0068487,0.010859,0.01541327846258852,,0.049315068493150684,0.29863013698630136,0.547945205479452,0.7972602739726027,1.0465753424657533,1.295890410958904,1.5452054794520549,1.7945205479452055,2.043835616438356,,,2.8109589041095893,,,,3.808219178082192,,,0.0018,0.0047,0.0073,0.0094,0.0112,0.013,0.0153,0.0184,0.0227,,,0.0472,,,,0.1185,,,4371.004527057043,4359.968722202341,4354.538172403679,4353.020810604637,4354.695455434082,4360.282491648795,4373.174400516543,4397.446029301663,4439.567902042472,,,4782.748394909125,,,,6476.893655702243,
2022-03-01,,,,,4303.75,4295.25,4293.0,4295.5,4299.5,4307.5,4312.5,4316.5,4327.5,,,4344.5,,,,4384.5,,4306.259765625,0.0022096,0.0038252,0.0062249,0.0096421,0.01568124565555059,,0.04657534246575343,0.2958904109589041,0.5452054794520548,0.7945205479452054,1.0438356164383562,1.2931506849315069,1.5424657534246575,1.7917808219178082,2.041095890410959,,,2.808219178082192,,,,3.8054794520547945,,,0.0019,0.0043,0.0066,0.0084,0.0099,0.0115,0.0134,0.0162,0.0201,,,0.043,,,,0.1109,,,4303.496609761042,4291.782389674087,4284.991544054695,4281.419546167049,4280.351162041637,4283.038736655411,4291.1337707850935,4310.264269401489,4345.274031160412,,,4649.625940349884,,,,6186.82936560984,
2022-03-02,,,,,4381.75,4374.0,4373.0,4377.0,4387.5,4395.5,4407.5,4416.5,4432.5,,,4459.5,,,,4499.5,,4386.5400390625,0.0021763,0.0037075,0.005707299999999999,0.0085577,0.01539653185854468,,0.043835616438356165,0.29315068493150687,0.5424657534246575,0.7917808219178082,1.0410958904109588,1.2904109589041095,1.5397260273972602,1.789041095890411,2.0383561643835617,,,2.8054794520547945,,,,3.802739726027397,,,0.0018,0.0041,0.006,0.0075,0.0088,0.0101,0.0117,0.0139,0.0168,,,0.0337,,,,0.0826,,,4383.926385963714,4372.0376604448475,4364.237432637935,4359.199536029848,4356.51814677368,4356.661563334937,4361.644320638943,4374.811413264905,4399.106878999281,,,4617.67242537096,,,,5663.817123574317,
2022-03-03,,,,,4359.25,4351.5,4351.5,4357.0,4367.5,4375.5,4387.5,4396.5,4412.5,,,4439.5,,,,4479.5,,4363.490234375,0.0024419,0.004096199999999999,0.0065245,0.0098697,0.01537305061933023,,0.0410958904109589,0.29041095890410956,0.5397260273972603,0.7890410958904109,1.0383561643835617,1.2876712328767124,1.536986301369863,1.7863013698630137,2.0356164383561643,,,2.802739726027397,,,,3.8,,,0.002,0.0045,0.0069,0.0086,0.0101,0.0116,0.0135,0.0163,0.0203,,,0.0444,,,,0.1169,,,4361.092817501398,4349.733576905229,4343.581002358919,4340.233004351852,4339.664083395008,4342.341856486768,4350.946451314347,4370.7213342937575,4407.473526225409,,,4733.321773641211,,,,6417.79536245683,
2022-03-04,,,,,4327.25,4319.25,4319.25,4325.5,4336.0,4344.0,4356.0,4365.0,4381.0,,,4408.0,,,,4448.0,,4328.8701171875,0.0024395,0.0040935,0.0066806,0.0103147,0.01546132383414058,,0.038356164383561646,0.2876712328767123,0.536986301369863,0.7863013698630137,1.0356164383561643,1.284931506849315,1.5342465753424657,1.7835616438356163,2.032876712328767,,,2.8,,,,3.797260273972603,,,0.002,0.0045,0.007,0.009,0.0105,0.0122,0.0143,0.0173,0.0216,,,0.0476,,,,0.126,,,4326.63559132746,4315.241573291877,4309.246013977067,4306.932859545219,4306.6853009863935,4310.767606878023,4321.1639893173615,4343.089483148076,4383.229304551768,,,4736.4829106488805,,,,6586.688304828185,
2022-03-07,,,,,4198.5,4190.25,4190.25,4196.5,4201.0,4209.0,4221.0,4230.0,4246.0,,,4273.0,,,,4313.0,,4201.08984375,0.0025373,0.0040793,0.0064805,0.0099081,0.01608333623083034,,0.030136986301369864,0.27945205479452057,0.5287671232876713,0.7780821917808219,1.0273972602739727,1.2767123287671234,1.526027397260274,1.7753424657534247,2.0246575342465754,,,2.791780821917808,,,,3.789041095890411,,,0.0021,0.0044,0.0067,0.0086,0.0101,0.0116,0.0136,0.0163,0.0202,,,0.0434,,,,0.1132,,,4199.319811886324,4187.395936758608,4180.297342307381,4176.699442516388,4175.343853306325,4177.111786706862,4185.1993579318905,4202.706113830978,4236.251561535939,,,4534.007091996969,,,,6069.783931763702,
2022-03-08,,,,,4168.75,4160.5,4161.25,4166.75,4175.0,4185.0,4201.0,4210.0,4231.0,,,4258.0,,,,4303.0,,4170.7001953125,0.0026203,0.004294,0.00701,0.0105362,0.01623467220351522,,0.0273972602739726,0.27671232876712326,0.5260273972602739,0.7753424657534247,1.0246575342465754,1.273972602739726,1.5232876712328767,1.7726027397260273,2.021917808219178,,,2.789041095890411,,,,3.786301369863014,,,0.0021,0.0046,0.0073,0.0092,0.0107,0.0122,0.0143,0.0175,0.0224,,,0.0532,,,,0.1494,,,4169.085398954288,4157.294395651884,4151.144386015355,4148.013953068436,4147.114497856869,4149.31753952232,4158.426975791972,4180.065255500818,4223.016657121531,,,4623.637590804147,,,,6905.29146932788,
2022-03-09,,,,,4275.25,4266.75,4267.5,4273.0,4285.0,4297.0,4310.0,4322.0,4344.0,,,4379.0,,,,4427.0,,4277.8798828125,0.0026859,0.0043733,0.007032,0.010819,0.0156928604413454,,0.024657534246575342,0.273972602739726,0.5232876712328767,0.7726027397260274,1.021917808219178,1.2712328767123289,1.5205479452054795,1.7698630136986302,2.0191780821917806,,,2.786301369863014,,,,3.7835616438356166,,,0.0021,0.0046,0.0073,0.0093,0.011,0.0127,0.0148,0.0178,0.0222,,,0.048,,,,0.126,,,4276.44632137336,4264.898543644475,4259.133142874594,4256.802922678974,4257.413493463869,4261.6350866344055,4272.076014998479,4293.863372654636,4334.458140332392,,,4680.827729603927,,,,6493.563104720288,
2022-03-10,,,,,4257.25,4248.0,4248.25,4254.0,4266.0,4278.0,4291.0,4303.0,4325.0,,,4360.0,,,,4408.0,,4259.52001953125,0.0029832,0.004647,0.0074516,0.0114372,0.01569500597820304,,0.021917808219178082,0.27123287671232876,0.5205479452054794,0.7698630136986301,1.0191780821917809,1.2684931506849315,1.5178082191780822,1.7671232876712328,2.0164383561643837,,,2.7835616438356166,,,,3.780821917808219,,,0.0024,0.0049,0.0077,0.0098,0.0116,0.0133,0.0156,0.0189,0.0236,,,0.0522,,,,0.1393,,,4258.278987334909,4247.06655358135,4241.829654819577,4240.2326388571655,4241.779786442934,4246.599027601235,4258.90583738816,4283.7127650696675,4327.960503148498,,,4715.101220556133,,,,6797.024568789848,
2022-03-11,,,,,4201.5,4192.5,4192.5,4199.75,4211.0,4223.0,4236.0,4248.0,4270.0,,,4305.0,,,,4353.0,,4204.31005859375,0.0030116,0.0047802,0.0077693,0.0119064,0.01587046281046391,,0.019178082191780823,0.2684931506849315,0.5178082191780822,0.7671232876712328,1.0164383561643835,1.2657534246575342,1.515068493150685,1.7643835616438357,2.0136986301369864,,,2.780821917808219,,,,3.778082191780822,,,0.0024,0.005,0.008,0.0102,0.012,0.0138,0.0162,0.0197,0.0248,,,0.0565,,,,0.1539,,,4203.2240673252745,4192.057060636717,4187.210720932573,4186.061264362513,4187.802430163682,4193.306267682522,4206.409674513671,4232.813813285901,4280.59320947813,,,4707.202163574039,,,,7082.288854002751,
2022-03-14,,,,,4172.0,4163.5,4164.0,4170.25,4181.5,4196.5,4216.0,4228.0,4255.0,,,4290.0,,,,4343.0,,4173.10986328125,0.0030427,0.0047982,0.0077517,0.0119451,0.01584444423090394,,0.010958904109589041,0.2602739726027397,0.5095890410958904,0.7589041095890411,1.0082191780821919,1.2575342465753425,1.5068493150684932,1.7561643835616438,2.0054794520547947,,,2.7726027397260276,,,,3.76986301369863,,,0.0023,0.0049,0.0079,0.0102,0.012,0.0139,0.0162,0.0196,0.0245,,,0.0542,,,,0.1452,,,4172.490485098869,4161.239449363985,4156.249589750588,4155.272195496694,4156.966019822777,4162.918218707044,4175.346285091629,4200.724043391019,4246.1813267245225,,,4641.354526457393,,,,6795.864420701994,
2022-03-15,,,,,4262.0,4253.75,4254.25,4259.0,4270.5,4285.5,4305.0,4317.0,4344.0,,,4379.0,,,,4442.0,,4262.4501953125,0.0032857,0.0051508,0.008299299999999999,0.012577,0.01553395727080025,,0.00821917808219178,0.25753424657534246,0.5068493150684932,0.7561643835616438,1.0054794520547945,1.2547945205479452,1.5041095890410958,1.7534246575342465,2.0027397260273974,,,2.76986301369863,,,,3.767123287671233,,,0.0025,0.0052,0.0084,0.0108,0.0126,0.0145,0.0169,0.0205,0.0259,,,0.0596,,,,0.1645,,,4261.993590233246,4251.121414037598,4247.065682357468,4247.219392710213,4249.894352568641,4256.923661577804,4271.21716138035,4299.727892696529,4351.8656740202005,,,4815.794611931318,,,,7470.91593529378,
2022-03-16,,,,,4358.0,4349.5,4350.25,4357.5,4373.5,4388.5,4403.5,4421.5,4447.5,,,4492.5,,,,4554.5,,4357.85986328125,0.0033498,0.0053975,0.008251399999999999,0.0125014,0.01518621823219004,,0.005479452054794521,0.2547945205479452,0.5041095890410959,0.7534246575342466,1.0027397260273974,1.252054794520548,1.5013698630136987,1.7506849315068493,2.0,,,2.767123287671233,,,,3.7643835616438355,,,0.0024,0.0055,0.0083,0.0106,0.0125,0.0145,0.0168,0.0198,0.0238,,,0.0464,,,,0.1121,,,4357.5545559094635,4347.1179464408815,4342.758178112208,4342.827831049251,4346.137423723404,4354.1172729361,4368.431250666142,4393.202052027796,4433.585582907888,,,4750.992113473929,,,,6276.432380572825,
2022-03-17,,,,,4410.25,4402.0,4403.0,4409.5,4425.5,4440.5,4455.5,4473.5,4499.5,,,4544.5,,,,4606.5,,4411.669921875,0.0032979,0.005495,0.0086801,0.0133186,0.01498015806804395,,0.0027397260273972603,0.25205479452054796,0.5013698630136987,0.7506849315068493,1.0,1.2493150684931507,1.4986301369863013,1.747945205479452,1.9972602739726026,,,2.7643835616438355,,,,3.7616438356164386,,,0.0022,0.0055,0.0087,0.0112,0.0133,0.0154,0.0179,0.0213,0.026,,,0.0533,,,,0.1342,,,4411.515453787667,4401.140736334487,4397.800822395226,4399.168638049753,4404.2638424964625,4413.98451523728,4431.016641854392,4460.674653881712,4509.844966344909,,,4904.651428645481,,,,6908.2466757957545,
2022-03-18,,,,,4409.3501,4453.5,4454.75,4462.0,4478.0,4493.0,4508.0,4526.0,4552.0,4565.0,,4597.0,,,,4659.0,,4463.1201171875,0.0030658,0.005160400000000001,0.008459,0.0134162,0.01485347076376684,,0.0,0.2493150684931507,0.4986301369863014,0.7479452054794521,0.9972602739726028,1.2465753424657535,1.4958904109589042,1.7452054794520548,1.9945205479452055,2.263013698630137,,2.7616438356164386,,,,3.758904109589041,,,0.002,0.0052,0.0084,0.0111,0.0134,0.0156,0.0183,0.0219,0.0269,0.0342,,0.0553,,,,0.1396,,,4463.1201171875,4452.391393183369,4448.7813479290335,4450.607967803466,4456.655561506639,4467.275451996523,4486.189731413864,4518.344839003065,4571.654385622175,4662.862640033886,,4990.554408119982,,,,7133.188580419436,
2022-03-21,,,,,,4452.25,4454.0,4463.0,4479.0,4499.0,4514.0,4532.0,4558.0,4576.0,,4618.0,,,,4680.0,,4461.18017578125,0.0030597,0.0053141,0.0086686,0.0137245,0.01501461603614278,,,0.2410958904109589,0.4904109589041096,0.7397260273972602,0.989041095890411,1.2383561643835617,1.4876712328767123,1.736986301369863,1.9863013698630136,2.254794520547945,,2.7534246575342465,,,,3.750684931506849,,,,0.0052,0.0085,0.0113,0.0136,0.0159,0.0186,0.0222,0.027,0.034,,0.0542,,,,0.134,,,,4450.636327234949,4446.950166335182,4448.938579506494,4454.9428432266,4466.074188483632,4485.039116111427,4517.208695978901,4568.6599257049875,4656.301596277608,,4969.440939965413,,,,6970.521419847415,
2022-03-22,,,,,,4505.0,4507.25,4517.5,4537.0,4557.0,4573.0,4597.0,4623.0,4641.0,,4688.0,,,,4755.0,,4511.60986328125,0.003121,0.005621399999999999,0.0092879,0.014697,0.01489936224594983,,,0.23835616438356164,0.4876712328767123,0.736986301369863,0.9863013698630136,1.2356164383561643,1.484931506849315,1.7342465753424658,1.9835616438356165,2.252054794520548,,2.750684931506849,,,,3.747945205479452,,,,0.0054,0.0091,0.0121,0.0146,0.017,0.0199,0.0238,0.029,0.0369,,0.0596,,,,0.1499,,,,4501.406090103791,4498.868235175043,4502.311593633434,4510.277955707266,4523.335329694414,4545.2359866706265,4581.790884573763,4639.578530592657,4740.775290471108,,5101.891813059279,,,,7482.9644999442635,
2022-03-23,,,,,,4447.5,4449.75,4459.5,4477.0,4497.0,4513.0,4537.0,4563.0,4571.0,,4618.0,,,,4685.0,,4456.240234375,0.0031668,0.0060743,0.0099369,0.0157676,0.01505975375369934,,,0.2356164383561644,0.4849315068493151,0.7342465753424657,0.9835616438356164,1.2328767123287672,1.4821917808219178,1.7315068493150685,1.9808219178082191,2.249315068493151,,2.747945205479452,,,,3.745205479452055,,,,0.0058,0.0097,0.0129,0.0156,0.0183,0.0214,0.0252,0.0303,0.0377,,0.0581,,,,0.1374,,,,4446.528429573033,4444.672999172614,4449.179165337218,4458.608755852815,4474.077735552013,4498.3149658043385,4535.173403555057,4592.817304139812,4689.052145075083,,5015.723368797966,,,,7046.244461078781,
2022-03-24,,,,,,4512.5,4515.0,4525.75,4545.25,4565.0,4586.0,4605.0,4631.0,4639.0,,4686.0,,,,4763.0,,4520.16015625,0.0030994,0.0061603,0.0099663,0.0155717,0.01478544815288232,,,0.2328767123287671,0.4821917808219178,0.7315068493150685,0.9808219178082191,1.2301369863013698,1.4794520547945205,1.7287671232876711,1.978082191780822,2.2465753424657535,,2.745205479452055,,,,3.7424657534246575,,,,0.0059,0.0097,0.0128,0.0154,0.018,0.0209,0.0246,0.0295,0.0366,,0.0562,,,,0.1323,,,,4510.816647975682,4509.089573414774,4513.599981163382,4522.8855760635015,4538.069789435551,4561.235876297939,4597.508381626426,4653.660056814986,4747.202324929145,,5064.416256805209,,,,7017.040948256757,
2022-03-25,,,,,,4536.5,4540.0,4552.25,4573.25,4595.0,4619.0,4638.0,4669.0,4677.0,,4734.0,,,,4831.0,,4543.06005859375,0.0030404,0.0062403,0.010126,0.0158563,0.01475036729583119,,,0.23013698630136986,0.4794520547945205,0.7287671232876712,0.9780821917808219,1.2273972602739727,1.4767123287671233,1.726027397260274,1.9753424657534246,2.243835616438356,,2.7424657534246575,,,,3.73972602739726,,,,0.0059,0.0098,0.0129,0.0156,0.0183,0.0213,0.025,0.0299,0.0369,,0.0562,,,,0.1305,,,,4533.816185286452,4532.290056291835,4536.93793057277,4546.8369588431415,4562.8964860062515,4587.213366824389,4624.14714823337,4681.069079068235,4774.555790663286,,5089.9856174114575,,,,7003.9391101584,
2022-03-28,,,,,,4568.0,4571.5,4584.25,4607.0,4631.75,4656.0,4675.0,4706.25,4714.5,,4772.0,,,,4869.75,,4575.52001953125,0.0030654,0.0064113,0.0104957,0.0166318,0.01480186633483099,,,0.2219178082191781,0.4712328767123288,0.7205479452054795,0.9698630136986301,1.2191780821917808,1.4684931506849315,1.7178082191780821,1.9671232876712328,2.2356164383561645,,2.734246575342466,,,,3.7315068493150685,,,,0.0059,0.0101,0.0134,0.0163,0.0191,0.0223,0.0262,0.0312,0.0383,,0.0577,,,,0.1315,,,,4566.490081224273,4565.393381599621,4570.900565754147,4582.1730110613935,4599.559546263065,4626.179269579422,4665.990629904264,4725.519530028552,4822.310507608238,,5144.943732097119,,,,7072.261085222893,
2022-03-29,,,,,,4625.5,4629.0,4641.5,4665.0,4690.25,4714.75,4734.0,4765.75,4774.0,,4832.25,,,,4930.5,,4631.60009765625,0.0031258,0.0065112,0.0106645,0.0171251,0.0146927723392965,,,0.2191780821917808,0.4684931506849315,0.7178082191780822,0.9671232876712329,1.2164383561643837,1.4657534246575343,1.715068493150685,1.9643835616438357,2.232876712328767,,2.7315068493150685,,,,3.728767123287671,,,,0.0059,0.0102,0.0137,0.0167,0.0198,0.0231,0.027,0.032,0.0387,,0.0567,,,,0.1236,,,,4622.682752223049,4621.86160515633,4628.300701871026,4640.599861858397,4660.464072072864,4689.028061258447,4730.401772553016,4791.772742593827,4886.652855116685,,5194.734061070967,,,,6951.740722120552,
2022-03-30,,,,,,4596.0,4599.5,4611.5,4633.25,4657.25,4681.75,4700.75,4731.25,4739.5,,4797.25,,,,4894.75,,4602.4501953125,0.0030552,0.006509,0.0107681,0.0171399,0.01469328887840525,,,0.21643835616438356,0.4657534246575342,0.7150684931506849,0.9643835616438357,1.2136986301369863,1.463013698630137,1.7123287671232876,1.9616438356164383,2.23013698630137,,2.728767123287671,,,,3.7260273972602738,,,,0.0058,0.0102,0.0137,0.0167,0.0197,0.023,0.027,0.0323,0.0398,,0.0603,,,,0.1394,,,,4593.599695128606,4592.828421653785,4599.182375592048,4611.365661429639,4630.5027673879085,4658.72425205342,4700.467389394963,4764.187027286114,4867.498830116486,,5212.392204668459,,,,7324.679759464171,
2022-03-31,,,,,,4530.75,4533.75,4546.0,4566.25,4587.0,4611.25,4636.75,4660.0,4668.0,,4725.0,,,,4820.0,,4530.41015625,0.003024,0.006751200000000001,0.0107915,0.0170976,0.01488716880880773,,,0.2136986301369863,0.46301369863013697,0.7123287671232876,0.9616438356164384,1.210958904109589,1.4602739726027398,1.7095890410958905,1.9589041095890412,2.2273972602739724,,2.7260273972602738,,,,3.723287671232877,,,,0.006,0.0103,0.0136,0.0166,0.0197,0.0229,0.0265,0.0307,0.0362,,0.05,,,,0.0977,,,,4521.814276043615,4520.798129677086,4526.25818413011,4537.878495830764,4556.891116880513,4583.731509404064,4621.251919143786,4672.939409812939,4750.665053070939,,4985.486629657949,,,,6166.605170461447,
2022-04-01,,,,,,4539.25,4542.5,4554.75,4576.0,4600.25,4623.75,4651.25,4674.5,4682.5,,4739.5,,,,4835.0,,4545.85986328125,0.0029328,0.006734299999999999,0.0107229,0.0168443,0.01490222715412489,,,0.21095890410958903,0.4602739726027397,0.7095890410958904,0.958904109589041,1.2082191780821918,1.4575342465753425,1.7068493150684931,1.9561643835616438,2.2246575342465755,,2.723287671232877,,,,3.7205479452054795,,,,0.0059,0.0102,0.0134,0.0164,0.0193,0.0224,0.0259,0.03,0.0354,,0.0488,,,,0.0953,,,,4537.235013247057,4536.031840012574,4541.0167224205525,4552.393411260673,4570.078454610028,4595.810645417627,4631.998607411717,4682.118245495541,4757.95247491788,,4985.482980344504,,,,6130.894537630865,
2022-04-04,,,,,,4577.75,4581.0,4593.5,4615.0,4639.25,4662.75,4690.25,4713.5,4721.5,,4778.5,,,,4874.0,,4582.64013671875,0.0031046,0.006975400000000001,0.0111941,0.0177093,0.01495174884582153,,,0.20273972602739726,0.4520547945205479,0.7013698630136986,0.9506849315068493,1.2,1.4493150684931506,1.6986301369863013,1.9479452054794522,2.2164383561643834,,2.7150684931506848,,,,3.712328767123288,,,,0.0059,0.0105,0.0139,0.0171,0.0202,0.0235,0.0273,0.0317,0.0376,,0.0526,,,,0.1055,,,,4574.238020808653,4573.427147397757,4579.260930253605,4592.008872177273,4611.592225387291,4639.768117512684,4679.7766884968205,4734.612834909239,4818.553280170927,,5075.844229021883,,,,6413.596298931463,
2022-04-05,,,,,,4520.25,4523.75,4536.5,4558.5,4585.25,4611.75,4639.25,4669.5,4677.5,,4739.5,,,,4840.0,,4525.1201171875,0.0035848,0.0071284,0.0112635,0.017701,0.01495385589006304,,,0.2,0.44931506849315067,0.6986301369863014,0.947945205479452,1.1972602739726028,1.4465753424657535,1.6958904109589041,1.9452054794520548,2.213698630136986,,2.712328767123288,,,,3.7095890410958905,,,,0.0061,0.0105,0.014,0.0171,0.0201,0.0234,0.0272,0.0318,0.038,,0.0542,,,,0.1132,,,,4517.114255273657,4516.073571580174,4522.105615742493,4534.335514667757,4553.086688072593,4580.747094268935,4620.081013833226,4675.86107929531,4761.969483372285,,5033.38423342397,,,,6514.933097663349,
2022-04-06,,,,,,4475.75,4479.25,4492.0,4513.5,4540.25,4566.75,4594.25,4624.5,4632.5,,4694.5,,,,4795.0,,4481.14990234375,0.0036501,0.007344699999999999,0.0117301,0.0183068,0.01514063712339622,,,0.19726027397260273,0.4465753424657534,0.6958904109589041,0.9452054794520548,1.1945205479452055,1.4438356164383561,1.6931506849315068,1.9424657534246574,2.210958904109589,,2.7095890410958905,,,,3.706849315068493,,,,0.0062,0.0109,0.0145,0.0176,0.0207,0.024,0.0281,0.0332,0.0404,,0.06,,,,0.1346,,,,4473.253765599597,4472.6716924872035,4479.152591673694,4491.578915008443,4511.0072306210495,4538.838542960597,4580.562660658908,4641.137012600291,4738.530665102709,,5060.322043137141,,,,6977.547859891742,
2022-04-07,,,,,,4496.25,4499.75,4512.25,4533.5,4560.25,4586.75,4609.25,4639.5,4647.5,,4704.5,,,,4795.0,,4500.2099609375,0.0039847,0.0076931,0.0119517,0.0185066,0.01496641763912264,,,0.19452054794520549,0.4438356164383562,0.6931506849315069,0.9424657534246575,1.1917808219178083,1.441095890410959,1.6904109589041096,1.9397260273972603,2.208219178082192,,2.706849315068493,,,,3.7041095890410958,,,,0.0065,0.0111,0.0146,0.0178,0.0209,0.0242,0.0281,0.0328,0.0392,,0.0559,,,,0.1172,,,,4492.80469976931,4492.493980692372,4499.067130877827,4512.244077884902,4532.146114810972,4560.492085851483,4601.237114287993,4658.6062598858925,4747.589972113946,,5027.511313828877,,,,6571.935898627276,
2022-04-08,,,,,,4483.5,4487.25,4499.75,4521.25,4548.0,4574.5,4597.0,4637.25,4655.25,,4711.75,,,,4802.75,,4488.27978515625,0.0041411,0.007838699999999999,0.0120536,0.0183335,0.01503799482327804,,,0.1917808219178082,0.4410958904109589,0.6904109589041096,0.9397260273972603,1.189041095890411,1.4383561643835616,1.6876712328767123,1.936986301369863,2.2054794520547945,,2.7041095890410958,,,,3.7013698630136984,,,,0.0066,0.0112,0.0146,0.0176,0.0206,0.0237,0.0276,0.0323,0.039,,0.0569,,,,0.1245,,,,4481.0225198232,4480.687897794772,4486.922750582168,4499.098709530836,4518.061181739169,4544.549285204123,4584.449539853261,4640.888219616312,4731.854592272685,,5026.223749894364,,,,6730.361615629262,
2022-04-11,,,,,,4409.0,4412.5,4424.75,4445.5,4471.0,4499.5,4522.0,4552.25,4580.25,,4626.75,,,,4717.75,,4412.52978515625,0.004333500000000001,0.0080029,0.0123185,0.0187754,0.01543622696307035,,,0.18356164383561643,0.4328767123287671,0.6821917808219178,0.9315068493150684,1.180821917808219,1.4301369863013698,1.6794520547945206,1.9287671232876713,2.197260273972603,,2.695890410958904,,,,3.6931506849315068,,,,0.0066,0.0113,0.0149,0.018,0.0209,0.0242,0.0281,0.0331,0.04,,0.0589,,,,0.1309,,,,4405.378496850666,4404.636323660675,4410.915934481079,4423.080259033159,4441.090326682516,4468.181793957773,4507.381436129145,4565.451788785818,4657.231510283498,,4961.071478846657,,,,6758.988744730496,
2022-04-12,,,,,,4393.0,4396.0,4407.25,4426.0,4448.0,4473.0,4497.0,4523.0,4545.0,,4588.0,,,,4673.0,,4397.4501953125,0.0047276,0.0081355,0.0124325,0.0188744,0.01549913755851588,,,0.18082191780821918,0.4301369863013699,0.6794520547945205,0.9287671232876712,1.178082191780822,1.4273972602739726,1.6767123287671233,1.926027397260274,2.1945205479452055,,2.6931506849315068,,,,3.6904109589041094,,,,0.0068,0.0113,0.015,0.018,0.021,0.0242,0.0282,0.0334,0.0408,,0.0614,,,,0.1413,,,,4390.538466782224,4389.514670280548,4395.959096738331,4407.676106982747,4426.040269418881,4452.405264775976,4492.1011953375755,4551.70743668545,4648.516490480875,,4976.081883587978,,,,6995.602611345875,
2022-04-13,,,,,,4442.25,4445.5,4456.75,4476.25,4498.0,4523.0,4547.0,4573.0,4595.0,,4638.0,,,,4723.0,,4446.58984375,0.0050897,0.0084635,0.0124888,0.0184361,0.01510540409560278,,,0.1780821917808219,0.4273972602739726,0.6767123287671233,0.9260273972602739,1.1753424657534246,1.4246575342465753,1.673972602739726,1.9232876712328768,2.191780821917808,,2.6904109589041094,,,,3.6876712328767125,,,,0.0071,0.0114,0.0148,0.0176,0.0204,0.0234,0.027,0.0317,0.0384,,0.0569,,,,0.1284,,,,4440.2552132091205,4439.553443480938,4445.670958796473,4456.873625073307,4474.347086203168,4499.446700179087,4536.014226693276,4590.797043708368,4679.513369793022,,4975.779859461362,,,,6752.620807522864,
2022-04-14,,,,,,4387.5,4390.75,4402.75,4422.75,4448.0,4473.0,4498.0,4529.0,4551.0,,4599.0,,,,4689.0,,4392.58984375,0.005218899999999999,0.0085121,0.0123982,0.0180359,0.01535221316092315,,,0.17534246575342466,0.4246575342465753,0.673972602739726,0.9232876712328767,1.1726027397260275,1.4219178082191781,1.6712328767123288,1.9205479452054794,2.1890410958904107,,2.6876712328767125,,,,3.684931506849315,,,,0.0071,0.0113,0.0146,0.0172,0.0198,0.0227,0.0262,0.0307,0.0373,,0.0556,,,,0.1271,,,,4386.238523171617,4385.037562488871,4390.363492208087,4400.090168592687,4415.559185207278,4438.723982125403,4472.950118826683,4523.993652796236,4608.781945924007,,4894.400583551843,,,,6630.6440105676975,
2022-04-18,,,,,,4386.75,4390.0,4402.0,4423.0,4448.25,4473.25,4498.25,4529.25,4551.25,,4599.25,,,,4689.25,,4391.68994140625,0.0053989,0.0087343,0.0127633,0.0186264,0.01560689989587675,,,0.1643835616438356,0.4136986301369863,0.663013698630137,0.9123287671232877,1.1616438356164382,1.4109589041095891,1.6602739726027398,1.9095890410958904,2.1780821917808217,,2.6767123287671235,,,,3.673972602739726,,,,0.0071,0.0115,0.0149,0.0177,0.0204,0.0233,0.0269,0.0317,0.0385,,0.0577,,,,0.1334,,,,4385.552918321168,4384.234712444692,4389.632107491358,4400.08430484929,4416.210523293184,4439.619850795242,4474.809341953307,4528.74705570282,4616.224481269882,,4915.4594358693175,,,,6769.875711701788,
2022-04-19,,,,,,4459.25,4463.0,4476.25,4499.0,4524.25,4552.25,4578.25,4609.25,4636.25,,4686.25,,,,4784.25,,4462.2099609375,0.005711000000000001,0.008872999999999999,0.0129596,0.0189465,0.01540905246230192,,,0.16164383561643836,0.410958904109589,0.6602739726027397,0.9095890410958904,1.158904109589041,1.4082191780821918,1.6575342465753424,1.906849315068493,2.175342465753425,,2.673972602739726,,,,3.671232876712329,,,,0.0072,0.0116,0.0151,0.018,0.0207,0.0237,0.0274,0.0324,0.0397,,0.0605,,,,0.1435,,,,4456.292790625744,4455.2304421589615,4461.2994984070165,4472.738441284617,4489.654953779586,4514.613689214926,4551.785422021529,4609.149394776366,4704.33902649271,,5034.006100606927,,,,7141.307251621489,
2022-04-20,,,,,,4455.5,4459.5,4473.0,4495.75,4521.0,4549.0,4575.0,4606.0,4633.0,,4683.0,,,,4781.0,,4459.4501953125,0.005804399999999999,0.0090486,0.0133433,0.0194615,0.0154599149701911,,,0.1589041095890411,0.40821917808219177,0.6575342465753424,0.9068493150684932,1.1561643835616437,1.4054794520547946,1.6547945205479453,1.904109589041096,2.1726027397260275,,2.671232876712329,,,,3.6684931506849314,,,,0.0073,0.0119,0.0155,0.0185,0.0212,0.0242,0.0282,0.0336,0.0417,,0.0653,,,,0.1616,,,,4453.671623057602,4452.974314888142,4459.567735838401,4471.761411809839,4489.143676827934,4514.567966275874,4554.463343415225,4616.173862536532,4721.066674689663,,5094.492007331755,,,,7622.76667730533,
2022-04-21,,,,,,4390.5,4394.75,4408.75,4432.5,4458.0,4486.0,4515.0,4546.0,4575.0,,4625.0,,,,4723.0,,4393.66015625,0.0062361,0.009491300000000001,0.0138627,0.0201343,0.01562720396872123,,,0.15616438356164383,0.4054794520547945,0.6547945205479452,0.9041095890410958,1.1534246575342466,1.4027397260273973,1.652054794520548,1.9013698630136986,2.16986301369863,,2.6684931506849314,,,,3.665753424657534,,,,0.0077,0.0123,0.0161,0.0191,0.0218,0.025,0.029,0.0345,0.0428,,0.0667,,,,0.1646,,,,4388.22440346793,4387.736609574231,4395.020574808158,4407.476998158865,4425.054007351158,4451.807625275582,4491.807671103708,4554.185926543485,4660.505288999801,,5035.183823720437,,,,7585.66411645404,
2022-04-22,,,,,,4267.25,4272.25,4286.75,4310.0,4336.0,4364.0,4393.0,4424.0,4453.0,,4503.0,,,,4601.0,,4271.77978515625,0.0064601,0.0098439,0.0144991,0.0210252,0.01609992988894234,,,0.15342465753424658,0.40273972602739727,0.6520547945205479,0.9013698630136986,1.1506849315068493,1.4,1.6493150684931508,1.8986301369863015,2.1671232876712327,,2.665753424657534,,,,3.663013698630137,,,,0.0079,0.0128,0.0168,0.0199,0.0227,0.026,0.0303,0.0363,0.0455,,0.0727,,,,0.1853,,,,4266.408960180996,4266.106305787925,4273.730229728613,4286.436866533303,4304.345755390499,4331.399283912198,4373.007298926999,4438.79531328913,4552.80774068083,,4967.478576218761,,,,7939.20168328037,
2022-04-25,,,,,,4292.75,4297.25,4311.75,4334.25,4360.0,4383.0,4407.0,4438.0,4467.0,,4512.0,,,,4595.0,,4296.1201171875,0.0066877,0.0102528,0.015307,0.0219656,0.01618325328517942,,,0.14520547945205478,0.39452054794520547,0.6438356164383562,0.8931506849315068,1.1424657534246576,1.3917808219178083,1.641095890410959,1.8904109589041096,2.158904109589041,,2.6575342465753424,,,,3.654794520547945,,,,0.008,0.0133,0.0176,0.0208,0.0236,0.0268,0.0315,0.0383,0.049,,0.0821,,,,0.2232,,,,4291.018270381932,4291.236047448831,4300.0406194960615,4313.87152917415,4332.6774349785155,4360.071697139143,4405.477121497734,4479.547592092998,4611.53386101853,,5118.637697152432,,,,9155.144746119533,
2022-04-26,,,,,,4170.5,4174.75,4188.25,4209.25,4230.0,4253.0,4277.0,4303.0,4327.0,,4372.0,,,,4450.0,,4175.2001953125,0.006882,0.0100592,0.0149229,0.021078,0.0167009147181608,,,0.14246575342465753,0.3917808219178082,0.6410958904109589,0.8904109589041096,1.1397260273972603,1.389041095890411,1.6383561643835616,1.8876712328767122,2.1561643835616437,,2.654794520547945,,,,3.652054794520548,,,,0.008,0.0129,0.0171,0.02,0.0225,0.0255,0.03,0.0369,0.0481,,0.0834,,,,0.2371,,,,4170.027897162902,4168.987425211351,4176.26856502417,4187.483051816412,4202.8870271231135,4226.543836649057,4267.170437080825,4337.471351211757,4467.656049980378,,4984.0094335890435,,,,9337.810885834891,
2022-04-27,,,,,,4180.25,4184.25,4198.0,4218.25,4245.0,4277.0,4301.0,4327.0,4351.0,,4401.0,,,,4479.0,,4183.9599609375,0.0070036,0.0102546,0.0150849,0.0209964,0.01669423190140338,,,0.13972602739726028,0.38904109589041097,0.6383561643835617,0.8876712328767123,1.1369863013698631,1.3863013698630138,1.6356164383561644,1.884931506849315,2.1534246575342464,,2.652054794520548,,,,3.649315068493151,,,,0.0081,0.013,0.0172,0.0199,0.0223,0.0252,0.0295,0.0364,0.0477,,0.0833,,,,0.2396,,,,4178.938718771454,4177.951059150598,4185.311013106933,4195.883078987883,4210.712354343734,4233.587384650931,4272.5185681179555,4342.291396407863,4472.854264205629,,4992.317864301364,,,,9437.692724705434,
2022-04-28,,,,,,4283.5,4288.25,4302.25,4324.75,4346.5,4374.0,4398.0,4424.0,4451.0,,4501.0,,,,4579.0,,4287.5,0.0074163,0.0107403,0.015189,0.0210769,0.0162691585402634,,,0.136986301369863,0.3863013698630137,0.6356164383561644,0.8849315068493151,1.1342465753424658,1.3835616438356164,1.632876712328767,1.8821917808219177,2.1506849315068495,,2.649315068493151,,,,3.6465753424657534,,,,0.0085,0.0133,0.0171,0.0199,0.0224,0.0253,0.0292,0.035,0.0439,,0.0712,,,,0.1871,,,,4282.939376986669,4282.585099535634,4289.764811665539,4301.298089820672,4317.4186909418895,4341.407213710033,4378.99078030203,4441.352061019302,4550.008253259353,,4959.142875754372,,,,7993.680937070527,
2022-04-29,,,,,,4127.5,4132.25,4146.5,4169.0,4191.5,4219.0,4248.0,4279.0,4306.0,,4356.0,,,,4434.0,,4131.93017578125,0.007663,0.0111156,0.0156532,0.021815,0.01680816822516758,,,0.13424657534246576,0.3835616438356164,0.6328767123287671,0.8821917808219178,1.1315068493150684,1.3808219178082193,1.63013698630137,1.8794520547945206,2.147945205479452,,2.6465753424657534,,,,3.643835616438356,,,,0.0087,0.0137,0.0176,0.0206,0.0232,0.0262,0.0302,0.0359,0.0447,,0.0709,,,,0.1809,,,,4127.435042240939,4127.007130732327,4134.001336680173,4145.775133359329,4161.922280240269,4185.863856107913,4223.124145550165,4282.884945316788,4387.040171311535,,4767.884764308098,,,,7513.251391500446,
2022-05-02,,,,,,4151.0,4155.25,4168.75,4191.0,4213.5,4240.0,4262.0,4291.0,4318.0,,4368.0,,,,4446.0,,4155.3798828125,0.0079459,0.0115355,0.0162458,0.0226516,0.01692209430815372,,,0.12602739726027398,0.37534246575342467,0.6246575342465753,0.873972602739726,1.1232876712328768,1.3726027397260274,1.621917808219178,1.8712328767123287,2.1397260273972605,,2.638356164383562,,,,3.6356164383561644,,,,0.0089,0.014,0.0181,0.0213,0.024,0.0271,0.0312,0.0371,0.046,,0.0729,,,,0.1857,,,,4151.180901466811,4150.824818410584,4158.438485176801,4171.3095264555395,4188.549012401735,4213.838850688603,4252.731326212802,4315.276548493489,4422.134966792686,,4816.72147420149,,,,7675.362935481105,
2022-05-03,,,,,,4169.25,4173.75,4187.75,4210.0,4233.5,4260.0,4282.0,4311.0,4338.0,,4388.0,,,,4466.0,,4175.47998046875,0.0081083,0.0115555,0.0161738,0.0224238,0.01690931508190425,,,0.1232876712328767,0.3726027397260274,0.6219178082191781,0.8712328767123287,1.1205479452054794,1.36986301369863,1.6191780821917807,1.8684931506849316,2.136986301369863,,2.6356164383561644,,,,3.632876712328767,,,,0.0089,0.0139,0.018,0.021,0.0237,0.0267,0.0308,0.0365,0.0455,,0.0724,,,,0.1865,,,,4171.35893857371,4170.800726132276,4178.3132377214,4190.38768650317,4207.373600289806,4231.8583136094685,4270.45683929308,4331.155552523891,4438.547658947256,,4833.068075987882,,,,7731.720149942806,
2022-05-04,,,,,,4295.25,4299.5,4312.5,4335.0,4358.5,4385.0,4407.0,4436.0,4463.0,,4513.0,,,,4601.0,,4300.169921875,0.0080766,0.011807,0.0163356,0.0228002,0.01648016168261578,,,0.12054794520547946,0.3698630136986301,0.6191780821917808,0.8684931506849315,1.1178082191780823,1.367123287671233,1.6164383561643836,1.8657534246575342,2.1342465753424658,,2.632876712328767,,,,3.6301369863013697,,,,0.0089,0.0141,0.0181,0.0213,0.0242,0.0273,0.0312,0.0364,0.0439,,0.0655,,,,0.1529,,,,4296.242337803047,4296.3860028632635,4304.485019939122,4318.208146033965,4337.437939853072,4364.251040191397,4403.713885933722,4462.994910156787,4559.327956293098,,4892.570007741977,,,,7055.992384255633,
2022-05-05,,,,,,4143.25,4147.0,4160.0,4181.5,4206.5,4233.0,4245.0,4274.0,4301.0,,4341.0,,,,4429.0,,4146.8701171875,0.007980000000000001,0.0120078,0.0166689,0.0232411,0.01697233233470849,,,0.1178082191780822,0.36712328767123287,0.6164383561643836,0.8657534246575342,1.115068493150685,1.3643835616438356,1.6136986301369862,1.8630136986301369,2.1315068493150684,,2.6301369863013697,,,,3.627397260273973,,,,0.0088,0.0144,0.0184,0.0216,0.0246,0.0278,0.0317,0.0369,0.0444,,0.0658,,,,0.1521,,,,4142.8795649709655,4142.95581460536,4150.521255867125,4163.517542966839,4182.291210966617,4208.586961865143,4246.605161494065,4303.718338466465,4396.532326361801,,4715.13390632504,,,,6770.0982037723525,
2022-05-06,,,,,,4119.5,4123.0,4135.75,4156.5,4181.5,4208.0,4225.0,4259.0,4291.0,,4326.0,,,,4414.0,,4123.33984375,0.0078986,0.0118769,0.016304,0.0227488,0.0169045258339226,,,0.11506849315068493,0.3643835616438356,0.6136986301369863,0.863013698630137,1.1123287671232878,1.3616438356164384,1.610958904109589,1.8602739726027397,2.128767123287671,,2.627397260273973,,,,3.6246575342465754,,,,0.0087,0.0141,0.0179,0.0211,0.0241,0.0272,0.0309,0.0356,0.0421,,0.06,,,,0.1292,,,,4119.4489080433505,4119.1282597887,4125.859648817917,4138.296494225173,4156.474377645759,4181.551063741739,4217.361140857701,4269.267131967778,4350.534772346656,,4617.679967423712,,,,6194.712546728845,
2022-05-09,,,,,,3987.5,3990.0,4001.5,4019.5,4038.5,4060.0,4082.0,4111.0,4139.0,,4183.0,,,,4277.0,,3991.239990234375,0.0078778,0.0119942,0.0165089,0.0227184,0.01757157058338192,,,0.10684931506849316,0.3561643835616438,0.6054794520547945,0.8547945205479452,1.104109589041096,1.3534246575342466,1.6027397260273972,1.8520547945205479,2.1205479452054794,,2.6191780821917807,,,,3.6164383561643834,,,,0.0085,0.0141,0.018,0.0211,0.0239,0.0269,0.0306,0.0354,0.0424,,0.0625,,,,0.1436,,,,3987.3731911499094,3986.308072022351,3992.27547297489,4003.296069775088,4019.225557639433,4041.9501403107074,4075.458022393364,4125.227564003004,4207.008529658729,,4489.6624228694,,,,6295.757558995831,
2022-05-10,,,,,,3996.75,3999.75,4011.25,4030.0,4048.5,4070.0,4092.0,4121.0,4149.0,,4193.0,,,,4287.0,,4001.050048828125,0.0078694,0.0119738,0.0162251,0.022106,0.01760293753674427,,,0.10410958904109589,0.35342465753424657,0.6027397260273972,0.852054794520548,1.1013698630136985,1.3506849315068492,1.6,1.8493150684931507,2.117808219178082,,2.6164383561643834,,,,3.6136986301369864,,,,0.0084,0.014,0.0176,0.0205,0.0232,0.026,0.0294,0.0338,0.0399,,0.057,,,,0.1242,,,,3997.218422442551,3995.958486272232,4001.0429646948414,4010.9386644597203,4025.7904424008784,4046.6874166159464,4077.2883151703527,4122.708336228809,4194.515090666283,,4435.484365986435,,,,5881.233374465862,
2022-05-11,,,,,,3930.25,3933.25,3945.0,3963.25,3981.0,4003.0,4025.0,4054.0,4082.0,,4126.0,,,,4220.0,,3935.179931640625,0.0078385,0.0121571,0.0161765,0.0218871,0.01790032507373361,,,0.10136986301369863,0.3506849315068493,0.6,0.8493150684931506,1.0986301369863014,1.347945205479452,1.5972602739726027,1.8465753424657534,2.115068493150685,,2.6136986301369864,,,,3.610958904109589,,,,0.0083,0.0141,0.0174,0.0202,0.023,0.0258,0.0289,0.0325,0.0373,,0.0494,,,,0.0928,,,,3931.3521417934235,3929.9389446292357,3933.9987874226435,3942.8734335173463,3957.289270994286,3977.306914931959,4004.929392660394,4042.7130212637,4100.005224570077,,4272.876543377156,,,,5157.315823329383,
2022-05-12,,,,,,3927.25,3929.75,3940.5,3958.25,3976.0,3998.0,4015.0,4039.0,4067.0,,4106.0,,,,4200.0,,3930.080078125,0.007816499999999999,0.0125226,0.016877,0.0228159,0.01739157141582546,,,0.09863013698630137,0.34794520547945207,0.5972602739726027,0.8465753424657534,1.095890410958904,1.3452054794520547,1.5945205479452054,1.8438356164383563,2.1123287671232878,,2.610958904109589,,,,3.6082191780821917,,,,0.0083,0.0146,0.0181,0.0211,0.0239,0.0268,0.0301,0.0341,0.0396,,0.0541,,,,0.1088,,,,3926.5575433571107,3926.2645900749844,3931.7433107164884,3942.437812009624,3958.2116758675907,3980.1363259909385,4010.531003175904,4053.040732282626,4118.838904545176,,4325.3973121889785,,,,5465.641219909867,
2022-05-13,,,,,,4019.75,4022.75,4035.0,4054.0,4071.0,4093.0,4110.0,4134.0,4162.0,,4201.0,,,,4295.0,,4023.889892578125,0.0079597,0.0123907,0.0164661,0.0220138,0.01687975982050479,,,0.0958904109589041,0.3452054794520548,0.5945205479452055,0.8438356164383561,1.093150684931507,1.3424657534246576,1.5917808219178082,1.841095890410959,2.1095890410958904,,2.6082191780821917,,,,3.6054794520547944,,,,0.0083,0.0143,0.0176,0.0204,0.023,0.0257,0.0288,0.0325,0.0376,,0.051,,,,0.1016,,,,4020.5807326214144,4020.3080237461327,4025.613281466272,4035.8606445492605,4050.9013604337115,4071.8194550791636,4100.969788225275,4141.290398560468,4203.679702465675,,4398.405700821689,,,,5461.405394436426,
2022-05-16,,,,,,4004.75,4007.75,4019.75,4039.0,4061.0,4083.0,4100.0,4124.0,4147.0,,4186.0,,,,4265.0,,4008.010009765625,0.0086276,0.012678,0.0168574,0.0224904,0.01709245922456103,,,0.08767123287671233,0.336986301369863,0.5863013698630137,0.8356164383561644,1.084931506849315,1.3342465753424657,1.5835616438356164,1.832876712328767,2.1013698630136988,,2.6,,,,3.5972602739726027,,,,0.0087,0.0144,0.018,0.0208,0.0234,0.026,0.0293,0.0335,0.0396,,0.057,,,,0.127,,,,4005.062091832814,4004.375103870026,4010.143208909526,4020.446408047955,4035.53188526392,4055.9288207101313,4086.244179170521,4130.373590457767,4202.129955915579,,4446.220756939055,,,,5951.604764234279,
2022-05-17,,,,,,4084.75,4088.25,4101.0,4121.75,4144.0,4166.0,4188.0,4212.0,4240.0,,4279.0,,,,4368.0,,4088.85009765625,0.0086444,0.0127408,0.0169412,0.0224107,0.01673004715159123,,,0.08493150684931507,0.33424657534246577,0.5835616438356165,0.8328767123287671,1.082191780821918,1.3315068493150686,1.5808219178082192,1.83013698630137,2.0986301369863014,,2.5972602739726027,,,,3.5945205479452054,,,,0.0087,0.0144,0.018,0.0208,0.0232,0.0258,0.029,0.0333,0.0396,,0.0581,,,,0.1341,,,,4086.062436221395,4085.6668988783845,4091.8814502977643,4102.733872849835,4117.5795818846045,4138.529308152646,4168.934098227914,4214.744886090097,4289.882542037005,,4552.662906192527,,,,6234.837324116114,
2022-05-18,,,,,,3922.75,3925.5,3937.5,3957.0,3979.0,4001.0,4023.0,4047.0,4075.0,,4114.0,,,,4193.0,,3923.679931640625,0.0087161,0.013111,0.0173173,0.023165,0.01709240702666592,,,0.0821917808219178,0.3315068493150685,0.5808219178082191,0.8301369863013699,1.0794520547945206,1.3287671232876712,1.5780821917808219,1.8273972602739725,2.095890410958904,,2.5945205479452054,,,,3.591780821917808,,,,0.0087,0.0148,0.0184,0.0213,0.024,0.0269,0.0301,0.034,0.0393,,0.0534,,,,0.1068,,,,3920.9743619472747,3920.699269167675,3926.6610147026195,3937.408831845329,3953.0458654639456,3975.1479940378654,4005.0538348709492,4046.8016804092504,4110.623222590728,,4311.262426174287,,,,5415.363375398289,
2022-05-19,,,,,,3897.75,3900.25,3911.75,3930.75,3958.0,3978.0,3997.0,4021.0,4044.0,,4083.0,,,,4157.0,,3900.7900390625,0.0090767,0.013302,0.0175737,0.0234193,0.01710948520949185,,,0.07945205479452055,0.3287671232876712,0.5780821917808219,0.8273972602739726,1.0767123287671232,1.326027397260274,1.5753424657534247,1.8246575342465754,2.0931506849315067,,2.591780821917808,,,,3.589041095890411,,,,0.009,0.0149,0.0186,0.0216,0.0242,0.027,0.0303,0.0345,0.0404,,0.0569,,,,0.1221,,,,3898.2775100190433,3897.9575103054813,3904.1525644492676,3915.310146568913,3930.68437299279,3952.2862159364713,3982.694836755892,4026.5536668473396,4095.667319956922,,4324.5470209881305,,,,5685.928162232491,
2022-05-20,,,,,,3899.5,3901.75,3913.0,3931.75,3954.0,3969.0,3988.0,4012.0,4035.0,,4074.0,,,,4148.0,,3901.360107421875,0.0092242,0.0133048,0.0174448,0.0229899,0.01716715161688818,,,0.07671232876712329,0.32602739726027397,0.5753424657534246,0.8246575342465754,1.073972602739726,1.3232876712328767,1.5726027397260274,1.821917808219178,2.0904109589041098,,2.589041095890411,,,,3.5863013698630137,,,,0.0091,0.0148,0.0184,0.0212,0.0237,0.0264,0.0295,0.0336,0.0395,,0.0563,,,,0.124,,,,3898.9464976781323,3898.350369797532,3904.1283629310374,3914.3565333409915,3928.828689260105,3949.3181835979303,3977.7642251789835,4019.930190527692,4087.8128390186826,,4317.350010303389,,,,5722.810485458219,
2022-05-23,,,,,,3971.75,3974.25,3985.75,4005.5,4028.0,4043.0,4052.0,4072.0,4095.0,,4134.0,,,,4208.0,,3973.75,0.0096397,0.0134169,0.0174622,0.0230441,0.01688711213230545,,,0.0684931506849315,0.3178082191780822,0.5671232876712329,0.8164383561643835,1.0657534246575342,1.3150684931506849,1.5643835616438355,1.8136986301369864,2.0821917808219177,,2.580821917808219,,,,3.578082191780822,,,,0.0093,0.0147,0.0183,0.0212,0.0237,0.0264,0.0295,0.0336,0.0394,,0.056,,,,0.1229,,,,3971.685516820223,3970.988876775406,3976.935368826523,3987.767060641797,4002.7078389346793,4023.7742581580583,4052.9362875101233,4096.047052402357,4164.459033724714,,4395.817987296805,,,,5806.819829189694,
2022-05-24,,,,,,3940.5,3942.75,3953.0,3971.0,3991.0,4009.0,4026.0,4046.0,4069.0,,4104.0,,,,4178.0,,3941.47998046875,0.0097179,0.0135809,0.0177211,0.0232805,0.01707061761222333,,,0.06575342465753424,0.3150684931506849,0.5643835616438356,0.8136986301369863,1.063013698630137,1.3123287671232877,1.5616438356164384,1.810958904109589,2.0794520547945203,,2.578082191780822,,,,3.5753424657534247,,,,0.0093,0.0148,0.0186,0.0214,0.0239,0.0265,0.0297,0.0339,0.0401,,0.058,,,,0.1317,,,,3939.4666164875443,3938.661253795225,3944.8835702529445,3955.3895615225347,3970.198166191944,3990.556648618581,4019.987847003216,4063.4550214243404,4134.824061108115,,4380.117691329155,,,,5938.137790940164,
2022-05-25,,,,,,3976.75,3979.25,3989.5,4007.75,4028.0,4046.0,4063.0,4083.0,4106.0,,4141.0,,,,4215.0,,3978.72998046875,0.009753,0.013708,0.0174843,0.0227121,0.01695972672234013,,,0.06301369863013699,0.31232876712328766,0.5616438356164384,0.810958904109589,1.0602739726027397,1.3095890410958904,1.558904109589041,1.8082191780821917,2.0767123287671234,,2.5753424657534247,,,,3.5726027397260274,,,,0.0092,0.0149,0.0182,0.0209,0.0233,0.0258,0.0287,0.0321,0.0368,,0.0494,,,,0.097,,,,3976.7849800873983,3976.171239216999,3981.502496854234,3991.463947273064,4005.566804489186,4025.059900988541,4052.2189835421304,4089.1601247270005,4146.08787165521,,4325.412369383105,,,,5295.803781294028,
2022-05-26,,,,,,4055.75,4058.5,4069.0,4087.75,4108.0,4126.0,4143.0,4163.0,4186.0,,4221.0,,,,4295.0,,4057.840087890625,0.0103409,0.0139709,0.0175699,0.0226055,0.01663978841642713,,,0.06027397260273973,0.3095890410958904,0.5589041095890411,0.8082191780821918,1.0575342465753426,1.3068493150684932,1.5561643835616439,1.8054794520547945,2.073972602739726,,2.5726027397260274,,,,3.56986301369863,,,,0.0098,0.015,0.0182,0.0208,0.0231,0.0256,0.0283,0.0317,0.0363,,0.0488,,,,0.0968,,,,4056.1675425734425,4055.7806054707553,4061.3801028495927,4071.506982048885,4085.657740699215,4105.635246430256,4132.142509806067,4169.690183608009,4226.717022811387,,4407.846650883951,,,,5402.2298768884075,
2022-05-27,,,,,,4155.75,4158.5,4169.5,4188.75,4209.0,4227.0,4244.0,4264.0,4287.0,,4322.0,,,,4396.0,,4158.240234375,0.0104505,0.013995,0.0175488,0.0224755,0.01600564635729904,,,0.057534246575342465,0.30684931506849317,0.5561643835616439,0.8054794520547945,1.0547945205479452,1.3041095890410959,1.5534246575342465,1.8027397260273972,2.0712328767123287,,2.56986301369863,,,,3.5671232876712327,,,,0.0099,0.015,0.0182,0.0207,0.023,0.0253,0.028,0.0314,0.0361,,0.0489,,,,0.0991,,,,4156.779768631885,4156.957274678958,4163.318137458455,4173.993158555212,4189.031535430093,4208.9483563613685,4236.444215131569,4275.2559718827615,4334.958556992644,,4525.037873620253,,,,5592.910245963205,
2022-05-31,,,,,,4131.25,4134.5,4145.5,4165.5,4188.75,4209.0,4231.0,4251.0,4274.0,,4314.0,,,,4393.0,,4132.14990234375,0.0108077,0.014048,0.0176185,0.0225836,0.01626746660730699,,,0.04657534246575343,0.2958904109589041,0.5452054794520548,0.7945205479452054,1.0438356164383562,1.2931506849315069,1.5424657534246575,1.7917808219178082,2.0602739726027397,,2.558904109589041,,,,3.5561643835616437,,,,0.0101,0.0148,0.0181,0.0207,0.023,0.0253,0.0281,0.0316,0.0368,,0.0514,,,,0.1112,,,,4130.963105022773,4130.356073914145,4136.280426331398,4146.727910131076,4161.291517977012,4180.69815677411,4208.259351648993,4247.24428151783,4310.700729446168,,4520.843597645677,,,,5791.512727994881,
2022-06-01,,,,,,4099.0,4101.75,4113.25,4134.0,4158.0,4178.0,4200.0,4225.0,4253.0,,4288.0,,,,4367.0,,4101.22998046875,0.010879,0.0143288,0.0181233,0.0234247,0.01628630782898932,,,0.043835616438356165,0.29315068493150687,0.5424657534246575,0.7917808219178082,1.0410958904109588,1.2904109589041095,1.5397260273972602,1.789041095890411,2.0575342465753423,,2.5561643835616437,,,,3.5534246575342467,,,,0.01,0.0151,0.0186,0.0214,0.0238,0.0263,0.0292,0.033,0.0384,,0.0538,,,,0.1161,,,,4100.099984097503,4099.803956192929,4106.380660789469,4117.869209214833,4133.437552741803,4154.569039849561,4183.593105451685,4225.714699359457,4292.144978262312,,4513.974764034695,,,,5847.225989066237,
2022-06-02,,,,,,4175.25,4178.0,4189.75,4211.0,4232.0,4255.0,4277.0,4302.0,4325.0,,4365.0,,,,4444.0,,4176.81982421875,0.0112606,0.0146018,0.0185159,0.0240023,0.01576657721801098,,,0.0410958904109589,0.29041095890410956,0.5397260273972603,0.7890410958904109,1.0383561643835617,1.2876712328767124,1.536986301369863,1.7863013698630137,2.0547945205479454,,2.5534246575342467,,,,3.5506849315068494,,,,0.0104,0.0153,0.019,0.0219,0.0244,0.0269,0.03,0.034,0.0399,,0.0569,,,,0.1274,,,,4175.898752115219,4176.25390707748,4184.115417411431,4197.082629899413,4214.431543094476,4237.130781124383,4269.201149065429,4315.100164954996,4389.166625231682,,4639.3823602033235,,,,6208.536882463081,
2022-06-03,,,,,,4107.0,4109.5,4121.25,4142.25,4165.0,4186.0,4209.0,4235.0,4257.0,,4297.0,,,,4374.0,,4108.5400390625,0.0114262,0.0147229,0.0187069,0.0243215,0.01597866246054059,,,0.038356164383561646,0.2876712328767123,0.536986301369863,0.7863013698630137,1.0356164383561643,1.284931506849315,1.5342465753424657,1.7835616438356163,2.052054794520548,,2.5506849315068494,,,,3.547945205479452,,,,0.0105,0.0154,0.0192,0.0221,0.0247,0.0273,0.0304,0.0345,0.0406,,0.0584,,,,0.1323,,,,4107.676759203259,4107.856169742256,4115.653200128501,4128.362997918242,4145.816295927011,4168.744398808849,4200.458271061276,4246.527928272108,4321.454681952757,,4578.041150309737,,,,6207.569755190468,
2022-06-06,,,,,,4120.5,4123.0,4135.0,4156.25,4179.0,4200.0,4228.0,4249.0,4276.0,,4321.0,,,,4403.0,,4121.43017578125,0.0115813,0.014811,0.0187802,0.0244669,0.01617275068396993,,,0.030136986301369864,0.27945205479452057,0.5287671232876713,0.7780821917808219,1.0273972602739727,1.2767123287671234,1.526027397260274,1.7753424657534247,2.043835616438356,,2.5424657534246577,,,,3.5397260273972604,,,,0.0105,0.0153,0.0192,0.0222,0.0247,0.0274,0.0305,0.0346,0.0406,,0.0579,,,,0.1297,,,,4120.725637912658,4120.425114616545,4128.032672847991,4140.803820484257,4157.6961291580155,4180.932052676176,4212.5324889257745,4258.491167064695,4332.416698635495,,4582.709126282226,,,,6159.8695008403065,
2022-06-07,,,,,,4158.75,4161.0,4173.5,4195.0,4217.25,4238.0,4266.0,4287.0,4314.0,,4359.0,,,,4441.0,,4160.68017578125,0.0118396,0.0149627,0.0189586,0.0247775,0.01605139822179672,,,0.0273972602739726,0.27671232876712326,0.5260273972602739,0.7753424657534247,1.0246575342465754,1.273972602739726,1.5232876712328767,1.7726027397260273,2.041095890410959,,2.5397260273972604,,,,3.536986301369863,,,,0.0108,0.0154,0.0193,0.0224,0.025,0.0277,0.0309,0.0351,0.0412,,0.0588,,,,0.1318,,,,4160.081605458693,4159.93028110322,4167.796247250903,4181.2109488287115,4199.005942565074,4222.885086450109,4255.861702190191,4303.566805014478,4379.827203877103,,4637.837962422961,,,,6265.634020293326,
2022-06-08,,,,,,4114.0,4116.0,4128.0,4150.5,4172.0,4193.0,4221.0,4242.0,4269.0,,4314.0,,,,4396.0,,4115.77001953125,0.0119944,0.015158,0.0191077,0.0247813,0.01629079418565307,,,0.024657534246575342,0.273972602739726,0.5232876712328767,0.7726027397260274,1.021917808219178,1.2712328767123289,1.5205479452054795,1.7698630136986302,2.0383561643835617,,2.536986301369863,,,,3.5342465753424657,,,,0.0109,0.0156,0.0194,0.0224,0.025,0.0276,0.0307,0.0348,0.0408,,0.0582,,,,0.1303,,,,4115.222972542365,4114.991148032472,4122.471865186381,4135.2423277571215,4152.564246619598,4175.368324722712,4206.941209041255,4252.830241378158,4326.610462806549,,4577.481805146816,,,,6158.064889440842,
2022-06-09,,,,,,4016.25,4017.5,4029.25,4050.75,4073.0,4094.0,4122.0,4143.0,4170.0,,4215.0,,,,4297.0,,4017.820068359375,0.012439,0.0154112,0.0193506,0.0250923,0.01658313697296119,,,0.021917808219178082,0.27123287671232876,0.5205479452054794,0.7698630136986301,1.0191780821917809,1.2684931506849315,1.5178082191780822,1.7671232876712328,2.0356164383561643,,2.5342465753424657,,,,3.5315068493150683,,,,0.0113,0.0158,0.0196,0.0227,0.0253,0.0279,0.0311,0.0352,0.0414,,0.0593,,,,0.1341,,,,4017.3548526918444,4016.966723811797,4024.134697801105,4036.785191817024,4053.6735514524717,4075.9133120349834,4107.330475004074,4152.1977658441865,4226.004983000194,,4477.185210932073,,,,6084.539773845922,
2022-06-10,,,,,,3899.0,3900.5,3913.0,3936.25,3960.5,3982.0,4010.0,4041.0,4068.0,,4123.0,,,,4215.0,,3900.860107421875,0.012577,0.0155469,0.0195957,0.0255477,0.01711458194054887,,,0.019178082191780823,0.2684931506849315,0.5178082191780822,0.7671232876712328,1.0164383561643835,1.2657534246575342,1.515068493150685,1.7643835616438357,2.032876712328767,,2.5315068493150683,,,,3.5287671232876714,,,,0.0114,0.0159,0.0199,0.023,0.0257,0.0285,0.0317,0.036,0.0423,,0.0609,,,,0.1386,,,,3900.432617168032,3899.5882172975134,3906.490425551748,3918.511688609188,3935.050114648158,3957.4829365299856,3988.0204363447906,4033.0309512658314,4105.7807473071425,,4358.117311878646,,,,5988.798564028195,
2022-06-13,,,,,,3750.5,3753.5,3766.5,3791.0,3816.5,3842.0,3870.0,3901.0,3928.0,,3983.0,,,,4075.0,,3749.6298828125,0.0127865,0.0159718,0.0205421,0.0270909,0.01807239732803713,,,0.010958904109589041,0.2602739726027397,0.5095890410958904,0.7589041095890411,1.0082191780821919,1.2575342465753425,1.5068493150684932,1.7561643835616438,2.0246575342465754,,2.5232876712328767,,,,3.5205479452054793,,,,0.0114,0.0162,0.0207,0.0243,0.0272,0.0301,0.0338,0.0387,0.0462,,0.0689,,,,0.1666,,,,3749.3557117910086,3747.8029972832815,3754.6539908324057,3767.393151209648,3784.29558004426,3806.774563971807,3839.5541938504743,3887.952223489142,3969.364077444854,,4262.730001180754,,,,6325.28873635192,
2022-06-14,,,,,,3736.75,3740.25,3755.25,3781.0,3807.25,3832.0,3860.0,3891.0,3918.0,,3973.0,,,,4065.0,,3735.47998046875,0.0133382,0.0167598,0.0219657,0.0294698,0.0175489637330292,,,0.00821917808219178,0.25753424657534246,0.5068493150684932,0.7561643835616438,1.0054794520547945,1.2547945205479452,1.5041095890410958,1.7534246575342465,2.021917808219178,,2.5205479452054793,,,,3.5178082191780824,,,,0.0118,0.0169,0.0221,0.0262,0.0295,0.0329,0.0371,0.0428,0.0515,,0.0783,,,,0.1943,,,,3735.303476647609,3734.855720425432,3744.1065188941434,3759.9961168972873,3780.638234756396,3808.1317530572856,3846.9599779817167,3904.587362811587,4000.9127556084945,,4353.596211238476,,,,6956.33369282839,
2022-06-15,,,,,,3789.25,3793.5,3808.25,3832.0,3857.25,3882.0,3910.0,3936.0,3968.0,,4013.0,,,,4095.0,,3789.989990234375,0.0147739,0.0188594,0.0245756,0.0318484,0.01733403898385171,,,0.005479452054794521,0.2547945205479452,0.5041095890410959,0.7534246575342466,1.0027397260273974,1.252054794520548,1.5013698630136987,1.7506849315068493,2.0191780821917806,,2.5178082191780824,,,,3.515068493150685,,,,0.0129,0.019,0.0247,0.0288,0.0319,0.035,0.0391,0.0454,0.0555,,0.0882,,,,0.2362,,,,3789.897909361941,3791.5990981049144,3804.0893375680757,3822.8725472398064,3845.7523201288786,3874.7538150295663,3915.8880479873496,3980.8606236997707,4093.6101171508053,,4530.309579920381,,,,8180.000582155005,
2022-06-16,,,,,,3668.25,3671.25,3685.5,3708.25,3732.0,3759.0,3787.0,3813.0,3845.0,3870.0,3885.0,,,,3967.0,,3666.77001953125,0.0150914,0.019436,0.0252905,0.0320864,0.01779724648354358,,,0.0027397260273972603,0.25205479452054796,0.5013698630136987,0.7506849315068493,1.0,1.2493150684931507,1.4986301369863013,1.747945205479452,2.0164383561643837,2.265753424657534,2.515068493150685,,,,3.5123287671232877,,,,0.013,0.0195,0.0253,0.0293,0.0321,0.0349,0.0389,0.0452,0.056,0.071,0.092,,,,0.2593,,,,3666.721826972384,3668.344088004759,3680.589116524996,3698.5694679792264,3719.591775127092,3745.959897549637,3784.5855893425837,3846.6770915016546,3960.3985667843754,4136.522635862399,4419.100543131316,,,,8563.836160821107,
2022-06-17,,,,,,3663.76,3675.75,3690.75,3713.5,3738.0,3761.0,3784.0,3808.0,3837.0,3857.0,3876.0,,,,3961.0,,3674.840087890625,0.0150684,0.0193428,0.0251372,0.0316594,0.01780279903226819,,,0.0,0.2493150684931507,0.4986301369863014,0.7479452054794521,0.9972602739726028,1.2465753424657535,1.4958904109589042,1.7452054794520548,2.0136986301369864,2.263013698630137,2.5123287671232877,,,,3.5095890410958903,,,,0.0129,0.0193,0.0251,0.029,0.0316,0.0343,0.0381,0.0444,0.0553,0.0705,0.092,,,,0.2645,,,,3674.840087890625,3676.212068996182,3688.23573284952,3705.745714620124,3725.753147474992,3751.1956237466525,3788.1281547231524,3849.4381365295976,3963.064859913344,4140.282846393325,4427.864353856857,,,,8734.803181863012,
2022-06-21,,,,,,,3767.75,3783.25,3807.5,3830.5,3855.0,3879.0,3903.0,3932.0,3952.0,3971.0,,,,4056.0,,3764.7900390625,0.014985,0.0195728,0.0253576,0.0313485,0.01778091458429091,,,,0.23835616438356164,0.4876712328767123,0.736986301369863,0.9863013698630136,1.2356164383561643,1.484931506849315,1.7342465753424658,2.0027397260273974,2.252054794520548,2.5013698630136987,,,,3.4986301369863013,,,,,0.0193,0.0251,0.0289,0.0312,0.0335,0.0371,0.0431,0.0538,0.0691,0.0909,,,,0.2681,,,,,3766.1534537587045,3778.251742225902,3795.7677908531305,3814.949225629192,3838.627395132324,3874.35660576195,3933.783283426863,4046.4054606335694,4226.040427573997,4520.352465286246,,,,9038.253775136423,
2022-06-22,,,,,,,3762.75,3778.0,3801.5,3824.5,3843.0,3863.0,3887.0,3911.0,3931.0,3950.0,,,,4030.0,,3759.889892578125,0.0150502,0.0200434,0.025807,0.0316796,0.01788092766805473,,,,0.2356164383561644,0.4849315068493151,0.7342465753424657,0.9835616438356164,1.2328767123287672,1.4821917808219178,1.7315068493150685,2.0,2.249315068493151,2.4986301369863013,,,,3.495890410958904,,,,,0.0196,0.0255,0.0292,0.0315,0.0338,0.0372,0.043,0.0531,0.0676,0.0881,,,,0.2545,,,,,3761.413113235633,3773.807358688757,3791.2685133231093,3810.593191224869,3834.4113413317523,3869.1089819381164,3927.030407976547,4034.279881432455,4204.78655224642,4480.977270633419,,,,8598.467752739165,
2022-06-23,,,,,,,3799.75,3815.0,3837.5,3860.5,3879.0,3899.0,3923.0,3947.0,3967.0,3981.0,,,,4051.0,,3795.72998046875,0.0149738,0.0201322,0.0256366,0.0308986,0.0177243267747984,,,,0.2328767123287671,0.4821917808219178,0.7315068493150685,0.9808219178082191,1.2301369863013698,1.4794520547945205,1.7287671232876711,1.9972602739726026,2.2465753424657535,2.495890410958904,,,,3.493150684931507,,,,,0.0196,0.0253,0.0287,0.0308,0.0328,0.0358,0.0411,0.0506,0.0641,0.0834,,,,0.2411,,,,,3797.388319810586,3809.6208621227565,3826.327728886383,3844.7233602857627,3866.7791084675655,3898.605158376326,3952.2610818560443,4053.326985058995,4212.5290404402285,4471.822432716949,,,,8282.638950882854,
2022-06-24,,,,,,,3916.25,3931.5,3955.25,3977.5,3999.0,4019.0,4040.0,4064.0,4084.0,4098.0,,,,4178.0,,3911.739990234375,0.0148646,0.0200923,0.0253885,0.0299233,0.01727424263447455,,,,0.23013698630136986,0.4794520547945205,0.7287671232876712,0.9780821917808219,1.2273972602739727,1.4767123287671233,1.726027397260274,1.9945205479452055,2.243835616438356,2.493150684931507,,,,3.4904109589041097,,,,,0.0195,0.0251,0.0281,0.0298,0.0314,0.0341,0.0391,0.0483,0.0617,0.0811,,,,0.241,,,,,3913.7442105251916,3926.444703160501,3942.723551990953,3959.958342013399,3980.1527628660924,4010.151770640158,4061.9133881986295,4161.450934859137,4321.775797220486,4586.464730061796,,,,8540.99166085715,
2022-06-27,,,,,,,3903.75,3919.5,3943.0,3966.25,3987.0,4007.0,4028.0,4052.0,4072.0,4086.0,,,,4166.0,,3900.110107421875,0.0151829,0.0202963,0.0255329,0.0302907,0.01754943148554431,,,,0.2219178082191781,0.4712328767123288,0.7205479452054795,0.9698630136986301,1.2191780821917808,1.4684931506849315,1.7178082191780821,1.9863013698630136,2.2356164383561645,2.484931506849315,,,,3.4821917808219176,,,,,0.0195,0.0251,0.0282,0.0301,0.0318,0.0346,0.0394,0.0482,0.0609,0.0791,,,,0.2292,,,,,3901.798697492864,3914.011712886947,3930.1556498932964,3947.8736503923856,3968.462603620239,3998.9963953966935,4049.283174883204,4144.930625920433,4297.012565303565,4544.663704012687,,,,8149.957035300989,
2022-06-28,,,,,,,3825.5,3840.75,3863.25,3887.25,3913.0,3938.0,3959.0,3983.0,4003.0,4022.0,,,,4102.0,,3821.550048828125,0.0152532,0.0205444,0.0257838,0.0306404,0.01801186323942372,,,,0.2191780821917808,0.4684931506849315,0.7178082191780822,0.9671232876712329,1.2164383561643837,1.4657534246575343,1.715068493150685,1.9835616438356165,2.232876712328767,2.4821917808219176,,,,3.4794520547945207,,,,,0.0197,0.0253,0.0284,0.0304,0.0322,0.035,0.0397,0.0481,0.0602,0.0775,,,,0.2191,,,,,3822.9642938178613,3834.620812391227,3850.1526705760143,3867.610860950013,3888.078613898653,3917.9028832805297,3966.3756860197777,4056.5699891004783,4199.044588019561,4429.634506083811,,,,7693.167851008785,
2022-06-29,,,,,,,3821.25,3836.5,3859.75,3882.25,3903.0,3923.0,3939.0,3963.0,3983.0,4002.0,,,,4082.0,,3818.830078125,0.0159852,0.0207743,0.0259216,0.0307692,0.01788941094278224,,,,0.21643835616438356,0.4657534246575342,0.7150684931506849,0.9643835616438357,1.2136986301369863,1.463013698630137,1.7123287671232876,1.9808219178082191,2.23013698630137,2.4794520547945207,,,,3.4767123287671233,,,,,0.0199,0.0254,0.0286,0.0305,0.0323,0.0351,0.0399,0.0486,0.0611,0.0791,,,,0.2276,,,,,3820.492274668961,3832.21205305749,3848.190039766073,3865.556121478611,3886.2093626563556,3916.206442564671,3965.5060581879643,4058.3493274694533,4205.148661450907,4444.702040687226,,,,7917.278348393011,
2022-06-30,,,,,,,3789.5,3804.0,3825.75,3848.25,3869.0,3889.0,3905.0,3919.0,3939.0,3958.0,,,,4028.0,,3785.3798828125,0.0168597,0.0211654,0.0263063,0.0310883,0.01777555018049545,,,,0.2136986301369863,0.46301369863013697,0.7123287671232876,0.9616438356164384,1.210958904109589,1.4602739726027398,1.7095890410958905,1.978082191780822,2.2273972602739724,2.4767123287671233,,,,3.473972602739726,,,,,0.0203,0.0257,0.029,0.0308,0.0325,0.0353,0.0403,0.0496,0.0632,0.0829,,,,0.2467,,,,,3787.4225381834763,3799.2944407796435,3815.767200988662,3833.0894735218053,3853.4812125934022,3883.4997525097847,3933.988511928647,4031.335153325859,4188.424053378255,4447.938698162796,,,,8384.824912029928,
2022-07-01,,,,,,,3827.25,3841.25,3862.75,3885.25,3901.0,3921.0,3937.0,3951.0,3966.0,3985.0,,,,4050.0,,3825.330078125,0.0172789,0.0210954,0.0259685,0.0302622,0.01767251790173628,,,,0.21095890410958903,0.4602739726027397,0.7095890410958904,0.958904109589041,1.2082191780821918,1.4575342465753425,1.7068493150684931,1.9753424657534246,2.2246575342465755,2.473972602739726,,,,3.4712328767123286,,,,,0.0202,0.0253,0.0284,0.0301,0.0315,0.0339,0.0388,0.0481,0.062,0.0822,,,,0.2523,,,,,3827.370268297117,3838.783386534641,3854.5599969475707,3871.188330861391,3889.7752808616074,3916.8856828487233,3965.794394964014,4062.300570061979,4221.785849074446,4487.447171264024,,,,8637.311696225059,
2022-07-05,,,,,,,3834.0,3847.75,3869.0,3889.0,3906.0,3924.0,3940.0,3956.0,3968.0,3988.0,,,,4045.0,,3831.389892578125,0.0173014,0.0210667,0.0256338,0.0291374,0.01767956931293974,,,,0.2,0.44931506849315067,0.6986301369863014,0.947945205479452,1.1972602739726028,1.4465753424657535,1.6958904109589041,1.9643835616438357,2.213698630136986,2.463013698630137,,,,3.4602739726027396,,,,,0.02,0.0249,0.0277,0.029,0.0299,0.032,0.0363,0.0451,0.0584,0.0781,,,,0.246,,,,,3833.1684001727303,3843.8400575504616,3858.305928289019,3872.726502492034,3887.859191594106,3911.5871624062634,3954.3088933962167,4043.424077276981,4192.806820520742,4446.174137729169,,,,8442.503411095187,
2022-07-06,,,,,,,3848.25,3862.75,3885.5,3907.0,3926.0,3946.0,3963.0,3982.0,3996.0,4014.0,,,,4071.0,,3845.080078125,0.0174872,0.0216599,0.0259714,0.0292959,0.01768026474379222,,,,0.19726027397260273,0.4465753424657534,0.6958904109589041,0.9452054794520548,1.1945205479452055,1.4438356164383561,1.6931506849315068,1.9616438356164383,2.210958904109589,2.4602739726027396,,,,3.4575342465753423,,,,,0.0204,0.0253,0.0278,0.0291,0.0301,0.032,0.0358,0.0432,0.0544,0.0709,,,,0.2106,,,,,3847.143500595958,3858.1863485978906,3872.253572468683,3886.808662350253,3902.549502969719,3925.405951744058,3964.8731869517637,4042.466642171388,4170.267802294939,4382.983070012282,,,,7491.889390486474,
2022-07-07,,,,,,,3905.0,3920.0,3943.75,3966.5,3986.0,4006.5,4026.5,4048.5,4061.5,4078.5,,,,4151.5,,3902.6201171875,0.0182433,0.0219299,0.0262758,0.0296418,0.01727869247189309,,,,0.19452054794520549,0.4438356164383562,0.6931506849315069,0.9424657534246575,1.1917808219178083,1.441095890410959,1.6904109589041096,1.9589041095890412,2.208219178082192,2.4575342465753423,,,,3.4547945205479453,,,,,0.0207,0.0255,0.0282,0.0294,0.0304,0.0323,0.0363,0.0444,0.0567,0.0748,,,,0.2299,,,,,3905.218232358416,3916.8864356466047,3932.2754933980123,3947.4589563444165,3964.1278754893924,3988.02171443955,4030.143483537841,4115.565271630722,4257.571978908518,4495.193593555206,,,,8135.287496069333,
2022-07-08,,,,,,,3901.25,3917.25,3942.0,3964.5,3986.5,4008.5,4028.5,4051.5,4069.5,4086.5,,,,4163.5,,3899.3798828125,0.0186838,0.0224202,0.0270169,0.0307535,0.0172137746516344,,,,0.1917808219178082,0.4410958904109589,0.6904109589041096,0.9397260273972603,1.189041095890411,1.4383561643835616,1.6876712328767123,1.9561643835616438,2.2054794520547945,2.4547945205479453,,,,3.452054794520548,,,,,0.0211,0.0261,0.0291,0.0305,0.0316,0.0337,0.038,0.0465,0.0595,0.0786,,,,0.2415,,,,,3902.287187531318,3914.6941882965352,3931.511337979129,3948.3704435338027,3966.6557099177726,3992.9511733441445,4038.5990040165534,4129.293004803397,4280.539004078225,4533.562733213241,,,,8457.60363860338,
2022-07-11,,,,,,,3856.75,3872.25,3895.25,3917.0,3938.0,3960.0,3980.0,3997.0,4011.0,4028.0,,,,4105.0,,3854.429931640625,0.0192599,0.02276,0.0275053,0.0315337,0.01770735673841493,,,,0.18356164383561643,0.4328767123287671,0.6821917808219178,0.9315068493150684,1.180821917808219,1.4301369863013698,1.6794520547945206,1.9479452054794522,2.197260273972603,2.4465753424657533,,,,3.4438356164383563,,,,,0.0214,0.0264,0.0297,0.0312,0.0324,0.0346,0.0391,0.0481,0.0617,0.0818,,,,0.2537,,,,,3857.0434565492365,3868.960867366203,3886.093459943095,3903.180009888595,3921.885423758292,3948.6822369360593,3995.429317338503,4089.514758851553,4245.61381214661,4508.79799962852,,,,8688.00195754199,
2022-07-12,,,,,,,3823.75,3838.75,3861.25,3879.0,3894.0,3911.0,3931.0,3953.0,3967.0,3984.0,,,,4056.0,,3818.800048828125,0.0194393,0.0229823,0.02769,0.0311565,0.0179378253055923,,,,0.18082191780821918,0.4301369863013699,0.6794520547945205,0.9287671232876712,1.178082191780822,1.4273972602739726,1.6767123287671233,1.9452054794520548,2.1945205479452055,2.4438356164383563,,,,3.441095890410959,,,,,0.0215,0.0266,0.0297,0.0309,0.0318,0.0337,0.0381,0.0472,0.0615,0.0827,,,,0.2666,,,,,3821.260603849309,3833.05513905003,3849.4415417713067,3865.0518284170275,3881.676046363072,3905.6926194581074,3950.1060111268753,4042.4752600367847,4201.889635857329,4473.648786783738,,,,8985.45031373352,
2022-07-13,,,,,,,3804.5,3822.5,3846.5,3865.0,3880.0,3897.0,3917.0,3939.0,3953.0,3970.0,,,,4042.0,,3801.780029296875,0.0195858,0.0232787,0.0277251,0.0308889,0.01809621282206178,,,,0.1780821917808219,0.4273972602739726,0.6767123287671233,0.9260273972602739,1.1753424657534246,1.4246575342465753,1.673972602739726,1.9424657534246574,2.191780821917808,2.441095890410959,,,,3.4383561643835616,,,,,0.0217,0.0266,0.0295,0.0307,0.0315,0.0332,0.0371,0.0454,0.0583,0.0775,,,,0.2441,,,,,3804.220681965862,3815.6227214660385,3831.232178950409,3846.4122782418312,3862.147693744732,3884.4721661288277,3924.665814866438,4008.8565753297803,4151.988082355688,4395.0535992590185,,,,8269.308587418715,
2022-07-14,,,,,,,3793.25,3810.25,3833.25,3855.5,3872.0,3889.0,3909.0,3928.0,3942.0,3959.0,,,,4031.0,,3790.3798828125,0.0210097,0.0248082,0.029603,0.0325391,0.01793940113222524,,,,0.17534246575342466,0.4246575342465753,0.673972602739726,0.9232876712328767,1.1726027397260275,1.4219178082191781,1.6712328767123288,1.9397260273972603,2.1890410958904107,2.4383561643835616,,,,3.4356164383561643,,,,,0.0231,0.0284,0.0314,0.0324,0.0329,0.0345,0.0388,0.0483,0.0633,0.0859,,,,0.2843,,,,,3793.811244168978,3807.2548556771426,3824.922944538,3841.3256933226544,3857.4605802874985,3880.694208891245,3924.8540493308683,4020.3038760633285,4186.070484609423,4473.532621696602,,,,9464.794747478625,
2022-07-15,,,,,,,3865.0,3881.75,3905.75,3927.75,3947.0,3966.0,3986.0,4005.0,4024.0,4041.0,,,,4113.0,,3863.159912109375,0.0216253,0.025532,0.0303161,0.0331931,0.01771916238249414,,,,0.1726027397260274,0.42191780821917807,0.6712328767123288,0.9205479452054794,1.16986301369863,1.4191780821917808,1.6684931506849314,1.936986301369863,2.186301369863014,2.4356164383561643,,,,3.4328767123287673,,,,,0.0237,0.0291,0.0321,0.0331,0.0335,0.0351,0.0393,0.0486,0.0633,0.0856,,,,0.2812,,,,,3867.149945814731,3881.7545565800697,3900.6311355295957,3918.2466756575504,3935.1417217603325,3959.6355272563087,4004.7972635912643,4101.288686489566,4267.972654777679,4557.695680654407,,,,9544.668346471157,
2022-07-18,,,,,,,3833.75,3850.25,3874.5,3895.0,3915.0,3934.0,3954.0,3973.0,3992.0,4009.0,,,,4081.0,,3830.85009765625,0.0214505,0.024773,0.0293026,0.0322498,0.01823377211362423,,,,0.1643835616438356,0.4136986301369863,0.663013698630137,0.9123287671232877,1.1616438356164382,1.4109589041095891,1.6602739726027398,1.9287671232876713,2.1780821917808217,2.4273972602739726,,,,3.4246575342465753,,,,,0.0231,0.0279,0.031,0.0321,0.0326,0.0341,0.0382,0.0471,0.0612,0.0825,,,,0.2703,,,,,3833.9157273996634,3846.199975064246,3863.4127312941373,3879.6203261745445,3895.3174434337398,3917.5769265053777,3959.9687929494266,4050.186654133308,4206.667270485586,4477.596476491639,,,,9082.297984950921,
2022-07-19,,,,,,,3937.5,3955.0,3980.5,4001.0,4021.0,4045.0,4070.0,4089.0,4108.0,4125.0,,,,4202.0,,3936.68994140625,0.0215338,0.0247345,0.0293122,0.0321914,0.01782376252918765,,,,0.16164383561643836,0.410958904109589,0.6602739726027397,0.9095890410958904,1.158904109589041,1.4082191780821918,1.6575342465753424,1.926027397260274,2.175342465753425,2.4246575342465753,,,,3.421917808219178,,,,,0.023,0.0279,0.031,0.032,0.0325,0.034,0.038,0.0472,0.0619,0.0841,,,,0.2806,,,,,3939.9851753403054,3953.0252558527905,3971.0882696780122,3987.780474489741,4004.219202117885,4027.395711600096,4070.570079808644,4165.847315475093,4332.831112323977,4622.970354363107,,,,9674.939062033121,
2022-07-20,,,,,,,3962.5,3980.0,4005.25,4028.75,4047.0,4074.0,4096.0,4115.0,4134.0,4151.0,,,,4228.0,,3959.89990234375,0.0218011,0.0250633,0.0294495,0.0323078,0.01779045714981456,,,,0.1589041095890411,0.40821917808219177,0.6575342465753424,0.9068493150684932,1.1561643835616437,1.4054794520547946,1.6547945205479453,1.9232876712328768,2.1726027397260275,2.421917808219178,,,,3.419178082191781,,,,,0.0233,0.028,0.0311,0.0321,0.0326,0.0341,0.0379,0.0463,0.0598,0.0801,,,,0.2596,,,,,3963.3682691897,3976.4381402054,3994.706972595286,4011.620790819599,4028.2861547922857,4051.7199707818904,4093.891190463478,4183.092477017561,4338.327024852566,4604.92940360975,,,,9052.207374352529,
2022-07-21,,,,,,,4001.25,4018.75,4044.0,4066.75,4088.0,4112.0,4134.0,4153.0,4172.0,4189.0,,,,4266.0,,3998.949951171875,0.0225742,0.0254092,0.0297621,0.0325873,0.01746989771681166,,,,0.15616438356164383,0.4054794520547945,0.6547945205479452,0.9041095890410958,1.1534246575342466,1.4027397260273973,1.652054794520548,1.9205479452054794,2.16986301369863,2.419178082191781,,,,3.4164383561643836,,,,,0.0238,0.0283,0.0314,0.0324,0.0329,0.0343,0.0382,0.047,0.061,0.0824,,,,0.2715,,,,,4002.9050137838467,4016.5494906469285,4035.5926533749202,4053.295537068693,4070.75821164735,4094.481401955718,4138.275186129105,4232.300893861198,4395.081933409242,4679.116428464542,,,,9524.905498165872,
2022-07-22,,,,,,,3965.0,3981.75,4006.0,4027.5,4050.0,4069.0,4086.0,4105.0,4119.0,4136.0,,,,4208.0,,3961.6298828125,0.0228461,0.0255878,0.0297918,0.0323502,0.01770278815345416,,,,0.15342465753424658,0.40273972602739727,0.6520547945205479,0.9013698630136986,1.1506849315068493,1.4,1.6493150684931508,1.917808219178082,2.1671232876712327,2.4164383561643836,,,,3.4136986301369863,,,,,0.024,0.0283,0.0313,0.0322,0.0326,0.0338,0.0375,0.0461,0.0598,0.0808,,,,0.2678,,,,,3965.4592514706287,3978.573927252081,3996.9103666978226,4013.7375999049837,4030.1255299722743,4051.9231640926373,4093.119392337302,4183.364944928439,4340.047858238307,4614.142529944748,,,,9303.69875458684,
2022-07-25,,,,,,,3970.0,3987.0,4011.25,4033.25,4056.0,4075.0,4092.0,4111.0,4125.0,4142.0,,,,4214.0,,3966.840087890625,0.0228609,0.0252905,0.0289335,0.0306126,0.01802798808342212,,,,0.14520547945205478,0.39452054794520547,0.6438356164383562,0.8931506849315068,1.1424657534246576,1.3917808219178083,1.641095890410959,1.9095890410958904,2.158904109589041,2.408219178082192,,,,3.4054794520547946,,,,,0.0237,0.0275,0.0301,0.0307,0.0306,0.0313,0.0344,0.0419,0.0544,0.0737,,,,0.2483,,,,,3970.108551767603,3981.691517726633,3997.792050580664,4011.9918803342657,4024.227323785876,4040.7954323309227,4074.8660362152687,4151.856412252637,4290.887191613469,4535.975825381943,,,,8689.85657984118,
2022-07-26,,,,,,,3923.25,3939.75,3963.25,3985.25,4008.0,4027.0,4044.0,4063.0,4077.0,4094.0,,,,4166.0,,3921.050048828125,0.0232179,0.0256363,0.0294255,0.0312454,0.01834236614394417,,,,0.14246575342465753,0.3917808219178082,0.6410958904109589,0.8904109589041096,1.1397260273972603,1.389041095890411,1.6383561643835616,1.906849315068493,2.1561643835616437,2.4054794520547946,,,,3.4027397260273973,,,,,0.024,0.0279,0.0307,0.0313,0.0312,0.032,0.0352,0.0431,0.0561,0.0762,,,,0.2581,,,,,3924.2117639717058,3935.7599348918225,3952.237664323296,3966.551616232579,3978.9328988786124,3996.1464218891892,4030.854127766163,4110.5981972437085,4253.623265769949,4506.563262247828,,,,8865.721404053567,
2022-07-27,,,,,,,4024.5,4041.25,4065.25,4086.0,4108.0,4127.0,4144.0,4163.0,4177.0,4194.0,,,,4266.0,,4023.610107421875,0.0232696,0.0257674,0.0294023,0.0311928,0.01799680944051391,,,,0.13972602739726028,0.38904109589041097,0.6383561643835617,0.8876712328767123,1.1369863013698631,1.3863013698630138,1.6356164383561644,1.904109589041096,2.1534246575342464,2.4027397260273973,,,,3.4,,,,,0.0241,0.0279,0.0306,0.0312,0.0312,0.032,0.035,0.0422,0.0543,0.0728,,,,0.2407,,,,,4027.042803256243,4039.1419646050886,4056.11192445101,4071.0446152712684,4084.4675745497343,4102.482090913041,4137.080038542435,4213.379526417934,4350.782534922127,4589.895878441171,,,,8579.45493602066,
2022-07-28,,,,,,,4073.5,4090.0,4114.0,4134.75,4157.0,4176.0,4193.0,4212.0,4226.0,4243.0,,,,4305.0,,4072.429931640625,0.0230739,0.0257505,0.0294486,0.0313605,0.01746272398835509,,,,0.136986301369863,0.3863013698630137,0.6356164383561644,0.8849315068493151,1.1342465753424658,1.3835616438356164,1.632876712328767,1.9013698630136986,2.1506849315068495,2.4,,,,3.3972602739726026,,,,,0.0239,0.0279,0.0306,0.0313,0.0314,0.0322,0.0352,0.0423,0.0541,0.0723,,,,0.2364,,,,,4076.022660065391,4088.8828466749396,4106.578190522254,4122.603567410984,4137.31970402429,4156.3188301629025,4192.103518618745,4269.363292045749,4406.298935963198,4645.269168192133,,,,8567.935168262376,
2022-07-29,,,,,,,4133.5,4150.5,4175.0,4197.5,4218.0,4237.0,4254.0,4273.0,4287.0,4304.0,,,,4366.0,,4130.2900390625,0.0228471,0.0254334,0.0286837,0.0300637,0.01718554595788768,,,,0.13424657534246576,0.3835616438356164,0.6328767123287671,0.8821917808219178,1.1315068493150684,1.3808219178082193,1.63013698630137,1.8986301369863015,2.147945205479452,2.3972602739726026,,,,3.3945205479452056,,,,,0.0236,0.0274,0.0296,0.0301,0.03,0.0306,0.033,0.0392,0.0496,0.0656,,,,0.2115,,,,,4133.848239971718,4146.5037308448145,4162.868794838833,4177.615616441281,4190.614049550787,4207.508233904544,4238.152140527706,4306.5836697754485,4428.106663766167,4638.586467701632,,,,7988.0928477648085,
2022-08-01,,,,,,,4120.5,4137.5,4162.25,4184.5,4205.0,4224.0,4251.0,4270.0,4284.0,4301.0,,,,4353.0,,4118.6298828125,0.0228536,0.0255658,0.0289753,0.0306036,0.01752807938244477,,,,0.12602739726027398,0.37534246575342467,0.6246575342465753,0.873972602739726,1.1232876712328768,1.3726027397260274,1.621917808219178,1.8904109589041096,2.1397260273972605,2.389041095890411,,,,3.3863013698630136,,,,,0.0236,0.0275,0.0299,0.0306,0.0306,0.0313,0.0338,0.04,0.0504,0.0665,,,,0.2133,,,,,4121.782781359229,4134.0743273069465,4150.5828441925405,4165.952978557783,4179.552078775517,4197.226421488359,4228.774662348559,4297.363608394279,4418.752690097286,4629.813035763141,,,,7992.17771975864,
2022-08-02,,,,,,,4093.75,4111.0,4136.5,4160.0,4185.0,4209.0,4236.0,4255.0,4274.0,4296.0,,,,4358.0,,4091.18994140625,0.0228518,0.0256475,0.0290511,0.0306039,0.017760038574864,,,,0.1232876712328767,0.3726027397260274,0.6219178082191781,0.8712328767123287,1.1205479452054794,1.36986301369863,1.6191780821917807,1.8876712328767122,2.136986301369863,2.3863013698630136,,,,3.3835616438356166,,,,,0.0235,0.0275,0.03,0.0306,0.0306,0.0312,0.0336,0.0398,0.05,0.066,,,,0.2117,,,,,4094.0861640380817,4106.064401777836,4122.451938071973,4137.213375452777,4150.478626796852,4167.210107856815,4197.47681035416,4264.990988796112,4382.9947467355805,4590.32557527856,,,,7885.642347955764,
2022-08-03,,,,,,,4156.25,4174.0,4200.25,4225.25,4248.0,4267.0,4294.0,4313.0,4332.0,4349.0,,,,4416.0,,4155.169921875,0.0228736,0.025934,0.0293195,0.0311718,0.0175833108676999,,,,0.12054794520547946,0.3698630136986301,0.6191780821917808,0.8684931506849315,1.1178082191780823,1.367123287671233,1.6164383561643836,1.884931506849315,2.1342465753424658,2.3835616438356166,,,,3.3808219178082193,,,,,0.0236,0.0278,0.0302,0.031,0.0313,0.032,0.0344,0.04,0.0492,0.0634,,,,0.1919,,,,,4158.184757788287,4170.9010794305195,4187.757134877662,4203.870404578612,4219.370520154066,4237.878179708141,4269.669674159352,4334.504263101987,4445.227877733589,4634.647878867693,,,,7490.8854374309985,
2022-08-04,,,,,,,4152.25,4169.75,4195.75,4220.0,4243.0,4262.0,4289.0,4308.0,4327.0,4344.0,,,,4411.0,,4151.93994140625,0.0229262,0.0263778,0.0300622,0.0323695,0.01746864590535266,,,,0.1178082191780822,0.36712328767123287,0.6164383561643836,0.8657534246575342,1.115068493150685,1.3643835616438356,1.6136986301369862,1.8821917808219177,2.1315068493150684,2.3808219178082193,,,,3.378082191780822,,,,,0.0237,0.0284,0.0311,0.0321,0.0326,0.0336,0.0361,0.0419,0.0512,0.0655,,,,0.1936,,,,,4154.989019185865,4168.635797623668,4186.975226654163,4204.867680275784,4222.587859694274,4244.334501417939,4278.665112571228,4347.322657809237,4461.452086919784,4654.943538084369,,,,7527.491645137241,
2022-08-05,,,,,,,4146.75,4165.25,4192.75,4219.5,4244.0,4266.5,4294.0,4318.0,4338.0,4355.0,,,,4427.0,,4145.18994140625,0.0229086,0.0263604,0.0298677,0.0319089,0.01727702920288307,,,,0.11506849315068493,0.3643835616438356,0.6136986301369863,0.863013698630137,1.1123287671232878,1.3616438356164384,1.610958904109589,1.8794520547945206,2.128767123287671,2.378082191780822,,,,3.3753424657534246,,,,,0.0236,0.0282,0.0308,0.0317,0.0321,0.0329,0.0352,0.0406,0.0494,0.0629,,,,0.1844,,,,,4148.206974250249,4161.721300136692,4179.7341348643295,4197.108488741135,4214.10245711536,4234.314855875745,4266.619302223742,4330.933107861617,4438.564156184106,4620.226760043187,,,,7286.66432046908,
2022-08-08,,,,,,,4141.75,4160.0,4187.75,4214.0,4239.0,4261.0,4289.0,4313.0,4333.0,4350.0,,,,4422.0,,4140.06005859375,0.0230339,0.026928,0.0309251,0.0334952,0.01765612717896316,,,,0.10684931506849316,0.3561643835616438,0.6054794520547945,0.8547945205479452,1.104109589041096,1.3534246575342466,1.6027397260273972,1.8712328767123287,2.1205479452054794,2.3698630136986303,,,,3.367123287671233,,,,,0.0236,0.0289,0.0319,0.0332,0.0337,0.0348,0.0374,0.0433,0.0529,0.0675,,,,0.1992,,,,,4142.69024064383,4156.672862794049,4175.919889926115,4195.435346275023,4214.05129768722,4237.244749729732,4273.16420297672,4343.567228474087,4461.32861196932,4659.151943938616,,,,7629.260316909577,
2022-08-09,,,,,,,4124.5,4142.5,4170.0,4196.75,4227.0,4249.0,4277.0,4301.0,4321.0,4343.0,,,,4415.0,,4122.47021484375,0.0231199,0.0273025,0.0310896,0.0336057,0.01772958687130742,,,,0.10410958904109589,0.35342465753424657,0.6027397260273972,0.852054794520548,1.1013698630136985,1.3506849315068492,1.6,1.8684931506849316,2.117808219178082,2.367123287671233,,,,3.3643835616438356,,,,,0.0237,0.0292,0.032,0.0332,0.0339,0.0349,0.0373,0.0424,0.0504,0.0626,,,,0.1719,,,,,4125.033445113214,4139.216328285997,4158.081937799982,4177.170861871908,4196.547469206737,4219.195072258118,4253.5979931549355,4316.949628609565,4417.801701869752,4584.432616319098,,,,6925.020096042502,
2022-08-10,,,,,,,4210.0,4227.75,4255.25,4281.75,4307.0,4334.0,4359.0,4381.0,4401.0,4423.0,,,,4490.0,,4210.240234375,0.023199,0.027428,0.0312983,0.0339548,0.01729600866191665,,,,0.10136986301369863,0.3506849315068493,0.6,0.8493150684931506,1.0986301369863014,1.347945205479452,1.5972602739726027,1.8657534246575342,2.115068493150685,2.3643835616438356,,,,3.361643835616438,,,,,0.0237,0.0293,0.0322,0.0335,0.0342,0.0354,0.0378,0.0429,0.0511,0.0634,,,,0.1736,,,,,4212.974290629268,4228.001098161398,4248.0587066033795,4268.583345018254,4289.160144161155,4314.247411631295,4350.409243693245,4416.2478965225,4522.285311156936,4695.136699022558,,,,7120.358375729745,
2022-08-11,,,,,,,4209.75,4227.5,4255.25,4282.25,4307.0,4334.0,4359.0,4381.0,4401.0,4423.0,,,,4500.0,,4207.27001953125,0.0230741,0.0271174,0.0307485,0.0331009,0.01667805825688526,,,,0.09863013698630137,0.34794520547945207,0.5972602739726027,0.8465753424657534,1.095890410958904,1.3452054794520547,1.5945205479452054,1.8630136986301369,2.1123287671232878,2.361643835616438,,,,3.3589041095890413,,,,,0.0235,0.0289,0.0315,0.0327,0.0333,0.0343,0.0365,0.0413,0.049,0.0607,,,,0.1656,,,,,4210.1018297448145,4225.1998098883,4244.680461858109,4264.725282350983,4284.611198707057,4308.195412030268,4342.370856914531,4404.7565921831865,4504.552505590834,4668.221356515451,,,,6938.103789942393,
2022-08-12,,,,,,,4281.0,4299.25,4327.25,4355.0,4382.0,4409.0,4434.0,4456.0,4481.0,4503.0,,,,4575.0,,4280.14990234375,0.0229665,0.0270747,0.030751,0.0333134,0.01615803443845253,,,,0.0958904109589041,0.3452054794520548,0.5945205479452055,0.8438356164383561,1.093150684931507,1.3424657534246576,1.5917808219178082,1.8602739726027397,2.1095890410958904,2.3589041095890413,,,,3.356164383561644,,,,,0.0233,0.0288,0.0316,0.0328,0.0336,0.0346,0.0369,0.0416,0.0491,0.0604,,,,0.161,,,,,4283.0821498927635,4298.869618299256,4319.625024996948,4340.680426663826,4362.541190762784,4387.439239217469,4423.824953136713,4487.595609109045,4588.173627731579,4750.978454582743,,,,6959.457173247026,
2022-08-15,,,,,,,4298.25,4316.75,4344.75,4372.75,4399.0,4426.0,4450.0,4473.0,4498.0,4520.0,,,,4592.0,,4297.14013671875,0.0229633,0.0272636,0.0309788,0.033716,0.0164389007374895,,,,0.08767123287671233,0.336986301369863,0.5863013698630137,0.8356164383561644,1.084931506849315,1.3342465753424657,1.5835616438356164,1.8520547945205479,2.1013698630136988,2.350684931506849,,,,3.347945205479452,,,,,0.0231,0.0289,0.0317,0.0331,0.034,0.0351,0.0374,0.0419,0.0488,0.0593,,,,0.1524,,,,,4299.650342662629,4315.222712238357,4335.76177029113,4357.384558113969,4379.79669582827,4405.475613013373,4442.169617815499,4504.626897166103,4599.521864869286,4752.651425390904,,,,6774.327008929002,
2022-08-16,,,,,,,4307.75,4326.25,4354.5,4382.75,4409.0,4436.0,4460.0,4483.0,4508.0,4530.0,,,,4602.0,,4305.2001953125,0.0229697,0.0273671,0.0310647,0.0336269,0.0164030061799972,,,,0.08493150684931507,0.33424657534246577,0.5835616438356165,0.8328767123287671,1.082191780821918,1.3315068493150686,1.5808219178082192,1.8493150684931507,2.0986301369863014,2.347945205479452,,,,3.345205479452055,,,,,0.023,0.029,0.0318,0.0331,0.0339,0.0349,0.037,0.0415,0.0484,0.0589,,,,0.1526,,,,,4307.613043121858,4323.365465150705,4344.057133388066,4365.488854126615,4387.496287666609,4412.548941419466,4447.6853689401805,4509.723703788522,4604.221017740376,4756.93832690078,,,,6789.861676993014,
2022-08-17,,,,,,,4276.75,4295.25,4324.25,4352.5,4379.0,4406.0,4430.0,4453.0,4478.0,4510.0,,,,4582.0,,4274.0400390625,0.023011,0.0276253,0.0312125,0.0339152,0.01610531867516217,,,,0.0821917808219178,0.3315068493150685,0.5808219178082191,0.8301369863013699,1.0794520547945206,1.3287671232876712,1.5780821917808219,1.8465753424657534,2.095890410958904,2.345205479452055,,,,3.3424657534246576,,,,,0.023,0.0292,0.0319,0.0333,0.0342,0.0354,0.0374,0.0412,0.0471,0.0557,,,,0.1317,,,,,4276.462764696256,4292.633875145188,4313.430046254916,4335.484921189052,4358.342680055388,4385.0352436215235,4420.108672321236,4476.75630297188,4560.904596539814,4689.9278029254465,,,,6289.809527852041,
2022-08-18,,,,,,,4286.5,4304.75,4333.5,4361.25,4388.0,4415.0,4439.0,4462.0,4487.0,4519.0,,,,4591.0,,4283.740234375,0.022998,0.0279967,0.0317175,0.0345883,0.01575201723450092,,,,0.07945205479452055,0.3287671232876712,0.5780821917808219,0.8273972602739726,1.0767123287671232,1.326027397260274,1.5753424657534247,1.8438356164383563,2.0931506849315067,2.3424657534246576,,,,3.33972602739726,,,,,0.0229,0.0296,0.0324,0.0338,0.0349,0.0362,0.0382,0.042,0.0475,0.0558,,,,0.1271,,,,,4286.173755306169,4303.287545163964,4325.165549010721,4348.1886931549325,4372.974248341359,4401.481108627913,4437.93764886343,4496.159014663433,4578.080595730199,4705.055376284332,,,,6213.337993733821,
2022-08-19,,,,,,,4231.5,4249.75,4277.5,4304.75,4324.0,4359.0,4388.0,4416.0,4436.0,4463.0,,,,4545.0,,4228.47998046875,0.0231337,0.0278144,0.0313427,0.0340138,0.01599586162987364,,,,0.07671232876712329,0.32602739726027397,0.5753424657534246,0.8246575342465754,1.073972602739726,1.3232876712328767,1.5726027397260274,1.841095890410959,2.0904109589041098,2.33972602739726,,,,3.336986301369863,,,,,0.0229,0.0293,0.0319,0.0333,0.0343,0.0354,0.0374,0.041,0.0464,0.0545,,,,0.1248,,,,,4230.720114200929,4246.8609048515955,4267.349514811234,4289.252922693905,4312.426457706522,4338.461719956574,4373.234049275164,4427.6882237644995,4505.954434816013,4627.106471190576,,,,6079.488140849342,
2022-08-22,,,,,,,4141.25,4159.0,4186.75,4214.5,4234.0,4269.0,4298.0,4326.0,4346.0,4373.0,,,,4455.0,,4137.990234375,0.0237172,0.0281199,0.0315598,0.0342433,0.0164274264370469,,,,0.0684931506849315,0.3178082191780822,0.5671232876712329,0.8164383561643835,1.0657534246575342,1.3150684931506849,1.5643835616438355,1.832876712328767,2.0821917808219177,2.3315068493150686,,,,3.328767123287671,,,,,0.0233,0.0294,0.0321,0.0335,0.0345,0.0356,0.0375,0.0411,0.0465,0.0545,,,,0.1244,,,,,4139.938545109089,4155.085517131554,4174.933795363601,4196.072309011426,4218.4641930068055,4243.648806586827,4276.674865291875,4329.4131638507615,4405.382482696907,4522.100893778993,,,,5927.6377179905985,
2022-08-23,,,,,,,4130.5,4148.0,4175.5,4202.75,4223.0,4258.0,4287.0,4315.0,4335.0,4362.0,,,,4444.0,,4128.72998046875,0.0237861,0.028399,0.0321017,0.034933,0.01657038560277066,,,,0.06575342465753424,0.3150684931506849,0.5643835616438356,0.8136986301369863,1.063013698630137,1.3123287671232877,1.5616438356164384,1.83013698630137,2.0794520547945203,2.328767123287671,,,,3.326027397260274,,,,,0.0233,0.0297,0.0327,0.0342,0.0352,0.0363,0.0384,0.0423,0.0484,0.0574,,,,0.1372,,,,,4130.557327905716,4145.844787899451,4166.4865975607845,4188.384262339052,4211.3084039792575,4237.025921167096,4271.905290804916,4327.796702631036,4411.249602783337,4540.569808074542,,,,6166.844317876698,
2022-08-24,,,,,,,4142.75,4160.5,4188.5,4216.0,4239.0,4271.0,4300.0,4328.0,4348.0,4375.0,,,,4457.0,,4140.77001953125,0.0237641,0.028496,0.031958,0.0346801,0.01660512303018914,,,,0.06301369863013699,0.31232876712328766,0.5616438356164384,0.810958904109589,1.0602739726027397,1.3095890410958904,1.558904109589041,1.8273972602739725,2.0767123287671234,2.326027397260274,,,,3.3232876712328765,,,,,0.0231,0.0297,0.0324,0.0339,0.0349,0.0361,0.0379,0.0412,0.0461,0.0532,,,,0.1152,,,,,4142.465043659496,4157.740062197927,4177.666599495149,4199.255300117459,4221.8750224383275,4247.84605057853,4280.536862194589,4331.120897901613,4402.330854130355,4508.671092126507,,,,5746.212284843691,
2022-08-25,,,,,,,4201.0,4219.25,4247.5,4275.25,4300.0,4330.0,4359.0,4387.0,4407.0,4434.0,,,,4516.0,,4199.1201171875,0.0244045,0.0289338,0.0324648,0.0352338,0.0164423647514075,,,,0.06027397260273973,0.3095890410958904,0.5589041095890411,0.8082191780821918,1.0575342465753426,1.3068493150684932,1.5561643835616439,1.8246575342465754,2.073972602739726,2.3232876712328765,,,,3.3205479452054796,,,,,0.0237,0.0301,0.033,0.0344,0.0355,0.0366,0.0385,0.0421,0.0475,0.0556,,,,0.1262,,,,,4200.957409449245,4216.91265363573,4238.1596822606,4260.509323472374,4284.6081860248905,4311.2073791214425,4345.758508005524,4400.382218100507,4478.497864260303,4599.048612073939,,,,6045.598566619876,
2022-08-26,,,,,,,4059.5,4076.75,4103.5,4130.5,4156.0,4186.0,4215.0,4243.0,4263.0,4290.0,,,,4372.0,,4057.659912109375,0.0245933,0.0290628,0.0325148,0.0351904,0.01706430634540765,,,,0.057534246575342465,0.30684931506849317,0.5561643835616439,0.8054794520547945,1.0547945205479452,1.3041095890410959,1.5534246575342465,1.821917808219178,2.0712328767123287,2.3205479452054796,,,,3.317808219178082,,,,,0.0238,0.0302,0.033,0.0344,0.0354,0.0365,0.0384,0.0418,0.0471,0.0549,,,,0.1235,,,,,4059.232694202691,4074.048040538677,4093.7822423129223,4114.71665914315,4136.900435337543,4161.8209446661585,4194.3979927689625,4244.707156558725,4318.108016971017,4430.028299930492,,,,5776.163167071995,
2022-08-29,,,,,,,4031.25,4048.5,4075.75,4102.75,4129.0,4159.0,4188.0,4216.0,4236.0,4263.0,,,,4345.0,,4030.610107421875,0.0245529,0.0290271,0.0325922,0.0354028,0.01748240464910802,,,,0.049315068493150684,0.29863013698630136,0.547945205479452,0.7972602739726027,1.0465753424657533,1.295890410958904,1.5452054794520549,1.8136986301369864,2.063013698630137,2.3123287671232875,,,,3.3095890410958906,,,,,0.0236,0.03,0.033,0.0346,0.0356,0.0367,0.0386,0.0423,0.0478,0.056,,,,0.1285,,,,,4031.8262841536744,4045.7052531172417,4065.027661984996,4085.9936188320216,4107.765408729459,4132.2483497510475,4164.302439039139,4216.179535319073,4290.757841797707,4406.069841425475,,,,5820.233451392632,
2022-08-30,,,,,,,3987.5,4004.5,4031.25,4058.75,4080.0,4110.0,4139.0,4167.0,4187.0,4214.0,,,,4301.0,,3986.159912109375,0.0251208,0.0294666,0.0330729,0.0358281,0.01757659085352054,,,,0.04657534246575343,0.2958904109589041,0.5452054794520548,0.7945205479452054,1.0438356164383562,1.2931506849315069,1.5424657534246575,1.810958904109589,2.0602739726027397,2.3095890410958906,,,,3.3068493150684932,,,,,0.0241,0.0304,0.0335,0.035,0.036,0.0371,0.039,0.0428,0.0487,0.0576,,,,0.1375,,,,,3987.371211140612,4001.3134240286454,4020.916530659806,4041.7250605003037,4063.559647985225,4088.078475784962,4120.082610933317,4172.464618433751,4250.136453942563,4372.198476977719,,,,5926.281691241712,
2022-08-31,,,,,,,3956.5,3973.25,4000.25,4027.75,4049.0,4079.0,4108.0,4136.0,4166.0,4193.0,,,,4290.0,,3955.0,0.0252223,0.0297467,0.0334931,0.0363983,0.01719640464572231,,,,0.043835616438356165,0.29315068493150687,0.5424657534246575,0.7917808219178082,1.0410958904109588,1.2904109589041095,1.5397260273972602,1.8082191780821917,2.0575342465753423,2.3068493150684932,,,,3.304109589041096,,,,,0.0241,0.0307,0.0339,0.0355,0.0366,0.0377,0.0397,0.0436,0.0497,0.0588,,,,0.1402,,,,,3956.1970565003667,3970.6872456258084,3990.9996152348094,4012.7349328827113,4035.7074091253885,4061.0382412263693,4094.440069113165,4148.40568736116,4228.544575211811,4353.385536585724,,,,5938.1519183971795,
2022-09-01,,,,,,,3968.75,3985.25,4012.25,4039.75,4065.0,4091.0,4120.0,4148.0,4178.0,4205.0,,,,4302.0,,3966.85009765625,0.0259548,0.0302071,0.0337883,0.0365464,0.01666017456353768,,,,0.0410958904109589,0.29041095890410956,0.5397260273972603,0.7890410958904109,1.0383561643835617,1.2876712328767124,1.536986301369863,1.8054794520547945,2.0547945205479454,2.304109589041096,,,,3.3013698630136985,,,,,0.0248,0.031,0.0341,0.0357,0.0367,0.0378,0.0397,0.0434,0.0493,0.0582,,,,0.1381,,,,,3968.1772840353915,3983.4042621259614,4004.365260478816,4026.894801417192,4050.2590002873867,4076.3154261636705,4109.840621648791,4163.0607413234,4242.023890174774,4365.290170009619,,,,5923.278719586629,
2022-09-02,,,,,,,3924.5,3940.5,3966.25,3992.5,4019.0,4045.0,4074.0,4102.0,4122.0,4149.0,,,,4246.0,,3924.260009765625,0.0262365,0.0304686,0.0341229,0.0370132,0.01672225611684182,,,,0.038356164383561646,0.2876712328767123,0.536986301369863,0.7863013698630137,1.0356164383561643,1.284931506849315,1.5342465753424657,1.8027397260273972,2.052054794520548,2.3013698630136985,,,,3.2986301369863016,,,,,0.025,0.0312,0.0345,0.0361,0.0371,0.0383,0.0403,0.0441,0.0502,0.0593,,,,0.1413,,,,,3925.506169968443,3940.6379693160306,3961.9019717218985,3984.510812435967,4007.9557666556298,4034.5861196287965,4068.8152907313324,4122.800837929336,4203.325365723041,4328.257073434733,,,,5918.681481008175,
2022-09-06,,,,,,,3910.5,3926.75,3953.25,3980.25,4006.0,4032.0,4061.0,4089.0,4109.0,4136.0,,,,4233.0,,3908.18994140625,0.0265367,0.0302112,0.0337003,0.0363514,0.01729058011515526,,,,0.0273972602739726,0.27671232876712326,0.5260273972602739,0.7753424657534247,1.0246575342465754,1.273972602739726,1.5232876712328767,1.7917808219178082,2.041095890410959,2.2904109589041095,,,,3.287671232876712,,,,,0.0252,0.0307,0.0339,0.0356,0.0364,0.0374,0.0392,0.0432,0.0495,0.0592,,,,0.1481,,,,,3909.0369240003824,3922.7184203102997,3942.485437544327,3964.0665581700678,3985.4688032200634,4009.6068183140064,4040.824217588828,4093.9011337253064,4173.758090859543,4301.931598594155,,,,6008.245062354219,
2022-09-07,,,,,,,3980.0,3996.75,4023.75,4050.75,4076.0,4102.0,4131.0,4159.0,4179.0,4206.0,,,,4303.0,,3979.8701171875,0.026834,0.0306459,0.0342,0.0368367,0.01706494885516394,,,,0.024657534246575342,0.273972602739726,0.5232876712328767,0.7726027397260274,1.021917808219178,1.2712328767123289,1.5205479452054795,1.789041095890411,2.0383561643835617,2.287671232876712,,,,3.2849315068493152,,,,,0.0254,0.0311,0.0344,0.036,0.0369,0.0378,0.0397,0.0436,0.05,0.0598,,,,0.1501,,,,,3980.688151352823,3995.2030516936416,4016.1366308457623,4038.5206827561938,4061.3644024834553,4086.170664390495,4119.232523887692,4173.360063064653,4256.224711570184,4388.611684273727,,,,6161.130083987415,
2022-09-08,,,,,,,4005.5,4022.25,4049.75,4076.75,4105.0,4133.0,4162.0,4190.0,4210.0,4237.0,,,,4334.0,,4006.179931640625,0.027475,0.031338,0.0348191,0.0371345,0.01667639560731904,,,,0.021917808219178082,0.27123287671232876,0.5205479452054794,0.7698630136986301,1.0191780821917809,1.2684931506849315,1.5178082191780822,1.7863013698630137,2.0356164383561643,2.2849315068493152,,,,3.282191780821918,,,,,0.026,0.0317,0.035,0.0365,0.0372,0.0379,0.0396,0.0434,0.0497,0.0596,,,,0.1512,,,,,4006.9986900750005,4022.5380020460047,4044.5749570543485,4067.7890121656797,4090.8605835057965,4115.49923923428,4148.022799813956,4202.058662360386,4284.747156798405,4419.009817648298,,,,6229.963166085154,
2022-09-09,,,,,,,4067.25,4085.5,4114.25,4143.25,4170.0,4198.0,4227.0,4255.0,4275.0,4302.0,,,,4399.0,,4067.360107421875,0.0277883,0.0315875,0.0349856,0.0372099,0.01630141862160945,,,,0.019178082191780823,0.2684931506849315,0.5178082191780822,0.7671232876712328,1.0164383561643835,1.2657534246575342,1.515068493150685,1.7835616438356163,2.032876712328767,2.282191780821918,,,,3.2794520547945205,,,,,0.0262,0.0319,0.0351,0.0366,0.0372,0.038,0.0396,0.0433,0.0494,0.0589,,,,0.1483,,,,,4068.1323113049257,4084.430389332656,4107.145356387642,4131.190744324812,4154.683642649207,4180.61857669364,4213.4977125093865,4268.010531294376,4350.450931093041,4482.640629671637,,,,6270.6322424920345,
2022-09-12,,,,,,,4110.75,4130.0,4159.0,4188.5,4215.0,4243.0,4272.0,4300.0,4320.0,4347.0,,,,4444.0,,4110.41015625,0.0280624,0.0318154,0.0352891,0.0375461,0.01662998211127025,,,,0.010958904109589041,0.2602739726027397,0.5095890410958904,0.7589041095890411,1.0082191780821919,1.2575342465753425,1.5068493150684932,1.7753424657534247,2.0246575342465754,2.2739726027397262,,,,3.271232876712329,,,,,0.0263,0.032,0.0354,0.0369,0.0376,0.0383,0.0399,0.0436,0.05,0.06,,,,0.1541,,,,,4110.845770999644,4126.886439239539,4149.914840432218,4174.129435489566,4198.239171233376,4223.962243742116,4257.095961985044,4312.008635609252,4397.71758815879,4536.451283100052,,,,6444.449774689547,
2022-09-13,,,,,,,3931.25,3950.25,3979.75,4010.75,4038.0,4066.0,4100.0,4133.0,4153.0,4185.0,,,,4287.0,,3932.68994140625,0.0284538,0.0320642,0.0355775,0.0378167,0.0174823845501931,,,,0.00821917808219178,0.25753424657534246,0.5068493150684932,0.7561643835616438,1.0054794520547945,1.2547945205479452,1.5041095890410958,1.7726027397260273,2.021917808219178,2.271232876712329,,,,3.2684931506849315,,,,,0.0268,0.0322,0.0356,0.0372,0.0378,0.0385,0.0401,0.044,0.0507,0.0613,,,,0.1616,,,,,3932.9911306861604,3947.6242616119243,3968.969765803279,3991.764699643538,4013.8569021679755,4037.7856848633187,4068.779297178888,4121.960307532667,4205.894288351467,4344.208870458497,,,,6298.875303433425,
2022-09-14,,,,,,,3947.5,3965.5,3995.5,4026.75,4054.0,4082.0,4118.0,4154.0,4169.0,4201.0,,,,4303.0,,3946.010009765625,0.0292196,0.0334041,0.0375262,0.0402021,0.01649626174728353,,,,0.005479452054794521,0.2547945205479452,0.5041095890410959,0.7534246575342466,1.0027397260273974,1.252054794520548,1.5013698630136987,1.7698630136986302,2.0191780821917806,2.2684931506849315,,,,3.265753424657534,,,,,0.0272,0.0335,0.0376,0.0394,0.0402,0.041,0.0429,0.0475,0.0553,0.0677,,,,0.1851,,,,,3946.2414524885085,3963.143024917445,3988.214117488194,4014.6942213528746,4040.9249924174856,4068.949944394852,4105.5787565647925,4168.5877688383325,4267.621311319708,4432.041325732482,,,,6843.66344679231,
2022-09-15,,,,,,,3902.0,3919.25,3949.5,3981.25,4008.0,4036.0,4072.0,4108.0,4123.0,4155.0,,,,4257.0,,3901.35009765625,0.0301842,0.0344483,0.0386109,0.04123789999999999,0.01647677239920434,,,,0.0027397260273972603,0.25205479452054796,0.5013698630136987,0.7506849315068493,1.0,1.2493150684931507,1.4986301369863013,1.7671232876712328,2.0164383561643837,2.265753424657534,,,,3.263013698630137,,,,,0.028,0.0345,0.0386,0.0405,0.0412,0.042,0.0438,0.0484,0.0563,0.0688,,,,0.188,,,,,3901.473267121392,3919.1136284582235,3944.8644419096627,3972.34478813411,3999.0062778424663,4027.7553068260395,4064.41606989076,4127.760264475988,4227.554763075355,4392.393101740999,,,,6827.819118285008,
2022-09-16,,,,,,,3871.24,3890.0,3919.25,3950.5,3979.0,4007.0,4043.0,4079.0,4094.0,4126.0,,,,4228.0,,3873.330078125,0.0302438,0.0344668,0.0387122,0.0416214,0.01670409188823425,,,,0.0,0.2493150684931507,0.4986301369863014,0.7479452054794521,0.9972602739726028,1.2465753424657535,1.4958904109589042,1.7643835616438357,2.0136986301369864,2.263013698630137,,,,3.26027397260274,,,,,0.028,0.0345,0.0387,0.0407,0.0416,0.0425,0.0445,0.0492,0.0571,0.0696,,,,0.1882,,,,,3873.330078125,3890.5534025950365,3916.045897146696,3943.4747337115978,3970.6996859579126,3999.9072179113564,4037.7768455218193,4101.898307688283,4201.576479683535,4365.875696819118,,,,6774.992555627087,
2022-09-19,,,,,,,,3917.25,3947.0,3979.25,4007.0,4035.0,4071.0,4107.0,4122.0,4154.0,,,,4256.0,,3899.889892578125,0.030465,0.0346723,0.0388408,0.0417634,0.01727268753757646,,,,,0.2410958904109589,0.4904109589041096,0.7397260273972602,0.989041095890411,1.2383561643835617,1.4876712328767123,1.7561643835616438,2.0054794520547947,2.254794520547945,,,,3.252054794520548,,,,,,0.0345,0.0387,0.0408,0.0417,0.0426,0.0445,0.049,0.0565,0.0684,,,,0.1808,,,,,,3916.121513932109,3941.0867451365366,3968.3567234622083,3995.2571134258533,4024.1453526536825,4061.0989306554748,4123.353119035523,4219.083351494074,4376.415034863092,,,,6637.584389878749,
2022-09-20,,,,,,,,3872.75,3902.25,3933.0,3962.0,3990.0,4026.0,4062.0,4077.0,4109.0,,,,4211.0,,3855.929931640625,0.0307555,0.0348945,0.0390236,0.0420883,0.01763004057506331,,,,,0.23835616438356164,0.4876712328767123,0.736986301369863,0.9863013698630136,1.2356164383561643,1.484931506849315,1.7534246575342465,2.0027397260273974,2.252054794520548,,,,3.249315068493151,,,,,,0.0346,0.0389,0.041,0.042,0.043,0.045,0.0494,0.0566,0.068,,,,0.1757,,,,,,3871.558347513449,3896.1346749072413,3922.9171395064623,3949.734374510544,3978.7183476572927,4015.8728475415323,4076.824740531602,4168.927844787736,4319.104607327347,,,,6444.527405301131,
2022-09-21,,,,,,,,3806.25,3835.75,3866.5,3896.0,3928.0,3963.0,3995.0,4024.0,4044.0,,,,4141.0,,3789.929931640625,0.0307528,0.0349902,0.0391096,0.0422101,0.01784002117508525,,,,,0.2356164383561644,0.4849315068493151,0.7342465753424657,0.9835616438356164,1.2328767123287672,1.4821917808219178,1.7506849315068493,2.0,2.249315068493151,,,,3.2465753424657535,,,,,,0.0347,0.0389,0.0411,0.0422,0.0432,0.0451,0.0494,0.0564,0.0674,,,,0.171,,,,,,3805.0153268657814,3828.833465096779,3855.212354703732,3881.8314755554516,3910.2967198516444,3946.195885047298,4005.222404132586,4093.7748429074923,4236.864700981424,,,,6231.349621081212,
2022-09-22,,,,,,,,3772.0,3801.25,3832.5,3862.0,3894.0,3929.0,3961.0,3990.0,4010.0,,,,4107.0,,3757.989990234375,0.0306364,0.0353962,0.0395724,0.04269949999999999,0.01803385669394766,,,,,0.2328767123287671,0.4821917808219178,0.7315068493150685,0.9808219178082191,1.2301369863013698,1.4794520547945205,1.747945205479452,1.9972602739726026,2.2465753424657535,,,,3.243835616438356,,,,,,0.035,0.0394,0.0415,0.0426,0.0437,0.0456,0.0496,0.0561,0.0662,,,,0.1606,,,,,,3772.867253446831,3796.907106922255,3823.055155737636,3849.638505399223,3878.5334662738624,3914.4194302034325,3971.167476872312,4054.844070569784,4187.454817709526,,,,5967.6031880544115,
2022-09-23,,,,,,,,3709.0,3737.5,3768.25,3798.25,3830.0,3865.0,3897.0,3926.0,3946.0,,,,4043.0,,3693.22998046875,0.0303184,0.0351903,0.0396693,0.0432954,0.01847875975358232,,,,,0.23013698630136986,0.4794520547945205,0.7287671232876712,0.9780821917808219,1.2273972602739727,1.4767123287671233,1.7452054794520548,1.9945205479452055,2.243835616438356,,,,3.241095890410959,,,,,,0.0347,0.0394,0.0418,0.0432,0.0445,0.0466,0.051,0.058,0.0688,,,,0.1687,,,,,,3707.042971080089,3730.462200256548,3756.535645487511,3783.61844932793,3813.089708529538,3849.827687497717,3908.9064528768417,3996.1337627337034,4134.696796878262,,,,6009.748213318619,
2022-09-26,,,,,,,,3670.0,3697.75,3728.0,3758.0,3790.0,3825.0,3857.0,3886.0,3906.0,,,,4003.0,,3655.0400390625,0.0303544,0.035432,0.039931,0.0437816,0.01935598866883908,,,,,0.2219178082191781,0.4712328767123288,0.7205479452054795,0.9698630136986301,1.2191780821917808,1.4684931506849315,1.736986301369863,1.9863013698630136,2.2356164383561645,,,,3.232876712328767,,,,,,0.0347,0.0396,0.0421,0.0436,0.0451,0.0473,0.0514,0.0579,0.0678,,,,0.1582,,,,,,3667.5070638703814,3690.0746619457877,3715.432897771647,3742.0007101698848,3771.5783793456103,3808.1466871944567,3864.247845350755,3945.860561273828,4073.1199399964166,,,,5725.744694486049,
2022-09-27,,,,,,,,3661.0,3688.25,3717.0,3746.25,3780.0,3815.0,3847.0,3876.0,3896.0,,,,3993.0,,3647.2900390625,0.0304685,0.0356455,0.04010329999999999,0.0438748,0.01934999149893234,,,,,0.2191780821917808,0.4684931506849315,0.7178082191780822,0.9671232876712329,1.2164383561643837,1.4657534246575343,1.7342465753424658,1.9835616438356165,2.232876712328767,,,,3.23013698630137,,,,,,0.0348,0.0397,0.0422,0.0437,0.0451,0.0473,0.0513,0.0576,0.0671,,,,0.1541,,,,,,3659.6618045663304,3682.229003864447,3707.605908723756,3734.201088571946,3763.3432885131506,3799.814529315908,3855.0872110964583,3934.782812317322,4057.65134098179,,,,5636.399207024459,
2022-09-28,,,,,,,,3732.0,3759.5,3788.0,3816.25,3845.0,3880.0,3912.0,3936.0,3956.0,,,,4053.0,,3719.0400390625,0.0303409,0.035532,0.0398129,0.0432615,0.0189333923712065,,,,,0.21643835616438356,0.4657534246575342,0.7150684931506849,0.9643835616438357,1.2136986301369863,1.463013698630137,1.7315068493150685,1.9808219178082191,2.23013698630137,,,,3.2273972602739724,,,,,,0.0346,0.0394,0.0417,0.0431,0.0444,0.0463,0.0501,0.0559,0.0649,,,,0.1473,,,,,,3731.672168592185,3754.6608950522727,3780.080345312215,3806.7334534912898,3835.7859983683547,3870.962959423571,3925.2528735729843,4001.582258725019,4120.511939390225,,,,5628.008326562491,
2022-09-29,,,,,,,,3654.25,3680.75,3709.0,3737.0,3766.0,3801.0,3833.0,3857.0,3877.0,,,,3974.0,,3640.469970703125,0.0301962,0.0355891,0.0393799,0.0421171,0.01889111895867897,,,,,0.2136986301369863,0.46301369863013697,0.7123287671232876,0.9616438356164384,1.210958904109589,1.4602739726027398,1.7287671232876711,1.978082191780822,2.2273972602739724,,,,3.2246575342465755,,,,,,0.0346,0.039,0.0408,0.042,0.043,0.0445,0.0474,0.0519,0.0586,,,,0.1208,,,,,,3652.7114415344995,3674.5235335733937,3697.7299796839693,3722.27596275709,3748.3196653110335,3779.1864764444,3824.386271123287,3886.103815674771,3977.1291462604495,,,,5056.800783932585,
2022-09-30,,,,,,,,3601.5,3628.0,3656.0,3684.0,3713.0,3748.0,3780.0,3804.0,3824.0,,,,3921.0,,3585.6201171875,0.0304205,0.0359329,0.0399102,0.0426941,0.01921039766078664,,,,,0.21095890410958903,0.4602739726027397,0.7095890410958904,0.958904109589041,1.2082191780821918,1.4575342465753425,1.726027397260274,1.9753424657534246,2.2246575342465755,,,,3.221917808219178,,,,,,0.0348,0.0395,0.0414,0.0425,0.0435,0.0451,0.0482,0.0531,0.0607,,,,0.1309,,,,,,3597.431792925191,3619.26226355193,3642.524310700124,3666.5968021600825,3692.4071811304802,3723.5086775139725,3769.5976908821353,3833.871028799064,3932.327898238406,,,,5138.628182947102,
2022-10-03,,,,,,,,3690.25,3717.75,3746.0,3773.5,3803.0,3838.0,3870.0,3894.0,3914.0,,,,4011.0,,3678.429931640625,0.0310233,0.0359736,0.0397888,0.04242149999999999,0.01944556508563037,,,,,0.20273972602739726,0.4520547945205479,0.7013698630136986,0.9506849315068493,1.2,1.4493150684931506,1.7178082191780821,1.9671232876712328,2.2164383561643834,,,,3.213698630136986,,,,,,0.0347,0.0393,0.0412,0.0423,0.0431,0.0446,0.0477,0.0528,0.0607,,,,0.1359,,,,,,3689.8237477888742,3711.5935200279005,3734.9854282269885,3759.227104735241,3784.339375073671,3815.0078167673673,3861.368725235213,3927.8739419148837,4030.634968768289,,,,5348.0685128515215,
2022-10-04,,,,,,,,3803.25,3832.25,3862.0,3890.75,3920.0,3955.0,3987.0,4011.0,4031.0,,,,4128.0,,3790.929931640625,0.0310804,0.0361234,0.0397601,0.0420033,0.01871493308484756,,,,,0.2,0.44931506849315067,0.6986301369863014,0.947945205479452,1.1972602739726028,1.4465753424657535,1.715068493150685,1.9643835616438357,2.213698630136986,,,,3.210958904109589,,,,,,0.0348,0.0393,0.041,0.0419,0.0426,0.0438,0.0466,0.0513,0.0586,,,,0.1289,,,,,,3803.1450415161253,3826.1555808694557,3850.4128368363595,3875.169975805547,3900.9027289215687,3931.0194442293237,3976.6356718529823,4041.520260727963,4140.8656970252205,,,,5400.065457507852,
2022-10-05,,,,,,,,3794.0,3823.0,3853.0,3883.0,3911.0,3946.0,3978.0,4002.0,4022.0,,,,4119.0,,3783.280029296875,0.0312571,0.0366548,0.0401857,0.0424175,0.01851838315539318,,,,,0.19726027397260273,0.4465753424657534,0.6958904109589041,0.9452054794520548,1.1945205479452055,1.4438356164383561,1.7123287671232876,1.9616438356164383,2.210958904109589,,,,3.208219178082192,,,,,,0.0352,0.0398,0.0413,0.0423,0.043,0.0443,0.0467,0.0505,0.0565,,,,0.1122,,,,,,3795.7498729043605,3819.407138842801,3843.736247559988,3869.2855613894194,3895.551107606341,3926.7644147174133,3970.3234272998197,4028.2333595436735,4114.705071291842,,,,5109.709359470067,
2022-10-06,,,,,,,,3756.75,3785.5,3815.75,3846.25,3874.0,3909.0,3941.0,3965.0,3985.0,,,,4082.0,,3744.52001953125,0.0326831,0.0372191,0.04082810000000001,0.04311499999999999,0.01770695548426384,,,,,0.19452054794520549,0.4438356164383562,0.6931506849315069,0.9424657534246575,1.1917808219178083,1.441095890410959,1.7095890410958905,1.9589041095890412,2.208219178082192,,,,3.2054794520547945,,,,,,0.0359,0.0403,0.0421,0.043,0.0436,0.0449,0.0479,0.0529,0.061,,,,0.1393,,,,,,3757.795055815922,3782.2574520726794,3808.3708474199493,3834.8536458190247,3861.8729150431186,3894.1725891187375,3942.878897354076,4011.7728169311813,4120.168144305256,,,,5529.279118861627,
2022-10-07,,,,,,,,3653.25,3681.75,3711.75,3742.0,3772.5,3807.5,3840.0,3870.0,3900.0,,,,3997.0,,3639.659912109375,0.0327413,0.0373895,0.0409752,0.043322,0.01827548692710338,,,,,0.1917808219178082,0.4410958904109589,0.6904109589041096,0.9397260273972603,1.189041095890411,1.4383561643835616,1.7068493150684931,1.9561643835616438,2.2054794520547945,,,,3.202739726027397,,,,,,0.0359,0.0404,0.0422,0.0432,0.0439,0.0452,0.048,0.0528,0.0603,,,,0.1331,,,,,,3651.9829357588715,3675.353352336642,3700.2781502079947,3725.915003531809,3752.2619531720475,3783.3780928401593,3829.0836217878214,3893.9570199300547,3993.126254779648,,,,5257.4350570805345,
2022-10-11,,,,,,,,3599.25,3627.0,3657.0,3687.0,3718.0,3752.0,3784.0,3814.0,3844.0,,,,3941.0,,3588.840087890625,0.0328944,0.0378424,0.0417138,0.0444085,0.01953428898392196,,,,,0.18082191780821918,0.4301369863013699,0.6794520547945205,0.9287671232876712,1.178082191780822,1.4273972602739726,1.6958904109589041,1.9452054794520548,2.1945205479452055,,,,3.191780821917808,,,,,,0.036,0.041,0.0431,0.0442,0.045,0.0465,0.0495,0.0545,0.0624,,,,0.138,,,,,,3599.5412847572575,3622.130002369633,3646.766285644921,3672.004713766208,3698.139131297898,3729.6702951372386,3775.9334247416355,3841.4294412607,3942.8299962129363,,,,5238.030869662659,
2022-10-12,,,,,,,,3588.5,3616.5,3646.0,3675.25,3707.0,3741.0,3773.0,3803.0,3833.0,,,,3930.0,,3577.030029296875,0.0330238,0.038271,0.0419869,0.04458719999999999,0.01976121557815274,,,,,0.1780821917808219,0.4273972602739726,0.6767123287671233,0.9260273972602739,1.1753424657534246,1.4246575342465753,1.6931506849315068,1.9424657534246574,2.191780821917808,,,,3.1890410958904107,,,,,,0.0362,0.0413,0.0432,0.0443,0.0452,0.0466,0.0492,0.0534,0.0599,,,,0.1212,,,,,,3587.5169654091087,3610.110830344318,3634.2187725273366,3659.2435364403473,3685.595593193274,3716.450075110897,3759.8428200724375,3818.566315428127,3905.9782858439494,,,,4943.261359443553,
2022-10-13,,,,,,,,3681.75,3711.75,3744.25,3777.0,3802.0,3836.0,3868.0,3898.0,3928.0,,,,4025.0,,3669.909912109375,0.0337566,0.0386361,0.0423993,0.0447309,0.01887842875485692,,,,,0.17534246575342466,0.4246575342465753,0.673972602739726,0.9232876712328767,1.1726027397260275,1.4219178082191781,1.6904109589041096,1.9397260273972603,2.1890410958904107,,,,3.186301369863014,,,,,,0.0366,0.0416,0.0436,0.0445,0.0452,0.0464,0.0493,0.0542,0.0622,,,,0.14,,,,,,3681.3313205846953,3705.491842965565,3731.5689542144814,3757.7606024054553,3784.94691318321,3816.3731212815032,3863.5717214603924,3930.1645126444087,4034.9738239435233,,,,5398.369389349672,
2022-10-14,,,,,,,,3597.5,3626.5,3658.75,3691.5,3722.0,3758.0,3793.0,3823.0,3853.0,,,,3950.0,,3583.070068359375,0.0341566,0.0392854,0.0435433,0.04644300000000001,0.01939937653205105,,,,,0.1726027397260274,0.42191780821917807,0.6712328767123288,0.9205479452054794,1.16986301369863,1.4191780821917808,1.6876712328767123,1.936986301369863,2.186301369863014,,,,3.1835616438356165,,,,,,0.0371,0.0426,0.045,0.0462,0.0471,0.0486,0.052,0.0577,0.067,,,,0.1575,,,,,,3594.0337178282566,3618.316093652544,3645.1735374301616,3672.5683962091284,3701.084662672111,3734.675293733472,3785.7314894600304,3858.9988204866568,3976.051741660735,,,,5561.522166647664,
2022-10-17,,,,,,,,3689.25,3719.5,3752.25,3786.0,3816.0,3852.0,3887.0,3917.0,3947.0,,,,4044.0,,3677.949951171875,0.0346705,0.0395504,0.0439351,0.0468961,0.01982932321036503,,,,,0.1643835616438356,0.4136986301369863,0.663013698630137,0.9123287671232877,1.1616438356164382,1.4109589041095891,1.6794520547945206,1.9287671232876713,2.1780821917808217,,,,3.175342465753425,,,,,,0.0372,0.0428,0.0454,0.0466,0.0474,0.049,0.0526,0.0589,0.0691,,,,0.1705,,,,,,3688.46717561538,3713.0678772134215,3740.8364174945586,3768.8849068040704,3797.6514082713497,3832.4877853072207,3886.0464301477678,3965.8244102203266,4094.6084747056407,,,,5934.522185033729,
2022-10-18,,,,,,,,3732.75,3763.5,3796.25,3830.0,3860.0,3896.0,3931.0,3961.0,3991.0,,,,4088.0,,3719.97998046875,0.0347647,0.0396332,0.0439987,0.0468955,0.01984893586940551,,,,,0.16164383561643836,0.410958904109589,0.6602739726027397,0.9095890410958904,1.158904109589041,1.4082191780821918,1.6767123287671233,1.926027397260274,2.175342465753425,,,,3.1726027397260275,,,,,,0.0372,0.0428,0.0454,0.0466,0.0474,0.0489,0.0524,0.0587,0.0689,,,,0.1705,,,,,,3730.4280255644458,3755.2326130201427,3783.2710376103955,3811.606529105245,3840.671911018266,3875.321210214855,3928.6547214591,4009.0187098222486,4138.863153276999,,,,5999.488799287195,
2022-10-19,,,,,,,,3707.25,3738.0,3771.0,3805.25,3835.0,3871.0,3906.0,3936.0,3966.0,,,,4063.0,,3695.159912109375,0.0349047,0.0398771,0.044052,0.0468495,0.0203039600707067,,,,,0.1589041095890411,0.40821917808219177,0.6575342465753424,0.9068493150684932,1.1561643835616437,1.4054794520547946,1.673972602739726,1.9232876712328768,2.1726027397260275,,,,3.16986301369863,,,,,,0.0373,0.0429,0.0454,0.0466,0.0474,0.0488,0.052,0.0576,0.0667,,,,0.1563,,,,,,3705.1530688639773,3729.402258064595,3756.641488668785,3784.3357542518934,3812.7522654761956,3846.156854060458,3896.513324462896,3969.955339812378,4087.052274360488,,,,5686.60067341027,
2022-10-20,,,,,,,,3675.25,3705.75,3738.75,3773.0,3803.0,3839.0,3874.0,3904.0,3934.0,,,,4031.0,,3665.780029296875,0.0357844,0.0403748,0.0446654,0.0475199,0.02009645043562447,,,,,0.15616438356164383,0.4054794520547945,0.6547945205479452,0.9041095890410958,1.1534246575342466,1.4027397260273973,1.6712328767123288,1.9205479452054794,2.16986301369863,,,,3.1671232876712327,,,,,,0.0379,0.0434,0.0461,0.0472,0.048,0.0494,0.0529,0.0592,0.0695,,,,0.1727,,,,,,3675.9861067577267,3700.5825574129453,3728.7316158924987,3756.718074643789,3785.6809824064326,3819.602645804809,3872.3575794021995,3951.6822979677227,4080.5838539765236,,,,5943.840066283118,
2022-10-21,,,,,,,,3764.0,3794.75,3827.25,3861.0,3891.0,3927.0,3962.0,3992.0,4022.0,,,,4119.0,,3752.75,0.0359757,0.0406,0.0449396,0.0479414,0.01984544429323259,,,,,0.15342465753424658,0.40273972602739727,0.6520547945205479,0.9013698630136986,1.1506849315068493,1.4,1.6684931506849314,1.917808219178082,2.1671232876712327,,,,3.164383561643836,,,,,,0.038,0.0436,0.0464,0.0476,0.0485,0.0499,0.0535,0.0597,0.07,,,,0.1719,,,,,,3763.2173174132945,3788.8244815917765,3818.294778616443,3847.817192904687,3878.549602764587,3914.021188784965,3969.5045969266084,4050.832028134441,4183.633010052533,,,,6071.75591667739,
2022-10-24,,,,,,,,3809.25,3841.0,3875.0,3909.75,3937.0,3973.0,4008.0,4038.0,4068.0,,,,4165.0,,3797.340087890625,0.0362737,0.040455,0.04453,0.0473848,0.02073088899782633,,,,,0.14520547945205478,0.39452054794520547,0.6438356164383562,0.8931506849315068,1.1424657534246576,1.3917808219178083,1.6602739726027398,1.9095890410958904,2.158904109589041,,,,3.1561643835616437,,,,,,0.0379,0.0431,0.0458,0.0471,0.0478,0.0492,0.0525,0.0584,0.0681,,,,0.1656,,,,,,3806.8188533837424,3831.000202944827,3859.1279231211083,3887.834949029813,3916.60958220194,3950.821798288205,4003.008778118111,4080.5564597949897,4206.227701729002,,,,5998.632779549004,
2022-10-25,,,,,,,,3870.25,3902.0,3936.5,3972.0,4005.0,4041.0,4076.0,4105.0,4135.0,,,,4232.0,,3859.110107421875,0.0364614,0.0405391,0.0444628,0.04717030000000001,0.02085119508187981,,,,,0.14246575342465753,0.3917808219178082,0.6410958904109589,0.8904109589041096,1.1397260273972603,1.389041095890411,1.6575342465753424,1.906849315068493,2.1561643835616437,,,,3.1534246575342464,,,,,,0.038,0.0431,0.0457,0.0469,0.0476,0.0489,0.052,0.0577,0.0669,,,,0.1602,,,,,,3868.549893080965,3892.895673779788,3921.0798252503273,3949.6649642741677,3978.571852798998,4012.4320651176945,4063.5900256441855,4140.024613868214,4261.944058091354,,,,5988.629405699581,
2022-10-26,,,,,,,,3841.0,3872.5,3906.0,3940.25,3976.0,4012.0,4047.0,4076.0,4106.0,,,,4203.0,,3830.60009765625,0.0366853,0.0407731,0.0445188,0.0470996,0.02135680579212542,,,,,0.13972602739726028,0.38904109589041097,0.6383561643835617,0.8876712328767123,1.1369863013698631,1.3863013698630138,1.6547945205479453,1.904109589041096,2.1534246575342464,,,,3.1506849315068495,,,,,,0.0382,0.0432,0.0457,0.0468,0.0475,0.0487,0.0516,0.0568,0.0652,,,,0.1501,,,,,,3839.6257733563752,3863.290859728479,3890.5911103079848,3918.0993085658934,3946.171735504206,3978.58958939486,4027.185506295532,4098.041597045751,4209.881457154795,,,,5746.843320981419,
2022-10-27,,,,,,,,3819.5,3850.25,3883.0,3917.0,3953.0,3989.0,4024.0,4053.0,4083.0,,,,4180.0,,3807.300048828125,0.0372872,0.0409421,0.0445297,0.0469673,0.0217065371628478,,,,,0.136986301369863,0.3863013698630137,0.6356164383561644,0.8849315068493151,1.1342465753424658,1.3835616438356164,1.652054794520548,1.9013698630136986,2.1506849315068495,,,,3.147945205479452,,,,,,0.0385,0.0432,0.0456,0.0467,0.0473,0.0484,0.0513,0.0565,0.0651,,,,0.1522,,,,,,3816.068727168786,3839.0434863091523,3865.563113682232,3892.446156707568,3919.4431373040484,3950.5402458010676,3998.0642700270923,4067.6910585591654,4179.727094368634,,,,5741.419962770259,
2022-10-28,,,,,,,,3911.25,3943.5,3978.0,4010.0,4046.0,4082.0,4117.0,4146.0,4176.0,,,,4273.0,,3901.06005859375,0.0374401,0.0408839,0.0443438,0.0465067,0.02084861100620627,,,,,0.13424657534246576,0.3835616438356164,0.6328767123287671,0.8821917808219178,1.1315068493150684,1.3808219178082193,1.6493150684931508,1.8986301369863015,2.147945205479452,,,,3.1452054794520548,,,,,,0.0385,0.043,0.0454,0.0463,0.0468,0.0477,0.0505,0.0556,0.0643,,,,0.1536,,,,,,3910.3151220336877,3934.3463225354085,3962.1481030053624,3989.641320616348,4017.309903886167,4048.414457718179,4096.581349790073,4167.133379900855,4282.682342206803,,,,5922.618836836795,
2022-10-31,,,,,,,,3883.0,3915.0,3949.75,3984.75,4021.0,4057.0,4092.0,4121.0,4151.0,,,,4248.0,,3871.97998046875,0.0376059,0.0410874,0.0446313,0.04688030000000001,0.02210049211905238,,,,,0.12602739726027398,0.37534246575342467,0.6246575342465753,0.873972602739726,1.1232876712328768,1.3726027397260274,1.641095890410959,1.8904109589041096,2.1397260273972605,,,,3.136986301369863,,,,,,0.0385,0.0431,0.0456,0.0466,0.0471,0.0481,0.0509,0.0561,0.0649,,,,0.1557,,,,,,3879.9908149911794,3902.6195460507483,3929.23654525768,3955.780384703491,3982.252595887962,4012.6545097453413,4059.3739129804408,4129.015667351006,4243.3167679818725,,,,5887.70233222559,
2022-11-01,,,,,,,,3866.0,3898.25,3933.0,3969.75,4005.25,4041.0,4080.5,4113.5,4140.5,,,,4231.5,,3856.10009765625,0.0378625,0.0414091,0.0451515,0.0476941,0.02273765606631144,,,,,0.1232876712328767,0.3726027397260274,0.6219178082191781,0.8712328767123287,1.1205479452054794,1.36986301369863,1.6383561643835616,1.8876712328767122,2.136986301369863,,,,3.1342465753424658,,,,,,0.0387,0.0435,0.0462,0.0474,0.048,0.0491,0.0521,0.0576,0.0668,,,,0.1616,,,,,,3863.6962212009635,3886.0469844516165,3912.7794759271887,3939.8512949493484,3966.8169723997094,3997.8996481734075,4046.135841818815,4118.400991223751,4236.836832438414,,,,5958.895596257908,
2022-11-02,,,,,,,,3768.75,3799.75,3833.75,3870.0,3906.0,3942.0,3981.0,4014.0,4041.0,,,,4132.0,,3759.68994140625,0.0378215,0.0416569,0.0453205,0.048013,0.02375872902754418,,,,,0.12054794520547946,0.3698630136986301,0.6191780821917808,0.8684931506849315,1.1178082191780823,1.367123287671233,1.6356164383561644,1.884931506849315,2.1342465753424658,,,,3.1315068493150684,,,,,,0.0387,0.0437,0.0463,0.0476,0.0484,0.0496,0.0524,0.0573,0.0653,,,,0.1463,,,,,,3766.467769596696,3787.52219236452,3812.532065574029,3838.349560107195,3864.687043500838,3894.8871074619224,3940.007493563092,4005.06371815476,4108.244494286083,,,,5518.3302356319,
2022-11-03,,,,,,,,3727.75,3758.5,3792.75,3828.25,3865.0,3901.0,3940.0,3973.0,4000.0,,,,4091.0,,3719.889892578125,0.0379387,0.0418419,0.04554,0.04828909999999999,0.02349317786477614,,,,,0.1178082191780822,0.36712328767123287,0.6164383561643836,0.8657534246575342,1.115068493150685,1.3643835616438356,1.632876712328767,1.8821917808219177,2.1315068493150684,,,,3.128767123287671,,,,,,0.0388,0.0439,0.0466,0.0478,0.0487,0.0499,0.0527,0.0575,0.0655,,,,0.1458,,,,,,3726.6039081751674,3747.8632916997767,3773.254910788085,3798.999655728196,3825.9293391578585,3856.357569444845,3901.5940827197524,3965.7755311287674,4068.327161676582,,,,5454.078258397247,
2022-11-04,,,,,,,,3779.5,3810.25,3844.5,3879.5,3916.0,3952.0,3991.0,4024.0,4051.0,,,,4142.0,,3770.550048828125,0.0380666,0.0420653,0.0459928,0.04935100000000001,0.02185324393866866,,,,,0.11506849315068493,0.3643835616438356,0.6136986301369863,0.863013698630137,1.1123287671232878,1.3616438356164384,1.63013698630137,1.8794520547945206,2.128767123287671,,,,3.126027397260274,,,,,,0.0389,0.0442,0.0471,0.0487,0.0499,0.0514,0.0544,0.0595,0.0675,,,,0.1466,,,,,,3777.953409299957,3801.378191405895,3829.425500122764,3858.930260984662,3890.0348091376536,3925.340309827438,3976.0010910488336,4047.0012120982706,4155.331489333066,,,,5568.817144457017,
2022-11-07,,,,,,,,3815.25,3846.75,3881.75,3914.75,3952.0,3988.0,4027.0,4060.0,4087.0,,,,4178.0,,3806.800048828125,0.0380132,0.04210270000000001,0.0459875,0.049295,0.02321157386241539,,,,,0.10684931506849316,0.3561643835616438,0.6054794520547945,0.8547945205479452,1.104109589041096,1.3534246575342466,1.621917808219178,1.8712328767123287,2.1205479452054794,,,,3.117808219178082,,,,,,0.0386,0.0441,0.047,0.0486,0.0498,0.0512,0.0542,0.0589,0.0666,,,,0.1417,,,,,,3813.06450110088,3835.227163910726,3862.027703226828,3890.3177635822926,3920.211044746212,3953.768521247138,4003.0222336580523,4069.704166094199,4173.671866706561,,,,5508.063684224564,
2022-11-08,,,,,,,,3835.25,3867.0,3902.0,3935.25,3972.0,4008.0,4052.0,4080.0,4115.0,,,,4248.0,,3828.110107421875,0.0379885,0.04220189999999999,0.0460478,0.0492878,0.02349633716519458,,,,,0.10410958904109589,0.35342465753424657,0.6027397260273972,0.852054794520548,1.1013698630136985,1.3506849315068492,1.6191780821917807,1.8684931506849316,2.117808219178082,,,,3.115068493150685,,,,,,0.0385,0.0441,0.047,0.0486,0.0497,0.0512,0.054,0.0586,0.0658,,,,0.1374,,,,,,3834.094384349087,3856.0875422363138,3882.727335293741,3910.8742140019604,3940.1987311586677,3974.06760896645,4021.930853604562,4087.617125797332,4186.907027387756,,,,5458.581449529938,
2022-11-09,,,,,,,,3755.5,3786.0,3818.25,3854.0,3891.0,3927.0,3971.0,3999.0,4034.0,,,,4167.0,,3748.570068359375,0.037958,0.04257590000000001,0.0462225,0.04917589999999999,0.02241362773587593,,,,,0.10136986301369863,0.3506849315068493,0.6,0.8493150684931506,1.0986301369863014,1.347945205479452,1.6164383561643836,1.8657534246575342,2.115068493150685,,,,3.1123287671232878,,,,,,0.0385,0.0445,0.0471,0.0485,0.0496,0.0509,0.0534,0.0572,0.0631,,,,0.1209,,,,,,3754.687748294159,3777.71681560401,3804.506463406229,3832.5485559420295,3862.220279458446,3895.3071007272533,3941.1084365000943,3999.931537475387,4085.4378861353125,,,,5093.149603082018,
2022-11-10,,,,,,,,3961.0,3993.5,4028.75,4060.0,4097.0,4133.0,4162.0,4190.0,4210.0,,,,4331.0,,3956.3701171875,0.0379425,0.04265310000000001,0.0462164,0.0490852,0.02113412049457533,,,,,0.09863013698630137,0.34794520547945207,0.5972602739726027,0.8465753424657534,1.095890410958904,1.3452054794520547,1.6136986301369862,1.8630136986301369,2.1123287671232878,,,,3.1095890410958904,,,,,,0.0384,0.0445,0.047,0.0484,0.0495,0.0508,0.0531,0.0566,0.0621,,,,0.1148,,,,,,3963.113302507091,3988.6666956636845,4017.965299540918,4048.755658538543,4081.2889725715263,4117.448483882002,4165.808039117531,4226.610565796869,4313.977677725098,,,,5294.080768281618,
2022-11-14,,,,,,,,3966.0,3999.0,4034.75,4069.0,4107.0,4141.0,4177.0,4205.0,4230.0,,,,4335.0,,3957.25,0.0381087,0.04225399999999999,0.0452692,0.0472082,0.02125630962158062,,,,,0.08767123287671233,0.336986301369863,0.5863013698630137,0.8356164383561644,1.084931506849315,1.3342465753424657,1.6027397260273972,1.8520547945205479,2.1013698630136988,,,,3.0986301369863014,,,,,,0.0382,0.0437,0.0458,0.0468,0.0474,0.0482,0.05,0.053,0.0579,,,,0.1084,,,,,,3963.132761139977,3987.293005006657,4014.6065150562717,4042.624327750484,4071.100894714813,4102.099296461767,4143.819694623154,4196.875809222096,4274.004826706021,,,,5183.9919429739,
2022-11-15,,,,,,,,3999.5,4033.0,4068.5,4103.0,4141.0,4175.0,4211.0,4239.0,4264.0,,,,4369.0,,3991.72998046875,0.0386387,0.04247049999999999,0.0455974,0.0478369,0.02098762184936185,,,,,0.08493150684931507,0.33424657534246577,0.5835616438356165,0.8328767123287671,1.082191780821918,1.3315068493150686,1.6,1.8493150684931507,2.0986301369863014,,,,3.095890410958904,,,,,,0.0387,0.0439,0.0462,0.0473,0.0481,0.049,0.051,0.0544,0.06,,,,0.1167,,,,,,3997.7394144005098,4022.417539771327,4050.894386201863,4080.174197645676,4110.5856356845225,4143.427688536652,4188.088903937915,4246.158663694259,4332.294323314446,,,,5368.452810195648,
2022-11-16,,,,,,,,3968.5,4001.75,4036.75,4071.0,4109.0,4143.0,4179.0,4207.0,4232.0,,,,4337.0,,3958.7900390625,0.0387447,0.0426902,0.0454599,0.0474937,0.01893816442066761,,,,,0.0821917808219178,0.3315068493150685,0.5808219178082191,0.8301369863013699,1.0794520547945206,1.3287671232876712,1.5972602739726027,1.8465753424657534,2.095890410958904,,,,3.0931506849315067,,,,,,0.0387,0.044,0.0459,0.047,0.0477,0.0486,0.0502,0.0527,0.0567,,,,0.0952,,,,,,3965.2253700988012,3991.817348574952,4021.272753761513,4052.093254279135,4083.626556102856,4117.936155908654,4161.483914771672,4213.451754662217,4284.839529444997,,,,5011.963637114769,
2022-11-17,,,,,,,,3955.25,3988.5,4024.0,4058.0,4096.0,4130.0,4166.0,4194.0,4219.0,,,,4324.0,,3946.56005859375,0.039106,0.0428446,0.0457366,0.0477408,0.01681515889724098,,,,,0.07945205479452055,0.3287671232876712,0.5780821917808219,0.8273972602739726,1.0767123287671232,1.326027397260274,1.5945205479452054,1.8438356164383563,2.0931506849315067,,,,3.0904109589041098,,,,,,0.039,0.0441,0.0462,0.0473,0.0479,0.0488,0.0505,0.0535,0.0584,,,,0.1081,,,,,,3953.5225228545182,3982.121378462087,4014.172329607962,4047.3704645914363,4080.884523501872,4117.544966523805,4164.330421438064,4222.743962622972,4305.475853640566,,,,5232.828748575624,
2022-11-18,,,,,,,,3974.0,4007.5,4043.75,4078.0,4116.0,4150.0,4186.0,4214.0,4239.0,,,,4344.0,,3965.340087890625,0.0393153,0.04300709999999999,0.0460452,0.0483892,0.01695089250394774,,,,,0.07671232876712329,0.32602739726027397,0.5753424657534246,0.8246575342465754,1.073972602739726,1.3232876712328767,1.5917808219178082,1.841095890410959,2.0904109589041098,,,,3.0876712328767124,,,,,,0.0392,0.0442,0.0466,0.0478,0.0486,0.0496,0.0515,0.0547,0.0599,,,,0.1119,,,,,,3972.113833417645,4000.72493914475,4033.5626371503636,4067.5122541788865,4102.439916292665,4140.414010264754,4189.520258568208,4250.732625573688,4337.824299247957,,,,5316.223865951307,
2022-11-21,,,,,,,,3958.0,3991.5,4027.75,4067.0,4105.0,4144.0,4180.0,4208.0,4233.0,,,,4338.0,,3949.93994140625,0.0395079,0.0431983,0.0462649,0.0486304,0.01735541325106679,,,,,0.0684931506849315,0.3178082191780822,0.5671232876712329,0.8164383561643835,1.0657534246575342,1.3150684931506849,1.5835616438356164,1.832876712328767,2.0821917808219177,,,,3.0794520547945203,,,,,,0.0392,0.0443,0.0468,0.048,0.0488,0.0498,0.0517,0.0549,0.0601,,,,0.1128,,,,,,3955.8542830342517,3983.909347099302,4016.4526389145976,4050.011781476643,4084.5540313690976,4122.118490360155,4170.713583611995,4231.324111576013,4317.613423314581,,,,5299.526107457529,
2022-11-22,,,,,,,,4010.25,4044.25,4081.25,4120.0,4158.0,4197.0,4233.0,4261.0,4286.0,,,,4391.0,,4003.580078125,0.0401895,0.0435881,0.046574,0.0490469,0.01740062922199031,,,,,0.06575342465753424,0.3150684931506849,0.5643835616438356,0.8136986301369863,1.063013698630137,1.3123287671232877,1.5808219178082192,1.83013698630137,2.0794520547945203,,,,3.0767123287671234,,,,,,0.0398,0.0446,0.0471,0.0484,0.0493,0.0503,0.0522,0.0554,0.0606,,,,0.1122,,,,,,4009.4810368494436,4038.036847867118,4071.2530103238946,4105.851395464744,4141.667350704851,4180.219558241087,4229.994058349959,4291.915060051204,4379.874192008709,,,,5359.439363188437,
2022-11-23,,,,,,,,4033.0,4067.25,4103.75,4143.0,4181.0,4220.0,4257.0,4286.0,4315.0,,,,4422.0,,4027.260009765625,0.04055329999999999,0.0439355,0.0469789,0.0492327,0.01726743111047747,,,,,0.06301369863013699,0.31232876712328766,0.5616438356164384,0.810958904109589,1.0602739726027397,1.3095890410958904,1.5780821917808219,1.8273972602739725,2.0767123287671234,,,,3.073972602739726,,,,,,0.0401,0.0449,0.0474,0.0487,0.0494,0.0503,0.0522,0.0556,0.0613,,,,0.1203,,,,,,4033.058459264631,4062.16747734533,4095.9964374343094,4131.236546209116,4166.830074987546,4205.298747241692,4255.5019036752,4319.480229490302,4412.887446963368,,,,5527.886422285324,
2022-11-25,,,,,,,,4032.5,4066.5,4103.0,4143.0,4180.0,4220.0,4257.0,4286.0,4315.0,,,,4422.0,,4026.1201171875,0.040807,0.0441062,0.0471451,0.0493152,0.01841738867428971,,,,,0.057534246575342465,0.30684931506849317,0.5561643835616439,0.8054794520547945,1.0547945205479452,1.3041095890410959,1.5726027397260274,1.821917808219178,2.0712328767123287,,,,3.0684931506849313,,,,,,0.0403,0.045,0.0476,0.0488,0.0494,0.0503,0.0521,0.0556,0.0614,,,,0.1229,,,,,,4031.1921928268557,4059.0949019938594,4091.998539519738,4125.865150549292,4159.868448423977,4197.048672646117,4245.130362675163,4308.314773691745,4400.992835245291,,,,5547.83265767582,
2022-11-28,,,,,,,,3970.25,4003.5,4039.5,4077.5,4115.5,4151.5,4188.5,4217.5,4244.5,,,,4351.5,,3963.93994140625,0.0408646,0.0439903,0.0469559,0.0491153,0.02160608472585451,,,,,0.049315068493150684,0.29863013698630136,0.547945205479452,0.7972602739726027,1.0465753424657533,1.295890410958904,1.5643835616438355,1.8136986301369864,2.063013698630137,,,,3.0602739726027397,,,,,,0.0402,0.0447,0.0473,0.0486,0.0492,0.05,0.0519,0.0552,0.0609,,,,0.1213,,,,,,3967.5763835702983,3991.371892163556,4020.142392525735,4050.1731837846687,4080.0840009548992,4112.511316740896,4156.318757396415,4212.969331419023,4298.655721126107,,,,5378.0677720421845,
2022-11-29,,,,,,,,3962.0,3995.0,4030.25,4068.0,4106.0,4142.0,4179.0,4208.0,4235.0,,,,4342.0,,3957.6298828125,0.0412396,0.0440441,0.0469226,0.0489291,0.02099355870920231,,,,,0.04657534246575343,0.2958904109589041,0.5452054794520548,0.7945205479452054,1.0438356164383562,1.2931506849315069,1.5616438356164384,1.810958904109589,2.0602739726027397,,,,3.0575342465753423,,,,,,0.0406,0.0447,0.0473,0.0485,0.049,0.0497,0.0515,0.0549,0.0609,,,,0.1251,,,,,,3961.245548898363,3985.488304224263,4014.800861668324,4045.0736760573195,4075.035476534061,4107.304959712702,4150.735417720481,4208.256813536883,4296.769812359087,,,,5440.953608467506,
2022-11-30,,,,,,,,4081.25,4115.25,4152.0,4189.0,4227.0,4263.0,4300.0,4329.0,4356.0,,,,4463.0,,4080.110107421875,0.0412942,0.0441261,0.04695000000000001,0.0489701,0.01507038067138176,,,,,0.043835616438356165,0.29315068493150687,0.5424657534246575,0.7917808219178082,1.0410958904109588,1.2904109589041095,1.558904109589041,1.8082191780821917,2.0575342465753423,,,,3.0547945205479454,,,,,,0.0406,0.0447,0.0473,0.0485,0.0491,0.0498,0.0515,0.0548,0.0604,,,,0.1208,,,,,,4084.6787414921596,4115.704071859445,4152.071805446874,4189.5482279680045,4227.251727102529,4267.121407859737,4318.5265100965025,4384.01001800965,4478.961534928917,,,,5635.614752627147,
2022-12-01,,,,,,,,4081.75,4115.5,4151.5,4190.5,4227.0,4263.0,4300.0,4329.0,4351.0,,,,4443.0,,4076.570068359375,0.04181219999999999,0.0445087,0.0472323,0.0491925,0.0124508837451253,,,,,0.0410958904109589,0.29041095890410956,0.5397260273972603,0.7890410958904109,1.0383561643835617,1.2876712328767124,1.5561643835616439,1.8054794520547945,2.0547945205479454,,,,3.052054794520548,,,,,,0.0411,0.0451,0.0475,0.0487,0.0493,0.05,0.0516,0.0548,0.0602,,,,0.1187,,,,,,4081.372489271764,4115.406550665504,4154.420240566857,4194.851784170119,4235.572374561064,4278.518830921753,4332.645934452317,4400.4923154780245,4496.820483291354,,,,5638.026483568506,
2022-12-02,,,,,,,,4075.5,4109.0,4145.25,4184.0,4219.5,4258.0,4293.0,4318.0,4342.0,,,,4433.0,,4071.699951171875,0.0418849,0.0443224,0.0467061,0.0481458,0.01120475315083377,,,,,0.038356164383561646,0.2876712328767123,0.536986301369863,0.7863013698630137,1.0356164383561643,1.284931506849315,1.5534246575342465,1.8027397260273972,2.052054794520548,,,,3.0493150684931507,,,,,,0.0412,0.0448,0.0469,0.0478,0.0482,0.0486,0.05,0.0527,0.0577,,,,0.1123,,,,,,4076.387148428299,4111.241194659691,4150.498507234867,4190.56463830274,4230.725436944949,4272.123120373146,4324.627820953664,4387.965678054253,4479.32060783937,,,,5541.869231408922,
2022-12-05,,,,,,,,4003.25,4036.0,4072.0,4111.0,4147.0,4185.0,4220.0,4245.0,4269.0,,,,4360.0,,3998.840087890625,0.0421714,0.0444848,0.0469422,0.0484342,0.01413457598918997,,,,,0.030136986301369864,0.27945205479452057,0.5287671232876713,0.7780821917808219,1.0273972602739727,1.2767123287671234,1.5452054794520549,1.7945205479452055,2.043835616438356,,,,3.041095890410959,,,,,,0.0414,0.0448,0.0471,0.0481,0.0485,0.0489,0.0503,0.0532,0.0585,,,,0.1177,,,,,,4002.1272759856693,4033.2554619423227,4069.155049934183,4105.929845496237,4142.548936466186,4180.328309898358,4228.669279329739,4289.233506411327,4378.385174433886,,,,5479.18696766802,
2022-12-06,,,,,,,,3945.0,3976.5,4011.5,4053.5,4090.5,4125.0,4160.0,4185.0,4209.0,,,,4305.0,,3941.260009765625,0.0422537,0.0446019,0.0471964,0.0488418,0.01454532303323196,,,,,0.0273972602739726,0.27671232876712326,0.5260273972602739,0.7753424657534247,1.0246575342465754,1.273972602739726,1.5424657534246575,1.7917808219178082,2.041095890410959,,,,3.0383561643835617,,,,,,0.0414,0.0449,0.0474,0.0485,0.0489,0.0493,0.0508,0.0539,0.0595,,,,0.1223,,,,,,3944.1608374374896,3974.5040974700455,4009.966679091485,4046.397481713686,4082.4702156008916,4119.686127816293,4167.940668064733,4229.210899438056,4320.008103348717,,,,5467.916010848567,
2022-12-07,,,,,,,,3936.75,3967.75,4002.5,4039.0,4076.5,4111.0,4146.0,4166.0,4190.0,,,,4281.0,,3933.919921875,0.04233609999999999,0.0446962,0.04728309999999999,0.0489474,0.01609162563647077,,,,,0.024657534246575342,0.273972602739726,0.5232876712328767,0.7726027397260274,1.021917808219178,1.2712328767123289,1.5397260273972602,1.789041095890411,2.0383561643835617,,,,3.0356164383561643,,,,,,0.0415,0.045,0.0475,0.0486,0.049,0.0495,0.0509,0.054,0.0595,,,,0.1211,,,,,,3936.3853258475156,3965.2006810357148,3999.1105721896192,4033.9757312454253,4068.4659753234823,4104.591348333168,4150.512100511438,4209.972030052273,4297.863728112778,,,,5410.824649034039,
2022-12-08,,,,,,,,3965.75,3997.25,4032.75,4069.0,4101.0,4141.0,4176.0,4196.0,4220.0,,,,4311.0,,3963.510009765625,0.0428291,0.044917,0.0471956,0.0484531,0.01133859253269741,,,,,0.021917808219178082,0.27123287671232876,0.5205479452054794,0.7698630136986301,1.0191780821917809,1.2684931506849315,1.536986301369863,1.7863013698630137,2.0356164383561643,,,,3.032876712328767,,,,,,0.042,0.0452,0.0473,0.0482,0.0485,0.0488,0.05,0.0527,0.0577,,,,0.1153,,,,,,3966.17450597246,4000.079859258573,4038.404287238201,4077.5985849776725,4116.503305617037,4156.400925087103,4206.1681389120995,4267.439239384341,4355.781494813955,,,,5432.677631086282,
2022-12-09,,,,,,,,3936.25,3968.25,4003.75,4040.0,4077.0,4117.0,4152.0,4172.0,4196.0,,,,4287.0,,3934.3798828125,0.0429771,0.0449566,0.04724370000000001,0.0485511,0.01006442867585513,,,,,0.019178082191780823,0.2684931506849315,0.5178082191780822,0.7671232876712328,1.0164383561643835,1.2657534246575342,1.5342465753424657,1.7835616438356163,2.032876712328767,,,,3.03013698630137,,,,,,0.0422,0.0452,0.0474,0.0483,0.0486,0.0489,0.0501,0.0529,0.058,,,,0.1169,,,,,,3936.805383076307,3971.6711057115417,4011.1819359689066,4051.4898452345315,4091.543620120761,4132.6115211628385,4183.623418235583,4246.746504086979,4337.07598966748,,,,5438.3716957922725,
2022-12-12,,,,,,,,3991.75,4025.0,4061.5,4097.0,4134.0,4174.0,4209.0,4229.0,4253.0,,,,4344.0,,3990.56005859375,0.0431708,0.04508060000000001,0.0473878,0.0487096,0.01607512455848263,,,,,0.010958904109589041,0.2602739726027397,0.5095890410958904,0.7589041095890411,1.0082191780821919,1.2575342465753425,1.526027397260274,1.7753424657534247,2.0246575342465754,,,,3.021917808219178,,,,,,0.0423,0.0452,0.0475,0.0485,0.0487,0.049,0.0502,0.053,0.0582,,,,0.1185,,,,,,3991.707093993074,4020.925233140992,4054.978391729844,4089.9754101127774,4124.004311898947,4159.2540573004935,4203.87652382109,4260.923351733497,4345.844204000858,,,,5438.216412261546,
2022-12-13,,,,,,,,4022.25,4055.25,4091.0,4127.0,4164.0,4204.0,4239.0,4259.0,4283.0,,,,4374.0,,4019.64990234375,0.0433561,0.0452789,0.04763779999999999,0.0490157,0.01688347699810773,,,,,0.00821917808219178,0.25753424657534246,0.5068493150684932,0.7561643835616438,1.0054794520547945,1.2547945205479452,1.5232876712328767,1.7726027397260273,2.021917808219178,,,,3.0191780821917806,,,,,,0.0425,0.0454,0.0477,0.0487,0.049,0.0493,0.0506,0.0534,0.0587,,,,0.1202,,,,,,4020.4963157263787,4049.278799790192,4082.9270419662616,4117.529433240295,4151.573063303037,4186.5243765738005,4231.492525260087,4288.444580670116,4374.290706356212,,,,5491.084580435768,
2022-12-14,,,,,,,,3998.0,4030.75,4066.25,4102.0,4139.0,4174.0,4204.0,4224.0,4248.0,4273.0,,,4339.0,,3995.320068359375,0.0432572,0.0449881,0.0469193,0.0478177,-0.01193577715529138,,,,,0.005479452054794521,0.2547945205479452,0.5041095890410959,0.7534246575342466,1.0027397260273974,1.252054794520548,1.5205479452054795,1.7698630136986302,2.0191780821917806,2.2684931506849315,,,3.0164383561643837,,,,,,0.0424,0.045,0.0469,0.0477,0.0478,0.0479,0.0488,0.0511,0.0554,0.0625,,,0.1068,,,,,,3996.509773241919,4053.70232270104,4115.594819156596,4178.928016340541,4241.950258267289,4306.137647685721,4381.869038113681,4466.8719838786,4577.196160478288,4730.262718043342,,,5716.077656034308,
2022-12-15,,,,,,,,3897.0,3927.25,3961.75,3996.0,4029.0,4062.0,4094.0,4117.0,4138.0,4160.0,,,4226.0,,3895.75,0.0432456,0.0450907,0.0469484,0.0477241,-0.05153051402169004,,,,,0.0027397260273972603,0.25205479452054796,0.5013698630136987,0.7506849315068493,1.0,1.2493150684931507,1.5178082191780822,1.7671232876712328,2.0164383561643837,2.265753424657534,,,3.0136986301369864,,,,,,0.0423,0.0451,0.047,0.0477,0.0477,0.0478,0.0486,0.0507,0.0546,0.0612,,,0.1023,,,,,,3896.7516088047155,3991.8005696537675,4093.0337598214546,4197.029725835785,4302.157879928877,4410.470280190091,4535.181625621257,4667.110471130688,4825.3914188403205,5029.425503393423,,,6193.40505258847,
2022-12-16,,,,,,,,3871.47,3879.0,3912.75,3947.0,3979.0,4012.0,4044.0,4067.0,4088.0,4110.0,,,4176.0,,3852.360107421875,0.0432102,0.0450553,0.0471028,0.0481063,-0.0002115671807167605,,,,,0.0,0.2493150684931507,0.4986301369863014,0.7479452054794521,0.9972602739726028,1.2465753424657535,1.515068493150685,1.7643835616438357,2.0136986301369864,2.263013698630137,,,3.010958904109589,,,,,,0.0423,0.045,0.0471,0.048,0.0481,0.0483,0.0492,0.0515,0.056,0.0633,,,0.1091,,,,,,3852.360107421875,3896.029276935615,3944.3214959635006,3993.8096941301096,4042.50755807179,4092.513376793041,4151.824532575911,4220.379337783647,4314.058598582797,4447.817480068099,,,5353.864367895664,
2022-12-19,,,,,,,,,3845.5,3878.75,3913.0,3945.0,3978.0,4005.0,4033.0,4054.0,4076.0,,,4142.0,,3817.659912109375,0.0432105,0.045075,0.0469961,0.0479031,0.0174161521754415,,,,,,0.2410958904109589,0.4904109589041096,0.7397260273972602,0.989041095890411,1.2383561643835617,1.5068493150684932,1.7561643835616438,2.0054794520547947,2.254794520547945,,,3.0027397260273974,,,,,,,0.045,0.0469,0.0478,0.0479,0.048,0.0488,0.0509,0.0549,0.0614,,,0.1025,,,,,,,3843.1333053214503,3873.2612349435367,3904.4361048803507,3934.51422608758,3965.0217593999073,4002.5368638607306,4048.881974910988,4115.707424871409,4215.685389724037,,,4928.9318256945935,
2022-12-20,,,,,,,,,3849.25,3882.75,3917.0,3949.0,3982.0,4012.0,4037.0,4058.0,4080.0,,,4146.0,,3821.6201171875,0.0432063,0.0452356,0.0471297,0.0479303,0.01740796352623112,,,,,,0.23835616438356164,0.4876712328767123,0.736986301369863,0.9863013698630136,1.2356164383561643,1.5041095890410958,1.7534246575342465,2.0027397260273974,2.252054794520548,,,3.0,,,,,,,0.0451,0.0471,0.0478,0.0479,0.048,0.0488,0.0507,0.0544,0.0606,,,0.0995,,,,,,,3846.9284117740854,3877.3595715891593,3908.184569528886,3938.2985285749596,3968.842419949516,4006.3937009445476,4051.3474310334186,4115.498085126085,4212.032372328564,,,4888.8180004827855,
2022-12-21,,,,,,,,,3905.75,3939.25,3972.5,4006.0,4039.0,4069.5,4093.0,4115.0,4139.0,,,4206.0,,3878.43994140625,0.04323349999999999,0.0453078,0.04731399999999999,0.0481402,0.0170569533318063,,,,,,0.2356164383561644,0.4849315068493151,0.7342465753424657,0.9835616438356164,1.2328767123287672,1.5013698630136987,1.7506849315068493,2.0,2.249315068493151,,,2.9972602739726026,,,,,,,0.0451,0.0472,0.048,0.0481,0.0482,0.049,0.051,0.0551,0.0618,,,0.1043,,,,,,,3904.1512050400916,3935.5486834785684,3967.5660532822485,3998.6857548089965,4030.2504999026874,4068.9758074431375,4115.896105992691,4185.051832459836,4289.088351606777,,,5037.566427479729,
2022-12-22,,,,,,,,,3849.25,3882.25,3916.0,3948.0,3980.5,4011.5,4034.0,4056.0,4079.0,,,4144.0,,3822.389892578125,0.0432336,0.04541070000000001,0.0471758,0.0477593,0.01735365324708146,,,,,,0.2328767123287671,0.4821917808219178,0.7315068493150685,0.9808219178082191,1.2301369863013698,1.4986301369863013,1.747945205479452,1.9972602739726026,2.2465753424657535,,,2.9945205479452053,,,,,,,0.0452,0.0471,0.0477,0.0478,0.0478,0.0483,0.05,0.0532,0.0586,,,0.0928,,,,,,,3847.257739311447,3877.6112128332693,3908.190244687774,3938.257228009896,3968.2652345123374,4003.8363188080643,4046.854362077068,4106.086305188653,4193.5132995589,,,4791.298637335539,
2022-12-23,,,,,,,,,3869.75,3903.0,3937.0,3969.0,4001.0,4032.0,4055.0,4077.0,4100.0,,,4165.0,,3844.820068359375,0.043225,0.04549660000000001,0.0473552,0.0480104,0.01727053205473633,,,,,,0.23013698630136986,0.4794520547945205,0.7287671232876712,0.9780821917808219,1.2273972602739727,1.4958904109589042,1.7452054794520548,1.9945205479452055,2.243835616438356,,,2.9917808219178084,,,,,,,0.0453,0.0473,0.0479,0.048,0.048,0.0486,0.0503,0.0537,0.0593,,,0.0949,,,,,,,3869.7016957829237,3900.5770187138423,3931.608205765531,3962.1339284856344,3992.605679902604,4029.2983587695308,4072.9600252178334,4134.581557060984,4225.0623695029935,,,4849.992502207064,
2022-12-27,,,,,,,,,3855.0,3888.75,3923.0,3957.0,3991.0,4024.0,4049.0,4073.0,4098.0,,,4169.0,,3829.25,0.0432245,0.0456074,0.0475765,0.0483579,0.01745443461975723,,,,,,0.2191780821917808,0.4684931506849315,0.7178082191780822,0.9671232876712329,1.2164383561643837,1.484931506849315,1.7342465753424658,1.9835616438356165,2.232876712328767,,,2.9808219178082194,,,,,,,0.0452,0.0474,0.0482,0.0484,0.0484,0.0491,0.0508,0.0542,0.0599,,,0.0963,,,,,,,3852.60745989667,3883.3502743846057,3914.698758811553,3945.5846299610125,3976.1433192918653,4013.487076784449,4057.221558421029,4118.776097978405,4209.924340022459,,,4843.771006664749,
2022-12-28,,,,,,,,,3807.5,3840.5,3874.0,3907.5,3940.5,3974.0,3998.0,4022.0,4048.0,,,4117.0,,3783.219970703125,0.0432304,0.0458023,0.04791400000000001,0.048916,0.01770901468330745,,,,,,0.21643835616438356,0.4657534246575342,0.7150684931506849,0.9643835616438357,1.2136986301369863,1.4821917808219178,1.7315068493150685,1.9808219178082191,2.23013698630137,,,2.978082191780822,,,,,,,0.0453,0.0477,0.0486,0.0489,0.0491,0.0498,0.0517,0.0551,0.0609,,,0.0971,,,,,,,3805.879997769953,3836.4363246190474,3867.7179706175657,3898.748345724055,3930.1385786288006,3967.5171093887866,4012.566714603602,4074.061340881989,4165.754055411826,,,4792.289972050889,
2022-12-29,,,,,,,,,3871.75,3905.5,3940.0,3974.0,4008.5,4042.5,4068.5,4092.5,4117.5,,,4189.0,,3849.280029296875,0.0433407,0.04592769999999999,0.0478703,0.0487542,0.01732460805623673,,,,,,0.2136986301369863,0.46301369863013697,0.7123287671232876,0.9616438356164384,1.210958904109589,1.4794520547945205,1.7287671232876711,1.978082191780822,2.2273972602739724,,,2.9753424657534246,,,,,,,0.0454,0.0477,0.0485,0.0487,0.0489,0.0496,0.0511,0.0541,0.0589,,,0.0895,,,,,,,3872.4438682274345,3903.7996497332024,3935.7176995498035,3967.1901672853824,3999.31312434045,4037.541714923791,4080.730075995282,4139.731262680427,4222.768854479843,,,4771.365985678021,
2022-12-30,,,,,,,,,3861.0,3894.75,3929.0,3964.0,3998.25,4031.0,4058.0,4081.0,4107.0,,,4176.0,,3839.5,0.0435806,0.0458745,0.0478131,0.0487193,0.01735274087027701,,,,,,0.21095890410958903,0.4602739726027397,0.7095890410958904,0.958904109589041,1.2082191780821918,1.4767123287671233,1.726027397260274,1.9753424657534246,2.2246575342465755,,,2.9726027397260273,,,,,,,0.0454,0.0476,0.0485,0.0487,0.0488,0.0495,0.0512,0.0545,0.0598,,,0.094,,,,,,,3862.2849675319653,3893.3274434115197,3925.304404552389,3956.6636811207964,3988.189351813981,4026.1653772397713,4070.4902484639565,4131.831240072665,4219.736834538169,,,4821.97696300301,
2023-01-03,,,,,,,,,3846.0,3879.25,3913.0,3948.0,3982.0,4015.0,4042.0,4065.0,4091.0,,,4160.0,,3824.139892578125,0.043597,0.0460284,0.0480829,0.049126,0.01759392527283588,,,,,,0.2,0.44931506849315067,0.6986301369863014,0.947945205479452,1.1972602739726028,1.4657534246575343,1.715068493150685,1.9643835616438357,2.213698630136986,,,2.9616438356164383,,,,,,,0.0454,0.0478,0.0488,0.0491,0.0493,0.05,0.0517,0.055,0.0605,,,0.095,,,,,,,3845.4660010759258,3876.39509234067,3908.4273529572133,3940.0744134277456,3972.0963413876907,4010.1670239873656,4054.5018492348204,4115.718630123517,4205.169896913268,,,4809.450331355413,
2023-01-04,,,,,,,,,3874.5,3908.0,3941.75,3977.0,4006.0,4039.0,4066.0,4089.0,4115.0,,,4184.0,,3852.969970703125,0.0436388,0.0460419,0.04801739999999999,0.0489302,0.01746456586418896,,,,,,0.19726027397260273,0.4465753424657534,0.6958904109589041,0.9452054794520548,1.1945205479452055,1.463013698630137,1.7123287671232876,1.9616438356164383,2.210958904109589,,,2.958904109589041,,,,,,,0.0454,0.0477,0.0487,0.0489,0.049,0.0497,0.0513,0.0544,0.0597,,,0.0932,,,,,,,3874.260567322603,3905.347122799706,3937.6366604548816,3969.1708400042235,4000.878635738106,4039.032380833317,4082.7944128593144,4142.495725932578,4230.09766329401,,,4820.791658969332,
2023-01-05,,,,,,,,,3829.0,3862.5,3896.5,3932.0,3961.0,3994.0,4021.0,4044.0,4070.0,,,4139.0,,3808.10009765625,0.0439661,0.0462549,0.0481427,0.0489416,0.01755587379398165,,,,,,0.19452054794520549,0.4438356164383562,0.6931506849315069,0.9424657534246575,1.1917808219178083,1.4602739726027398,1.7095890410958905,1.9589041095890412,2.208219178082192,,,2.956164383561644,,,,,,,0.0456,0.0479,0.0487,0.0489,0.049,0.0496,0.0511,0.0542,0.0593,,,0.0923,,,,,,,3828.9306537389643,3859.7337587963334,3891.2014856390742,3922.2723550143974,3953.5144175643795,3990.5282124254973,4032.8651282356705,4091.50442358833,4175.819317630149,,,4749.723123240557,
2023-01-06,,,,,,,,,3915.5,3949.25,3983.75,4019.0,4048.0,4081.0,4108.0,4131.0,4157.0,,,4226.0,,3895.080078125,0.0441291,0.0465554,0.0486308,0.049714,0.01719164010128361,,,,,,0.1917808219178082,0.4410958904109589,0.6904109589041096,0.9397260273972603,1.189041095890411,1.4575342465753425,1.7068493150684931,1.9561643835616438,2.2054794520547945,,,2.9534246575342467,,,,,,,0.0458,0.0483,0.0493,0.0497,0.0499,0.0506,0.0523,0.0556,0.061,,,0.0956,,,,,,,3916.509302763211,3948.8958493659684,3982.3902400942675,4015.9068613546174,4049.5502372494057,4089.4401048172226,4135.626871718193,4199.003788695291,4290.197099855278,,,4910.066187232153,
2023-01-09,,,,,,,,,3913.75,3947.5,3981.25,4017.0,4046.0,4079.0,4101.0,4129.0,4155.0,,,4224.0,,3892.090087890625,0.04433049999999999,0.0463503,0.048269,0.0491436,0.01715348308054487,,,,,,0.18356164383561643,0.4328767123287671,0.6821917808219178,0.9315068493150684,1.180821917808219,1.4493150684931506,1.6986301369863013,1.9479452054794522,2.197260273972603,,,2.9452054794520546,,,,,,,0.0456,0.0479,0.0489,0.0491,0.0492,0.0498,0.0514,0.0548,0.0604,,,0.0969,,,,,,,3912.4665268933054,3944.2379306140097,3977.301299716171,4009.653025700886,4042.193703677256,4080.670854005431,4125.216390534328,4188.23608473278,4280.073424102584,,,4922.498316816199,
2023-01-10,,,,,,,,,3940.75,3975.0,4009.75,4045.0,4074.0,4107.0,4129.0,4157.0,4183.0,,,4252.0,,3919.25,0.0442951,0.0462539,0.0480203,0.0485311,0.01707771846210266,,,,,,0.18082191780821918,0.4301369863013699,0.6794520547945205,0.9287671232876712,1.178082191780822,1.4465753424657535,1.6958904109589041,1.9452054794520548,2.1945205479452055,,,2.9424657534246577,,,,,,,0.0455,0.0477,0.0485,0.0486,0.0485,0.0488,0.0503,0.0535,0.0589,,,0.0951,,,,,,,3939.4443302121017,3971.214966816763,4003.825354417162,4035.6895031662557,4067.051701441171,4103.28954163543,4146.4048503099675,4206.9971643979015,4295.981991020181,,,4930.686364616341,
2023-01-11,,,,,,,,,3990.0,4024.5,4060.0,4095.0,4124.0,4157.0,4179.0,4202.0,4233.0,,,4302.0,,3969.610107421875,0.0443445,0.0463402,0.0481214,0.04868629999999999,0.01689734644052949,,,,,,0.1780821917808219,0.4273972602739726,0.6767123287671233,0.9260273972602739,1.1753424657534246,1.4438356164383561,1.6931506849315068,1.9424657534246574,2.191780821917808,,,2.9397260273972603,,,,,,,0.0455,0.0478,0.0486,0.0487,0.0486,0.049,0.0505,0.0536,0.0589,,,0.0943,,,,,,,3989.8813890126485,4022.387330310769,4055.6925278695267,4088.2541006397846,4120.313922186849,4157.936155707102,4202.006864500891,4262.950506749902,4352.404672762575,,,4983.888827797168,
2023-01-12,,,,,,,,,4003.5,4038.25,4073.25,4108.0,4137.0,4170.0,4192.0,4210.0,4246.0,,,4315.0,,3983.169921875,0.0447804,0.0465755,0.04823520000000001,0.04867009999999999,0.01677441920086405,,,,,,0.17534246575342466,0.4246575342465753,0.673972602739726,0.9232876712328767,1.1726027397260275,1.441095890410959,1.6904109589041096,1.9397260273972603,2.1890410958904107,,,2.936986301369863,,,,,,,0.0458,0.0479,0.0487,0.0487,0.0486,0.0489,0.0503,0.0533,0.0585,,,0.0935,,,,,,,4003.493608207306,4036.167800081693,4069.8043695759143,4102.327354997236,4134.62538528237,4171.91017947159,4215.423134754147,4275.613431369866,4364.121793168183,,,4989.920335680736,
2023-01-13,,,,,,,,,4018.25,4053.0,4088.5,4123.0,4152.0,4185.0,4207.0,4225.0,4261.0,,,4330.0,,3999.090087890625,0.04482820000000001,0.046319,0.0479159,0.0482233,0.01674530546881722,,,,,,0.1726027397260274,0.42191780821917807,0.6712328767123288,0.9205479452054794,1.16986301369863,1.4383561643835616,1.6876712328767123,1.936986301369863,2.186301369863014,,,2.9342465753424656,,,,,,,0.0456,0.0475,0.0483,0.0483,0.0481,0.0483,0.0497,0.0529,0.0586,,,0.0969,,,,,,,4019.0568333962196,4051.3202292337633,4084.696403001549,4116.957692443245,4148.503034758055,4184.778379434787,4227.8075422521115,4289.190434617516,4382.300580588196,,,5059.463728339569,
2023-01-17,,,,,,,,,4009.5,4044.5,4080.0,4114.5,4143.0,4176.0,4198.0,4216.0,4252.0,,,4321.0,,3990.969970703125,0.0448219,0.04632990000000001,0.04798040000000001,0.048395,0.01690594768022904,,,,,,0.16164383561643836,0.410958904109589,0.6602739726027397,0.9095890410958904,1.158904109589041,1.4273972602739726,1.6767123287671233,1.926027397260274,2.175342465753425,,,2.9232876712328766,,,,,,,0.0455,0.0475,0.0484,0.0485,0.0483,0.0485,0.05,0.0531,0.0588,,,0.0969,,,,,,,4009.459138641284,4041.464797905641,4074.8299054306526,4107.324755645288,4138.845971090095,4175.071840694263,4218.685165394914,4279.1099748607185,4371.7710991943195,,,5042.388752869156,
2023-01-18,,,,,,,,,3945.75,3979.75,4015.0,4049.5,4078.0,4111.0,4133.0,4151.0,4187.0,,,4256.0,,3928.860107421875,0.0448827,0.0463904,0.0480054,0.0484406,0.01720656589544161,,,,,,0.1589041095890411,0.40821917808219177,0.6575342465753424,0.9068493150684932,1.1561643835616437,1.4246575342465753,1.673972602739726,1.9232876712328768,2.1726027397260275,,,2.9205479452054797,,,,,,,0.0456,0.0475,0.0484,0.0485,0.0483,0.0486,0.05,0.053,0.0584,,,0.0947,,,,,,,3946.6265189446744,3977.7474652686265,4010.276076671162,4041.9520828153554,4072.668582130224,4108.566676732574,4150.565728397028,4208.854015650954,4296.695773751837,,,4926.715922227495,
2023-01-19,,,,,,,,,3915.5,3949.25,3984.5,4019.5,4048.0,4081.0,4097.0,4121.0,4157.0,,,4226.0,,3898.85009765625,0.04511560000000001,0.04653470000000001,0.0479682,0.0480515,0.0172319179934367,,,,,,0.15616438356164383,0.4054794520547945,0.6547945205479452,0.9041095890410958,1.1534246575342466,1.4219178082191781,1.6712328767123288,1.9205479452054794,2.16986301369863,,,2.9178082191780823,,,,,,,0.0458,0.0476,0.0483,0.0482,0.0478,0.0479,0.0491,0.0519,0.0569,,,0.092,,,,,,,3916.282961400842,3947.1559075117093,3978.977484183875,4009.554760265904,4038.7677877776496,4072.630702305674,4112.127972033505,4167.279298895096,4249.307238208031,,,4849.330174765908,
2023-01-20,,,,,,,,,3988.5,4023.0,4058.25,4092.75,4121.0,4154.0,4170.0,4194.0,4230.0,,,4299.0,,3972.610107421875,0.0452038,0.0465863,0.0480453,0.04817879999999999,0.01693480561143459,,,,,,0.15342465753424658,0.40273972602739727,0.6520547945205479,0.9013698630136986,1.1506849315068493,1.4191780821917808,1.6684931506849314,1.917808219178082,2.1671232876712327,,,2.915068493150685,,,,,,,0.0458,0.0476,0.0484,0.0483,0.048,0.0481,0.0492,0.0521,0.0573,,,0.0931,,,,,,,3990.2423524557394,4021.9764194590293,4054.9581516082894,4086.5250072198364,4117.184629962306,4152.258060620527,4192.333886315657,4249.763929037163,4335.7720411861565,,,4960.220001498978,
2023-01-23,,,,,,,,,4036.5,4071.5,4106.5,4140.75,4169.0,4202.0,4223.0,4247.0,4283.0,,,4352.0,,4019.81005859375,0.045301,0.0465947,0.0481096,0.0484049,0.01689646151457238,,,,,,0.14520547945205478,0.39452054794520547,0.6438356164383562,0.8931506849315068,1.1424657534246576,1.4109589041095891,1.6602739726027398,1.9095890410958904,2.158904109589041,,,2.9068493150684933,,,,,,,0.0458,0.0476,0.0485,0.0485,0.0483,0.0484,0.0496,0.0526,0.0579,,,0.0945,,,,,,,4036.71646198337,4068.7988344925393,4102.440892052627,4134.892681509589,4166.649016805847,4202.522123047686,4244.107227781153,4303.435848725874,4391.8799065535795,,,5037.029105574443,
2023-01-24,,,,,,,,,4032.75,4067.5,4103.0,4137.25,4165.0,4198.0,4219.0,4243.0,4279.0,,,4348.0,,4016.949951171875,0.0453436,0.0466591,0.0481919,0.0485099,0.0169611890913481,,,,,,0.14246575342465753,0.3917808219178082,0.6410958904109589,0.8904109589041096,1.1397260273972603,1.4082191780821918,1.6575342465753424,1.906849315068493,2.1561643835616437,,,2.904109589041096,,,,,,,0.0458,0.0476,0.0486,0.0486,0.0484,0.0485,0.0498,0.0527,0.058,,,0.0945,,,,,,,4033.487712257073,4065.4587674972827,4099.259746173244,4131.722705606247,4163.493589936982,4199.378148388208,4241.658505596537,4300.242528762862,4388.595825783584,,,5031.429307598298,
2023-01-25,,,,,,,,,4032.0,4066.75,4102.0,4136.25,4164.0,4197.0,4218.0,4242.0,4278.0,,,4347.0,,4016.219970703125,0.04538039999999999,0.0466931,0.0482458,0.04858660000000001,0.01699228352894287,,,,,,0.13972602739726028,0.38904109589041097,0.6383561643835617,0.8876712328767123,1.1369863013698631,1.4054794520547946,1.6547945205479453,1.904109589041096,2.1534246575342464,,,2.9013698630136986,,,,,,,0.0458,0.0477,0.0486,0.0487,0.0485,0.0486,0.0499,0.0528,0.0582,,,0.095,,,,,,,4032.418589625017,4064.487741220538,4098.0782123284735,4130.866462741055,4162.704555185008,4198.658840051288,4240.989706590051,4299.6041948994725,4388.901057668403,,,5036.2934861874,
2023-01-26,,,,,,,,,4075.5,4111.0,4147.0,4181.25,4214.0,4247.0,4268.0,4292.0,4328.0,,,4397.0,,4060.429931640625,0.0455338,0.046702,0.0481764,0.0483021,0.01678630749317151,,,,,,0.136986301369863,0.3863013698630137,0.6356164383561644,0.8849315068493151,1.1342465753424658,1.4027397260273973,1.652054794520548,1.9013698630136986,2.1506849315068495,,,2.8986301369863012,,,,,,,0.0459,0.0476,0.0485,0.0485,0.0481,0.0481,0.0493,0.0523,0.0578,,,0.0963,,,,,,,4076.6559797998593,4109.051544542309,4143.109557627333,4175.997735011152,4207.237729052124,4242.75924512642,4284.49745057937,4344.077951716717,4434.861529036324,,,5112.914776231647,
2023-01-27,,,,,,,,,4084.25,4120.0,4156.0,4192.25,4224.0,4256.0,4277.0,4301.0,4337.0,,,4406.0,,4070.56005859375,0.0456144,0.04675989999999999,0.04823769999999999,0.0483591,0.01680021004254156,,,,,,0.13424657534246576,0.3835616438356164,0.6328767123287671,0.8821917808219178,1.1315068493150684,1.4,1.6493150684931508,1.8986301369863015,2.147945205479452,,,2.8958904109589043,,,,,,,0.046,0.0476,0.0486,0.0485,0.0482,0.0482,0.0494,0.0524,0.0579,,,0.0967,,,,,,,4086.5478546260633,4118.933269171909,4153.311396944527,4186.001116205953,4217.783166077086,4253.49204182942,4295.413911449349,4355.203907183578,4446.248439484311,,,5130.2871490872885,
2023-01-30,,,,,,,,,4032.5,4068.0,4103.75,4140.25,4172.0,4204.0,4225.0,4249.0,4285.0,,,4354.0,,4017.77001953125,0.0456776,0.0468165,0.0482664,0.0484476,0.01707533825932264,,,,,,0.12602739726027398,0.37534246575342467,0.6246575342465753,0.873972602739726,1.1232876712328768,1.3917808219178083,1.641095890410959,1.8904109589041096,2.1397260273972605,,,2.8876712328767122,,,,,,,0.046,0.0476,0.0486,0.0486,0.0483,0.0483,0.0494,0.0522,0.0575,,,0.0941,,,,,,,4032.4427228774966,4064.0671326904453,4097.672561820795,4130.005414043012,4161.190889326842,4196.223325680979,4236.658617917207,4293.606572683486,4380.770964020895,,,5018.589545218311,
2023-01-31,,,,,,,,,4090.0,4125.5,4161.75,4198.25,4230.0,4262.0,4283.0,4307.0,4343.0,,,4412.0,,4076.60009765625,0.0457248,0.0468549,0.04835829999999999,0.0486977,0.01686466738704826,,,,,,0.1232876712328767,0.3726027397260274,0.6219178082191781,0.8712328767123287,1.1205479452054794,1.389041095890411,1.6383561643835616,1.8876712328767122,2.136986301369863,,,2.884931506849315,,,,,,,0.046,0.0477,0.0487,0.0488,0.0486,0.0487,0.0499,0.0527,0.058,,,0.0946,,,,,,,4091.269687543326,4123.707597651845,4158.116851710355,4191.6164340605865,4224.176342876679,4260.914961539554,4303.320665462935,4361.903994908312,4451.178862066974,,,5101.448106480076,
2023-02-01,,,,,,,,,4132.25,4168.25,4204.5,4241.0,4273.0,4305.0,4326.0,4350.0,4386.0,,,4455.0,,4119.2099609375,0.0457172,0.046843,0.0482884,0.0484728,0.0167119513038697,,,,,,0.12054794520547946,0.3698630136986301,0.6191780821917808,0.8684931506849315,1.1178082191780823,1.3863013698630138,1.6356164383561644,1.884931506849315,2.1342465753424658,,,2.882191780821918,,,,,,,0.046,0.0476,0.0486,0.0486,0.0483,0.0483,0.0494,0.0522,0.0573,,,0.0937,,,,,,,4133.779005365654,4166.539081359945,4201.349439298574,4234.8840121250505,4267.255021351655,4303.600264072448,4345.437732948782,4404.179291208198,4491.947241648757,,,5142.584165662995,
2023-02-02,,,,,,,,,4191.5,4228.25,4265.5,4302.0,4336.0,4366.0,4387.0,4411.0,4447.0,,,4516.0,,4179.759765625,0.0456713,0.0469729,0.0483454,0.0483992,0.01658589357289179,,,,,,0.1178082191780822,0.36712328767123287,0.6164383561643836,0.8657534246575342,1.115068493150685,1.3835616438356164,1.632876712328767,1.8821917808219177,2.1315068493150684,,,2.8794520547945206,,,,,,,0.046,0.0477,0.0486,0.0486,0.0482,0.0482,0.0491,0.0516,0.0562,,,0.0892,,,,,,,4194.268691192782,4227.777687385976,4263.065471245263,4297.227704193222,4329.7320875821,4366.6400128951855,4407.666009249913,4464.499151304626,4548.017900222528,,,5151.781671640608,
2023-02-03,,,,,,,,,4147.75,4184.75,4222.75,4261.0,4296.0,4329.0,4355.0,4379.0,4415.0,,,4484.0,,4136.47998046875,0.0456702,0.04692179999999999,0.0481482,0.0479047,0.01672896225463558,,,,,,0.11506849315068493,0.3643835616438356,0.6136986301369863,0.863013698630137,1.1123287671232878,1.3808219178082193,1.63013698630137,1.8794520547945206,2.128767123287671,,,2.8767123287671232,,,,,,,0.0459,0.0476,0.0483,0.0482,0.0477,0.0475,0.0482,0.0505,0.0548,,,0.0867,,,,,,,4150.388097193972,4183.273519142697,4217.406149386231,4250.366083809346,4281.464637768916,4316.023547581372,4354.22780603289,4407.537864565171,4485.677545855799,,,5058.812271774853,
2023-02-06,,,,,,,,,4123.5,4160.5,4199.75,4239.0,4277.0,4311.0,4339.0,4365.0,4401.0,,,4470.0,,4111.080078125,0.0456598,0.04707099999999999,0.0487069,0.0490158,0.01688999028103858,,,,,,0.10684931506849316,0.3561643835616438,0.6054794520547945,0.8547945205479452,1.104109589041096,1.3726027397260274,1.621917808219178,1.8712328767123287,2.1205479452054794,,,2.8684931506849316,,,,,,,0.0459,0.0479,0.0491,0.0492,0.0489,0.0489,0.05,0.0529,0.0582,,,0.0956,,,,,,,4123.842962015279,4156.737233695808,4192.043340188168,4226.204064893203,4258.974252081457,4295.735617464359,4337.887598254787,4397.643814509116,4487.454627686297,,,5152.411772962599,
2023-02-07,,,,,,,,,4175.75,4213.5,4253.5,4294.0,4332.0,4364.0,4392.0,4418.0,4454.0,,,4523.0,,4164.0,0.0456545,0.0472335,0.0493219,0.0503191,0.01670361674558534,,,,,,0.10410958904109589,0.35342465753424657,0.6027397260273972,0.852054794520548,1.1013698630136985,1.36986301369863,1.6191780821917807,1.8684931506849316,2.117808219178082,,,2.8657534246575342,,,,,,,0.0459,0.0482,0.0498,0.0503,0.0503,0.0507,0.0523,0.0558,0.062,,,0.105,,,,,,,4176.676247846401,4210.610921736506,4247.899628542707,4284.920977330512,4320.962570906513,4362.50545855503,4411.05122612603,4479.571860825829,4583.2355630004895,,,5362.937218129894,
2023-02-08,,,,,,,,,4130.5,4167.75,4207.0,4247.0,4285.0,4317.0,4345.0,4371.0,4407.0,,,4476.0,,4117.85986328125,0.0456113,0.0472794,0.0494159,0.0504513,0.01687143808885621,,,,,,0.10136986301369863,0.3506849315068493,0.6,0.8493150684931506,1.0986301369863014,1.367123287671233,1.6164383561643836,1.8657534246575342,2.115068493150685,,,2.863013698630137,,,,,,,0.0458,0.0482,0.0499,0.0504,0.0505,0.0509,0.0524,0.0559,0.0621,,,0.1051,,,,,,,4129.953145934032,4163.349973622691,4200.278005510669,4236.806877500719,4272.840930526449,4313.953707611833,4361.270037521304,4428.900020193442,4531.237513742034,,,5301.199730052122,
2023-02-09,,,,,,,,,4091.75,4129.0,4168.0,4207.5,4245.5,4278.0,4311.0,4332.0,4368.0,,,4437.0,,4081.5,0.0455999,0.0475312,0.0496519,0.0507465,0.01691593967095193,,,,,,0.09863013698630137,0.34794520547945207,0.5972602739726027,0.8465753424657534,1.095890410958904,1.3643835616438356,1.6136986301369862,1.8630136986301369,2.1123287671232878,,,2.8602739726027395,,,,,,,0.0458,0.0485,0.0501,0.0507,0.0508,0.0512,0.0527,0.0558,0.0614,,,0.0998,,,,,,,4093.144113899,4126.601101395247,4163.200331127932,4199.919340038711,4235.90832111309,4276.954437378203,4324.122618556894,4388.142886785529,4483.614495753164,,,5173.428845976988,
2023-02-10,,,,,,,,,4099.75,4136.75,4175.75,4215.75,4254.75,4292.0,4320.0,4346.0,4377.0,,,4446.0,,4090.4599609375,0.0456153,0.0475583,0.0495919,0.0506501,0.01669502099695735,,,,,,0.0958904109589041,0.3452054794520548,0.5945205479452055,0.8438356164383561,1.093150684931507,1.3616438356164384,1.610958904109589,1.8602739726027397,2.1095890410958904,,,2.8575342465753426,,,,,,,0.0458,0.0485,0.05,0.0506,0.0507,0.0511,0.0525,0.0554,0.0606,,,0.096,,,,,,,4101.8919234285195,4135.617600794555,4172.260261007734,4209.179150163876,4245.374297910563,4286.646609619446,4333.336386434121,4395.842855157398,4487.42430709696,,,5130.864261620437,
2023-02-13,,,,,,,,,4147.25,4185.0,4224.75,4265.75,4305.75,4341.0,4369.0,4395.0,4426.0,,,4495.0,,4137.2900390625,0.0456247,0.04760830000000001,0.0497567,0.0509713,0.01762938770917351,,,,,,0.08767123287671233,0.336986301369863,0.5863013698630137,0.8356164383561644,1.084931506849315,1.3534246575342466,1.6027397260273972,1.8520547945205479,2.1013698630136988,,,2.8493150684931505,,,,,,,0.0457,0.0485,0.0502,0.0508,0.051,0.0515,0.0529,0.056,0.0613,,,0.098,,,,,,,4147.484387488646,4180.55480846415,4217.055721312249,4253.571157551513,4289.824496716567,4331.3631833378995,4377.906337845724,4442.00330733375,4534.927524793374,,,5201.9949187276825,
2023-02-14,,,,,,,,,4145.5,4183.5,4223.75,4265.25,4306.0,4348.0,4384.0,4415.0,4446.0,,,4515.0,,4136.1298828125,0.0456175,0.0476868,0.0499157,0.0512961,0.01755912836009171,,,,,,0.08493150684931507,0.33424657534246577,0.5835616438356165,0.8328767123287671,1.082191780821918,1.3506849315068492,1.6,1.8493150684931507,2.0986301369863014,,,2.8465753424657536,,,,,,,0.0456,0.0486,0.0504,0.0511,0.0514,0.0519,0.0534,0.0565,0.0619,,,0.0982,,,,,,,4145.992036297505,4179.266884851197,4216.161903892821,4253.303395780829,4290.41237426996,4332.497811937988,4380.250586747428,4444.97604796967,4539.494350179176,,,5203.392707139769,
2023-02-15,,,,,,,,,4158.25,4196.25,4236.5,4278.0,4318.75,4361.0,4397.0,4428.0,4459.0,,,4528.0,,4147.60009765625,0.0456391,0.0477494,0.05008,0.0516592,0.01725529606800997,,,,,,0.0821917808219178,0.3315068493150685,0.5808219178082191,0.8301369863013699,1.0794520547945206,1.347945205479452,1.5972602739726027,1.8465753424657534,2.095890410958904,,,2.8438356164383563,,,,,,,0.0456,0.0486,0.0506,0.0514,0.0518,0.0524,0.054,0.0572,0.0627,,,0.0996,,,,,,,4157.274032942073,4190.922435146154,4228.71097313503,4266.844917259419,4305.181205608098,4348.813339684667,4398.311569683945,4465.096303326918,4562.072411307249,,,5242.008252030407,
2023-02-16,,,,,,,,,4099.75,4137.5,4177.5,4218.75,4259.75,4302.0,4338.0,4369.0,4400.0,,,4469.0,,4090.409912109375,0.0456327,0.0480364,0.0502844,0.0519136,0.01744143878948546,,,,,,0.07945205479452055,0.3287671232876712,0.5780821917808219,0.8273972602739726,1.0767123287671232,1.3452054794520547,1.5945205479452054,1.8438356164383563,2.0931506849315067,,,2.841095890410959,,,,,,,0.0456,0.0489,0.0507,0.0516,0.0521,0.0528,0.0542,0.0569,0.0614,,,0.0912,,,,,,,4099.571448907942,4132.934670948697,4169.813747738924,4207.665109410417,4245.936840854483,4289.669620038213,4337.323571145184,4399.101381442162,4484.634868759114,,,5044.0046156529825,
2023-02-17,,,,,,,,,4087.5,4125.0,4165.25,4206.25,4246.75,4289.0,4325.0,4356.0,4387.0,,,4456.0,,4079.090087890625,0.045635,0.0481094,0.05035129999999999,0.0518677,0.01732186598109208,,,,,,0.07671232876712329,0.32602739726027397,0.5753424657534246,0.8246575342465754,1.073972602739726,1.3424657534246576,1.5917808219178082,1.841095890410959,2.0904109589041098,,,2.8383561643835615,,,,,,,0.0455,0.049,0.0508,0.0516,0.052,0.0526,0.054,0.0567,0.0612,,,0.0911,,,,,,,4087.917027726253,4121.436985562394,4158.420597189375,4196.041862922974,4233.873570446837,4276.922173808838,4324.331215553559,4385.803584355852,4470.933743971172,,,5029.308841225418,
2023-02-21,,,,,,,,,4005.75,4042.5,4082.25,4123.25,4163.75,4206.0,4242.0,4273.0,4304.0,,,4373.0,,3997.340087890625,0.04560819999999999,0.04827969999999999,0.05065699999999999,0.05222839999999999,0.01793376352165244,,,,,,0.06575342465753424,0.3150684931506849,0.5643835616438356,0.8136986301369863,1.063013698630137,1.3315068493150686,1.5808219178082192,1.83013698630137,2.0794520547945203,,,2.8273972602739725,,,,,,,0.0453,0.0491,0.051,0.0519,0.0523,0.053,0.0544,0.0571,0.0617,,,0.0929,,,,,,,4004.5394720842396,4036.785314779454,4072.6390404407375,4109.360589153299,4146.070184205801,4188.405430331321,4234.5445912221585,4294.386651027241,4378.205565810529,,,4941.10254492241,
2023-02-22,,,,,,,,,3999.0,4035.5,4075.5,4116.25,4156.75,4199.0,4235.0,4266.0,4297.0,,,4366.0,,3991.050048828125,0.0457455,0.0484658,0.0509536,0.0526483,0.01797621057198893,,,,,,0.06301369863013699,0.31232876712328766,0.5616438356164384,0.810958904109589,1.0602739726027397,1.3287671232876712,1.5780821917808219,1.8273972602739725,2.0767123287671234,,,2.824657534246575,,,,,,,0.0454,0.0493,0.0513,0.0523,0.0528,0.0535,0.0549,0.0578,0.0627,,,0.0955,,,,,,,3997.9528428088624,4030.2873935207685,4066.4503430431137,4103.7022294957005,4141.164895440915,4183.95599766765,4230.512486668903,4292.323737755146,4379.492330119512,,,4968.075403241492,
2023-02-23,,,,,,,,,4018.75,4055.5,4095.5,4136.0,4176.75,4219.0,4255.0,4286.0,4317.0,,,4386.0,,4012.320068359375,0.0460482,0.0487333,0.0510905,0.0526923,0.01781682303311366,,,,,,0.06027397260273973,0.3095890410958904,0.5589041095890411,0.8082191780821918,1.0575342465753426,1.326027397260274,1.5753424657534247,1.8246575342465754,2.073972602739726,,,2.8219178082191783,,,,,,,0.0456,0.0495,0.0514,0.0523,0.0528,0.0535,0.0548,0.0574,0.0619,,,0.0917,,,,,,,4019.044738368209,4051.869619531377,4088.341637775772,4125.716120216499,4163.539493803245,4206.733748847739,4253.026358462149,4312.834681955853,4396.448016567538,,,4942.453646596677,
2023-02-24,,,,,,,,,3975.75,4012.25,4051.75,4093.0,4134.0,4176.0,4211.0,4242.0,4272.0,,,4341.0,,3970.0400390625,0.0461761,0.0489047,0.0512926,0.0529065,0.0180071167510637,,,,,,0.057534246575342465,0.30684931506849317,0.5561643835616439,0.8054794520547945,1.0547945205479452,1.3232876712328767,1.5726027397260274,1.821917808219178,2.0712328767123287,,,2.819178082191781,,,,,,,0.0457,0.0496,0.0516,0.0525,0.053,0.0537,0.055,0.0577,0.0621,,,0.0922,,,,,,,3976.3705026643793,4008.7137715472295,4044.910180753544,4081.88743781361,4119.313328222208,4162.051627587174,4207.847732768223,4267.778144310002,4349.682306602652,,,4893.653347470932,
2023-02-27,,,,,,,,,3988.0,4024.5,4063.75,4105.75,4148.0,4190.0,4225.0,4257.0,4282.5,,,4352.0,,3982.239990234375,0.0466517,0.0490629,0.0515606,0.0533373,0.01797821291404146,,,,,,0.049315068493150684,0.29863013698630136,0.547945205479452,0.7972602739726027,1.0465753424657533,1.3150684931506849,1.5643835616438355,1.8136986301369864,2.063013698630137,,,2.8109589041095893,,,,,,,0.0461,0.0497,0.0519,0.0529,0.0534,0.0541,0.0556,0.0586,0.0638,,,0.099,,,,,,,3987.7665028583488,4020.1433219303935,4056.951190383407,4094.6704019185586,4132.638403177371,4175.9717959202135,4223.648710724676,4286.712628742202,4377.0520377587445,,,5000.777430413598,
2023-02-28,,,,,,,,,3975.5,4011.75,4052.0,4092.75,4135.0,4177.0,4212.0,4244.0,4269.0,,,4339.0,,3970.14990234375,0.0466078,0.0489392,0.0514972,0.0533455,0.01796766951726398,,,,,,0.04657534246575343,0.2958904109589041,0.5452054794520548,0.7945205479452054,1.0438356164383562,1.3123287671232877,1.5616438356164384,1.810958904109589,2.0602739726027397,,,2.808219178082192,,,,,,,0.0461,0.0495,0.0518,0.0529,0.0534,0.0541,0.0557,0.0589,0.0643,,,0.1015,,,,,,,3975.3552917710026,4007.365195924367,4044.0611601658616,4081.8826145178787,4119.737226263668,4162.939142654685,4211.118604001103,4275.626413451565,4367.807414338461,,,5019.754083808292,
2023-03-01,,,,,,,,,3956.5,3992.75,4033.0,4073.75,4116.0,4158.0,4193.0,4225.0,4250.0,,,4320.0,,3951.389892578125,0.0466414,0.049056,0.0515671,0.0534352,0.01804419651000888,,,,,,0.043835616438356165,0.29315068493150687,0.5424657534246575,0.7917808219178082,1.0410958904109588,1.3095890410958904,1.558904109589041,1.8082191780821917,2.0575342465753423,,,2.8054794520547945,,,,,,,0.046,0.0496,0.0519,0.053,0.0535,0.0543,0.0558,0.0587,0.0638,,,0.0981,,,,,,,3956.23513057384,3988.1122313431442,4024.6300858382606,4062.28134475423,4099.97255532289,4143.527969461845,4190.940055876644,4252.8187233916115,4341.463578011995,,,4946.411183853757,
2023-03-02,,,,,,,,,3984.75,4021.0,4061.0,4102.25,4144.0,4186.0,4221.0,4253.0,4278.0,,,4348.0,,3981.35009765625,0.0469844,0.0492926,0.0518706,0.0538448,0.01777237280290885,,,,,,0.0410958904109589,0.29041095890410956,0.5397260273972603,0.7890410958904109,1.0383561643835617,1.3068493150684932,1.5561643835616439,1.8054794520547945,2.0547945205479454,,,2.802739726027397,,,,,,,0.0464,0.0498,0.0522,0.0533,0.0539,0.0547,0.0563,0.0594,0.0648,,,0.1012,,,,,,,3986.036824154015,4018.5540795117467,4056.0211012392956,4094.5373848415707,4133.540595239923,4178.1970536076515,4227.354161068094,4292.111520761285,4385.2783122648925,,,5030.135425381029,
2023-03-03,,,,,,,,,4049.75,4086.75,4128.0,4170.5,4212.75,4252.0,4289.0,4321.0,4346.0,,,4416.0,,4045.639892578125,0.0470788,0.0493983,0.0520289,0.05403579999999999,0.01743372926535687,,,,,,0.038356164383561646,0.2876712328767123,0.536986301369863,0.7863013698630137,1.0356164383561643,1.3041095890410959,1.5534246575342465,1.8027397260273972,2.052054794520548,,,2.8,,,,,,,0.0464,0.0499,0.0523,0.0535,0.0541,0.0549,0.0565,0.0597,0.0652,,,0.1027,,,,,,,4050.1372381572337,4083.601597846122,4122.098759205363,4162.0123261153,4202.2156595291835,4248.219076955437,4298.7584124039195,4365.945681464145,4462.275047648369,,,5136.56870551314,
2023-03-06,,,,,,,,,4052.5,4089.75,4131.25,4174.25,4216.25,4255.0,4292.0,4324.0,4349.0,,,4419.0,,4048.419921875,0.0472431,0.0494168,0.0519877,0.05380989999999999,0.01755163159237955,,,,,,0.030136986301369864,0.27945205479452057,0.5287671232876713,0.7780821917808219,1.0273972602739727,1.295890410958904,1.5452054794520549,1.7945205479452055,2.043835616438356,,,2.791780821917808,,,,,,,0.0465,0.0498,0.0522,0.0534,0.0539,0.0545,0.056,0.0592,0.0648,,,0.1036,,,,,,,4051.9533716423125,4085.068656148103,4123.2742983402895,4162.9320233259,4202.463396648479,4246.97811626313,4296.227412970056,4362.58824385582,4458.866387044915,,,5147.724883765086,
2023-03-07,,,,,,,,,3989.75,4027.0,4068.25,4111.0,4153.0,4202.0,4239.0,4271.0,4296.0,,,4366.0,,3986.3701171875,0.0473354,0.0495659,0.0521501,0.0538796,0.01786199806904179,,,,,,0.0273972602739726,0.27671232876712326,0.5260273972602739,0.7753424657534247,1.0246575342465754,1.2931506849315069,1.5424657534246575,1.7917808219178082,2.041095890410959,,,2.789041095890411,,,,,,,0.0466,0.0499,0.0523,0.0535,0.0539,0.0545,0.056,0.0591,0.0647,,,0.1043,,,,,,,3989.5099917920497,4021.867640328589,4059.2425991995574,4098.056053818073,4136.324873879189,4179.783826530582,4227.909376502837,4292.076003376476,4386.281919330408,,,5073.141299294897,
2023-03-08,,,,,,,,,3995.0,4032.75,4075.0,4118.75,4162.0,4210.0,4247.0,4279.0,4304.0,,,4374.0,,3992.010009765625,0.0477646,0.05040219999999999,0.053152,0.0550783,0.01778941907294005,,,,,,0.024657534246575342,0.273972602739726,0.5232876712328767,0.7726027397260274,1.021917808219178,1.2904109589041095,1.5397260273972602,1.789041095890411,2.0383561643835617,,,2.786301369863014,,,,,,,0.0468,0.0507,0.0533,0.0546,0.0551,0.0558,0.0573,0.0605,0.066,,,0.104,,,,,,,3994.8666334532845,4028.1671193877964,4066.8840440597864,4107.172442599146,4147.157720552438,4192.6967224579075,4242.405043676072,4308.999964565177,4404.228934075446,,,5075.898358097262,
2023-03-09,,,,,,,,,3920.0,3956.25,3996.5,4038.25,4081.0,4123.0,4159.0,4189.0,4226.5,,,4295.0,,3918.320068359375,0.0484703,0.0510713,0.05389,0.0557989,0.01797074341214892,,,,,,0.021917808219178082,0.27123287671232876,0.5205479452054794,0.7698630136986301,1.0191780821917809,1.2876712328767124,1.536986301369863,1.7863013698630137,2.0356164383561643,,,2.7835616438356166,,,,,,,0.0475,0.0514,0.0541,0.0553,0.0558,0.0565,0.058,0.0613,0.0671,,,0.1078,,,,,,,3920.8568909323935,3954.0094763226043,3992.7092808703887,4032.5600480639832,4072.3399361509028,4117.62286893722,4166.962807799746,4233.639895163794,4330.449426474826,,,5031.450342851373,
2023-03-10,,,,,,,,,3862.75,3897.5,3934.5,3969.5,4006.0,4043.0,4069.0,4099.0,4136.5,,,4205.0,,3861.590087890625,0.04860299999999999,0.0511987,0.0539145,0.0555892,0.01819917448154192,,,,,,0.019178082191780823,0.2684931506849315,0.5178082191780822,0.7671232876712328,1.0164383561643835,1.284931506849315,1.5342465753424657,1.7835616438356163,2.032876712328767,,,2.780821917808219,,,,,,,0.0476,0.0515,0.054,0.0552,0.0556,0.0561,0.0575,0.0607,0.0663,,,0.1061,,,,,,,3863.7680650244974,3896.271546264777,3933.843745649177,3972.7686057368837,4011.216942173808,4054.303880317892,4101.59611986082,4165.689802474413,4258.266218864375,,,4930.870678696218,
2023-03-13,,,,,,,,,3856.75,3888.75,3919.25,3942.0,3972.0,4009.0,4024.0,4054.0,4091.5,,,4160.0,,3855.760009765625,0.0482709,0.0503274,0.0522223,0.0527559,0.01838527111678387,,,,,,0.010958904109589041,0.2602739726027397,0.5095890410958904,0.7589041095890411,1.0082191780821919,1.2767123287671234,1.526027397260274,1.7753424657534247,2.0246575342465754,,,2.7726027397260276,,,,,,,0.0473,0.0504,0.0523,0.0528,0.0528,0.0527,0.0534,0.0555,0.0597,,,0.0912,,,,,,,3856.9819924619237,3888.0227477831163,3922.9766332038544,3957.7893160413855,3991.8936860702725,4028.4358501469974,4067.3902284114592,4118.37838896576,4192.160836585722,,,4718.327782587183,
2023-03-14,,,,,,,,,3920.5,3954.25,3986.25,4012.0,4042.0,4074.0,4094.0,4124.0,4161.5,,,4230.0,,3919.2900390625,0.0465951,0.0474285,0.04701139999999999,0.0451086,0.0178217064565374,,,,,,0.00821917808219178,0.25753424657534246,0.5068493150684932,0.7561643835616438,1.0054794520547945,1.273972602739726,1.5232876712328767,1.7726027397260273,2.021917808219178,,,2.76986301369863,,,,,,,0.0461,0.0474,0.047,0.046,0.0451,0.0441,0.0431,0.0422,0.0414,,,0.0394,,,,,,,3920.2010832961637,3949.2589292291927,3977.6831354079304,4003.69604959742,4028.2751769996844,4052.7203659830993,4073.1499264425606,4092.3670964906723,4110.66122070542,,,4160.68382635858,
2023-03-15,,,,,,,,,3892.75,3925.0,3953.25,3982.0,4012.0,4044.0,4064.0,4094.0,4131.5,,,4200.0,,3891.929931640625,0.0474343,0.048773,0.0484506,0.0472867,0.01792880357517455,,,,,,0.005479452054794521,0.2547945205479452,0.5041095890410959,0.7534246575342466,1.0027397260273974,1.2712328767123289,1.5205479452054795,1.7698630136986302,2.0191780821917806,,,2.767123287671233,,,,,,,0.0467,0.0488,0.0484,0.0477,0.0473,0.0468,0.046,0.0448,0.0429,,,0.0306,,,,,,,3892.543544284394,3922.6638346863015,3952.174695728682,3980.213712476511,4008.2583746676582,4037.425252526908,4061.647831219723,4081.4956318299023,4093.1975165039034,,,4030.8123192391795,
2023-03-16,,,,,,,,,3960.5,3994.5,4027.75,4057.0,4090.0,4124.0,4144.0,4174.0,4206.5,4231.0,,4275.0,,3960.280029296875,0.0469112,0.0473006,0.0448457,0.04166470000000001,0.01748952394688525,,,,,,0.0027397260273972603,0.25205479452054796,0.5013698630136987,0.7506849315068493,1.0,1.2684931506849315,1.5178082191780822,1.7671232876712328,2.0164383561643837,2.265753424657534,,2.7643835616438355,,,,,,,0.0466,0.0473,0.0448,0.0428,0.0417,0.0404,0.0383,0.0342,0.0273,0.0165,,-0.0199,,,,,,,3960.5958929526723,3990.1491479880538,4014.879710290134,4036.245508169406,4057.3303711631756,4077.061544207841,4087.3672099512105,4078.9687887586574,4039.4031965753193,3951.410959090896,,3571.3931289108696,
2023-03-17,,,,,,,,,3957.05,3947.0,3976.5,4007.0,4040.0,4074.0,4094.0,4124.0,4156.5,4181.0,,4225.0,,3916.639892578125,0.0475617,0.04853780000000001,0.0474882,0.0451342,0.01771138551161437,,,,,,0.0,0.2493150684931507,0.4986301369863014,0.7479452054794521,0.9972602739726028,1.2657534246575342,1.515068493150685,1.7643835616438357,2.0136986301369864,2.263013698630137,,2.7616438356164386,,,,,,,0.0469,0.0485,0.0475,0.0462,0.0451,0.0441,0.0427,0.0406,0.0376,0.0332,,0.0192,,,,,,,3916.639892578125,3946.8199609531903,3975.249911247773,4000.9908325329484,4025.091699717873,4049.6708050933667,4067.7644707321047,4078.047871764104,4076.6835061102006,4056.356117962241,,3932.7744313656885,
2023-03-20,,,,,,,,,,3983.0,4014.0,4042.0,4070.0,4104.0,4124.0,4154.0,4186.0,4211.0,,4255.0,,3951.570068359375,0.0475106,0.048169,0.0471415,0.0447911,0.01782507278260622,,,,,,,0.2410958904109589,0.4904109589041096,0.7397260273972602,0.989041095890411,1.2575342465753425,1.5068493150684932,1.7561643835616438,2.0054794520547947,2.254794520547945,,2.7534246575342465,,,,,,,,0.0482,0.0472,0.0459,0.0448,0.0437,0.0424,0.0406,0.0381,0.0346,,0.0238,,,,,,,,3980.6147044343993,4008.9075461542707,4034.4933901658524,4058.41416344886,4082.263413072367,4100.642619297925,4112.822373098026,4115.555979794305,4103.896956834675,,4017.1170657116027,
2023-03-21,,,,,,,,,,4035.75,4069.25,4100.0,4135.0,4164.0,4184.0,4214.0,4246.0,4271.0,,4315.0,,4002.8701171875,0.0475918,0.0482369,0.0467054,0.0441923,0.0175649621455082,,,,,,,0.23835616438356164,0.4876712328767123,0.736986301369863,0.9863013698630136,1.2547945205479452,1.5041095890410958,1.7534246575342465,2.0027397260273974,2.252054794520548,,2.750684931506849,,,,,,,,0.0482,0.0468,0.0452,0.0442,0.0432,0.0416,0.039,0.0348,0.0284,,0.007,,,,,,,,4032.2062520154655,4060.348145536251,4085.2310097698673,4109.419622383168,4133.722522375829,4150.226719792191,4156.179891315914,4143.450637947799,4101.745980909853,,3888.2172066283447,
2023-03-22,,,,,,,,,,3970.5,4003.25,4034.75,4070.0,4099.0,4119.0,4149.0,4181.0,4206.0,,4250.0,,3936.969970703125,0.0477555,0.0487979,0.0484981,0.0469548,0.01781986379850056,,,,,,,0.2356164383561644,0.4849315068493151,0.7342465753424657,0.9835616438356164,1.252054794520548,1.5013698630136987,1.7506849315068493,2.0,2.249315068493151,,2.747945205479452,,,,,,,,0.0487,0.0485,0.0478,0.047,0.0462,0.0454,0.0445,0.0435,0.0423,,0.0392,,,,,,,,3965.7193047266924,3995.9811723631956,4024.5946463195396,4051.599928590709,4079.379404376039,4103.4142447177765,4125.2222490563645,4144.456494704811,4159.832977021273,,4175.202362730448,
2023-03-23,,,,,,,,,,3978.0,4009.5,4040.75,4071.0,4095.0,4115.0,4135.0,4167.0,4192.0,,4236.0,,3948.719970703125,0.0479236,0.0489779,0.04883,0.0472096,0.01772138538784576,,,,,,,0.2328767123287671,0.4821917808219178,0.7315068493150685,0.9808219178082191,1.2493150684931507,1.4986301369863013,1.747945205479452,1.9972602739726026,2.2465753424657535,,2.745205479452055,,,,,,,,0.0489,0.0489,0.0481,0.0473,0.0464,0.0456,0.045,0.0446,0.0445,,0.0455,,,,,,,,3977.4950694187696,4008.5338060179397,4037.451326041567,4064.955605789058,4092.762188109739,4117.191270351128,4141.5619196661155,4166.494594757989,4193.566828969428,,4261.620441960876,
2023-03-24,,,,,,,,,,4001.25,4033.0,4062.0,4094.0,4118.0,4138.0,4158.0,4190.0,4215.0,,4259.0,,3970.989990234375,0.04805570000000001,0.0487636,0.047946,0.0454444,0.01767881527500328,,,,,,,0.23013698630136986,0.4794520547945205,0.7287671232876712,0.9780821917808219,1.2465753424657535,1.4958904109589042,1.7452054794520548,1.9945205479452055,2.243835616438356,,2.7424657534246575,,,,,,,,0.0487,0.0481,0.0468,0.0456,0.0442,0.043,0.0415,0.0399,0.038,,0.0332,,,,,,,,3999.4408081847955,4029.3333117872403,4056.1651927216826,4080.928944526275,4104.467794390024,4124.286969034039,4139.55499752108,4150.94509048739,4156.248354380849,,4143.6695044525695,
2023-03-27,,,,,,,,,,4007.25,4041.0,4073.5,4105.0,4133.0,4157.0,4178.0,4201.0,4226.0,,4270.0,,3977.530029296875,0.0479116,0.0480694,0.0465984,0.04333910000000001,0.0178516680212037,,,,,,,0.2219178082191781,0.4712328767123288,0.7205479452054795,0.9698630136986301,1.2383561643835617,1.4876712328767123,1.736986301369863,1.9863013698630136,2.2356164383561645,,2.734246575342466,,,,,,,,0.0481,0.0468,0.0451,0.0435,0.0419,0.0402,0.0381,0.0355,0.0322,,0.0225,,,,,,,,4004.3195843062313,4032.1609041155148,4056.3954562463555,4077.7134383658167,4097.7638854741845,4111.993722740205,4119.913245679638,4119.434666092077,4107.187130902277,,4028.4058089381724,
2023-03-28,,,,,,,,,,4001.5,4035.25,4067.5,4100.0,4129.0,4153.0,4175.0,4195.0,4219.0,,4263.0,,3971.27001953125,0.0480883,0.0489116,0.0483681,0.0460093,0.01791391854084627,,,,,,,0.2191780821917808,0.4684931506849315,0.7178082191780822,0.9671232876712329,1.2356164383561643,1.484931506849315,1.7342465753424658,1.9835616438356165,2.232876712328767,,2.7315068493150685,,,,,,,,0.0488,0.0485,0.0474,0.0462,0.0449,0.0437,0.0427,0.0418,0.0411,,0.0406,,,,,,,,3998.2449398840067,4028.585482210428,4056.219163925425,4081.408199491777,4105.922294544546,4126.280981306564,4145.6978114689655,4163.955495222214,4182.284419288611,,4225.143119167194,
2023-03-29,,,,,,,,,,4057.5,4092.25,4125.75,4159.0,4191.0,4216.0,4239.0,4262.0,4287.0,,4330.0,,4027.81005859375,0.04807019999999999,0.04898329999999999,0.0486464,0.046642,0.01773123672688312,,,,,,,0.21643835616438356,0.4657534246575342,0.7150684931506849,0.9643835616438357,1.2328767123287672,1.4821917808219178,1.7315068493150685,1.9808219178082191,2.23013698630137,,2.728767123287671,,,,,,,,0.0489,0.0488,0.0478,0.0468,0.0457,0.0447,0.0439,0.0433,0.043,,0.0438,,,,,,,,4055.0739914445744,4086.517749342822,4115.350652424092,4142.320988295052,4169.119470631797,4192.074411692782,4214.5137008133315,4237.061494306668,4261.305727216045,,4324.767590520735,
2023-03-30,,,,,,,,,,4080.0,4115.0,4148.5,4183.0,4215.0,4240.5,4263.5,4287.0,4312.0,,4355.0,,4050.830078125,0.0480341,0.0489012,0.0486581,0.0469477,0.01751010253010451,,,,,,,0.2136986301369863,0.46301369863013697,0.7123287671232876,0.9616438356164384,1.2301369863013698,1.4794520547945205,1.7287671232876711,1.978082191780822,2.2273972602739724,,2.7260273972602738,,,,,,,,0.0488,0.0488,0.048,0.0471,0.0461,0.0453,0.0446,0.0442,0.044,,0.045,,,,,,,,4078.007151812737,4109.944270127546,4139.77173048752,4167.751826857297,4195.830558272837,4220.846239339933,4245.051458350987,4270.438984218744,4297.0353985558095,,4366.0557681574255,
2023-03-31,,,,,,,,,,4137.75,4173.5,4207.5,4242.0,4273.0,4298.5,4322.0,4346.0,4371.0,,4415.0,,4109.31005859375,0.0480247,0.0490855,0.0489968,0.0473451,0.0172769747070976,,,,,,,0.21095890410958903,0.4602739726027397,0.7095890410958904,0.958904109589041,1.2273972602739727,1.4767123287671233,1.726027397260274,1.9753424657534246,2.2246575342465755,,2.723287671232877,,,,,,,,0.0489,0.0491,0.0484,0.0475,0.0465,0.0458,0.0452,0.045,0.0453,,0.0478,,,,,,,,4136.81556317485,4169.943371460806,4201.071883705991,4230.144395886146,4259.379134747465,4286.092370782914,4312.212235500674,4340.621821105102,4373.645097353096,,4465.486307852948,
2023-04-03,,,,,,,,,,4153.75,4190.25,4224.5,4258.25,4289.0,4314.5,4338.0,4362.0,4387.0,,4431.0,,4124.509765625,0.0481043,0.0492063,0.04920099999999999,0.0475019,0.01740645076663941,,,,,,,0.20273972602739726,0.4520547945205479,0.7013698630136986,0.9506849315068493,1.2191780821917808,1.4684931506849315,1.7178082191780821,1.9671232876712328,2.2164383561643834,,2.7150684931506848,,,,,,,,0.049,0.0493,0.0486,0.0477,0.0467,0.0459,0.0454,0.0455,0.0463,,0.0507,,,,,,,,4151.013144046028,4184.40617360485,4215.741028099469,4245.021093634808,4274.4747152012405,4300.751392668946,4327.69348215867,4358.860382163153,4397.287786889539,,4514.712167571261,
2023-04-04,,,,,,,,,,4129.0,4163.75,4195.0,4227.25,4258.0,4284.0,4307.0,4331.0,4356.0,,4400.0,,4100.60009765625,0.0482805,0.0493736,0.0494064,0.04737300000000001,0.01744504014771402,,,,,,,0.2,0.44931506849315067,0.6986301369863014,0.947945205479452,1.2164383561643837,1.4657534246575343,1.715068493150685,1.9643835616438357,2.213698630136986,,2.712328767123288,,,,,,,,0.0491,0.0495,0.0488,0.0476,0.0464,0.0454,0.0451,0.0455,0.0472,,0.055,,,,,,,,4126.643316666326,4160.0874877597025,4191.416938215198,4219.508187017028,4247.6048189044595,4272.112375428439,4299.778366100961,4332.930185015704,4379.794660595011,,4540.3074328048415,
2023-04-05,,,,,,,,,,4117.25,4151.75,4183.0,4215.25,4246.0,4272.0,4295.0,4329.0,4344.0,,4388.0,,4090.3798828125,0.0482963,0.049167,0.04873039999999999,0.0461536,0.01736966867200472,,,,,,,0.19726027397260273,0.4465753424657534,0.6958904109589041,0.9452054794520548,1.2136986301369863,1.463013698630137,1.7123287671232876,1.9616438356164383,2.210958904109589,,2.7095890410958905,,,,,,,,0.049,0.0489,0.0478,0.0465,0.045,0.0437,0.0428,0.0424,0.0426,,0.0458,,,,,,,,4115.981216580551,4148.382565979988,4177.922119730367,4204.56985886694,4229.876269443584,4251.022244140385,4272.430779684433,4296.232353601344,4325.038630831292,,4417.934860728034,
2023-04-06,,,,,,,,,,4132.0,4167.0,4199.0,4230.75,4261.0,4287.0,4310.0,4344.0,4359.0,,4403.0,,4105.02001953125,0.0483289,0.0489486,0.0481084,0.0448844,0.01707213176898211,,,,,,,0.19452054794520549,0.4438356164383562,0.6931506849315069,0.9424657534246575,1.210958904109589,1.4602739726027398,1.7095890410958905,1.9589041095890412,2.208219178082192,,2.706849315068493,,,,,,,,0.0488,0.0484,0.0469,0.0453,0.0435,0.0419,0.0406,0.0396,0.0391,,0.04,,,,,,,,4130.433404694407,4162.496620713436,4190.775611942144,4215.694804766466,4238.518009603907,4256.580377051137,4273.501888125725,4290.23089605416,4309.633996212936,,4367.858766201218,
2023-04-10,,,,,,,,,,4136.25,4173.0,4205.5,4242.0,4272.0,4298.0,4321.0,4355.0,4370.0,,4414.0,,4109.10986328125,0.048553,0.0495866,0.0493518,0.0469974,0.01729098285438274,,,,,,,0.18356164383561643,0.4328767123287671,0.6821917808219178,0.9315068493150684,1.2,1.4493150684931506,1.6986301369863013,1.9479452054794522,2.197260273972603,,2.695890410958904,,,,,,,,0.0493,0.0496,0.0486,0.0474,0.046,0.0448,0.0441,0.0439,0.0446,,0.0492,,,,,,,,4133.324531973752,4166.982896395526,4197.819320031029,4225.988434628804,4253.138782238422,4276.246589835305,4300.559073070334,4327.713463865922,4363.224923370871,,4478.237886383862,
2023-04-11,,,,,,,,,,4136.5,4173.25,4207.5,4241.75,4272.0,4298.0,4321.0,4355.0,4370.0,,4414.0,,4108.93994140625,0.0487617,0.0497661,0.0497135,0.0475277,0.01736543420619024,,,,,,,0.18082191780821918,0.4301369863013699,0.6794520547945205,0.9287671232876712,1.1972602739726028,1.4465753424657535,1.6958904109589041,1.9452054794520548,2.1945205479452055,,2.6931506849315068,,,,,,,,0.0494,0.0499,0.0491,0.0479,0.0465,0.0455,0.045,0.0454,0.0468,,0.0544,,,,,,,,4132.810256403899,4166.845995036666,4198.4994572883425,4227.135488892566,4254.7956357288995,4279.618382237973,4306.0898656084,4339.234996283459,4383.11576295492,,4539.8988845304375,
2023-04-12,,,,,,,,,,4119.0,4155.25,4188.75,4222.75,4254.0,4280.0,4303.0,4337.0,4352.0,,4396.0,,4091.949951171875,0.0488117,0.0498987,0.0498536,0.0476552,0.01748823535468071,,,,,,,0.1780821917808219,0.4273972602739726,0.6767123287671233,0.9260273972602739,1.1945205479452055,1.4438356164383561,1.6931506849315068,1.9424657534246574,2.191780821917808,,2.6904109589041094,,,,,,,,0.0495,0.05,0.0492,0.048,0.0467,0.0456,0.0451,0.0454,0.0467,,0.0539,,,,,,,,4115.343650591397,4149.206272262061,4180.71113150345,4209.21574763149,4237.255069079083,4261.453861729904,4287.794487821671,4319.930283552941,4362.5092271928825,,4513.0997695790875,
2023-04-13,,,,,,,,,,4172.75,4209.5,4243.75,4278.0,4309.0,4335.0,4358.0,4392.0,4407.0,,4451.0,,4146.22021484375,0.0488952,0.0498632,0.0496063,0.04716020000000001,0.01709212579350309,,,,,,,0.17534246575342466,0.4246575342465753,0.673972602739726,0.9232876712328767,1.1917808219178083,1.441095890410959,1.6904109589041096,1.9397260273972603,2.1890410958904107,,2.6876712328767125,,,,,,,,0.0495,0.0498,0.0489,0.0476,0.0461,0.0449,0.0442,0.0441,0.0449,,0.0501,,,,,,,,4169.848082905587,4204.211549813325,4236.0649622836045,4264.669436084721,4292.065801205564,4315.749219460112,4340.634672167666,4369.222187604399,4406.451455997547,,4530.8585257853965,
2023-04-14,,,,,,,,,,4163.75,4201.75,4238.0,4272.75,4303.0,4329.0,4352.0,4386.0,4401.0,,4445.0,,4137.64013671875,0.0489306,0.0498188,0.0494302,0.04684269999999999,0.01718390333956157,,,,,,,0.1726027397260274,0.42191780821917807,0.6712328767123288,0.9205479452054794,1.189041095890411,1.4383561643835616,1.6876712328767123,1.936986301369863,2.186301369863014,,2.684931506849315,,,,,,,,0.0495,0.0497,0.0486,0.0473,0.0458,0.0445,0.0436,0.0433,0.0437,,0.0476,,,,,,,,4160.783745348693,4194.796087462047,4225.819163922206,4253.954074709457,4280.84887395726,4303.445091746203,4326.276738395984,4352.333471520574,4384.597311752714,,4489.721828495151,
2023-04-17,,,,,,,,,,4176.75,4215.25,4252.25,4288.75,4322.0,4344.0,4367.0,4401.0,4416.0,,4460.0,,4151.31982421875,0.0491745,0.0502785,0.05021080000000001,0.0479827,0.01731180539013656,,,,,,,0.1643835616438356,0.4136986301369863,0.663013698630137,0.9123287671232877,1.180821917808219,1.4301369863013698,1.6794520547945206,1.9287671232876713,2.1780821917808217,,2.6767123287671235,,,,,,,,0.0498,0.0504,0.0496,0.0484,0.0471,0.046,0.0454,0.0455,0.0467,,0.0533,,,,,,,,4173.549357967291,4208.536044813615,4241.147328333718,4270.747916000548,4299.939129638509,4325.182611461805,4351.841503974923,4383.268928116585,4425.7343387107985,,4571.111343907461,
2023-04-18,,,,,,,,,,4180.0,4218.75,4255.75,4295.25,4328.0,4352.0,4375.0,4409.0,4424.0,,4468.0,,4154.8701171875,0.049384,0.0504845,0.0506809,0.0487069,0.01740308556622734,,,,,,,0.16164383561643836,0.410958904109589,0.6602739726027397,0.9095890410958904,1.178082191780822,1.4273972602739726,1.6767123287671233,1.926027397260274,2.175342465753425,,2.673972602739726,,,,,,,,0.05,0.0508,0.0502,0.0492,0.0478,0.0469,0.0466,0.0474,0.0496,,0.06,,,,,,,,4176.820280842601,4212.287830545045,4245.824873599806,4276.792416917888,4306.352387552437,4333.540967692279,4363.33203985333,4401.987077269844,4456.307390056158,,4656.127763070463,
2023-04-19,,,,,,,,,,4178.5,4217.5,4255.25,4294.5,4328.0,4352.0,4375.0,4409.0,4424.0,,4468.0,,4154.52001953125,0.04945960000000001,0.050555,0.0507839,0.0488293,0.01742406455130466,,,,,,,0.1589041095890411,0.40821917808219177,0.6575342465753424,0.9068493150684932,1.1753424657534246,1.4246575342465753,1.673972602739726,1.9232876712328768,2.1726027397260275,,2.671232876712329,,,,,,,,0.05,0.0509,0.0504,0.0493,0.048,0.047,0.0468,0.0477,0.05,,0.061,,,,,,,,4176.081442422885,4211.683385129327,4245.5853833091005,4276.365955463544,4306.536988624725,4333.313457876125,4363.922958710039,4403.616945257011,4459.2093274476665,,4667.38227705222,
2023-04-20,,,,,,,,,,4152.5,4191.0,4227.25,4263.5,4297.0,4321.0,4344.0,4381.0,4396.0,,4440.0,,4129.7900390625,0.049643,0.050706,0.0509964,0.04928009999999999,0.0174476481248232,,,,,,,0.15616438356164383,0.4054794520547945,0.6547945205479452,0.9041095890410958,1.1726027397260275,1.4219178082191781,1.6712328767123288,1.9205479452054794,2.16986301369863,,2.6684931506849314,,,,,,,,0.0502,0.0511,0.0507,0.0497,0.0485,0.0477,0.0475,0.0485,0.0508,,0.0615,,,,,,,,4150.966997402839,4186.528645041997,4220.695924558665,4251.98625671217,4282.935506779416,4311.314842912733,4342.503591355167,4383.572793980379,4439.743490809568,,4644.947022525321,
2023-04-21,,,,,,,,,,4156.75,4195.25,4232.0,4267.75,4301.0,4325.0,4348.0,4385.0,4400.0,,4444.0,,4133.52001953125,0.0497052,0.0506775,0.0508834,0.0488247,0.01748240366679375,,,,,,,0.15342465753424658,0.40273972602739727,0.6520547945205479,0.9013698630136986,1.16986301369863,1.4191780821917808,1.6684931506849314,1.917808219178082,2.1671232876712327,,2.665753424657534,,,,,,,,0.0502,0.051,0.0505,0.0493,0.0479,0.0469,0.0467,0.0477,0.0503,,0.0623,,,,,,,,4154.3211560662385,4189.696162980307,4223.476613471423,4253.783283826204,4283.257292768061,4309.742497130232,4340.018923255747,4380.140946996566,4438.201053441949,,4658.073775788873,
2023-04-24,,,,,,,,,,4159.5,4198.25,4235.0,4271.0,4304.0,4328.0,4351.0,4388.0,4403.0,,4447.0,,4137.0400390625,0.0497744,0.0506803,0.0508837,0.0487728,0.01769506118010252,,,,,,,0.14520547945205478,0.39452054794520547,0.6438356164383562,0.8931506849315068,1.1616438356164382,1.4109589041095891,1.6602739726027398,1.9095890410958904,2.158904109589041,,2.6575342465753424,,,,,,,,0.0502,0.051,0.0505,0.0494,0.0479,0.0469,0.0466,0.0476,0.0504,,0.063,,,,,,,,4156.612588447979,4191.757296139373,4225.34770187246,4255.8642421500335,4284.774592014365,4311.076039915342,4340.4181149370515,4380.166376468188,4439.7026014216,,4666.363115578174,
2023-04-25,,,,,,,,,,4093.25,4129.75,4164.0,4196.0,4229.0,4248.0,4269.0,4306.0,4321.0,,4365.0,,4071.6298828125,0.0499648,0.0507877,0.050907,0.04863000000000001,0.01801521150385254,,,,,,,0.14246575342465753,0.3917808219178082,0.6410958904109589,0.8904109589041096,1.158904109589041,1.4082191780821918,1.6575342465753424,1.906849315068493,2.1561643835616437,,2.654794520547945,,,,,,,,0.0503,0.051,0.0505,0.0493,0.0477,0.0466,0.0463,0.0472,0.0499,,0.0624,,,,,,,,4090.4003838098397,4124.588220399457,4157.314223016535,4186.645013493136,4214.138600304032,4238.87129272835,4267.065640968712,4304.643724216384,4361.3961641265305,,4580.810168616735,
2023-04-26,,,,,,,,,,4076.0,4112.75,4147.25,4179.75,4212.0,4231.0,4252.0,4289.0,4304.0,,4348.0,,4055.989990234375,0.0498221,0.0504542,0.0502735,0.0474481,0.01822609910637599,,,,,,,0.13972602739726028,0.38904109589041097,0.6383561643835617,0.8876712328767123,1.1561643835616437,1.4054794520547946,1.6547945205479453,1.904109589041096,2.1534246575342464,,2.652054794520548,,,,,,,,0.0501,0.0505,0.0497,0.0482,0.0464,0.045,0.0443,0.0449,0.0472,,0.0587,,,,,,,,4074.0940866120045,4107.237544220193,4138.305303484876,4165.3560908026775,4190.28377828142,4211.525636232225,4234.823906512448,4267.315021442531,4317.11739995427,,4515.580731558371,
2023-04-27,,,,,,,,,,4153.75,4192.0,4229.0,4264.25,4297.0,4316.0,4337.0,4374.0,4389.0,,4433.0,,4135.35009765625,0.04993210000000001,0.0504345,0.0502131,0.0472626,0.01787478126463099,,,,,,,0.136986301369863,0.3863013698630137,0.6356164383561644,0.8849315068493151,1.1534246575342466,1.4027397260273973,1.652054794520548,1.9013698630136986,2.1506849315068495,,2.649315068493151,,,,,,,,0.0501,0.0505,0.0496,0.0481,0.0462,0.0447,0.044,0.0447,0.0471,,0.0595,,,,,,,,4153.64559529527,4187.798417477056,4219.586182987693,4247.4518573833075,4272.687402408828,4293.923105112678,4317.740723001869,4351.7438693420345,4403.616914866192,,4617.485583870182,
2023-04-28,,,,,,,,,,4188.5,4226.75,4263.75,4299.25,4332.0,4351.0,4372.0,4409.0,4424.0,,4468.0,,4169.47998046875,0.050187,0.0508132,0.05079570000000001,0.0480908,0.01765203363742413,,,,,,,0.13424657534246576,0.3835616438356164,0.6328767123287671,0.8821917808219178,1.1506849315068493,1.4,1.6493150684931508,1.8986301369863015,2.147945205479452,,2.6465753424657534,,,,,,,,0.0504,0.051,0.0503,0.0489,0.0471,0.0457,0.0452,0.0462,0.0491,,0.063,,,,,,,,4187.850626906537,4223.15434483715,4256.526536740923,4286.017680437607,4313.185189540422,4336.460559174464,4363.291043611059,4401.71110310476,4460.8522342102715,,4701.154574594465,
2023-05-01,,,,,,,,,,4185.75,4224.75,4262.5,4299.25,4332.0,4351.0,4372.0,4409.0,4424.0,,4468.0,,4167.8701171875,0.0503387,0.0508929,0.0508888,0.0482604,0.01787576434492237,,,,,,,0.12602739726027398,0.37534246575342467,0.6246575342465753,0.873972602739726,1.1424657534246576,1.3917808219178083,1.641095890410959,1.8904109589041096,2.1397260273972605,,2.638356164383562,,,,,,,,0.0505,0.051,0.0505,0.0491,0.0473,0.046,0.0455,0.0465,0.0494,,0.0634,,,,,,,,4185.041790062287,4220.012433410167,4253.678409268227,4283.17376454836,4310.35955305588,4334.24709169455,4361.164730339894,4399.613564577788,4458.7050198947,,4699.773376707801,
2023-05-02,,,,,,,,,,4136.75,4174.25,4210.25,4244.25,4277.0,4296.0,4317.0,4354.0,4369.0,,4413.0,,4119.580078125,0.0504594,0.0511141,0.0512171,0.0488598,0.01814998834310972,,,,,,,0.1232876712328767,0.3726027397260274,0.6219178082191781,0.8712328767123287,1.1397260273972603,1.389041095890411,1.6383561643835616,1.8876712328767122,2.136986301369863,,2.6356164383561644,,,,,,,,0.0506,0.0513,0.0509,0.0496,0.048,0.0468,0.0464,0.0474,0.0503,,0.0638,,,,,,,,4136.094237948766,4170.779799253619,4204.347255643048,4234.018404380853,4262.142936702141,4286.828915053137,4314.730284633528,4353.436969008535,4412.561544311279,,4646.281194499806,
2023-05-03,,,,,,,,,,4107.5,4144.25,4179.0,4211.25,4244.0,4263.0,4284.0,4321.0,4336.0,,4380.0,,4090.75,0.0504042,0.0505947,0.0502694,0.0475162,0.01835775186734155,,,,,,,0.12054794520547946,0.3698630136986301,0.6191780821917808,0.8684931506849315,1.1369863013698631,1.3863013698630138,1.6356164383561644,1.884931506849315,2.1342465753424658,,2.632876712328767,,,,,,,,0.0505,0.0505,0.0498,0.0484,0.0466,0.0452,0.0445,0.0449,0.047,,0.0578,,,,,,,,4106.631102497121,4139.671993553736,4171.170443099753,4198.88835998042,4224.2400574577005,4245.840393322086,4269.4585593356005,4300.617629251661,4348.617364408812,,4538.401710464359,
2023-05-04,,,,,,,,,,4075.75,4112.0,4145.25,4175.0,4204.0,4223.0,4244.0,4281.0,4296.0,,4340.0,,4061.219970703125,0.0504345,0.050727,0.0502843,0.0471816,0.01837369736309744,,,,,,,0.1178082191780822,0.36712328767123287,0.6164383561643836,0.8657534246575342,1.1342465753424658,1.3835616438356164,1.632876712328767,1.8821917808219177,2.1315068493150684,,2.6301369863013697,,,,,,,,0.0505,0.0507,0.0497,0.0482,0.0462,0.0446,0.0437,0.0439,0.0457,,0.0557,,,,,,,,4076.619766285824,4109.704599705407,4140.407232649762,4167.455415830734,4191.443990392423,4211.290447234238,4232.691773128721,4261.106255205815,4304.795419332542,,4480.150783980462,
2023-05-05,,,,,,,,,,4150.25,4187.75,4222.75,4255.25,4284.0,4303.0,4324.0,4361.0,4376.0,,4420.0,,4136.25,0.05050259999999999,0.0503873,0.04945509999999999,0.045536,0.01802257425635712,,,,,,,0.11506849315068493,0.3643835616438356,0.6136986301369863,0.863013698630137,1.1315068493150684,1.3808219178082193,1.63013698630137,1.8794520547945206,2.128767123287671,,2.627397260273973,,,,,,,,0.0505,0.0501,0.0487,0.0468,0.0444,0.0424,0.041,0.0407,0.0419,,0.0503,,,,,,,,4151.736617231982,4184.880155674644,4214.859570994125,4240.261292275478,4261.56224890832,4277.849645316478,4294.116937310866,4316.352490326858,4351.92840849964,,4502.330718877352,
2023-05-08,,,,,,,,,,4152.75,4190.75,4227.0,4260.75,4290.0,4309.0,4330.0,4367.0,4382.0,,4426.0,,4138.1201171875,0.0505495,0.0507218,0.0501035,0.04652129999999999,0.01822564312215962,,,,,,,0.10684931506849316,0.3561643835616438,0.6054794520547945,0.8547945205479452,1.1232876712328768,1.3726027397260274,1.621917808219178,1.8712328767123287,2.1205479452054794,,2.6191780821917807,,,,,,,,0.0506,0.0506,0.0495,0.0477,0.0455,0.0436,0.0425,0.0425,0.0442,,0.0545,,,,,,,,4152.459397433186,4186.111246836674,4217.226089719637,4243.702526153821,4266.861543875541,4284.785611636452,4304.291802077642,4330.420200881572,4372.441181233908,,4550.561387493333,
2023-05-09,,,,,,,,,,4134.0,4172.0,4208.25,4242.25,4272.0,4294.0,4315.0,4349.0,4364.0,,4408.0,,4119.169921875,0.050543,0.0508393,0.0503052,0.0469885,0.01828094540471608,,,,,,,0.10410958904109589,0.35342465753424657,0.6027397260273972,0.852054794520548,1.1205479452054794,1.36986301369863,1.6191780821917807,1.8684931506849316,2.117808219178082,,2.6164383561643834,,,,,,,,0.0506,0.0508,0.0498,0.0481,0.0461,0.0443,0.0433,0.0433,0.0448,,0.0541,,,,,,,,4133.053133164647,4166.784784520177,4198.173098537567,4225.16847699311,4249.597413668257,4268.635445336613,4289.464811644882,4316.304515511244,4357.131550451023,,4523.8799249534395,
2023-05-10,,,,,,,,,,4152.0,4190.0,4225.5,4259.25,4289.0,4311.0,4332.0,4366.0,4381.0,,4425.0,,4137.64013671875,0.0505709,0.0509811,0.0505101,0.0473358,0.01824679386606564,,,,,,,0.10136986301369863,0.3506849315068493,0.6,0.8493150684931506,1.1178082191780823,1.367123287671233,1.6164383561643836,1.8657534246575342,2.115068493150685,,2.6136986301369864,,,,,,,,0.0506,0.0509,0.05,0.0484,0.0465,0.0448,0.0438,0.0438,0.0452,,0.0539,,,,,,,,4151.232383778156,4185.292514296071,4217.225864129485,4244.971824334929,4270.399045129885,4290.602287745054,4312.124872768541,4339.684249467775,4380.371276476382,,4541.749753505428,
2023-05-11,,,,,,,,,,4143.75,4181.5,4216.75,4249.75,4279.0,4301.0,4322.0,4356.0,4371.0,,4415.0,,4130.6201171875,0.0505929,0.0508634,0.0502255,0.0467255,0.01800685211569989,,,,,,,0.09863013698630137,0.34794520547945207,0.5972602739726027,0.8465753424657534,1.115068493150685,1.3643835616438356,1.6136986301369862,1.8630136986301369,2.1123287671232878,,2.610958904109589,,,,,,,,0.0506,0.0508,0.0497,0.048,0.0458,0.044,0.0428,0.0426,0.0439,,0.0524,,,,,,,,4143.92004985478,4178.0213103037495,4209.553576897701,4236.845491880086,4260.637549851593,4279.739609454447,4299.231190982421,4324.276817355013,4362.836356309078,,4518.710388475143,
2023-05-12,,,,,,,,,,4138.0,4176.25,4212.25,4246.0,4275.0,4297.0,4318.0,4352.0,4367.0,,4411.0,,4124.080078125,0.05056910000000001,0.050668,0.0498547,0.0460114,0.01771980090003707,,,,,,,0.0958904109589041,0.3452054794520548,0.5945205479452055,0.8438356164383561,1.1123287671232878,1.3616438356164384,1.610958904109589,1.8602739726027397,2.1095890410958904,,2.6082191780821917,,,,,,,,0.0506,0.0505,0.0493,0.0474,0.045,0.043,0.0417,0.0413,0.0425,,0.0509,,,,,,,,4137.103392687578,4171.012816185924,4202.241447144225,4228.672832541664,4251.141494370463,4268.51337473257,4286.515215721789,4309.0118737805315,4345.405239211649,,4496.881763681877,
2023-05-15,,,,,,,,,,4150.0,4188.25,4224.75,4258.0,4287.0,4309.0,4330.0,4364.0,4379.0,,4423.0,,4136.27978515625,0.0506642,0.0508967,0.05028489999999999,0.0468141,0.01768697577866295,,,,,,,0.08767123287671233,0.336986301369863,0.5863013698630137,0.8356164383561644,1.104109589041096,1.3534246575342466,1.6027397260273972,1.8520547945205479,2.1013698630136988,,2.6,,,,,,,,0.0507,0.0508,0.0498,0.0481,0.046,0.0442,0.043,0.0428,0.0441,,0.053,,,,,,,,4148.268730246847,4182.693499110634,4214.895047259517,4242.744740278087,4267.624984459749,4287.398599540977,4307.539979463144,4333.205109094346,4372.348654704657,,4534.027621768605,
2023-05-16,,,,,,,,,,4123.0,4161.25,4197.75,4233.0,4262.0,4284.0,4305.0,4339.0,4354.0,,4398.0,,4109.89990234375,0.05067650000000001,0.0509792,0.05042169999999999,0.04703789999999999,0.01779042562640142,,,,,,,0.08493150684931507,0.33424657534246577,0.5835616438356165,0.8328767123287671,1.1013698630136985,1.3506849315068492,1.6,1.8493150684931507,2.0986301369863014,,2.5972602739726027,,,,,,,,0.0507,0.0509,0.05,0.0483,0.0462,0.0445,0.0433,0.0432,0.0445,,0.0534,,,,,,,,4121.403387076061,4155.635793092675,4187.881283236693,4215.673594360773,4240.529411222746,4260.876512326453,4281.117152818816,4307.634796292283,4346.853244586299,,4508.146107850266,
2023-05-17,,,,,,,,,,4171.5,4210.25,4248.0,4283.0,4312.0,4336.0,4357.0,4391.0,4406.0,,4450.0,,4158.77001953125,0.0507326,0.0511233,0.0506888,0.0475436,0.01733285745208221,,,,,,,0.0821917808219178,0.3315068493150685,0.5808219178082191,0.8301369863013699,1.0986301369863014,1.347945205479452,1.5972602739726027,1.8465753424657534,2.095890410958904,,2.5945205479452054,,,,,,,,0.0507,0.0511,0.0503,0.0488,0.0468,0.0451,0.0441,0.0441,0.0455,,0.0546,,,,,,,,4170.191120604498,4205.584988920164,4239.169600533092,4268.836898624565,4295.606916028255,4317.376598121019,4340.43014786502,4369.492665820226,4411.675750880404,,4580.965250369554,
2023-05-18,,,,,,,,,,4212.0,4252.0,4291.25,4329.0,4363.0,4387.0,4408.0,4442.0,4457.0,,4501.0,,4198.0498046875,0.0508212,0.0512936,0.0509376,0.0479666,0.01694902660288991,,,,,,,0.07945205479452055,0.3287671232876712,0.5780821917808219,0.8273972602739726,1.095890410958904,1.3452054794520547,1.5945205479452054,1.8438356164383563,2.0931506849315067,,2.591780821917808,,,,,,,,0.0508,0.0513,0.0506,0.0492,0.0473,0.0457,0.0447,0.0447,0.0462,,0.055,,,,,,,,4209.355780092677,4245.729082683267,4280.514076417563,4311.58011210565,4340.030717905328,4363.594098009753,4387.982624127754,4418.447183338393,4463.114230118856,,4633.163371299665,
2023-05-19,,,,,,,,,,4204.75,4244.75,4284.25,4322.0,4356.0,4385.0,4406.0,4440.0,4455.0,,4499.0,,4191.97998046875,0.0509373,0.05163470000000001,0.05146530000000001,0.0487766,0.01698693533578856,,,,,,,0.07671232876712329,0.32602739726027397,0.5753424657534246,0.8246575342465754,1.093150684931507,1.3424657534246576,1.5917808219178082,1.841095890410959,2.0904109589041098,,2.589041095890411,,,,,,,,0.0509,0.0517,0.0512,0.0499,0.0482,0.0467,0.0459,0.046,0.0476,,0.0567,,,,,,,,4202.899824785447,4239.691815078584,4275.313360228838,4307.316886408628,4337.480954510095,4362.572660521588,4389.417073502309,4421.986393712885,4469.01066869641,,4645.931673950003,
2023-05-22,,,,,,,,,,4205.0,4245.5,4285.5,4324.0,4358.0,4387.0,4408.0,4442.0,4457.0,,4501.0,,4192.6298828125,0.0509791,0.0515085,0.05139179999999999,0.04887349999999999,0.01702634994505945,,,,,,,0.0684931506849315,0.3178082191780822,0.5671232876712329,0.8164383561643835,1.084931506849315,1.3342465753424657,1.5835616438356164,1.832876712328767,2.0821917808219177,,2.580821917808219,,,,,,,,0.0509,0.0516,0.0512,0.05,0.0483,0.047,0.0462,0.0465,0.0483,,0.0583,,,,,,,,4202.3685510179075,4238.951640998909,4274.678379984718,4307.032477534987,4337.325709918879,4363.700491507128,4390.865969816669,4425.351723547888,4474.729626025586,,4663.881935492582,
2023-05-23,,,,,,,,,,4158.75,4199.25,4238.75,4277.25,4312.0,4341.0,4368.0,4402.0,4417.0,,4461.0,,4145.580078125,0.05099960000000001,0.0516617,0.0516336,0.0491373,0.01725847222643359,,,,,,,0.06575342465753424,0.3150684931506849,0.5643835616438356,0.8136986301369863,1.082191780821918,1.3315068493150686,1.5808219178082192,1.83013698630137,2.0794520547945203,,2.578082191780822,,,,,,,,0.0509,0.0518,0.0514,0.0503,0.0486,0.0472,0.0465,0.0469,0.0488,,0.0594,,,,,,,,4154.760440499536,4190.94259807294,4226.23549245889,4258.549337373056,4288.599698379681,4314.192092071307,4341.710406185717,4376.681468270266,4426.600110583598,,4621.350819611802,
2023-05-24,,,,,,,,,,4126.0,4166.25,4206.25,4245.25,4280.0,4311.0,4336.0,4370.0,4385.0,,4429.0,,4115.240234375,0.051108,0.0519155,0.0520017,0.0497115,0.01743162377568703,,,,,,,0.06301369863013699,0.31232876712328766,0.5616438356164384,0.810958904109589,1.0794520547945206,1.3287671232876712,1.5780821917808219,1.8273972602739725,2.0767123287671234,,2.5753424657534247,,,,,,,,0.051,0.0521,0.0518,0.0508,0.0493,0.048,0.0473,0.0477,0.0497,,0.0601,,,,,,,,4123.954281495392,4160.04188941471,4195.447459694638,4228.120611321762,4259.269202206601,4285.835287370954,4313.8551264018815,4349.27672157721,4400.4611723226235,,4593.227306215741,
2023-05-25,,,,,,,,,,4159.75,4201.0,4242.75,4284.25,4320.0,4351.0,4376.0,4410.0,4425.0,,4469.0,,4151.27978515625,0.0513579,0.0522528,0.0523818,0.0500248,0.01732107828866956,,,,,,,0.06027397260273973,0.3095890410958904,0.5589041095890411,0.8082191780821918,1.0767123287671232,1.326027397260274,1.5753424657534247,1.8246575342465754,2.073972602739726,,2.5726027397260274,,,,,,,,0.0512,0.0524,0.0522,0.0511,0.0496,0.0482,0.0476,0.048,0.0501,,0.0611,,,,,,,,4159.765430844137,4196.608581068961,4232.998644643286,4266.174145773569,4298.094485750222,4324.7873210675425,4354.0930766476895,4390.289605665863,4443.30848949161,,4646.166368138944,
2023-05-26,,,,,,,,,,4213.25,4255.5,4297.75,4340.0,4380.0,4412.0,4440.0,4462.0,4477.0,,4522.0,,4205.4501953125,0.0515344,0.0526374,0.0529836,0.0510171,0.01705747628994176,,,,,,,0.057534246575342465,0.30684931506849317,0.5561643835616439,0.8054794520547945,1.073972602739726,1.3232876712328767,1.5726027397260274,1.821917808219178,2.0712328767123287,,2.56986301369863,,,,,,,,0.0513,0.0529,0.0529,0.052,0.0506,0.0495,0.049,0.0496,0.0519,,0.0631,,,,,,,,4213.743594413929,4251.958088118066,4290.124204866543,4325.496080288876,4359.708080436144,4389.924993811008,4422.098025614995,4462.330454842617,4520.164243382831,,4733.686701218181,
2023-05-30,,,,,,,,,,4215.0,4257.5,4299.5,4341.0,4381.0,4413.0,4441.0,4463.0,4478.0,,4523.0,,4205.52001953125,0.0516026,0.0527665,0.0531909,0.0516202,0.01727959098795243,,,,,,,0.04657534246575343,0.2958904109589041,0.5452054794520548,0.7945205479452054,1.063013698630137,1.3123287671232877,1.5616438356164384,1.810958904109589,2.0602739726027397,,2.558904109589041,,,,,,,,0.0513,0.053,0.0531,0.0525,0.0514,0.0504,0.05,0.0506,0.0525,,0.0622,,,,,,,,4212.1889994566245,4250.205264215559,4288.458893001436,4324.866580191736,4360.856202985178,4392.343090300924,4425.997061729992,4467.101856575325,4522.032878977827,,4717.811241173438,
2023-05-31,,,,,,,,,,4190.5,4232.25,4273.75,4315.75,4352.0,4380.0,4408.0,4430.0,4445.0,,4490.0,,4179.830078125,0.0517227,0.0529282,0.0532071,0.05138499999999999,0.0170839063844452,,,,,,,0.043835616438356165,0.29315068493150687,0.5424657534246575,0.7917808219178082,1.0602739726027397,1.3095890410958904,1.558904109589041,1.8082191780821917,2.0575342465753423,,2.5561643835616437,,,,,,,,0.0514,0.0531,0.0531,0.0523,0.0511,0.0501,0.0495,0.0498,0.0513,,0.0596,,,,,,,,4186.122390540618,4224.195113820707,4262.296467471099,4298.018154237857,4333.3329193305,4364.519525636407,4396.479803674228,4434.560276871185,4484.698992291192,,4659.689051533051,
2023-06-01,,,,,,,,,,4228.0,4269.75,4311.5,4352.5,4388.0,4416.0,4444.0,4466.0,4481.0,,4526.0,,4221.02001953125,0.0517424,0.0527638,0.05285280000000001,0.05062700000000001,0.01666056266080643,,,,,,,0.0410958904109589,0.29041095890410956,0.5397260273972603,0.7890410958904109,1.0575342465753426,1.3068493150684932,1.5561643835616439,1.8054794520547945,2.0547945205479454,,2.5534246575342467,,,,,,,,0.0514,0.0529,0.0528,0.0518,0.0503,0.0491,0.0483,0.0484,0.0499,,0.0582,,,,,,,,4227.05045442892,4265.6780116080445,4304.160893921247,4339.69153098786,4373.885159500595,4403.810840096311,4434.048170967337,4469.970064242877,4519.3899744928385,,4693.340707176765,
2023-06-02,,,,,,,,,,4288.0,4331.0,4374.75,4418.75,4459.5,4491.5,4519.5,4538.5,4553.5,,4599.5,,4282.3701171875,0.0514067,0.0523034,0.0524547,0.0502697,0.0163994716059201,,,,,,,0.038356164383561646,0.2876712328767123,0.536986301369863,0.7863013698630137,1.0547945205479452,1.3041095890410959,1.5534246575342465,1.8027397260273972,2.052054794520548,,2.5506849315068494,,,,,,,,0.0511,0.0524,0.0524,0.0514,0.05,0.0487,0.048,0.0483,0.0502,,0.0601,,,,,,,,4288.073657421827,4326.9501409787745,4365.961380639315,4401.861789661634,4436.866017316751,4466.611425691998,4497.832715660261,4535.861225071265,4589.940946798626,,4787.330270751406,
2023-06-05,,,,,,,,,,4281.0,4324.0,4367.5,4411.25,4452.0,4484.0,4512.0,4531.0,4546.0,,4592.0,,4273.7900390625,0.0515002,0.0525323,0.0528773,0.0509254,0.01666166878635071,,,,,,,0.030136986301369864,0.27945205479452057,0.5287671232876713,0.7780821917808219,1.0465753424657533,1.295890410958904,1.5452054794520549,1.7945205479452055,2.043835616438356,,2.5424657534246577,,,,,,,,0.0511,0.0527,0.0528,0.052,0.0507,0.0495,0.0489,0.0495,0.0516,,0.0626,,,,,,,,4278.227969507923,4317.048780929834,4356.242143244395,4392.933190623472,4428.782469405593,4459.585877137213,4492.0801366155065,4533.2090608599065,4590.134085820328,,4803.273498901045,
2023-06-06,,,,,,,,,,4289.75,4333.0,4376.75,4421.0,4461.0,4493.0,4521.0,4540.0,4555.0,,4601.0,,4283.85009765625,0.0513842,0.05238839999999999,0.0527695,0.0509477,0.01665155988939959,,,,,,,0.0273972602739726,0.27671232876712326,0.5260273972602739,0.7753424657534247,1.0438356164383562,1.2931506849315069,1.5424657534246575,1.7917808219178082,2.041095890410959,,2.5397260273972604,,,,,,,,0.051,0.0525,0.0527,0.052,0.0507,0.0496,0.0491,0.0497,0.0518,,0.0628,,,,,,,,4287.883325744052,4326.556093627733,4365.857538706006,4402.881916229976,4438.840240526008,4470.317604935841,4503.715705451371,4545.181777811693,4602.47175593539,,4816.5435029227365,
2023-06-07,,,,,,,,,,4274.25,4317.25,4361.0,4405.75,4448.0,4480.0,4508.0,4527.0,4542.0,,4588.0,,4267.52001953125,0.0513117,0.0523808,0.05277879999999999,0.0510379,0.01674507184320625,,,,,,,0.024657534246575342,0.273972602739726,0.5232876712328767,0.7726027397260274,1.0410958904109588,1.2904109589041095,1.5397260273972602,1.789041095890411,2.0383561643835617,,2.536986301369863,,,,,,,,0.0509,0.0525,0.0528,0.0521,0.0508,0.0498,0.0493,0.0498,0.0518,,0.0622,,,,,,,,4271.115537614767,4309.529517846467,4348.8000924285225,4385.695320417013,4421.53673200911,4453.48665950006,4486.884281968887,4527.498102776999,4583.611826469253,,4789.142597183592,
2023-06-08,,,,,,,,,,4298.25,4341.75,4386.0,4431.0,4473.0,4505.0,4533.0,4552.0,4567.0,,4613.0,,4293.93017578125,0.0514638,0.0525059,0.0529207,0.0514618,0.01650866020373257,,,,,,,0.021917808219178082,0.27123287671232876,0.5205479452054794,0.7698630136986301,1.0383561643835617,1.2876712328767124,1.536986301369863,1.7863013698630137,2.0356164383561643,,2.5342465753424657,,,,,,,,0.051,0.0526,0.0529,0.0523,0.0513,0.0504,0.05,0.0505,0.0523,,0.0615,,,,,,,,4297.177505097802,4336.170547878866,4376.047306911432,4413.892120199603,4451.887842958962,4485.470260006695,4520.7511737803725,4562.730395538519,4618.453358160668,,4812.523521773152,
2023-06-09,,,,,,,,,,4304.75,4348.75,4393.5,4439.0,4481.0,4513.0,4545.0,4564.0,4579.0,,4625.0,,4298.85986328125,0.0514562,0.05241539999999999,0.0526715,0.0510273,0.01652998582241608,,,,,,,0.019178082191780823,0.2684931506849315,0.5178082191780822,0.7671232876712328,1.0356164383561643,1.284931506849315,1.5342465753424657,1.7835616438356163,2.032876712328767,,2.5315068493150683,,,,,,,,0.051,0.0525,0.0526,0.052,0.0509,0.0499,0.0493,0.0496,0.0511,,0.059,,,,,,,,4301.702644795695,4340.578099555328,4379.9056772167105,4417.437219578253,4454.62993947174,4487.196064082153,4520.520406930268,4560.043889250727,4611.837724225517,,4786.804028243535,
2023-06-12,,,,,,,,,,4342.75,4388.0,4433.25,4479.25,4520.0,4552.0,4584.0,4603.0,4618.0,,4664.0,,4338.93017578125,0.0514763,0.05249380000000001,0.0528611,0.05148170000000001,0.01664179736683413,,,,,,,0.010958904109589041,0.2602739726027397,0.5095890410958904,0.7589041095890411,1.0273972602739727,1.2767123287671234,1.526027397260274,1.7753424657534247,2.0246575342465754,,2.5232876712328767,,,,,,,,0.051,0.0525,0.0529,0.0523,0.0514,0.0505,0.0501,0.0504,0.0519,,0.0598,,,,,,,,4340.564213169994,4379.614782408999,4419.84486545754,4457.949785390285,4496.675278038828,4530.602800480428,4566.221000765827,4606.923060045668,4659.9913879405,,4838.130448163254,
2023-06-13,,,,,,,,,,4371.75,4416.75,4462.5,4509.25,4554.5,4590.0,4624.0,4643.0,4658.0,,4704.0,,4369.009765625,0.0514699,0.0525432,0.0529464,0.0515873,0.01653617702742393,,,,,,,0.00821917808219178,0.25753424657534246,0.5068493150684932,0.7561643835616438,1.0246575342465754,1.273972602739726,1.5232876712328767,1.7726027397260273,2.021917808219178,,2.5205479452054793,,,,,,,,0.0509,0.0526,0.0529,0.0524,0.0515,0.0506,0.0502,0.0506,0.0521,,0.0601,,,,,,,,4370.243933426495,4409.776706159692,4450.281550455616,4489.113891708955,4528.371260999921,4562.783082150508,4598.895066356774,4640.945008387137,4694.743657704604,,4876.0774219127425,
2023-06-14,,,,,,,,,,4374.25,4418.5,4464.5,4512.25,4557.5,4593.0,4627.0,4646.0,4661.0,,4707.0,,4372.58984375,0.0510188,0.0521811,0.05266949999999999,0.0515284,0.01614629301413679,,,,,,,0.005479452054794521,0.2547945205479452,0.5041095890410959,0.7534246575342466,1.021917808219178,1.2712328767123289,1.5205479452054795,1.7698630136986302,2.0191780821917806,,2.5178082191780824,,,,,,,,0.0504,0.0522,0.0527,0.0523,0.0515,0.0507,0.0504,0.0508,0.0523,,0.06,,,,,,,,4373.410618917855,4412.942771939428,4453.910834158047,4493.33222187862,4533.4537123247765,4568.940242013925,4606.368851870178,4649.165724594988,4703.732055065897,,4883.0532931874,
2023-06-15,,,,,,,,,,4426.5,4471.25,4518.25,4566.0,4613.25,4647.0,4681.0,4700.0,4715.0,4735.0,4761.0,,4425.83984375,0.0509059,0.0521617,0.0528853,0.052194,0.01568696310528302,,,,,,,0.0027397260273972603,0.25205479452054796,0.5013698630136987,0.7506849315068493,1.0191780821917809,1.2684931506849315,1.5178082191780822,1.7671232876712328,2.0164383561643837,2.265753424657534,2.515068493150685,,,,,,,,0.0502,0.0522,0.0529,0.0527,0.0521,0.0516,0.0515,0.0522,0.054,0.0574,0.0626,,,,,,,,4426.258354423263,4466.760125372068,4509.19006475888,4550.536712124569,4593.174626489379,4632.1239386894895,4673.075299847539,4720.822738676579,4781.316527692108,4864.536855598362,4980.097935771297,
2023-06-16,,,,,,,,,,4453.3501,4453.75,4500.75,4548.75,4596.0,4630.0,4669.0,4688.0,4703.0,4723.0,4749.0,,4409.58984375,0.0507629,0.05206839999999999,0.0528937,0.0523032,0.0157944880938144,,,,,,,0.0,0.2493150684931507,0.4986301369863014,0.7479452054794521,1.0164383561643835,1.2657534246575342,1.515068493150685,1.7643835616438357,2.0136986301369864,2.263013698630137,2.5123287671232877,,,,,,,,0.0501,0.0521,0.0529,0.0528,0.0523,0.0518,0.0517,0.0525,0.0546,0.0583,0.064,,,,,,,,4409.58984375,4449.6844803338245,4491.935175470558,4533.343625433788,4576.283847175818,4615.202654766775,4656.113042400798,4704.616595633988,4767.98739144716,4854.8210147365035,4977.31094082213,
2023-06-20,,,,,,,,,,,4434.75,4481.25,4529.5,4577.0,4611.0,4650.0,4669.0,4684.0,4704.0,4730.0,,4388.7099609375,0.05077130000000001,0.0522025,0.053086,0.05266580000000001,0.0162470921786928,,,,,,,,0.23835616438356164,0.4876712328767123,0.736986301369863,1.0054794520547945,1.2547945205479452,1.5041095890410958,1.7534246575342465,2.0027397260273974,2.252054794520548,2.5013698630136987,,,,,,,,,0.0521,0.0531,0.0531,0.0527,0.0523,0.0523,0.053,0.0549,0.0582,0.0635,,,,,,,,,4426.375541261085,4468.297342475604,4509.541176216662,4552.5520923164395,4591.810159221888,4633.269848966025,4680.845613044978,4741.9433416080465,4823.576052340094,4939.342992621262,
2023-06-21,,,,,,,,,,,4409.25,4455.5,4503.75,4551.0,4585.0,4624.0,4643.0,4658.0,4678.0,4704.0,,4365.68994140625,0.0508247,0.0522913,0.0531173,0.0524977,0.01629249534563514,,,,,,,,0.2356164383561644,0.4849315068493151,0.7342465753424657,1.0027397260273974,1.252054794520548,1.5013698630136987,1.7506849315068493,2.0,2.249315068493151,2.4986301369863013,,,,,,,,,0.0522,0.0531,0.053,0.0525,0.052,0.0519,0.0525,0.0543,0.0576,0.0628,,,,,,,,,4402.7821033971695,4444.313250365611,4484.9556123987495,4527.106267240899,4565.2989138193925,4605.431065013899,4651.381032702703,4710.486757771679,4790.763683711032,4903.6571883998695,
2023-06-22,,,,,,,,,,,4423.75,4470.25,4519.5,4566.0,4600.0,4639.0,4658.0,4673.0,4693.0,4719.0,,4381.89013671875,0.05089229999999999,0.05246260000000001,0.053345,0.0527445,0.01613333141400757,,,,,,,,0.2328767123287671,0.4821917808219178,0.7315068493150685,1.0,1.2493150684931507,1.4986301369863013,1.747945205479452,1.9972602739726026,2.2465753424657535,2.495890410958904,,,,,,,,,0.0523,0.0533,0.0533,0.0527,0.0523,0.0521,0.0528,0.0546,0.058,0.0633,,,,,,,,,4418.951913118196,4461.127922493701,4502.657788082654,4545.086857246947,4584.420619611682,4624.558480982923,4671.926423101895,4731.8115390243565,4814.04070409133,4929.329650139822,
2023-06-23,,,,,,,,,,,4389.0,4435.0,4483.25,4530.0,4564.0,4603.0,4622.0,4637.0,4657.0,4683.0,,4348.330078125,0.0508367,0.052387,0.0532909,0.052836,0.01633242617833265,,,,,,,,0.23013698630136986,0.4794520547945205,0.7287671232876712,0.9972602739726028,1.2465753424657535,1.4958904109589042,1.7452054794520548,1.9945205479452055,2.243835616438356,2.493150684931507,,,,,,,,,0.0522,0.0533,0.0533,0.0528,0.0524,0.0524,0.0531,0.0548,0.0581,0.0632,,,,,,,,,4384.371722007012,4426.087719366818,4467.069647186851,4509.379423654567,4548.296783101656,4589.380369169723,4636.495740687311,4695.085144908854,4775.560986248089,4887.299029021608,
2023-06-26,,,,,,,,,,,4370.25,4416.25,4464.0,4510.25,4546.75,4583.5,4602.5,4617.5,4640.0,4663.0,,4328.81982421875,0.0508731,0.0523471,0.05320420000000001,0.0525769,0.01665184376398898,,,,,,,,0.2219178082191781,0.4712328767123288,0.7205479452054795,0.989041095890411,1.2383561643835617,1.4876712328767123,1.736986301369863,1.9863013698630136,2.2356164383561645,2.484931506849315,,,,,,,,,0.0521,0.0532,0.0531,0.0526,0.0521,0.0519,0.0526,0.0544,0.0578,0.0632,,,,,,,,,4363.0071114445955,4404.01946963284,4444.012084370512,4485.496316366694,4523.076435916427,4561.869944382789,4607.7349485256045,4665.869296852933,4745.925409708357,4859.63789027761,
2023-06-27,,,,,,,,,,,4418.75,4465.75,4515.0,4563.25,4604.0,4638.0,4657.25,4672.5,4695.5,4718.5,,4378.41015625,0.0510536,0.0523932,0.0532433,0.0526322,0.0165573257348701,,,,,,,,0.2191780821917808,0.4684931506849315,0.7178082191780822,0.9863013698630136,1.2356164383561643,1.484931506849315,1.7342465753424658,1.9835616438356165,2.232876712328767,2.4821917808219176,,,,,,,,,0.0522,0.0532,0.0532,0.0527,0.0521,0.052,0.0527,0.0546,0.0582,0.0639,,,,,,,,,4412.748656680284,4454.2224986760275,4495.100802886863,4537.305118641839,4574.982131587416,4615.0173349843735,4661.63380927193,4721.590296014651,4805.055717441553,4924.384427212783,
2023-06-28,,,,,,,,,,,4417.5,4464.75,4513.75,4562.0,4601.0,4638.0,4644.5,4659.75,4679.75,4705.5,,4376.85986328125,0.0510249,0.0524187,0.053367,0.0529933,0.01666096428951786,,,,,,,,0.21643835616438356,0.4657534246575342,0.7150684931506849,0.9835616438356164,1.2328767123287672,1.4821917808219178,1.7315068493150685,1.9808219178082191,2.23013698630137,2.4794520547945207,,,,,,,,,0.0522,0.0533,0.0534,0.053,0.0526,0.0526,0.0534,0.0554,0.059,0.0646,,,,,,,,,4410.656530692852,4452.190834739885,4493.367712729398,4536.1254509643595,4575.152087175373,4616.3303107007605,4664.335745479229,4725.9408938365295,4810.270841731234,4929.285663328499,
2023-06-29,,,,,,,,,,,4435.75,4483.75,4534.25,4584.75,4626.75,4664.75,4681.75,4697.75,4720.75,4743.75,,4396.43994140625,0.05113,0.0524665,0.0534588,0.0529945,0.01642876999443623,,,,,,,,0.2136986301369863,0.46301369863013697,0.7123287671232876,0.9808219178082191,1.2301369863013698,1.4794520547945205,1.7287671232876711,1.978082191780822,2.2273972602739724,2.4767123287671233,,,,,,,,,0.0522,0.0534,0.0535,0.053,0.0525,0.0525,0.0534,0.0557,0.0598,0.0664,,,,,,,,,4430.176264303748,4472.346858604058,4514.082762091941,4557.002100165884,4595.914071145082,4637.43199904606,4686.611169473804,4751.578268545128,4842.3496513624095,4975.667192357403,
2023-06-30,,,,,,,,,,,4488.25,4536.75,4587.5,4638.25,4681.0,4720.0,4737.0,4753.0,4776.0,4800.0,,4450.3798828125,0.0514078,0.0526836,0.0539064,0.0539682,0.01626025048920873,,,,,,,,0.21095890410958903,0.4602739726027397,0.7095890410958904,0.9780821917808219,1.2273972602739727,1.4767123287671233,1.726027397260274,1.9753424657534246,2.2246575342465755,2.473972602739726,,,,,,,,,0.0524,0.0538,0.0542,0.054,0.0537,0.054,0.0552,0.0579,0.0626,0.0698,,,,,,,,,4484.439257116383,4527.944252493395,4571.818696367365,4617.724431128369,4659.661963260986,4705.444360281704,4759.775646083715,4831.911885892534,4933.652235496168,5080.68112794215,
2023-07-03,,,,,,,,,,,4492.25,4540.75,4591.75,4643.5,4686.0,4725.0,4742.0,4758.0,4781.0,4805.0,,4455.58984375,0.051424,0.0526874,0.0538087,0.0537154,0.01641196506250673,,,,,,,,0.20273972602739726,0.4520547945205479,0.7013698630136986,0.9698630136986301,1.2191780821917808,1.4684931506849315,1.7178082191780821,1.9671232876712328,2.2164383561643834,2.4657534246575343,,,,,,,,,0.0524,0.0537,0.054,0.0538,0.0534,0.0536,0.0546,0.057,0.0613,0.0681,,,,,,,,,4488.217622447351,4531.330874029132,4574.615115671601,4620.1202125711525,4661.113900663758,4705.677823394963,4757.675329728021,4825.918702250468,4921.685311904424,5061.229316475536,
2023-07-05,,,,,,,,,,,4483.75,4532.0,4582.75,4634.0,4677.0,4716.0,4733.0,4749.0,4772.0,4796.0,,4446.81982421875,0.05145330000000001,0.0527676,0.05381739999999999,0.0538481,0.01637176136744542,,,,,,,,0.19726027397260273,0.4465753424657534,0.6958904109589041,0.9643835616438357,1.2136986301369863,1.463013698630137,1.7123287671232876,1.9616438356164383,2.210958904109589,2.4602739726027396,,,,,,,,,0.0524,0.0537,0.054,0.0539,0.0537,0.0538,0.0547,0.0567,0.0602,0.0656,,,,,,,,,4478.535674727101,4521.569035722249,4564.798280998842,4610.705171314513,4652.917427129292,4697.109033872511,4748.4570801959635,4812.895293590771,4899.296527089483,5019.368598885391,
2023-07-06,,,,,,,,,,,4447.0,4495.0,4545.25,4597.0,4640.0,4679.0,4696.0,4712.0,4735.0,4759.0,,4411.58984375,0.0516479,0.052809,0.0538146,0.0537813,0.01643593453153322,,,,,,,,0.19452054794520549,0.4438356164383562,0.6931506849315069,0.9616438356164384,1.210958904109589,1.4602739726027398,1.7095890410958905,1.9589041095890412,2.208219178082192,2.4575342465753423,,,,,,,,,0.0525,0.0537,0.054,0.0538,0.0536,0.0537,0.0545,0.0566,0.0603,0.066,,,,,,,,,4442.646844854377,4485.160374067842,4527.965361318828,4572.984505940048,4614.665061523845,4658.301413712751,4708.215881176286,4772.702403936764,4860.282694795111,4983.041868671937,
2023-07-07,,,,,,,,,,,4434.0,4481.75,4531.75,4583.75,4627.0,4666.0,4683.0,4699.0,4722.0,4746.0,,4398.9501953125,0.0517701,0.0529847,0.05415,0.0545445,0.01622215393141079,,,,,,,,0.1917808219178082,0.4410958904109589,0.6904109589041096,0.958904109589041,1.2082191780821918,1.4575342465753425,1.7068493150684931,1.9561643835616438,2.2054794520547945,2.4547945205479453,,,,,,,,,0.0526,0.054,0.0545,0.0546,0.0545,0.0548,0.0559,0.058,0.0618,0.0674,,,,,,,,,4429.747096941175,4472.866924329317,4516.752963979448,4563.850133455655,4607.170748922985,4653.3828619093665,4707.184811974326,4773.5499622306515,4864.125389658116,4987.810403573312,
2023-07-10,,,,,,,,,,,4444.25,4492.0,4542.5,4593.0,4636.0,4675.0,4692.0,4708.0,4731.0,4755.0,,4409.52978515625,0.0519386,0.052995,0.0540339,0.054086,0.01647898373764547,,,,,,,,0.18356164383561643,0.4328767123287671,0.6821917808219178,0.9506849315068493,1.2,1.4493150684931506,1.6986301369863013,1.9479452054794522,2.197260273972603,2.4465753424657533,,,,,,,,,0.0526,0.0538,0.0543,0.0541,0.0539,0.054,0.055,0.0571,0.061,0.0669,,,,,,,,,4438.864019368378,4481.346045632462,4524.781304692897,4570.094085639201,4612.053850952612,4655.958668489135,4707.707307208422,4772.620728333535,4862.692610057697,4988.458150905421,
2023-07-11,,,,,,,,,,,4473.5,4521.5,4572.5,4623.0,4666.0,4705.0,4722.0,4738.0,4761.0,4785.0,,4439.259765625,0.0519643,0.0530109,0.0540243,0.0538527,0.01643967918582749,,,,,,,,0.18082191780821918,0.4301369863013699,0.6794520547945205,0.947945205479452,1.1972602739726028,1.4465753424657535,1.6958904109589041,1.9452054794520548,2.1945205479452055,2.4438356164383563,,,,,,,,,0.0526,0.0538,0.0542,0.0539,0.0536,0.0536,0.0545,0.0567,0.0608,0.0672,,,,,,,,,4468.381317366845,4511.1752127496175,4554.628509103826,4599.731694919725,4641.224438204102,4684.4234581901,4735.246461079715,4800.894428104523,4893.1549457777155,5025.563178550411,
2023-07-12,,,,,,,,,,,4507.5,4555.75,4607.0,4656.5,4701.0,4740.0,4771.0,4787.0,4810.0,4834.0,,4472.16015625,0.0520222,0.0531105,0.0541106,0.0538328,0.01638274575612429,,,,,,,,0.1780821917808219,0.4273972602739726,0.6767123287671233,0.9452054794520548,1.1945205479452055,1.4438356164383561,1.6931506849315068,1.9424657534246574,2.191780821917808,2.441095890410959,,,,,,,,,0.0527,0.0539,0.0543,0.0539,0.0535,0.0535,0.0543,0.0565,0.0606,0.0671,,,,,,,,,4501.177389034644,4544.44823583403,4588.396523468433,4633.59517569541,4674.90513802897,4718.366985042707,4768.687802884879,4834.597802320695,4927.274907733405,5061.572618759571,
2023-07-13,,,,,,,,,,,4543.5,4592.25,4643.0,4692.0,4734.0,4770.0,4801.0,4817.0,4840.0,4864.0,,4510.0400390625,0.0522164,0.0530796,0.053928,0.0532653,0.01610470860925205,,,,,,,,0.17534246575342466,0.4246575342465753,0.673972602739726,0.9424657534246575,1.1917808219178083,1.441095890410959,1.6904109589041096,1.9397260273972603,2.1890410958904107,2.4383561643835616,,,,,,,,,0.0527,0.0538,0.054,0.0534,0.0528,0.0525,0.0533,0.0555,0.0598,0.0667,,,,,,,,,4539.072699335794,4582.815837145958,4626.711791117152,4671.384834766535,4711.652877395131,4752.900846504088,4802.714887108922,4868.189506450156,4962.734105772432,5102.21812663136,
2023-07-14,,,,,,,,,,,4536.75,4586.25,4637.5,4688.0,4731.0,4766.75,4797.75,4813.75,4836.75,4860.75,,4505.419921875,0.0522994,0.0530989,0.0537554,0.0525401,0.01613642344043878,,,,,,,,0.1726027397260274,0.42191780821917807,0.6712328767123288,0.9397260273972603,1.189041095890411,1.4383561643835616,1.6876712328767123,1.936986301369863,2.186301369863014,2.4356164383561643,,,,,,,,,0.0527,0.0536,0.0536,0.0528,0.0518,0.0513,0.0518,0.0539,0.0581,0.0651,,,,,,,,,4533.943418400738,4577.200877759748,4620.15328624979,4663.353461537736,4700.5830643903255,4739.154983188325,4784.920887547066,4847.332868212467,4938.324600778971,5076.071273713904,
2023-07-17,,,,,,,,,,,4553.75,4603.25,4654.5,4704.0,4747.0,4783.0,4814.0,4830.0,4853.0,4877.0,,4522.7900390625,0.0524611,0.0532012,0.0539635,0.0529292,0.01638130402596671,,,,,,,,0.1643835616438356,0.4136986301369863,0.663013698630137,0.9315068493150684,1.180821917808219,1.4301369863013698,1.6794520547945206,1.9287671232876713,2.1780821917808217,2.4273972602739726,,,,,,,,,0.0528,0.0538,0.0539,0.0532,0.0523,0.0519,0.0525,0.0548,0.0593,0.0668,,,,,,,,,4549.947541920872,4593.347825516555,4636.707287809034,4680.598265070764,4718.743951244139,4758.467532774845,4805.632593178866,4870.661631096319,4965.974320895904,5111.614345291784,
2023-07-18,,,,,,,,,,,4587.75,4637.75,4689.5,4740.0,4782.0,4818.0,4849.0,4865.0,4888.0,4912.0,,4554.97998046875,0.0525457,0.05326139999999999,0.05400439999999999,0.0530049,0.0163808659942756,,,,,,,,0.16164383561643836,0.410958904109589,0.6602739726027397,0.9287671232876712,1.178082191780822,1.4273972602739726,1.6767123287671233,1.926027397260274,2.175342465753425,2.4246575342465753,,,,,,,,,0.0529,0.0538,0.054,0.0533,0.0524,0.052,0.0526,0.0548,0.0592,0.0664,,,,,,,,,4581.947969384345,4625.566555454687,4669.5376882620085,4713.875594495218,4752.423203024917,4792.555564521432,4840.1717428537895,4904.815316942925,4999.647531175851,5142.299771473695,
2023-07-19,,,,,,,,,,,4597.0,4647.5,4699.75,4750.25,4792.0,4828.0,4859.0,4875.0,4898.0,4922.0,,4565.72021484375,0.05263569999999999,0.0533352,0.0539914,0.052858,0.01641617184673935,,,,,,,,0.1589041095890411,0.40821917808219177,0.6575342465753424,0.9260273972602739,1.1753424657534246,1.4246575342465753,1.673972602739726,1.9232876712328768,2.1726027397260275,2.421917808219178,,,,,,,,,0.053,0.0538,0.0539,0.0531,0.0522,0.0517,0.0522,0.0542,0.0584,0.0653,,,,,,,,,4592.339508675504,4635.931112273371,4679.649299726204,4723.483232273223,4761.841786194261,4801.093200456662,4847.56936956555,4909.860064612683,5001.76300123491,5139.567255575905,
2023-07-20,,,,,,,,,,,4565.5,4615.5,4668.25,4719.0,4761.0,4797.0,4843.0,4859.0,4882.0,4906.0,,4534.8701171875,0.0529134,0.0534557,0.054126,0.053092,0.01644423269738734,,,,,,,,0.15616438356164383,0.4054794520547945,0.6547945205479452,0.9232876712328767,1.1726027397260275,1.4219178082191781,1.6712328767123288,1.9205479452054794,2.16986301369863,2.419178082191781,,,,,,,,,0.0531,0.0539,0.0541,0.0534,0.0525,0.052,0.0526,0.0547,0.0591,0.0662,,,,,,,,,4560.903630012788,4604.269324421199,4648.0753614849755,4692.2736294949245,4730.711124208996,4770.035855643955,4817.3363463238875,4880.601538484458,4974.643027933015,5114.934044461997,
2023-07-21,,,,,,,,,,,4564.75,4615.0,4667.75,4718.5,4761.0,4797.0,4843.0,4859.0,4882.0,4906.0,,4536.33984375,0.0529799,0.0535121,0.05428429999999999,0.053615,0.01654892794857965,,,,,,,,0.15342465753424658,0.40273972602739727,0.6520547945205479,0.9205479452054794,1.16986301369863,1.4191780821917808,1.6684931506849314,1.917808219178082,2.1671232876712327,2.4164383561643836,,,,,,,,,0.0532,0.054,0.0544,0.0538,0.0532,0.0529,0.0535,0.0557,0.0601,0.0671,,,,,,,,,4561.920345420758,4605.28022218055,4649.694219033966,4694.595168797162,4735.073355415195,4776.505106426296,4824.818394846758,4890.060779966148,4985.3371175993125,5125.735538997602,
2023-07-24,,,,,,,,,,,4583.5,4634.0,4687.0,4739.0,4781.0,4825.0,4871.0,4887.0,4910.0,4934.0,,4554.64013671875,0.05305380000000001,0.0535064,0.0542156,0.0535298,0.01675764633868465,,,,,,,,0.14520547945205478,0.39452054794520547,0.6438356164383562,0.9123287671232877,1.1616438356164382,1.4109589041095891,1.6602739726027398,1.9095890410958904,2.158904109589041,2.408219178082192,,,,,,,,,0.0532,0.054,0.0543,0.0538,0.0531,0.0528,0.0534,0.0554,0.0595,0.0661,,,,,,,,,4578.805485181607,4622.054935100698,4666.072110742515,4711.193761322104,4751.039302692091,4792.253707596862,4840.329852049664,4903.442643120431,4994.928843984073,5129.323227194518,
2023-07-25,,,,,,,,,,,4596.0,4646.75,4699.75,4752.0,4794.0,4838.0,4884.0,4900.0,4923.0,4947.0,,4567.4599609375,0.0531552,0.0535736,0.05431250000000001,0.0536297,0.01678175630559159,,,,,,,,0.14246575342465753,0.3917808219178082,0.6410958904109589,0.9095890410958904,1.158904109589041,1.4082191780821918,1.6575342465753424,1.906849315068493,2.1561643835616437,2.4054794520547946,,,,,,,,,0.0533,0.054,0.0544,0.0539,0.0532,0.0529,0.0535,0.0556,0.0599,0.0669,,,,,,,,,4591.284545169058,4634.547823302403,4678.951959579007,4724.30089298706,4764.356569881847,4805.781376611635,4854.077093036732,4918.3729990026295,5012.462265321536,5152.673202914718,
2023-07-26,,,,,,,,,,,4595.25,4646.25,4699.5,4751.25,4794.0,4838.0,4884.0,4900.0,4923.0,4947.0,,4566.75,0.0531737,0.0536559,0.0544526,0.05397859999999999,0.01680901834062347,,,,,,,,0.13972602739726028,0.38904109589041097,0.6383561643835617,0.9068493150684932,1.1561643835616437,1.4054794520547946,1.6547945205479453,1.904109589041096,2.1534246575342464,2.4027397260273973,,,,,,,,,0.0533,0.0541,0.0546,0.0542,0.0536,0.0534,0.0541,0.0562,0.0603,0.0669,,,,,,,,,4590.094132709531,4633.486074044276,4678.258373603728,4724.254535727151,4765.193833179632,4807.7522395399155,4857.435891240004,4922.450807453097,5015.114960395455,5150.827512071689,
2023-07-27,,,,,,,,,,,4564.25,4615.25,4668.5,4721.25,4764.0,4808.0,4854.0,4870.0,4893.0,4917.0,,4537.41015625,0.0531865,0.05369119999999999,0.05452829999999999,0.0540252,0.01683413360573386,,,,,,,,0.136986301369863,0.3863013698630137,0.6356164383561644,0.9041095890410958,1.1534246575342466,1.4027397260273973,1.652054794520548,1.9013698630136986,2.1506849315068495,2.4,,,,,,,,,0.0533,0.0542,0.0547,0.0543,0.0537,0.0534,0.0541,0.0563,0.0606,0.0676,,,,,,,,,4560.13269682155,4603.380313998925,4647.942117434298,4693.739728480694,4734.5107662583805,4776.216913828827,4825.535206990984,4890.994260620396,4985.247187722986,5125.32777186724,
2023-07-28,,,,,,,,,,,4606.5,4658.0,4712.0,4765.75,4808.0,4852.0,4898.0,4914.0,4937.0,4961.0,,4582.22998046875,0.05318100000000001,0.0537191,0.05448,0.0540788,0.01650980533985792,,,,,,,,0.13424657534246576,0.3835616438356164,0.6328767123287671,0.9013698630136986,1.1506849315068493,1.4,1.6493150684931508,1.8986301369863015,2.147945205479452,2.3972602739726026,,,,,,,,,0.0533,0.0542,0.0546,0.0543,0.0538,0.0536,0.0542,0.056,0.0597,0.0656,,,,,,,,,4604.917400219989,4648.9541854547515,4694.033208616265,4741.003003870033,4783.129503009273,4826.4540526509,4876.114925252762,4939.000825151916,5027.666432155504,5154.487778055476,
2023-07-31,,,,,,,,,,,4614.5,4666.0,4720.0,4774.5,4816.0,4860.0,4906.0,4922.0,4945.0,4969.0,,4588.9599609375,0.0531784,0.0536532,0.0543313,0.0538312,0.01676554290392443,,,,,,,,0.12602739726027398,0.37534246575342467,0.6246575342465753,0.8931506849315068,1.1424657534246576,1.3917808219178083,1.641095890410959,1.8904109589041096,2.1397260273972605,2.389041095890411,,,,,,,,,0.0533,0.054,0.0544,0.0541,0.0535,0.0532,0.0537,0.0554,0.0589,0.0645,,,,,,,,,4610.137822140892,4653.544016083708,4698.118256265515,4744.560036626641,4785.647189482906,4827.661500386156,4875.713224067054,4936.657147995585,5021.906311093754,5143.290193044936,
2023-08-01,,,,,,,,,,,4601.25,4653.0,4707.25,4761.5,4808.0,4852.0,4898.0,4914.0,4937.0,4961.0,,4576.72998046875,0.0531795,0.0536635,0.0543314,0.0537388,0.0168566610568339,,,,,,,,0.1232876712328767,0.3726027397260274,0.6219178082191781,0.8904109589041096,1.1397260273972603,1.389041095890411,1.6383561643835616,1.8876712328767122,2.136986301369863,2.3863013698630136,,,,,,,,,0.0533,0.054,0.0544,0.054,0.0534,0.0531,0.0535,0.0552,0.0587,0.0644,,,,,,,,,4597.339559027061,4640.510932373155,4684.84877268887,4730.626286837887,4771.373264464683,4813.036877261363,4859.90847436513,4920.274801728194,5004.829804949477,5126.573487769765,
2023-08-02,,,,,,,,,,,4537.25,4588.25,4642.0,4694.25,4741.0,4785.0,4831.0,4847.0,4870.0,4894.0,,4513.39013671875,0.0531714,0.0536941,0.0543473,0.0538124,0.01718856998225777,,,,,,,,0.12054794520547946,0.3698630136986301,0.6191780821917808,0.8876712328767123,1.1369863013698631,1.3863013698630138,1.6356164383561644,1.884931506849315,2.1342465753424658,2.3835616438356166,,,,,,,,,0.0533,0.0541,0.0544,0.0541,0.0535,0.0532,0.0536,0.0552,0.0584,0.0637,,,,,,,,,4533.0804666717,4575.43024608907,4618.588164514513,4663.721707251985,4703.628174491482,4744.42981395917,4790.351055096579,4848.636379162702,4928.348380368405,5042.54757199863,
2023-08-03,,,,,,,,,,,4521.75,4572.5,4626.0,4678.75,4726.0,4770.0,4816.0,4832.0,4855.0,4879.0,,4501.89013671875,0.053164,0.0536985,0.0543307,0.0536487,0.01716667504706257,,,,,,,,0.1178082191780822,0.36712328767123287,0.6164383561643836,0.8849315068493151,1.1342465753424658,1.3835616438356164,1.632876712328767,1.8821917808219177,2.1315068493150684,2.3808219178082193,,,,,,,,,0.0533,0.0541,0.0544,0.0539,0.0533,0.0529,0.0533,0.0549,0.0581,0.0636,,,,,,,,,4521.094640545531,4563.347352002736,4606.412657128155,4650.635214657692,4690.229143030748,4730.053895241553,4775.499633872722,4833.2479402103145,4912.323272440701,5028.123318274512,
2023-08-04,,,,,,,,,,,4498.0,4548.0,4601.25,4652.75,4701.0,4745.0,4791.0,4807.0,4830.0,4854.0,,4478.02978515625,0.0531724,0.0537058,0.0543419,0.0536235,0.0171593118985373,,,,,,,,0.11506849315068493,0.3643835616438356,0.6136986301369863,0.8821917808219178,1.1315068493150684,1.3808219178082193,1.63013698630137,1.8794520547945206,2.128767123287671,2.378082191780822,,,,,,,,,0.0533,0.0541,0.0544,0.0539,0.0533,0.0529,0.0532,0.0548,0.0581,0.0637,,,,,,,,,4496.691140138031,4538.714168297798,4581.551649585398,4625.551016918268,4664.947618980841,4704.571497744597,4749.001703538669,4806.297504828006,4885.816229249292,5002.11464069162,
2023-08-07,,,,,,,,,,,4537.75,4588.25,4641.75,4693.5,4737.25,4777.25,4819.0,4848.0,4872.0,4896.0,,4518.43994140625,0.0531583,0.05367429999999999,0.0542755,0.0533951,0.01731036619149071,,,,,,,,0.10684931506849316,0.3561643835616438,0.6054794520547945,0.873972602739726,1.1232876712328768,1.3726027397260274,1.621917808219178,1.8712328767123287,2.1205479452054794,2.3698630136986303,,,,,,,,,0.0532,0.054,0.0543,0.0538,0.053,0.0525,0.0528,0.0543,0.0577,0.0634,,,,,,,,,4535.800442734668,4577.872311468644,4620.778751276204,4664.859559930419,4703.262957941368,4742.043572984157,4786.1582668118135,4842.267038459365,4922.492183126231,5039.933598213107,
2023-08-08,,,,,,,,,,,4518.5,4568.25,4621.0,4672.5,4717.25,4757.0,4799.0,4828.0,4852.0,4876.0,,4499.3798828125,0.053124,0.0536528,0.0542583,0.0531827,0.01749392752589579,,,,,,,,0.10410958904109589,0.35342465753424657,0.6027397260273972,0.8712328767123287,1.1205479452054794,1.36986301369863,1.6191780821917807,1.8684931506849316,2.117808219178082,2.367123287671233,,,,,,,,,0.0532,0.054,0.0543,0.0536,0.0528,0.0521,0.0524,0.054,0.0576,0.0637,,,,,,,,,4516.136754251005,4557.807650987281,4600.311715784804,4643.165627175464,4680.953040945397,4717.812138675692,4761.004764497417,4816.998083745751,4898.242921626729,5019.423335236377,
2023-08-09,,,,,,,,,,,4485.75,4535.25,4587.75,4639.0,4684.0,4724.0,4766.0,4795.0,4819.0,4843.0,,4467.7099609375,0.05312459999999999,0.0536678,0.0542097,0.0530832,0.01745386983640205,,,,,,,,0.10136986301369863,0.3506849315068493,0.6,0.8684931506849315,1.1178082191780823,1.367123287671233,1.6164383561643836,1.8657534246575342,2.115068493150685,2.3643835616438356,,,,,,,,,0.0532,0.054,0.0542,0.0536,0.0527,0.052,0.0522,0.0536,0.0569,0.0626,,,,,,,,,4483.928433541176,4525.33741630999,4567.306493681231,4610.187971148131,4647.24410517596,4683.776754962161,4725.819295955052,4779.403416735379,4856.44763548126,4970.988592945423,
2023-08-10,,,,,,,,,,,4485.75,4535.0,4587.25,4638.5,4684.0,4724.0,4766.0,4795.0,4819.0,4843.0,,4468.830078125,0.0531247,0.0536915,0.05421400000000001,0.0531174,0.01721201511837618,,,,,,,,0.09863013698630137,0.34794520547945207,0.5972602739726027,0.8657534246575342,1.115068493150685,1.3643835616438356,1.6136986301369862,1.8630136986301369,2.1123287671232878,2.361643835616438,,,,,,,,,0.0532,0.054,0.0542,0.0536,0.0527,0.0521,0.0522,0.0536,0.0567,0.0621,,,,,,,,,4484.720374564621,4526.3996753380525,4568.651573501022,4611.852727359528,4649.214035581898,4686.693110025357,4728.399202133121,4782.282586981503,4857.569710637041,4968.589910688629,
2023-08-11,,,,,,,,,,,4480.75,4530.0,4582.25,4633.5,4679.0,4719.0,4761.0,4790.0,4814.0,4838.0,,4464.0498046875,0.0531048,0.0536457,0.0541508,0.0530582,0.01696908159879462,,,,,,,,0.0958904109589041,0.3452054794520548,0.5945205479452055,0.863013698630137,1.1123287671232878,1.3616438356164384,1.610958904109589,1.8602739726027397,2.1095890410958904,2.3589041095890413,,,,,,,,,0.0531,0.0539,0.0541,0.0535,0.0527,0.052,0.0521,0.0534,0.0565,0.0618,,,,,,,,,4479.54281320115,4521.325202983316,4563.6898590555265,4607.028466882924,4645.04430481776,4682.143491495302,4723.97614127939,4777.072309388484,4852.288135563261,4961.996697117561,
2023-08-14,,,,,,,,,,,4506.0,4555.75,4608.0,4660.5,4705.0,4745.0,4787.0,4816.0,4840.0,4864.0,,4489.72021484375,0.0531261,0.0537183,0.0543196,0.05354440000000001,0.01709533436825842,,,,,,,,0.08767123287671233,0.336986301369863,0.5863013698630137,0.8547945205479452,1.104109589041096,1.3534246575342466,1.6027397260273972,1.8520547945205479,2.1013698630136988,2.350684931506849,,,,,,,,,0.0531,0.054,0.0544,0.0539,0.0533,0.0528,0.053,0.0543,0.0572,0.0622,,,,,,,,,4503.914737601256,4545.904663216974,4589.000128536567,4633.214081691305,4672.82729674702,4712.007140409838,4755.663486807341,4809.992217928301,4884.4911906859725,4991.9032242004905,
2023-08-15,,,,,,,,,,,4454.0,4503.0,4555.0,4607.0,4652.0,4692.0,4734.0,4763.0,4787.0,4811.0,,4437.85986328125,0.0531376,0.0537648,0.0544472,0.0538196,0.0169846489356128,,,,,,,,0.08493150684931507,0.33424657534246577,0.5835616438356165,0.852054794520548,1.1013698630136985,1.3506849315068492,1.6,1.8493150684931507,2.0986301369863014,2.347945205479452,,,,,,,,,0.0531,0.0541,0.0545,0.0542,0.0536,0.0531,0.0534,0.0548,0.0579,0.063,,,,,,,,,4451.493147450045,4493.257439929677,4536.087096458279,4580.837152301225,4620.483215159377,4659.707639864312,4704.111008987022,4759.3197387725995,4835.760640949825,4944.193068051553,
2023-08-16,,,,,,,,,,,4420.0,4468.5,4520.25,4572.0,4617.0,4657.0,4699.0,4728.0,4752.0,4776.0,,4404.330078125,0.05311950000000001,0.05379229999999999,0.0544186,0.0538554,0.01673054978380127,,,,,,,,0.0821917808219178,0.3315068493150685,0.5808219178082191,0.8493150684931506,1.0986301369863014,1.347945205479452,1.5972602739726027,1.8465753424657534,2.095890410958904,2.345205479452055,,,,,,,,,0.0531,0.0541,0.0545,0.0542,0.0536,0.0533,0.0535,0.0547,0.0573,0.0617,,,,,,,,,4417.515506956747,4459.231288656352,4502.016872159499,4546.7447363364945,4586.393818459342,4626.8754004201155,4670.744812854074,4724.21597616717,4795.208965964294,4894.199687622987,
2023-08-17,,,,,,,,,,,4384.5,4432.5,4483.5,4533.25,4581.0,4621.0,4663.0,4692.0,4716.0,4740.0,4762.0,4370.35986328125,0.0531398,0.0537976,0.0544112,0.0537645,0.01640151549126267,,,,,,,,0.07945205479452055,0.3287671232876712,0.5780821917808219,0.8465753424657534,1.095890410958904,1.3452054794520547,1.5945205479452054,1.8438356164383563,2.0931506849315067,2.3424657534246576,2.591780821917808,,,,,,,,0.0531,0.0541,0.0545,0.0541,0.0535,0.0531,0.0533,0.0545,0.0571,0.0617,0.0685,,,,,,,,4383.121423314532,4424.863261374885,4467.680676818061,4512.087748116055,4551.701994431051,4591.525660455913,4635.206480006049,4688.406207898762,4758.98026389756,4859.5969527367315,5002.176948075846
2023-08-18,,,,,,,,,,,4382.75,4430.25,4480.75,4530.5,4578.0,4618.0,4660.0,4689.0,4713.0,4737.0,4759.0,4369.7099609375,0.05314269999999999,0.0538317,0.0544454,0.0538338,0.01633936685864819,,,,,,,,0.07671232876712329,0.32602739726027397,0.5753424657534246,0.8438356164383561,1.093150684931507,1.3424657534246576,1.5917808219178082,1.841095890410959,2.0904109589041098,2.33972602739726,2.589041095890411,,,,,,,,0.0531,0.0541,0.0545,0.0542,0.0536,0.0532,0.0534,0.0545,0.0571,0.0614,0.068,,,,,,,,4382.049906934696,4423.837965703258,4466.709774172313,4511.568100086953,4551.369255881551,4591.380650010223,4635.244931341778,4687.756084958281,4758.360188236765,4855.568412192811,4995.053579415549
2023-08-21,,,,,,,,,,,4412.5,4460.75,4512.0,4563.0,4609.0,4649.0,4691.0,4720.0,4744.0,4768.0,4790.0,4399.77001953125,0.0531778,0.0537734,0.0542902,0.0535571,0.01657954703125344,,,,,,,,0.0684931506849315,0.3178082191780822,0.5671232876712329,0.8356164383561644,1.084931506849315,1.3342465753424657,1.5835616438356164,1.832876712328767,2.0821917808219177,2.3315068493150686,2.580821917808219,,,,,,,,0.0531,0.054,0.0543,0.054,0.0533,0.0529,0.0529,0.0539,0.0563,0.0604,0.0666,,,,,,,,4410.789384345072,4452.406777233518,4494.9044851700655,4539.520623320248,4578.591635362819,4618.235525511181,4660.244653347889,4711.263167069826,4779.126895488892,4873.049673886145,5006.044852062065
2023-08-22,,,,,,,,,,,4399.25,4447.25,4498.25,4549.5,4596.0,4636.0,4678.0,4707.0,4731.0,4755.0,4777.0,4387.5498046875,0.053153,0.0538307,0.054469,0.05388150000000001,0.01672747121071269,,,,,,,,0.06575342465753424,0.3150684931506849,0.5643835616438356,0.8328767123287671,1.082191780821918,1.3315068493150686,1.5808219178082192,1.83013698630137,2.0794520547945203,2.328767123287671,2.578082191780822,,,,,,,,0.0531,0.0541,0.0545,0.0542,0.0537,0.0533,0.0534,0.0546,0.0572,0.0616,0.0683,,,,,,,,4398.055707277042,4439.518153436343,4482.088561497029,4526.644501180167,4566.661016923882,4606.496145448899,4649.425564791622,4702.44626828299,4772.792786388611,4870.850731379415,5011.469363778134
2023-08-23,,,,,,,,,,,4447.0,4495.5,4546.75,4598.0,4644.0,4684.0,4726.0,4755.0,4779.0,4803.0,4825.0,4436.009765625,0.0531495,0.0539105,0.0545769,0.0541133,0.01662396875019238,,,,,,,,0.06301369863013699,0.31232876712328766,0.5616438356164384,0.8301369863013699,1.0794520547945206,1.3287671232876712,1.5780821917808219,1.8273972602739725,2.0767123287671234,2.326027397260274,2.5753424657534247,,,,,,,,0.0531,0.0541,0.0546,0.0544,0.054,0.0536,0.0538,0.0549,0.0573,0.0614,0.0676,,,,,,,,4446.2176149398965,4488.237625024031,4531.641676272352,4577.324017292557,4618.642841404353,4659.405223774674,4704.041833865414,4757.397550176846,4827.01221154111,4922.938195006096,5058.328076057598
2023-08-24,,,,,,,,,,,4386.0,4434.0,4485.0,4536.0,4582.0,4622.0,4664.0,4693.0,4717.0,4741.0,4763.0,4376.31005859375,0.0532024,0.053879,0.0544501,0.0537539,0.01691461849209879,,,,,,,,0.06027397260273973,0.3095890410958904,0.5589041095890411,0.8273972602739726,1.0767123287671232,1.326027397260274,1.5753424657534247,1.8246575342465754,2.073972602739726,2.3232876712328765,2.5726027397260274,,,,,,,,0.0531,0.0541,0.0545,0.0542,0.0536,0.0531,0.0532,0.0542,0.0565,0.0607,0.067,,,,,,,,4385.865367866482,4426.98206981808,4469.213941442024,4513.422520578551,4552.631964708958,4591.4171523569985,4633.756227035398,4684.405293608607,4750.761465222681,4844.925913950842,4978.136910284045
2023-08-25,,,,,,,,,,,4414.25,4463.0,4515.0,4567.75,4613.0,4653.0,4695.0,4724.0,4748.0,4772.0,4794.0,4405.7099609375,0.0532883,0.05403889999999999,0.0546731,0.0541166,0.0165999565106273,,,,,,,,0.057534246575342465,0.30684931506849317,0.5561643835616439,0.8246575342465754,1.073972602739726,1.3232876712328767,1.5726027397260274,1.821917808219178,2.0712328767123287,2.3205479452054796,2.56986301369863,,,,,,,,0.0532,0.0542,0.0547,0.0545,0.054,0.0536,0.0537,0.0547,0.0571,0.0611,0.0673,,,,,,,,4414.997085576566,4456.835413325988,4500.06258839287,4545.5829190507875,4586.274506104699,4626.789057426524,4670.401526884737,4722.3972647547525,4791.226531945782,4884.983474055533,5018.813667531982
2023-08-28,,,,,,,,,,,4442.25,4491.25,4543.75,4597.0,4641.0,4681.0,4723.0,4752.0,4776.0,4800.0,4822.0,4433.31005859375,0.0533365,0.0541744,0.0549279,0.0546632,0.01690721506387946,,,,,,,,0.049315068493150684,0.29863013698630136,0.547945205479452,0.8164383561643835,1.0657534246575342,1.3150684931506849,1.5643835616438355,1.8136986301369864,2.063013698630137,2.3123287671232875,2.5616438356164384,,,,,,,,0.0532,0.0544,0.055,0.0549,0.0546,0.0543,0.0545,0.0556,0.058,0.0619,0.0679,,,,,,,,4441.251818365327,4483.2264282974675,4526.817959499052,4572.980879448925,4615.026966817339,4656.762992416912,4701.849920560388,4755.603217816634,4825.534350335839,4919.390336720356,5051.93758448583
2023-08-29,,,,,,,,,,,4506.75,4556.5,4609.75,4662.5,4706.0,4746.0,4788.0,4817.0,4841.0,4865.0,4887.0,4497.6298828125,0.0533106,0.0542245,0.0550098,0.0547989,0.01671280971665962,,,,,,,,0.04657534246575343,0.2958904109589041,0.5452054794520548,0.8136986301369863,1.063013698630137,1.3123287671232877,1.5616438356164384,1.810958904109589,2.0602739726027397,2.3095890410958906,2.558904109589041,,,,,,,,0.0531,0.0544,0.0551,0.055,0.0547,0.0545,0.0547,0.0558,0.0581,0.0619,0.0678,,,,,,,,4505.258685000384,4548.064889731239,4592.752289913346,4639.955611020354,4682.965059138141,4726.286420297652,4772.513125525163,4827.534397393995,4897.963547880343,4992.3882615372995,5125.754770532581
2023-08-30,,,,,,,,,,,4524.25,4574.0,4627.5,4680.25,4723.0,4763.0,4805.0,4834.0,4858.0,4882.0,4904.0,4514.8701171875,0.0532968,0.05409600000000001,0.0547527,0.0541867,0.01624638801822142,,,,,,,,0.043835616438356165,0.29315068493150687,0.5424657534246575,0.810958904109589,1.0602739726027397,1.3095890410958904,1.558904109589041,1.8082191780821917,2.0575342465753423,2.3068493150684932,2.5561643835616437,,,,,,,,0.0531,0.0543,0.0548,0.0546,0.0541,0.0536,0.0537,0.0547,0.057,0.061,0.0672,,,,,,,,4522.169788194697,4565.51746234099,4610.288487429662,4657.503722022066,4699.760824660692,4741.219117369036,4786.325553111868,4839.972205998656,4909.776256474291,5005.895203666899,5142.9262543660125
2023-08-31,,,,,,,,,,,4516.0,4565.75,4618.75,4672.25,4715.0,4755.0,4797.0,4826.0,4850.0,4874.0,4896.0,4507.66015625,0.0532741,0.0540122,0.054549,0.0537066,0.01562707794333261,,,,,,,,0.0410958904109589,0.29041095890410956,0.5397260273972603,0.8082191780821918,1.0575342465753426,1.3068493150684932,1.5561643835616439,1.8054794520547945,2.0547945205479454,2.304109589041096,2.5534246575342467,,,,,,,,0.0531,0.0542,0.0546,0.0542,0.0535,0.053,0.0529,0.0538,0.0559,0.0599,0.0659,,,,,,,,4514.607224514053,4558.438842493239,4603.481692724413,4650.401601966962,4691.864815222595,4733.282725638016,4776.848408569008,4829.286010969713,4896.549562199062,4991.7565945265815,5125.0809770992655
2023-09-01,,,,,,,,,,,4521.5,4571.0,4623.75,4676.75,4720.0,4760.0,4802.0,4831.0,4855.0,4879.0,4901.0,4515.77001953125,0.0532887,0.054023,0.0545324,0.0536866,0.01553403584104908,,,,,,,,0.038356164383561646,0.2876712328767123,0.536986301369863,0.8054794520547945,1.0547945205479452,1.3041095890410959,1.5534246575342465,1.8027397260273972,2.052054794520548,2.3013698630136985,2.5506849315068494,,,,,,,,0.0531,0.0542,0.0545,0.0542,0.0535,0.053,0.0529,0.0537,0.0557,0.0594,0.0652,,,,,,,,4522.281420638331,4566.279706939228,4611.254326891291,4658.625087084119,4700.279665535408,4741.888349824893,4785.645561390055,4837.40789828511,4903.741467856464,4995.450145286153,5125.653072455812
2023-09-05,,,,,,,,,,,4502.5,4552.0,4604.75,4658.75,4705.25,4747.25,4790.25,4823.25,4847.25,4871.25,4893.25,4496.830078125,0.0532762,0.05391079999999999,0.0543212,0.0532571,0.01605364085262602,,,,,,,,0.0273972602739726,0.27671232876712326,0.5260273972602739,0.7945205479452054,1.0438356164383562,1.2931506849315069,1.5424657534246575,1.7917808219178082,2.041095890410959,2.2904109589041095,2.5397260273972604,,,,,,,,0.053,0.054,0.0543,0.0539,0.0531,0.0524,0.0522,0.0529,0.0548,0.0585,0.0643,,,,,,,,4501.384204538512,4544.296575913031,4588.216352045802,4634.101974446447,4674.1299132439035,4713.232793790255,4754.669760389904,4803.732986341115,4866.902782842486,4955.96711138657,5083.018385531852
2023-09-06,,,,,,,,,,,4471.5,4520.5,4573.0,4626.0,4673.0,4715.0,4758.0,4791.0,4815.0,4839.0,4861.0,4465.47998046875,0.0532684,0.0539773,0.0545272,0.05388950000000001,0.01624267499064821,,,,,,,,0.024657534246575342,0.273972602739726,0.5232876712328767,0.7917808219178082,1.0410958904109588,1.2904109589041095,1.5397260273972602,1.789041095890411,2.0383561643835617,2.287671232876712,2.536986301369863,,,,,,,,0.053,0.0541,0.0545,0.0543,0.0538,0.0533,0.0533,0.0541,0.056,0.0595,0.065,,,,,,,,4469.52908058632,4512.0363788053655,4555.777890860164,4602.086405380947,4643.542216406435,4684.203475226827,4727.681129351216,4778.396438958092,4842.4282307563735,4929.981546830901,5053.461088623069
2023-09-07,,,,,,,,,,,4456.25,4505.25,4557.25,4609.75,4657.0,4699.0,4742.0,4775.0,4799.0,4823.0,4845.0,4451.14013671875,0.05329329999999999,0.0541099,0.0547601,0.0543272,0.01595897549431049,,,,,,,,0.021917808219178082,0.27123287671232876,0.5205479452054794,0.7890410958904109,1.0383561643835617,1.2876712328767124,1.536986301369863,1.7863013698630137,2.0356164383561643,2.2849315068493152,2.5342465753424657,,,,,,,,0.053,0.0542,0.0548,0.0547,0.0543,0.0539,0.0539,0.0548,0.0568,0.0602,0.0656,,,,,,,,4454.755298065882,4497.548618700999,4542.051986545117,4589.3047145748615,4631.922056759719,4674.002820973081,4718.425242123839,4770.933791421529,4837.0108390649375,4924.624286203576,5047.85232277661
2023-09-08,,,,,,,,,,,4461.75,4511.25,4563.5,4616.25,4663.0,4705.0,4748.0,4781.0,4805.0,4829.0,4851.0,4457.490234375,0.0532946,0.0541047,0.0547197,0.0542392,0.01583247943085508,,,,,,,,0.019178082191780823,0.2684931506849315,0.5178082191780822,0.7863013698630137,1.0356164383561643,1.284931506849315,1.5342465753424657,1.7835616438356163,2.032876712328767,2.282191780821918,2.5315068493150683,,,,,,,,0.053,0.0542,0.0547,0.0546,0.0542,0.0538,0.0538,0.0546,0.0564,0.0598,0.0649,,,,,,,,4460.668673942679,4503.646024583686,4548.110179564327,4595.459884384581,4638.170106823583,4680.343680974601,4724.857578288,4776.6054754005245,4840.677294239456,4927.975201171354,5047.033496869828
2023-09-11,,,,,,,,,,,4490.25,4539.5,4592.25,4645.25,4692.0,4734.0,4777.0,4810.0,4834.0,4858.0,4880.0,4487.4599609375,0.05328330000000001,0.0540525,0.0546285,0.0540359,0.01621995061370134,,,,,,,,0.010958904109589041,0.2602739726027397,0.5095890410958904,0.7780821917808219,1.0273972602739727,1.2767123287671234,1.526027397260274,1.7753424657534247,2.0246575342465754,2.2739726027397262,2.5232876712328767,,,,,,,,0.0529,0.0541,0.0546,0.0545,0.054,0.0535,0.0535,0.0542,0.056,0.0594,0.0646,,,,,,,,4489.264161922268,4531.921502774485,4576.08982733751,4623.129497326439,4665.065853256324,4706.209138271423,4750.154805540255,4800.4728618526615,4863.837853770387,4950.443065269434,5070.115576874215
2023-09-12,,,,,,,,,,,4465.0,4513.75,4566.25,4619.0,4666.0,4708.0,4751.0,4784.0,4808.0,4832.0,4854.0,4461.89990234375,0.0533356,0.0540822,0.0547121,0.0542131,0.01633559324730864,,,,,,,,0.00821917808219178,0.25753424657534246,0.5068493150684932,0.7753424657534247,1.0246575342465754,1.273972602739726,1.5232876712328767,1.7726027397260273,2.021917808219178,2.271232876712329,2.5205479452054793,,,,,,,,0.053,0.0541,0.0547,0.0546,0.0542,0.0537,0.0537,0.0545,0.0565,0.0601,0.0656,,,,,,,,4463.244704246652,4505.506387655943,4549.510458715767,4596.258862712474,4638.414995375388,4679.428059338851,4723.222985807105,4774.1931907460585,4839.366344828151,4928.200059242257,5051.816904297548
2023-09-13,,,,,,,,,,,4468.75,4517.5,4569.75,4622.5,4670.0,4712.0,4755.0,4788.0,4812.0,4836.0,4858.0,4467.43994140625,0.053322,0.0540943,0.054735,0.0543164,0.01645308084757314,,,,,,,,0.005479452054794521,0.2547945205479452,0.5041095890410959,0.7726027397260274,1.021917808219178,1.2712328767123289,1.5205479452054795,1.7698630136986302,2.0191780821917806,2.2684931506849315,2.5178082191780824,,,,,,,,0.0529,0.0541,0.0547,0.0547,0.0543,0.0539,0.0539,0.0547,0.0566,0.06,0.0652,,,,,,,,4468.33221911698,4510.498832305478,4554.41076914952,4601.421138980818,4643.609462281328,4685.25001505776,4729.1967154773465,4780.319245865682,4844.670834094978,4931.293921527767,5050.821575217939
2023-09-14,,,,,,,,,,,4506.0,4555.0,4607.25,4660.75,4708.0,4750.0,4793.0,4826.0,4850.0,4874.0,4896.0,4505.10009765625,0.0533057,0.0541009,0.0547767,0.05436650000000001,0.01537200077084661,,,,,,,,0.0027397260273972603,0.25205479452054796,0.5013698630136987,0.7698630136986301,1.0191780821917809,1.2684931506849315,1.5178082191780822,1.7671232876712328,2.0164383561643837,2.265753424657534,2.515068493150685,,,,,,,,0.0529,0.0541,0.0548,0.0547,0.0543,0.054,0.054,0.0548,0.0568,0.0603,0.0658,,,,,,,,4505.563319806231,4549.292325171078,4595.04303152092,4643.587715728051,4687.431011525324,4731.344740881271,4777.130272293728,4830.182471228546,4897.608950395842,4987.854603653487,5114.297158697062
2023-09-15,,,,,,,,,,,4491.7202,4498.0,4549.5,4602.5,4650.0,4692.0,4735.0,4768.0,4792.0,4816.0,4838.0,4450.31982421875,0.05327079999999999,0.0540168,0.0546584,0.0542144,0.01556485368672058,,,,,,,,0.0,0.2493150684931507,0.4986301369863014,0.7671232876712328,1.0164383561643835,1.2657534246575342,1.515068493150685,1.7643835616438357,2.0136986301369864,2.263013698630137,2.5123287671232877,,,,,,,,0.0529,0.054,0.0547,0.0546,0.0542,0.0538,0.0538,0.0546,0.0565,0.06,0.0653,,,,,,,,4450.31982421875,4493.169817286029,4538.01607006691,4585.598969750567,4628.561870916428,4670.99556290187,4715.735190083502,4767.628133984442,4832.708189365771,4921.106034570474,5042.626125496206
2023-09-18,,,,,,,,,,,,4501.5,4552.75,4606.0,4654.0,4696.0,4739.0,4772.0,4796.0,4820.0,4842.0,4453.52978515625,0.0532484,0.0539785,0.0546606,0.0544294,0.01612093972438849,,,,,,,,,0.2410958904109589,0.4904109589041096,0.7589041095890411,1.0082191780821919,1.2575342465753425,1.5068493150684932,1.7561643835616438,2.0054794520547947,2.254794520547945,2.504109589041096,,,,,,,,,0.0539,0.0546,0.0547,0.0544,0.0541,0.0542,0.055,0.0569,0.0601,0.0652,,,,,,,,,4494.279509937243,4538.368311721919,4585.846898268062,4628.767688079193,4671.3913496440355,4716.54432911884,4768.229265542109,4833.0539679697495,4917.797344387283,5035.920538468712
2023-09-19,,,,,,,,,,,,4490.0,4541.25,4594.5,4646.0,4692.0,4735.0,4768.0,4792.0,4816.0,4838.0,4443.9501953125,0.0532409,0.0539702,0.0546857,0.0545434,0.01635677673122838,,,,,,,,,0.23835616438356164,0.4876712328767123,0.7561643835616438,1.0054794520547945,1.2547945205479452,1.5041095890410958,1.7534246575342465,2.0027397260273974,2.252054794520548,2.5013698630136987,,,,,,,,,0.0539,0.0547,0.0548,0.0545,0.0543,0.0544,0.0552,0.0571,0.0604,0.0655,,,,,,,,,4483.896053234351,4527.8288928400025,4575.02910641116,4617.696057116147,4660.648554265613,4705.65436240821,4757.167033316668,4821.773161998034,4907.336924027253,5025.21903572939
2023-09-20,,,,,,,,,,,,4447.0,4497.75,4551.75,4603.0,4649.0,4692.0,4725.0,4749.0,4773.0,4795.0,4402.2001953125,0.0532345,0.0539613,0.0546905,0.05458859999999999,0.01641794780260447,,,,,,,,,0.2356164383561644,0.4849315068493151,0.7534246575342466,1.0027397260273974,1.252054794520548,1.5013698630136987,1.7506849315068493,2.0,2.249315068493151,2.4986301369863013,,,,,,,,,0.0539,0.0547,0.0548,0.0546,0.0544,0.0545,0.0553,0.0572,0.0605,0.0656,,,,,,,,,4441.249909490954,4484.68668023122,4531.3614938850005,4574.013837705979,4616.607236362765,4661.231603540952,4712.293269265173,4776.311351080277,4861.071488954743,4977.820865944273
2023-09-21,,,,,,,,,,,,4372.0,4421.5,4473.5,4522.0,4565.0,4614.0,4649.0,4698.0,4737.0,4759.0,4330.0,0.0531972,0.0540009,0.0547283,0.0546596,0.01675588506996332,,,,,,,,,0.2328767123287671,0.4821917808219178,0.7506849315068493,1.0,1.2493150684931507,1.4986301369863013,1.747945205479452,1.9972602739726026,2.2465753424657535,2.495890410958904,,,,,,,,,0.0539,0.0547,0.0549,0.0547,0.0545,0.0546,0.0554,0.0571,0.0601,0.0648,,,,,,,,,4367.6169560339895,4409.95234097065,4455.778327058246,4497.454890759444,4539.068585121816,4582.670345800884,4632.586435144739,4693.343555382033,4772.84881205165,4881.6358935165845
2023-09-22,,,,,,,,,,,,4361.0,4410.25,4462.0,4511.0,4554.0,4597.0,4638.0,4687.0,4726.0,4748.0,4320.06005859375,0.0531751,0.05399810000000001,0.05479510000000001,0.0548563,0.01691963911414935,,,,,,,,,0.23013698630136986,0.4794520547945205,0.7479452054794521,0.9972602739726028,1.2465753424657535,1.4958904109589042,1.7452054794520548,1.9945205479452055,2.243835616438356,2.493150684931507,,,,,,,,,0.0539,0.0548,0.055,0.0549,0.0547,0.0549,0.0558,0.0576,0.0608,0.0656,,,,,,,,,4356.983035107794,4399.237020581853,4444.873137035488,4486.826278929429,4528.385032302312,4572.608191123147,4623.368368226447,4685.193047555875,4767.059325716518,4877.519442640382
2023-09-25,,,,,,,,,,,,4378.75,4427.75,4479.5,4529.0,4572.0,4615.0,4656.0,4705.0,4744.0,4766.0,4337.43994140625,0.0531745,0.0539112,0.0546926,0.0546688,0.01749260781184906,,,,,,,,,0.2219178082191781,0.4712328767123288,0.7397260273972602,0.989041095890411,1.2383561643835617,1.4876712328767123,1.736986301369863,1.9863013698630136,2.2356164383561645,2.484931506849315,,,,,,,,,0.0538,0.0546,0.0549,0.0547,0.0545,0.0546,0.0555,0.0574,0.0608,0.0659,,,,,,,,,4372.52898015754,4413.952391510501,4459.13820790483,4500.02943902503,4540.842788504259,4583.614590220981,4633.4541116762875,4695.25491690368,4778.38687976278,4891.863686335176
2023-09-26,,,,,,,,,,,,4314.75,4363.25,4414.0,4464.0,4507.0,4550.0,4591.0,4640.0,4679.0,4701.0,4273.52978515625,0.0531843,0.0538558,0.0546327,0.0545973,0.01763641914040019,,,,,,,,,0.2191780821917808,0.4684931506849315,0.736986301369863,0.9863013698630136,1.2356164383561643,1.484931506849315,1.7342465753424658,1.9835616438356165,2.232876712328767,2.4821917808219176,,,,,,,,,0.0537,0.0546,0.0548,0.0546,0.0544,0.0545,0.0554,0.0574,0.0609,0.0662,,,,,,,,,4307.443100036767,4348.179787132892,4392.195356680616,4432.205713062655,4472.134530173452,4513.983513148611,4562.777295289935,4624.247463577912,4706.960523062675,4821.013880482514
2023-09-27,,,,,,,,,,,,4313.5,4362.0,4413.25,4463.0,4506.0,4549.0,4590.0,4639.0,4678.0,4700.0,4274.509765625,0.0531608,0.0539008,0.0546749,0.05469089999999999,0.01777223419127861,,,,,,,,,0.21643835616438356,0.4657534246575342,0.7342465753424657,0.9835616438356164,1.2328767123287672,1.4821917808219178,1.7315068493150685,1.9808219178082191,2.23013698630137,2.4794520547945207,,,,,,,,,0.0538,0.0546,0.0549,0.0547,0.0545,0.0547,0.0555,0.0573,0.0605,0.0655,,,,,,,,,4307.971792252866,4348.461390299495,4392.639749265863,4432.6170026176,4472.512039387669,4514.9921673953095,4563.068464073003,4622.644232118722,4701.8600793059695,4811.496354310229
2023-09-28,,,,,,,,,,,,4337.5,4386.0,4437.25,4483.75,4530.0,4573.0,4614.0,4663.0,4702.0,4724.0,4299.7001953125,0.0531459,0.0539482,0.0547093,0.0547484,0.01729027826208929,,,,,,,,,0.2136986301369863,0.46301369863013697,0.7315068493150685,0.9808219178082191,1.2301369863013698,1.4794520547945205,1.7287671232876711,1.978082191780822,2.2273972602739724,2.4767123287671233,,,,,,,,,0.0538,0.0546,0.0549,0.0548,0.0546,0.0548,0.0555,0.0572,0.0601,0.0646,,,,,,,,,4333.377997131036,4374.622413088241,4419.634795840944,4460.833604742108,4501.638163691018,4545.051838379274,4593.3105139927,4652.896868489785,4729.878689622063,4834.210704469048
2023-09-29,,,,,,,,,,,,4325.5,4373.75,4425.25,4471.75,4518.0,4561.0,4602.0,4651.0,4690.0,4712.0,4288.0498046875,0.05318990000000001,0.053955,0.0546727,0.0546626,0.01740333870080169,,,,,,,,,0.21095890410958903,0.4602739726027397,0.7287671232876712,0.9780821917808219,1.2273972602739727,1.4767123287671233,1.726027397260274,1.9753424657534246,2.2246575342465755,2.473972602739726,,,,,,,,,0.0538,0.0546,0.0548,0.0547,0.0545,0.0546,0.0553,0.0569,0.0597,0.0641,,,,,,,,,4321.101032345853,4362.096077966237,4406.521029270273,4447.3625666880125,4487.807966285447,4530.1760729011185,4577.9106966206555,4635.997892671754,4711.1292014885275,4813.181496708315
2023-10-02,,,,,,,,,,,,4324.25,4372.75,4423.75,4470.75,4517.0,4560.0,4601.0,4650.0,4689.0,4711.0,4288.39013671875,0.0532408,0.05388150000000001,0.05452600000000001,0.0543368,0.01815528991860527,,,,,,,,,0.20273972602739726,0.4520547945205479,0.7205479452054795,0.9698630136986301,1.2191780821917808,1.4684931506849315,1.7178082191780821,1.9671232876712328,2.2164383561643834,2.4657534246575343,,,,,,,,,0.0537,0.0544,0.0546,0.0544,0.0541,0.0541,0.0548,0.0564,0.0593,0.0638,,,,,,,,,4319.405287245962,4359.232448645014,4402.495608864483,4441.818242783422,4480.498917359782,4520.831619628843,4567.015769744388,4623.460556174893,4697.855446395485,4799.251667746843
2023-10-03,,,,,,,,,,,,4264.75,4312.75,4363.0,4409.0,4457.0,4500.0,4541.0,4590.0,4629.0,4651.0,4229.4501953125,0.0532751,0.0541429,0.0548573,0.0547767,0.01821276914086194,,,,,,,,,0.2,0.44931506849315067,0.7178082191780822,0.9671232876712329,1.2164383561643837,1.4657534246575343,1.715068493150685,1.9643835616438357,2.213698630136986,2.463013698630137,,,,,,,,,0.0539,0.0548,0.055,0.0548,0.0546,0.0547,0.0553,0.0568,0.0594,0.0635,,,,,,,,,4259.745655915579,4299.553591079934,4342.621438326345,4381.785852357002,4420.862577961219,4461.804545124328,4507.213657502099,4562.506434148462,4633.201619761653,4728.53333438063
2023-10-04,,,,,,,,,,,,4297.75,4345.5,4396.0,4440.0,4484.0,4527.0,4568.0,4617.0,4656.0,4678.0,4263.75,0.053304,0.05422399999999999,0.05493319999999999,0.05483660000000001,0.01836853969184665,,,,,,,,,0.19726027397260273,0.4465753424657534,0.7150684931506849,0.9643835616438357,1.2136986301369863,1.463013698630137,1.7123287671232876,1.9616438356164383,2.210958904109589,2.4602739726027396,,,,,,,,,0.054,0.0548,0.055,0.0549,0.0547,0.0547,0.0553,0.0567,0.0592,0.0631,,,,,,,,,4293.824065184027,4333.6859849061875,4376.910270959663,4416.640744401329,4455.9687890938485,4496.514220205313,4542.092716632767,4596.714124908367,4666.576575388129,4759.776447375568
2023-10-05,,,,,,,,,,,,4290.75,4338.5,4388.0,4432.0,4473.0,4515.0,4556.0,4605.0,4644.0,4666.0,4258.18994140625,0.0533598,0.054062,0.0546263,0.05429750000000001,0.01772631118823985,,,,,,,,,0.19452054794520549,0.4438356164383562,0.7123287671232876,0.9616438356164384,1.210958904109589,1.4602739726027398,1.7095890410958905,1.9589041095890412,2.208219178082192,2.4575342465753423,,,,,,,,,0.0538,0.0546,0.0546,0.0544,0.054,0.0539,0.0544,0.0558,0.0583,0.0623,,,,,,,,,4288.175054952517,4328.452249697776,4371.518199709231,4411.0431365094255,4449.403846189068,4489.16928369055,4533.712363130375,4587.920535689348,4657.31811825498,4751.144518828788
2023-10-06,,,,,,,,,,,,4341.5,4390.25,4441.25,4487.0,4532.0,4574.0,4613.0,4653.0,4691.0,4713.0,4308.5,0.05341070000000001,0.0540674,0.0545446,0.0539656,0.01690585553474031,,,,,,,,,0.1917808219178082,0.4410958904109589,0.7095890410958904,0.958904109589041,1.2082191780821918,1.4575342465753425,1.7068493150684931,1.9561643835616438,2.2054794520547945,2.4547945205479453,,,,,,,,,0.0539,0.0545,0.0545,0.054,0.0536,0.0534,0.0538,0.055,0.0576,0.0616,,,,,,,,,4339.1764981124425,4380.54190056138,4424.9819909933885,4464.51034556202,4503.813060524726,4543.880038331407,4588.5430753485,4641.827861448447,4713.071954830684,4808.113274923173
2023-10-10,,,,,,,,,,,,4391.5,4440.5,4492.0,4536.25,4579.0,4617.0,4656.0,4696.0,4734.0,4756.0,4358.240234375,0.0534877,0.0542577,0.0548439,0.0544574,0.01763673516242083,,,,,,,,,0.18082191780821918,0.4301369863013699,0.6986301369863014,0.947945205479452,1.1972602739726028,1.4465753424657535,1.6958904109589041,1.9452054794520548,2.1945205479452055,2.4438356164383563,,,,,,,,,0.054,0.0548,0.0549,0.0545,0.0542,0.054,0.0545,0.0558,0.0583,0.0624,,,,,,,,,4386.991283121608,4428.4677977829515,4473.189101344165,4513.228337551095,4553.262934423417,4593.630004657106,4639.397075971348,4694.087564401645,4765.034274975535,4862.060993887009
2023-10-11,,,,,,,,,,,,4409.75,4458.75,4510.25,4555.5,4598.0,4636.0,4675.0,4715.0,4753.0,4775.0,4376.9501953125,0.0533238,0.0539377,0.0543464,0.05356010000000001,0.01754939917664792,,,,,,,,,0.1780821917808219,0.4273972602739726,0.6958904109589041,0.9452054794520548,1.1945205479452055,1.4438356164383561,1.6931506849315068,1.9424657534246574,2.191780821917808,2.441095890410959,,,,,,,,,0.0537,0.0543,0.0542,0.0537,0.0531,0.0528,0.0531,0.0543,0.0568,0.0609,,,,,,,,,4405.218926265804,4446.2421801288865,4490.019214241086,4529.094026760574,4566.824486207883,4605.486233907535,4648.50054218788,4700.829408000038,4770.164990715208,4865.527576048568
2023-10-12,,,,,,,,,,,,4380.5,4429.5,4480.25,4526.0,4568.5,4609.0,4648.0,4688.0,4726.0,4748.0,4349.60986328125,0.053345,0.0539387,0.0543994,0.053692,0.01742860873051092,,,,,,,,,0.17534246575342466,0.4246575342465753,0.6931506849315069,0.9424657534246575,1.1917808219178083,1.441095890410959,1.6904109589041096,1.9397260273972603,2.1890410958904107,2.4383561643835616,,,,,,,,,0.0537,0.0543,0.0543,0.0538,0.0533,0.053,0.0533,0.0547,0.0573,0.0617,,,,,,,,,4377.36116751334,4418.250788611171,4462.2074368610965,4501.294153749552,4539.59132121072,4578.3924371231105,4621.519501231647,4675.716636390287,4746.304278196877,4845.42797262278
2023-10-13,,,,,,,,,,,,4357.25,4405.5,4456.0,4501.75,4544.25,4584.75,4623.75,4663.75,4701.75,4723.75,4327.77978515625,0.0533533,0.0540283,0.0546408,0.0541705,0.0176448937045343,,,,,,,,,0.1726027397260274,0.42191780821917807,0.6904109589041096,0.9397260273972603,1.189041095890411,1.4383561643835616,1.6876712328767123,1.936986301369863,2.186301369863014,2.4356164383561643,,,,,,,,,0.0537,0.0545,0.0547,0.0543,0.0538,0.0537,0.0541,0.0557,0.0587,0.0634,,,,,,,,,4354.796446132347,4395.601951187551,4439.926890859908,4479.45065044297,4517.887719978149,4558.140445039031,4602.40453997368,4658.841809010772,4734.203485223562,4837.976466382311
2023-10-16,,,,,,,,,,,,4401.0,4450.25,4502.0,4547.75,4592.0,4630.75,4669.75,4709.75,4747.75,4769.75,4373.6298828125,0.0533472,0.0539504,0.0544913,0.05393410000000001,0.0181596051322918,,,,,,,,,0.1643835616438356,0.4136986301369863,0.6821917808219178,0.9315068493150684,1.180821917808219,1.4301369863013698,1.6794520547945206,1.9287671232876713,2.1780821917808217,2.4273972602739726,,,,,,,,,0.0537,0.0544,0.0545,0.0541,0.0536,0.0533,0.0538,0.0552,0.058,0.0625,,,,,,,,,4399.256537113138,4439.695987567384,4483.412251587742,4522.532050247577,4560.544827729674,4599.045948721837,4643.412903983796,4697.524167139218,4770.108045508597,4870.638581876177
2023-10-17,,,,,,,,,,,,4401.75,4451.25,4503.25,4550.5,4596.0,4638.0,4677.0,4717.0,4755.0,4777.0,4373.2001953125,0.0533351,0.0539681,0.0545477,0.0540357,0.01849028747877413,,,,,,,,,0.16164383561643836,0.410958904109589,0.6794520547945205,0.9287671232876712,1.178082191780822,1.4273972602739726,1.6767123287671233,1.926027397260274,2.175342465753425,2.4246575342465753,,,,,,,,,0.0536,0.0544,0.0546,0.0542,0.0537,0.0535,0.0539,0.0554,0.0582,0.0629,,,,,,,,,4398.08984196939,4438.215882146189,4481.82293864207,4520.673821159193,4558.415050844647,4597.293767574743,4640.708055581265,4695.404050869048,4767.763252872143,4870.386976823817
2023-10-18,,,,,,,,,,,,4342.25,4390.5,4441.75,4487.75,4532.75,4574.75,4613.75,4653.75,4691.75,4713.75,4314.60009765625,0.0533911,0.0541582,0.0548826,0.0545809,0.01898899363526388,,,,,,,,,0.1589041095890411,0.40821917808219177,0.6767123287671233,0.9260273972602739,1.1753424657534246,1.4246575342465753,1.673972602739726,1.9232876712328768,2.1726027397260275,2.421917808219178,,,,,,,,,0.0538,0.0547,0.055,0.0547,0.0543,0.0542,0.0548,0.0564,0.0594,0.0643,,,,,,,,,4338.5329237309,4377.958678679735,4421.034572896729,4459.666615123539,4497.434703226503,4536.556610731779,4581.155626610704,4636.486086069095,4710.536019563825,4815.039150737681
2023-10-19,,,,,,,,,,,,4303.0,4350.5,4400.25,4445.0,4488.75,4530.75,4569.75,4609.75,4647.75,4669.75,4278.0,0.0533866,0.0541193,0.0548951,0.0546961,0.01905575240110563,,,,,,,,,0.15616438356164383,0.4054794520547945,0.673972602739726,0.9232876712328767,1.1726027397260275,1.4219178082191781,1.6712328767123288,1.9205479452054794,2.16986301369863,2.419178082191781,,,,,,,,,0.0537,0.0547,0.055,0.0548,0.0545,0.0544,0.055,0.0567,0.0599,0.0651,,,,,,,,,4301.207547305994,4340.278951758484,4382.90194168996,4421.539036499801,4459.548967264887,4498.491983069038,4542.860224029951,4598.743863423953,4674.452449816946,4782.076398924628
2023-10-20,,,,,,,,,,,,4248.5,4295.25,4343.75,4387.0,4428.75,4470.75,4509.75,4549.75,4587.75,4609.75,4224.16015625,0.0533165,0.0539847,0.0546948,0.0543835,0.01942599589547532,,,,,,,,,0.15342465753424658,0.40273972602739727,0.6712328767123288,0.9205479452054794,1.16986301369863,1.4191780821917808,1.6684931506849314,1.917808219178082,2.1671232876712327,2.4164383561643836,,,,,,,,,0.0536,0.0545,0.0548,0.0545,0.0541,0.054,0.0545,0.0562,0.0593,0.0644,,,,,,,,,4246.366161357186,4284.252779232334,4325.659680344257,4362.7725615652025,4399.031030814659,4436.594733638301,4478.737492850677,4532.82764424305,4605.412970161564,4709.102651437802
2023-10-23,,,,,,,,,,,,4241.75,4288.25,4337.0,4380.5,4422.0,4464.0,4503.0,4543.0,4581.0,4603.0,4217.0400390625,0.0532444,0.0537822,0.0543909,0.0538011,0.0205837527341238,,,,,,,,,0.14520547945205478,0.39452054794520547,0.663013698630137,0.9123287671232877,1.1616438356164382,1.4109589041095891,1.6602739726027398,1.9095890410958904,2.158904109589041,2.408219178082192,,,,,,,,,0.0534,0.0542,0.0544,0.054,0.0534,0.0532,0.0536,0.0552,0.0584,0.0637,,,,,,,,,4237.18260453516,4273.340200010342,4312.65664239561,4347.583063355882,4380.900341757065,4415.643841539873,4454.654414482667,4505.217978622155,4575.770596925766,4678.449927299609
2023-10-24,,,,,,,,,,,,4271.25,4318.25,4367.5,4411.75,4454.0,4496.0,4535.0,4575.0,4613.0,4635.0,4247.68017578125,0.0532491,0.053796,0.0544552,0.0538411,0.02073985233579448,,,,,,,,,0.14246575342465753,0.3917808219178082,0.6602739726027397,0.9095890410958904,1.158904109589041,1.4082191780821918,1.6575342465753424,1.906849315068493,2.1561643835616437,2.4054794520547946,,,,,,,,,0.0534,0.0542,0.0545,0.0541,0.0535,0.0532,0.0537,0.0554,0.0589,0.0646,,,,,,,,,4267.490482528561,4303.729778452185,4343.428180883438,4378.547365392812,4412.047479048361,4446.352047507595,4486.1979730997,4537.901460189055,4611.958223662207,4720.3251120103905
2023-10-25,,,,,,,,,,,,4209.75,4255.75,4304.0,4347.75,4389.5,4432.0,4471.0,4511.0,4549.0,4571.0,4186.77001953125,0.0532605,0.0538749,0.0545583,0.0539586,0.02140715231820791,,,,,,,,,0.13972602739726028,0.38904109589041097,0.6575342465753424,0.9068493150684932,1.1561643835616437,1.4054794520547946,1.6547945205479453,1.904109589041096,2.1534246575342464,2.4027397260273973,,,,,,,,,0.0535,0.0543,0.0546,0.0542,0.0536,0.0533,0.0538,0.0555,0.059,0.0646,,,,,,,,,4205.586516247078,4240.691000451886,4279.15257011606,4313.146696486572,4345.538915259834,4378.710612514011,4417.319504187301,4467.57643242271,4539.799841953445,4644.625428370835
2023-10-26,,,,,,,,,,,,4156.5,4201.5,4248.75,4290.75,4330.75,4374.0,4413.0,4453.0,4491.0,4513.0,4137.22998046875,0.0532686,0.0538998,0.0545691,0.0540349,0.02192066199561976,,,,,,,,,0.136986301369863,0.3863013698630137,0.6547945205479452,0.9041095890410958,1.1534246575342466,1.4027397260273973,1.652054794520548,1.9013698630136986,2.1506849315068495,2.4,,,,,,,,,0.0535,0.0543,0.0546,0.0542,0.0537,0.0534,0.0539,0.0555,0.0587,0.064,,,,,,,,,4155.16614291186,4189.304206661276,4226.713448411307,4259.750268193342,4291.694095774941,4324.012519062931,4361.683452211808,4409.993512445629,4477.779360564269,4576.877002075429
2023-10-27,,,,,,,,,,,,4137.75,4182.5,4229.0,4271.5,4310.5,4355.0,4394.0,4434.0,4472.0,4494.0,4117.3701171875,0.0532412,0.0538321,0.0544063,0.05372950000000001,0.02228920785728035,,,,,,,,,0.13424657534246576,0.3835616438356164,0.6520547945205479,0.9013698630136986,1.1506849315068493,1.4,1.6493150684931508,1.8986301369863015,2.147945205479452,2.3972602739726026,,,,,,,,,0.0534,0.0542,0.0544,0.054,0.0534,0.053,0.0534,0.0548,0.0578,0.0628,,,,,,,,,4134.602345017941,4168.07539945229,4204.488455125286,4236.755613507675,4267.436766856442,4298.257669627038,4334.152705270264,4379.526476764503,4443.711160164442,4537.288337625616
2023-10-30,,,,,,,,,,,,4185.75,4231.25,4278.75,4322.0,4362.25,4405.0,4444.0,4484.0,4522.0,4544.0,4166.81982421875,0.0532008,0.0537712,0.0543449,0.0535922,0.02271041738864886,,,,,,,,,0.12602739726027398,0.37534246575342467,0.6438356164383562,0.8931506849315068,1.1424657534246576,1.3917808219178083,1.641095890410959,1.8904109589041096,2.1397260273972605,2.389041095890411,,,,,,,,,0.0534,0.0541,0.0543,0.0539,0.0532,0.0528,0.0531,0.0546,0.0577,0.0628,,,,,,,,,4182.9671574573,4216.202983676524,4252.434366923204,4284.526781302597,4314.521459429548,4345.023715412452,4379.897542151445,4425.740146508862,4490.756770760795,4585.635834315753
2023-10-31,,,,,,,,,,,,4212.25,4258.0,4306.5,4350.75,4392.0,4433.0,4472.0,4512.0,4550.0,4572.0,4193.7998046875,0.0531959,0.0538275,0.0544273,0.0536741,0.02257932449727956,,,,,,,,,0.1232876712328767,0.3726027397260274,0.6410958904109589,0.8904109589041096,1.1397260273972603,1.389041095890411,1.6383561643835616,1.8876712328767122,2.136986301369863,2.3863013698630136,,,,,,,,,0.0534,0.0542,0.0544,0.054,0.0533,0.0529,0.0532,0.0547,0.0578,0.0629,,,,,,,,,4209.765758803669,4243.503171998293,4280.232377351972,4312.787778608466,4343.238860692453,4374.20094474377,4409.5593774928,4455.950851040453,4521.633392885449,4617.366314659847
2023-11-01,,,,,,,,,,,,4256.0,4301.75,4350.0,4393.75,4433.5,4475.0,4514.0,4554.0,4592.0,4614.0,4237.85986328125,0.0532271,0.05391899999999999,0.0545367,0.0539369,0.02280914368664661,,,,,,,,,0.12054794520547946,0.3698630136986301,0.6383561643835617,0.8876712328767123,1.1369863013698631,1.3863013698630138,1.6356164383561644,1.884931506849315,2.1342465753424658,2.3835616438356166,,,,,,,,,0.0534,0.0543,0.0546,0.0542,0.0536,0.0533,0.0536,0.055,0.0578,0.0625,,,,,,,,,4253.5165207359205,4287.50807387141,4324.741118887123,4357.607432443837,4388.849739533162,4420.831976988631,4456.752774222219,4502.964474023514,4566.456438968988,4658.362517582253
2023-11-02,,,,,,,,,,,,4335.75,4382.75,4432.25,4476.25,4517.75,4557.0,4596.0,4636.0,4674.0,4696.0,4317.77978515625,0.05329710000000001,0.053927,0.0544491,0.0536341,0.02236420700800935,,,,,,,,,0.1178082191780822,0.36712328767123287,0.6356164383561644,0.8849315068493151,1.1342465753424658,1.3835616438356164,1.632876712328767,1.8821917808219177,2.1315068493150684,2.3808219178082193,,,,,,,,,0.0534,0.0543,0.0544,0.0539,0.0533,0.0528,0.053,0.0543,0.057,0.0617,,,,,,,,,4333.59565628181,4368.7009734665835,4406.6017234947185,4439.973235276788,4471.975014679034,4503.483134716083,4539.2681765314155,4585.2774600330595,4648.607728391121,4741.686383925508
2023-11-03,,,,,,,,,,,,4376.0,4423.75,4473.25,4516.0,4555.0,4597.0,4636.0,4676.0,4714.0,4736.0,4358.33984375,0.0532176,0.05380169999999999,0.0542589,0.053259,0.02237034899266701,,,,,,,,,0.11506849315068493,0.3643835616438356,0.6328767123287671,0.8821917808219178,1.1315068493150684,1.3808219178082193,1.63013698630137,1.8794520547945206,2.128767123287671,2.378082191780822,,,,,,,,,0.0533,0.0541,0.0542,0.0536,0.0529,0.0523,0.0524,0.0536,0.0564,0.0611,,,,,,,,,4373.878934377391,4409.0223622206795,4447.025563311203,4480.083821930568,4511.527212715552,4542.232962826543,4576.99953401054,4621.807428250844,4685.780125214764,4778.819303815718
2023-11-06,,,,,,,,,,,,4384.25,4431.75,4481.5,4525.5,4566.5,4606.0,4645.0,4685.0,4723.0,4745.0,4365.97998046875,0.05323439999999999,0.05368059999999999,0.0539819,0.0526278,0.02377996386110301,,,,,,,,,0.10684931506849316,0.3561643835616438,0.6246575342465753,0.873972602739726,1.1232876712328768,1.3726027397260274,1.621917808219178,1.8712328767123287,2.1205479452054794,2.3698630136986303,,,,,,,,,0.0533,0.0539,0.0538,0.0531,0.0522,0.0514,0.0514,0.0524,0.0551,0.0598,,,,,,,,,4379.772876808608,4413.068960762417,4448.624354402193,4479.303569420571,4507.607608413631,4534.6776931322565,4566.011657750031,4606.173299169258,4665.79534192614,4755.040551725967
2023-11-07,,,,,,,,,,,,4396.0,4444.0,4494.0,4538.5,4579.0,4618.5,4657.5,4697.5,4735.5,4757.5,4378.3798828125,0.0532197,0.05365669999999999,0.05393220000000001,0.05261619999999999,0.0241598136608726,,,,,,,,,0.10410958904109589,0.35342465753424657,0.6219178082191781,0.8712328767123287,1.1205479452054794,1.36986301369863,1.6191780821917807,1.8684931506849316,2.117808219178082,2.367123287671233,,,,,,,,,0.0533,0.0538,0.0538,0.0531,0.0522,0.0515,0.0514,0.0523,0.0548,0.0592,,,,,,,,,4391.68306192399,4424.486997184859,4459.838372014444,4490.178284539527,4518.134282978475,4545.469743740174,4575.8179922636255,4614.753767116609,4671.913845066804,4757.028493711252
2023-11-08,,,,,,,,,,,,4399.5,4447.75,4497.75,4542.0,4583.25,4622.0,4661.0,4701.0,4739.0,4761.0,4382.77978515625,0.0532133,0.0536908,0.0539707,0.052749,0.02441806153458636,,,,,,,,,0.10136986301369863,0.3506849315068493,0.6191780821917808,0.8684931506849315,1.1178082191780823,1.367123287671233,1.6164383561643836,1.8657534246575342,2.115068493150685,2.3643835616438356,,,,,,,,,0.0533,0.0539,0.0539,0.0532,0.0523,0.0517,0.0516,0.0525,0.0547,0.0588,,,,,,,,,4395.630306803938,4428.327834469818,4463.520245173553,4493.7165268966455,4521.527309990874,4549.334464086249,4579.643264091857,4618.533128795672,4672.674244689344,4753.947223347957
2023-11-09,,,,,,,,,,,,4362.25,4410.0,4460.25,4504.75,4547.0,4584.5,4623.5,4663.5,4701.5,4723.5,4347.35009765625,0.0532119,0.0537103,0.0539896,0.0528136,0.02322987578852295,,,,,,,,,0.09863013698630137,0.34794520547945207,0.6164383561643836,0.8657534246575342,1.115068493150685,1.3643835616438356,1.6136986301369862,1.8630136986301369,2.1123287671232878,2.361643835616438,,,,,,,,,0.0533,0.0539,0.0539,0.0533,0.0524,0.0518,0.0517,0.0525,0.0547,0.0585,,,,,,,,,4360.262696326587,4393.991366831951,4430.324037209964,4462.012063177871,4491.079845618026,4520.158657093715,4551.735946788201,4590.996619309489,4646.163081436342,4724.973525930025
2023-11-10,,,,,,,,,,,,4430.5,4478.75,4530.0,4575.75,4618.75,4661.25,4700.25,4740.25,4778.25,4800.25,4415.240234375,0.053223,0.0537764,0.0541447,0.0531645,0.02206107429869692,,,,,,,,,0.0958904109589041,0.3452054794520548,0.6136986301369863,0.863013698630137,1.1123287671232878,1.3616438356164384,1.610958904109589,1.8602739726027397,2.1095890410958904,2.3589041095890413,,,,,,,,,0.0533,0.054,0.0541,0.0536,0.0528,0.0523,0.0523,0.0532,0.0554,0.0593,,,,,,,,,4428.485974756608,4464.189781523409,4502.912864605233,4537.067012148325,4568.815756708412,4600.830784778043,4635.64761679711,4678.554425684447,4736.950991996705,4820.633257568525
2023-11-13,,,,,,,,,,,,4425.25,4473.75,4525.0,4570.75,4613.75,4656.25,4695.25,4735.25,4773.25,4795.25,4411.5498046875,0.0532291,0.0537972,0.0541924,0.0533418,0.02348603486010952,,,,,,,,,0.08767123287671233,0.336986301369863,0.6054794520547945,0.8547945205479452,1.104109589041096,1.3534246575342466,1.6027397260273972,1.8520547945205479,2.1013698630136988,2.350684931506849,,,,,,,,,0.0532,0.054,0.0542,0.0537,0.0531,0.0526,0.0526,0.0534,0.0555,0.0592,,,,,,,,,4423.057138573718,4457.146867898758,4494.357549566257,4526.969763127002,4558.178628845374,4588.850769258869,4622.280351363475,4662.857044359135,4718.539099622803,4797.900071354762
2023-11-14,,,,,,,,,,,,4511.0,4560.0,4610.75,4655.25,4696.25,4741.25,4780.25,4820.25,4858.25,4880.25,4495.7001953125,0.0532953,0.05390209999999999,0.0543478,0.0534833,0.02148959808826066,,,,,,,,,0.08493150684931507,0.33424657534246577,0.6027397260273972,0.852054794520548,1.1013698630136985,1.3506849315068492,1.6,1.8493150684931507,2.0986301369863014,2.347945205479452,,,,,,,,,0.0533,0.0541,0.0543,0.0539,0.0532,0.0527,0.0527,0.0537,0.0559,0.0599,,,,,,,,,4507.862674982667,4544.970981907714,4585.492706644352,4621.581054654203,4655.485998576638,4689.269659444704,4725.900245234719,4771.633072182535,4832.365669038157,4919.992208378039
2023-11-15,,,,,,,,,,,,4519.25,4568.75,4620.0,4665.75,4709.0,4750.25,4789.25,4829.25,4867.25,4889.25,4502.8798828125,0.05329589999999999,0.0536937,0.0538077,0.052294,0.01984438159404209,,,,,,,,,0.0821917808219178,0.3315068493150685,0.6,0.8493150684931506,1.0986301369863014,1.347945205479452,1.5972602739726027,1.8465753424657534,2.095890410958904,2.345205479452055,,,,,,,,,0.0533,0.0538,0.0537,0.0529,0.0519,0.0511,0.0507,0.0513,0.0532,0.0568,,,,,,,,,4515.27883706244,4553.852992291396,4595.2838937260185,4631.087866419848,4664.284444723258,4696.643135348809,4730.361466426466,4772.175761405248,4828.939540892113,4910.548688856035
2023-11-16,,,,,,,,,,,,4523.25,4572.5,4623.5,4668.5,4710.5,4753.25,4792.25,4832.25,4870.25,4892.25,4508.240234375,0.0533107,0.053671,0.0537501,0.0523693,0.01761081685445164,,,,,,,,,0.07945205479452055,0.3287671232876712,0.5972602739726027,0.8465753424657534,1.095890410958904,1.3452054794520547,1.5945205479452054,1.8438356164383563,2.0931506849315067,2.3424657534246576,,,,,,,,,0.0533,0.0538,0.0536,0.0529,0.052,0.0513,0.0509,0.0514,0.053,0.056,,,,,,,,,4521.04184683053,4562.1987944393,4606.193425764773,4644.955712348516,4681.383385701396,4717.248851421869,4754.0038176879325,4798.045199061475,4854.8673468620855,4932.432293719554
2023-11-17,,,,,,,,,,,,4527.5,4576.75,4627.75,4673.25,4716.25,4758.25,4796.25,4833.25,4869.25,4891.25,4514.02001953125,0.0533253,0.0536693,0.05363470000000001,0.0520073,0.01793716726831555,,,,,,,,,0.07671232876712329,0.32602739726027397,0.5945205479452055,0.8438356164383561,1.093150684931507,1.3424657534246576,1.5917808219178082,1.841095890410959,2.0904109589041098,2.33972602739726,,,,,,,,,0.0533,0.0537,0.0534,0.0526,0.0516,0.0507,0.0503,0.0506,0.052,0.0548,,,,,,,,,4526.282120762201,4566.960004415958,4610.201180692584,4648.003842263932,4683.223533487492,4716.9909905283985,4752.651390814481,4793.800499308937,4847.16225770277,4920.632319936118
2023-11-20,,,,,,,,,,,,4562.25,4612.0,4663.75,4709.75,4753.75,4796.0,4835.25,4871.75,4908.25,4930.25,4547.3798828125,0.0533483,0.05371509999999999,0.0537281,0.0522634,0.01842843179140118,,,,,,,,,0.0684931506849315,0.3178082191780822,0.5863013698630137,0.8356164383561644,1.084931506849315,1.3342465753424657,1.5835616438356164,1.832876712328767,2.0821917808219177,2.3315068493150686,,,,,,,,,0.0533,0.0538,0.0536,0.0529,0.0519,0.0511,0.0507,0.051,0.0524,0.055,,,,,,,,,4558.254115212952,4598.787088292744,4642.1255582121985,4680.271992130206,4715.550084051953,4749.993003792524,4785.809737700011,4827.124197129182,4880.689677675815,4952.131445416667
2023-11-21,,,,,,,,,,,,4551.25,4601.25,4652.75,4698.75,4742.75,4785.0,4824.25,4860.75,4897.25,4919.25,4538.18994140625,0.0534079,0.0537802,0.0538015,0.052415,0.01986517961947573,,,,,,,,,0.06575342465753424,0.3150684931506849,0.5835616438356165,0.8328767123287671,1.082191780821918,1.3315068493150686,1.5808219178082192,1.83013698630137,2.0794520547945203,2.328767123287671,,,,,,,,,0.0534,0.0539,0.0537,0.053,0.0521,0.0514,0.051,0.0512,0.0525,0.055,,,,,,,,,4548.207823932414,4587.116168124134,4628.685620964492,4665.1755341780945,4699.295006775061,4732.800364561809,4767.141446026436,4806.048625709193,4856.853428486719,4925.12204889892
2023-11-22,,,,,,,,,,,,4567.25,4617.25,4669.5,4715.75,4759.5,4801.75,4840.5,4877.0,4913.5,4935.5,4556.6201171875,0.05342889999999999,0.0537968,0.05377,0.0523231,0.01960265405693276,,,,,,,,,0.06301369863013699,0.31232876712328766,0.5808219178082191,0.8301369863013699,1.0794520547945206,1.3287671232876712,1.5780821917808219,1.8273972602739725,2.0767123287671234,2.326027397260274,,,,,,,,,0.0534,0.0539,0.0536,0.0529,0.052,0.0512,0.0508,0.051,0.0521,0.0544,,,,,,,,,4566.334672636618,4605.693217013346,4647.491213381716,4684.328167881337,4718.790552931406,4752.005126179029,4786.56541748583,4825.703707570707,4874.749825569086,4940.767711661777
2023-11-24,,,,,,,,,,,,4568.25,4618.25,4670.5,4717.5,4761.5,4802.75,4841.5,4878.0,4914.5,4936.5,4559.33984375,0.05347159999999999,0.05386580000000001,0.0539152,0.0525962,0.0210519146680649,,,,,,,,,0.057534246575342465,0.30684931506849317,0.5753424657534246,0.8246575342465754,1.073972602739726,1.3232876712328767,1.5726027397260274,1.821917808219178,2.0712328767123287,2.3205479452054796,,,,,,,,,0.0534,0.0539,0.0538,0.0532,0.0523,0.0516,0.0512,0.0515,0.0527,0.0552,,,,,,,,,4567.833235881966,4605.527692852299,4646.058408735546,4681.829735846915,4714.945840933779,4747.4220606175395,4780.708721117612,4819.411141717011,4868.220143909973,4935.3328192464205
2023-11-27,,,,,,,,,,,,4561.0,4611.0,4663.0,4709.75,4753.0,4794.75,4833.5,4870.0,4906.5,4928.5,4550.43017578125,0.0535156,0.0539321,0.054009,0.0527346,0.02431989239417843,,,,,,,,,0.049315068493150684,0.29863013698630136,0.5671232876712329,0.8164383561643835,1.0657534246575342,1.3150684931506849,1.5643835616438355,1.8136986301369864,2.063013698630137,2.3123287671232875,,,,,,,,,0.0534,0.054,0.0539,0.0533,0.0525,0.0518,0.0514,0.0517,0.0529,0.0554,,,,,,,,,4556.960572269317,4590.941611824868,4627.410111829728,4659.379310230407,4689.1663625860665,4717.88212383212,4747.344683821471,4782.106004931613,4826.79615740254,4889.495847611625
2023-11-28,,,,,,,,,,,,4563.0,4612.75,4664.5,4709.75,4752.0,4794.75,4833.5,4870.0,4906.5,4928.5,4554.89013671875,0.0534835,0.0538822,0.053944,0.0526379,0.02504365304351085,,,,,,,,,0.04657534246575343,0.2958904109589041,0.5643835616438356,0.8136986301369863,1.063013698630137,1.3123287671232877,1.5616438356164384,1.810958904109589,2.0602739726027397,2.3095890410958906,,,,,,,,,0.0534,0.0539,0.0539,0.0532,0.0524,0.0517,0.0513,0.0515,0.0528,0.0552,,,,,,,,,4560.909784269615,4593.947735473181,4629.67864712525,4660.450848662831,4689.291864641171,4717.048574901658,4745.536412036792,4778.433476654682,4822.956348535398,4883.441416393193
2023-11-29,,,,,,,,,,,,4559.25,4609.0,4659.75,4703.5,4743.75,4781.0,4815.5,4847.0,4883.5,4905.5,4550.580078125,0.0534281,0.0537709,0.0537111,0.0521319,0.02263413361191504,,,,,,,,,0.043835616438356165,0.29315068493150687,0.5616438356164384,0.810958904109589,1.0602739726027397,1.3095890410958904,1.558904109589041,1.8082191780821917,2.0575342465753423,2.3068493150684932,,,,,,,,,0.0533,0.0538,0.0536,0.0529,0.0519,0.051,0.0505,0.0506,0.0517,0.054,,,,,,,,,4556.701341316481,4592.3460229705515,4630.415025908081,4663.653194703302,4693.997434836088,4722.8023531203335,4752.614692438633,4786.6133220395395,4831.0253360630295,4892.048059750385
2023-11-30,,,,,,,,,,,,4576.75,4626.75,4677.75,4721.75,4763.0,4799.0,4833.5,4865.0,4901.5,4923.5,4567.7998046875,0.0534097,0.05369379999999999,0.0533325,0.05108120000000001,0.01675387201838388,,,,,,,,,0.0410958904109589,0.29041095890410956,0.5589041095890411,0.8082191780821918,1.0575342465753426,1.3068493150684932,1.5561643835616439,1.8054794520547945,2.0547945205479454,2.304109589041096,,,,,,,,,0.0533,0.0537,0.0531,0.0521,0.0508,0.0496,0.0487,0.0484,0.049,0.0508,,,,,,,,,4574.66531778943,4617.0741622182695,4661.538976556341,4700.171814409665,4735.259795105207,4768.141401389325,4800.61998136405,4836.387605722744,4880.710545661549,4940.554914450892
2023-12-01,,,,,,,,,,,,4600.75,4651.0,4701.25,4744.0,4783.0,4822.0,4856.5,4888.0,4924.5,4946.5,4594.6298828125,0.0534587,0.0537523,0.05340900000000001,0.0511841,0.01565716819242619,,,,,,,,,0.038356164383561646,0.2876712328767123,0.5561643835616439,0.8054794520547945,1.0547945205479452,1.3041095890410959,1.5534246575342465,1.8027397260273972,2.052054794520548,2.3013698630136985,,,,,,,,,0.0534,0.0538,0.0532,0.0522,0.0509,0.0497,0.0488,0.0486,0.0492,0.051,,,,,,,,,4601.286208774739,4645.322503972261,4691.57426663325,4731.880560045553,4768.644776698688,4803.206847901886,4837.379250482402,4875.757886874199,4922.024519580172,4983.961878844279
2023-12-04,,,,,,,,,,,,4576.5,4626.5,4677.0,4720.0,4760.0,4798.75,4833.25,4865.75,4897.75,4919.75,4569.77978515625,0.0534508,0.0536297,0.0530258,0.0503913,0.02005091646317473,,,,,,,,,0.030136986301369864,0.27945205479452057,0.547945205479452,0.7972602739726027,1.0465753424657533,1.295890410958904,1.5452054794520549,1.7945205479452055,2.043835616438356,2.293150684931507,,,,,,,,,0.0534,0.0536,0.0528,0.0516,0.0501,0.0487,0.0476,0.047,0.0471,0.0482,,,,,,,,,4574.374909381233,4612.824582222823,4652.5233112381375,4686.180450032184,4715.776768272522,4742.626467565573,4768.510593175909,4796.208456336565,4829.528756748955,4874.4881637292465
2023-12-05,,,,,,,,,,,,4575.0,4625.25,4675.0,4717.75,4756.75,4796.75,4831.25,4863.75,4895.75,4917.75,4567.18017578125,0.0535961,0.0537623,0.0531665,0.0505096,0.02037430020681914,,,,,,,,,0.0273972602739726,0.27671232876712326,0.5452054794520548,0.7945205479452054,1.0438356164383562,1.2931506849315069,1.5424657534246575,1.7917808219178082,2.041095890410959,2.2904109589041095,,,,,,,,,0.0535,0.0537,0.053,0.0517,0.0502,0.0488,0.0477,0.0471,0.0473,0.0486,,,,,,,,,4571.327017220363,4609.491822001399,4649.146690748526,4682.278719287627,4711.607348794017,4738.187593055539,4763.79653258029,4791.208046679868,4825.208374531882,4872.1944298922435
2023-12-06,,,,,,,,,,,,4556.0,4606.25,4656.25,4698.75,4738.0,4777.75,4812.25,4844.75,4876.75,4898.75,4549.33984375,0.0536582,0.0538013,0.0531006,0.0503216,0.02138702244172895,,,,,,,,,0.024657534246575342,0.273972602739726,0.5424657534246575,0.7917808219178082,1.0410958904109588,1.2904109589041095,1.5397260273972602,1.789041095890411,2.0383561643835617,2.287671232876712,,,,,,,,,0.0536,0.0538,0.0529,0.0516,0.0501,0.0486,0.0474,0.0466,0.0466,0.0474,,,,,,,,,4552.954786181567,4589.9191106948065,4627.778022993759,4659.481562911134,4687.386117593678,4711.932200777855,4735.252217009211,4759.245685020447,4789.256410012968,4828.284717278044
2023-12-07,,,,,,,,,,,,4589.5,4640.5,4690.75,4733.5,4772.75,4812.25,4846.75,4879.25,4907.25,4929.25,4585.58984375,0.05357389999999999,0.0537183,0.0530158,0.0502927,0.01667461332247503,,,,,,,,,0.021917808219178082,0.27123287671232876,0.5397260273972603,0.7890410958904109,1.0383561643835617,1.2876712328767124,1.536986301369863,1.7863013698630137,2.0356164383561643,2.2849315068493152,,,,,,,,,0.0535,0.0537,0.0528,0.0515,0.0501,0.0486,0.0474,0.0466,0.0465,0.0472,,,,,,,,,4589.292513034022,4631.872648175066,4675.876142187468,4713.342916982704,4747.538153127076,4778.029131339771,4807.336758255192,4837.386052555751,4872.620054212362,4916.845476773488
2023-12-08,,,,,,,,,,,,4607.5,4660.25,4711.75,4756.5,4797.5,4838.25,4872.75,4905.25,4933.25,4970.0,4604.3701171875,0.0535498,0.0536604,0.0529211,0.0502012,0.01838442873428688,,,,,,,,,0.019178082191780823,0.2684931506849315,0.536986301369863,0.7863013698630137,1.0356164383561643,1.284931506849315,1.5342465753424657,1.7835616438356163,2.032876712328767,2.282191780821918,,,,,,,,,0.0535,0.0536,0.0528,0.0514,0.05,0.0486,0.0473,0.0465,0.0462,0.0467,,,,,,,,,4607.47197142843,4648.111544575517,4690.25320045849,4725.4654635357,4757.619714976459,4786.650117019288,4813.235379983191,4841.147272859576,4872.228865824383,4911.735992739232
2023-12-11,,,,,,,,,,,,4626.0,4678.5,4730.25,4775.0,4816.75,4858.0,4893.0,4925.5,4958.0,4996.0,4622.43994140625,0.0535978,0.0537917,0.0532936,0.0509816,0.03191866781834584,,,,,,,,,0.010958904109589041,0.2602739726027397,0.5287671232876713,0.7780821917808219,1.0273972602739727,1.2767123287671234,1.526027397260274,1.7753424657534247,2.0246575342465754,2.2739726027397262,,,,,,,,,0.0535,0.0538,0.0532,0.0521,0.0508,0.0496,0.0486,0.048,0.0482,0.0492,,,,,,,,,4623.533313566404,4648.84049589077,4674.749415433177,4695.597777500319,4712.984317716273,4727.973458081674,4741.620056869575,4756.3119307254165,4777.353888448249,4807.705616215008
2023-12-12,,,,,,,,,,,,4645.75,4697.25,4749.0,4794.5,4836.5,4878.0,4913.0,4947.0,4980.0,5017.0,4643.7001953125,0.0536483,0.05386059999999999,0.053465,0.0513074,0.03753203106779632,,,,,,,,,0.00821917808219178,0.25753424657534246,0.5260273972602739,0.7753424657534247,1.0246575342465754,1.273972602739726,1.5232876712328767,1.7726027397260273,2.021917808219178,2.271232876712329,,,,,,,,,0.0535,0.0539,0.0534,0.0524,0.0512,0.05,0.0491,0.0487,0.049,0.0504,,,,,,,,,4644.309691147141,4663.316157669977,4682.62331707147,4697.541430782795,4709.192698145249,4718.048945594692,4726.253651304136,4736.544572182929,4752.63306973931,4781.420405964708
2023-12-13,,,,,,,,,,,,4708.25,4760.75,4812.0,4854.25,4893.75,4929.0,4959.0,4993.0,5021.0,5058.0,4707.08984375,0.0536181,0.05384629999999999,0.0533224,0.0510516,0.0518178445911462,,,,,,,,,0.005479452054794521,0.2547945205479452,0.5232876712328767,0.7726027397260274,1.021917808219178,1.2712328767123289,1.5205479452054795,1.7698630136986302,2.0191780821917806,2.2684931506849315,,,,,,,,,0.0535,0.0538,0.0532,0.0522,0.0509,0.0497,0.0487,0.0481,0.048,0.0487,,,,,,,,,4707.133230561683,4709.467723819905,4710.4955480100625,4708.4798375323435,4702.67684353958,4694.43411368063,4684.82713429569,4676.2185157926,4670.942826660019,4673.914953996754
2023-12-14,,,,,,,,,,,,4721.75,4774.0,4825.0,4867.75,4906.0,4941.0,4971.0,5005.0,5033.0,5060.0,4719.5498046875,0.0535825,0.0537774,0.052938,0.0501476,0.02085802758183166,,,,,,,,,0.0027397260273972603,0.25205479452054796,0.5205479452054794,0.7698630136986301,1.0191780821917809,1.2684931506849315,1.5178082191780822,1.7671232876712328,2.0164383561643837,2.265753424657534,,,,,,,,,0.0534,0.0538,0.0528,0.0515,0.05,0.0486,0.0473,0.0462,0.0454,0.0452,,,,,,,,,4719.970600047018,4758.900226876904,4798.679341138048,4832.20814425837,4861.82690786937,4888.589991860914,4912.815788389839,4935.706404090434,4958.983544570542,4987.158566634699
2023-12-15,,,,,,,,,,,,4694.27,4768.0,4820.0,4863.75,4903.25,4939.75,4967.0,5001.0,5029.0,5056.0,4719.18994140625,0.05355749999999999,0.0536399,0.0521986,0.0485795,-1.917959024828135e-06,,,,,,,,,0.0,0.2493150684931507,0.5178082191780822,0.7671232876712328,1.0164383561643835,1.2657534246575342,1.515068493150685,1.7643835616438357,2.0136986301369864,2.263013698630137,,,,,,,,,0.0534,0.0536,0.0521,0.0502,0.0485,0.0467,0.0448,0.0429,0.0408,0.0385,,,,,,,,,4719.18994140625,4782.679374853469,4848.241023692157,4904.475828795806,4957.6724775707125,5006.566119851214,5050.640851977448,5090.2787896459295,5123.305973289148,5148.819834421042
2023-12-18,,,,,,,,,,,,,4793.0,4845.25,4889.0,4928.75,4966.5,4998.0,5029.0,5057.0,5092.0,4740.56005859375,0.0535792,0.05370390000000001,0.0525127,0.04914710000000001,0.01465892970996273,,,,,,,,,,0.2410958904109589,0.5095890410958904,0.7589041095890411,1.0082191780821919,1.2575342465753425,1.5068493150684932,1.7561643835616438,2.0054794520547947,2.254794520547945,,,,,,,,,,0.0537,0.0525,0.0508,0.0491,0.0474,0.0457,0.0442,0.0427,0.0414,,,,,,,,,,4785.391913519885,4832.861229206031,4872.381789307433,4908.063339523092,4939.817077696415,4967.563607308913,4992.9866613470585,5014.78763637268,5035.188197425276
2023-12-19,,,,,,,,,,,,,4820.25,4872.75,4916.25,4956.0,4994.0,5026.5,5057.5,5089.5,5124.5,4768.3701171875,0.0535756,0.0537462,0.05253790000000001,0.0491941,0.01453484754627792,,,,,,,,,,0.23835616438356164,0.5068493150684932,0.7561643835616438,1.0054794520547945,1.2547945205479452,1.5041095890410958,1.7534246575342465,2.0027397260273974,2.252054794520548,,,,,,,,,,0.0538,0.0525,0.0508,0.0492,0.0475,0.0458,0.0442,0.0426,0.041,,,,,,,,,,4813.207217641184,4861.014512312307,4900.93973141084,4937.502568817723,4969.747553069075,4997.964690230016,5022.963819528523,5044.062191051403,5061.209697964769
2023-12-20,,,,,,,,,,,,,4749.75,4800.75,4842.75,4880.0,4915.25,4946.5,4977.5,5009.5,5044.5,4698.35009765625,0.0535689,0.0537106,0.05238089999999999,0.0490219,0.01468251671146191,,,,,,,,,,0.2356164383561644,0.5041095890410959,0.7534246575342466,1.0027397260273974,1.252054794520548,1.5013698630136987,1.7506849315068493,2.0,2.249315068493151,,,,,,,,,,0.0537,0.0524,0.0506,0.049,0.0474,0.0457,0.0438,0.0418,0.0396,,,,,,,,,,4741.741932383395,4788.538016314949,4827.228635796174,4862.841354036407,4894.810125985044,4922.320760954628,4944.060431451728,4960.20152827081,4969.199072283072
2023-12-21,,,,,,,,,,,,,4796.75,4848.5,4890.0,4927.5,4957.5,4988.75,5019.75,5051.75,5086.75,4746.75,0.0535595,0.0536013,0.05213739999999999,0.0484961,0.0145725391057039,,,,,,,,,,0.2328767123287671,0.5013698630136987,0.7506849315068493,1.0,1.2493150684931507,1.4986301369863013,1.747945205479452,1.9972602739726026,2.2465753424657535,,,,,,,,,,0.0536,0.0521,0.0503,0.0485,0.0467,0.0449,0.0429,0.0408,0.0385,,,,,,,,,,4790.087891089719,4836.9062474095945,4875.780722710399,4910.558261562094,4941.147019099802,4967.465847422404,4987.7007039259415,5002.027043972881,5008.89342273165
2023-12-22,,,,,,,,,,,,,4805.25,4856.25,4898.0,4935.5,4970.75,4996.75,5027.75,5059.75,5094.75,4754.6298828125,0.0535536,0.05351110000000001,0.0518726,0.0479869,0.01458234540409008,,,,,,,,,,0.23013698630136986,0.4986301369863014,0.7479452054794521,0.9972602739726028,1.2465753424657535,1.4958904109589042,1.7452054794520548,1.9945205479452055,2.243835616438356,,,,,,,,,,0.0536,0.0519,0.0499,0.048,0.0461,0.0441,0.042,0.0396,0.0368,,,,,,,,,,4797.515889517493,4843.9309106489245,4881.900183390516,4915.753041938114,4945.153403652816,4969.275386321234,4987.667155435488,4997.896288749208,4997.669082267044
2023-12-26,,,,,,,,,,,,,4825.0,4876.75,4918.25,4960.5,4995.75,5023.75,5054.75,5086.75,5121.75,4774.75,0.0535694,0.05347909999999999,0.0517674,0.0477613,0.0146758067612615,,,,,,,,,,0.2191780821917808,0.4876712328767123,0.736986301369863,0.9863013698630136,1.2356164383561643,1.484931506849315,1.7342465753424658,1.9835616438356165,2.232876712328767,,,,,,,,,,0.0536,0.0519,0.0498,0.0479,0.0459,0.0439,0.0417,0.0392,0.0363,,,,,,,,,,4815.659224959733,4862.218351764553,4899.963057511265,4933.805928567766,4962.564994129375,4986.516360652542,5003.853077271681,5012.761022522153,5010.951283641648
2023-12-27,,,,,,,,,,,,,4833.5,4885.0,4927.5,4965.0,5000.0,5027.75,5058.75,5086.75,5121.75,4781.580078125,0.0535596,0.0534814,0.0518378,0.0480198,0.0146157155883258,,,,,,,,,,0.21643835616438356,0.4849315068493151,0.7342465753424657,0.9835616438356164,1.2328767123287672,1.4821917808219178,1.7315068493150685,1.9808219178082191,2.23013698630137,,,,,,,,,,0.0536,0.052,0.05,0.0481,0.0463,0.0443,0.0422,0.0398,0.0369,,,,,,,,,,4822.096281029349,4869.054982661425,4907.437158094656,4941.677804012236,4972.058147417815,4996.655829336718,5015.501565881555,5026.161817605601,5025.214095148764
2023-12-28,,,,,,,,,,,,,4832.25,4883.75,4926.5,4964.75,5000.5,5031.0,5061.0,5089.0,5121.0,4783.35009765625,0.053527,0.0533016,0.05155369999999999,0.0476377,0.01453851298070533,,,,,,,,,,0.2136986301369863,0.4821917808219178,0.7315068493150685,0.9808219178082191,1.2301369863013698,1.4794520547945205,1.7287671232876711,1.978082191780822,2.2273972602739724,,,,,,,,,,0.0534,0.0517,0.0497,0.0478,0.0459,0.0439,0.0417,0.0392,0.0362,,,,,,,,,,4823.239534079966,4869.835322649295,4907.977914078792,4941.973541536255,4971.492433172616,4995.712629887178,5013.313351193333,5022.478849576934,5019.799010274172
2023-12-29,,,,,,,,,,,,,4820.0,4871.5,4913.0,4950.75,4986.5,5016.5,5046.5,5074.5,5104.5,4769.830078125,0.0535472,0.053314,0.0515772,0.0477098,0.01456909653126584,,,,,,,,,,0.21095890410958903,0.4794520547945205,0.7287671232876712,0.9780821917808219,1.2273972602739727,1.4767123287671233,1.726027397260274,1.9753424657534246,2.2246575342465755,,,,,,,,,,0.0534,0.0517,0.0497,0.0479,0.046,0.044,0.0418,0.0393,0.0364,,,,,,,,,,4809.06368974518,4855.505273771819,4893.525127241648,4927.89068890112,4957.437063076898,4981.702296483038,4999.370310835313,5008.6313045556335,5007.200443056693
2024-01-02,,,,,,,,,,,,,4787.25,4838.5,4880.75,4918.75,4954.0,4985.0,5017.0,5043.0,5073.0,4742.830078125,0.0534844,0.0532733,0.0515311,0.0477007,0.01479000611032333,,,,,,,,,,0.2,0.4684931506849315,0.7178082191780822,0.9671232876712329,1.2164383561643837,1.4657534246575343,1.715068493150685,1.9643835616438357,2.213698630136986,,,,,,,,,,0.0534,0.0518,0.0498,0.0479,0.0461,0.0442,0.042,0.0394,0.0363,,,,,,,,,,4779.595976610379,4825.782747408249,4863.529854547511,4897.160104432964,4926.952771818819,4951.753814033103,4969.40951728342,4977.747541830606,4974.130912717431
2024-01-03,,,,,,,,,,,,,4746.5,4798.0,4840.75,4878.75,4914.25,4945.0,4977.0,5003.0,5033.0,4704.81005859375,0.0534531,0.0533018,0.0516812,0.04797920000000001,0.01490879431496347,,,,,,,,,,0.19726027397260273,0.4657534246575342,0.7150684931506849,0.9643835616438357,1.2136986301369863,1.463013698630137,1.7123287671232876,1.9616438356164383,2.210958904109589,,,,,,,,,,0.0534,0.052,0.05,0.0482,0.0464,0.0446,0.0425,0.0402,0.0375,,,,,,,,,,4740.668634470269,4786.793434714346,4824.359682413126,4858.3112281891235,4888.112490970637,4913.684377288977,4932.42432815668,4944.113810589031,4945.774766113156
2024-01-04,,,,,,,,,,,,,4729.5,4781.5,4825.25,4863.75,4900.0,4932.25,4962.0,4988.0,5018.0,4688.68017578125,0.05343709999999999,0.0532931,0.05178079999999999,0.0481929,0.01486215838891087,,,,,,,,,,0.19452054794520549,0.46301369863013697,0.7123287671232876,0.9616438356164384,1.210958904109589,1.4602739726027398,1.7095890410958905,1.9589041095890412,2.208219178082192,,,,,,,,,,0.0534,0.0521,0.0502,0.0485,0.0467,0.0449,0.043,0.0409,0.0386,,,,,,,,,,4723.960479996689,4770.221601765183,4808.20239392163,4842.8275440757625,4872.978969961458,4898.9191969635895,4919.737995304397,4934.033291145112,4941.008635240948
2024-01-05,,,,,,,,,,,,,4734.75,4786.25,4829.5,4868.5,4905.75,4938.75,4969.75,4999.75,5028.0,4697.240234375,0.0533924,0.0532926,0.05192840000000001,0.048545,0.01487375247707012,,,,,,,,,,0.1917808219178082,0.4602739726027397,0.7095890410958904,0.958904109589041,1.2082191780821918,1.4575342465753425,1.7068493150684931,1.9561643835616438,2.2054794520547945,,,,,,,,,,0.0534,0.0522,0.0505,0.0488,0.0471,0.0455,0.0437,0.0419,0.0401,,,,,,,,,,4732.074772718809,4778.63744399369,4817.500123287512,4852.563734085146,4883.740989431072,4911.669756928944,4934.134181035212,4952.254536982948,4965.9822990157245
2024-01-08,,,,,,,,,,,,,4801.25,4853.75,4897.5,4937.75,4973.75,5006.75,5037.75,5067.75,5096.0,4763.5400390625,0.0533771,0.0532574,0.0518427,0.0484781,0.01476803425635343,,,,,,,,,,0.18356164383561643,0.4520547945205479,0.7013698630136986,0.9506849315068493,1.2,1.4493150684931506,1.6986301369863013,1.9479452054794522,2.197260273972603,,,,,,,,,,0.0534,0.0522,0.0505,0.0488,0.0472,0.0455,0.0437,0.0417,0.0396,,,,,,,,,,4797.440011252375,4844.8311632030955,4884.42915242713,4920.178323881396,4952.583979355626,4980.505533090999,5003.490688008484,5020.116251280819,5030.671073210136
2024-01-09,,,,,,,,,,,,,4792.75,4845.25,4889.0,4928.75,4965.25,4998.25,5029.25,5059.25,5087.5,4756.5,0.0533553,0.05323439999999999,0.0517317,0.0482052,0.01467840934431678,,,,,,,,,,0.18082191780821918,0.44931506849315067,0.6986301369863014,0.947945205479452,1.1972602739726028,1.4465753424657535,1.6958904109589041,1.9452054794520548,2.1945205479452055,,,,,,,,,,0.0534,0.0521,0.0503,0.0486,0.0468,0.0451,0.0432,0.0411,0.0387,,,,,,,,,,4789.920508331939,4837.152340773561,4876.356979199053,4911.934779112269,4942.988007151807,4970.4939753371955,4992.224468806566,5007.353472808104,5013.969806868431
2024-01-10,,,,,,,,,,,,,4820.25,4873.0,4917.0,4956.75,4993.75,5026.25,5057.25,5087.25,5122.0,4783.4501953125,0.0533419,0.0532646,0.05184739999999999,0.04843099999999999,0.01462047783099433,,,,,,,,,,0.1780821917808219,0.4465753424657534,0.6958904109589041,0.9452054794520548,1.1945205479452055,1.4438356164383561,1.6931506849315068,1.9424657534246574,2.191780821917808,,,,,,,,,,0.0534,0.0522,0.0505,0.0488,0.0471,0.0454,0.0436,0.0417,0.0395,,,,,,,,,,4816.598755654881,4864.403863174176,4904.387927176943,4940.510944707638,4972.683037052051,5000.823779080418,5024.011821276973,5041.799836480198,5051.5369517451345
2024-01-11,,,,,,,,,,,,,4815.5,4868.0,4910.5,4948.25,4984.5,5017.0,5048.0,5078.0,5112.75,4780.240234375,0.05333160000000001,0.0531399,0.0515565,0.0480295,0.01463575732939267,,,,,,,,,,0.17534246575342466,0.4438356164383562,0.6931506849315069,0.9424657534246575,1.1917808219178083,1.441095890410959,1.6904109589041096,1.9397260273972603,2.1890410958904107,,,,,,,,,,0.0533,0.052,0.0501,0.0484,0.0467,0.0449,0.043,0.0407,0.038,,,,,,,,,,4812.757896803569,4860.174706745781,4899.204610611808,4934.801483747052,4966.4453007044685,4993.337277049373,5015.023112761095,5028.130742986232,5031.087134399592
2024-01-12,,,,,,,,,,,,,4816.5,4868.25,4909.75,4946.0,4980.0,5013.0,5041.0,5066.75,5101.5,4783.830078125,0.0533798,0.0531653,0.0515347,0.0478978,0.01459949979378053,,,,,,,,,,0.1726027397260274,0.4410958904109589,0.6904109589041096,0.9397260273972603,1.189041095890411,1.4383561643835616,1.6876712328767123,1.936986301369863,2.186301369863014,,,,,,,,,,0.0533,0.052,0.0501,0.0483,0.0466,0.0447,0.0427,0.0404,0.0377,,,,,,,,,,4815.892130459644,4863.404485902039,4902.530162878617,4937.754802231858,4969.361728762989,4995.496153779456,5016.166030982453,5028.9776487046975,5031.640894463694
2024-01-16,,,,,,,,,,,,,4798.5,4851.0,4893.75,4930.0,4964.0,4997.0,5025.0,5050.75,5085.5,4765.97998046875,0.0533176,0.0529791,0.0508902,0.04653019999999999,0.01482485365900829,,,,,,,,,,0.16164383561643836,0.4301369863013699,0.6794520547945205,0.9287671232876712,1.178082191780822,1.4273972602739726,1.6767123287671233,1.926027397260274,2.175342465753425,,,,,,,,,,0.0532,0.0516,0.0492,0.0471,0.0451,0.0429,0.0403,0.0372,0.0334,,,,,,,,,,4795.635742575031,4841.969351595788,4878.605603241805,4911.008279669567,4939.034115657665,4960.852322299728,4973.966797389767,4975.860512793228,4962.504152663528
2024-01-17,,,,,,,,,,,,,4771.25,4824.0,4866.0,4903.0,4937.0,4970.0,4998.0,5033.75,5063.5,4739.2099609375,0.0533478,0.0530957,0.0511611,0.04688920000000001,0.01493053107603525,,,,,,,,,,0.1589041095890411,0.4273972602739726,0.6767123287671233,0.9260273972602739,1.1753424657534246,1.4246575342465753,1.673972602739726,1.9232876712328768,2.1726027397260275,,,,,,,,,,0.0533,0.0518,0.0496,0.0475,0.0454,0.0433,0.0409,0.0382,0.0349,,,,,,,,,,4768.19350576463,4814.481508576783,4851.712347412791,4884.322897758773,4912.006468115678,4934.6770230465745,4949.777501576532,4956.125714688445,4949.349579184486
2024-01-18,,,,,,,,,,,,,4811.25,4864.5,4909.25,4947.5,4984.5,5020.0,5048.0,5083.75,5113.5,4780.93994140625,0.0533666,0.0531781,0.0516363,0.048027,0.01476098779891295,,,,,,,,,,0.15616438356164383,0.4246575342465753,0.673972602739726,0.9232876712328767,1.1726027397260275,1.4219178082191781,1.6712328767123288,1.9205479452054794,2.16986301369863,,,,,,,,,,0.0533,0.0522,0.0504,0.0486,0.0468,0.045,0.0431,0.041,0.0387,,,,,,,,,,4809.800411264676,4857.55840678641,4897.167052867448,4932.66944163988,4963.971872946091,4990.991351093274,5012.818122818325,5028.0410179514465,5035.846044839528
2024-01-19,,,,,,,,,,,,,4869.5,4924.0,4970.25,5010.25,5048.5,5089.0,5117.0,5152.75,5182.5,4839.81005859375,0.0533594,0.053158,0.05159329999999999,0.0479849,0.0145802824418178,,,,,,,,,,0.15342465753424658,0.42191780821917807,0.6712328767123288,0.9205479452054794,1.16986301369863,1.4191780821917808,1.6684931506849314,1.917808219178082,2.1671232876712327,,,,,,,,,,0.0533,0.0522,0.0503,0.0485,0.0468,0.045,0.0431,0.0409,0.0385,,,,,,,,,,4868.646806162885,4917.242493805795,4957.252841206134,4993.315920339267,5025.717007115713,5053.3251507056575,5075.679610044707,5090.375737121063,5097.307467771397
2024-01-22,,,,,,,,,,,,,4881.0,4936.75,4983.25,5025.0,5063.25,5103.0,5131.0,5166.75,5196.5,4850.43017578125,0.0533503,0.0531858,0.0517702,0.0483723,0.01468448683865567,,,,,,,,,,0.14520547945205478,0.4136986301369863,0.663013698630137,0.9123287671232877,1.1616438356164382,1.4109589041095891,1.6602739726027398,1.9095890410958904,2.158904109589041,,,,,,,,,,0.0533,0.0524,0.0506,0.049,0.0473,0.0456,0.0438,0.042,0.04,,,,,,,,,,4877.703823478832,4926.704239202229,4967.31709420033,5004.684765508329,5037.727093553445,5066.690867351248,5090.658155073606,5110.150223038085,5122.902446185039
2024-01-23,,,,,,,,,,,,,4895.0,4950.5,4997.5,5039.25,5078.0,5117.0,5145.0,5180.75,5210.5,4864.60009765625,0.05335860000000001,0.0532467,0.051866,0.0483499,0.0146362979518269,,,,,,,,,,0.14246575342465753,0.410958904109589,0.6602739726027397,0.9095890410958904,1.158904109589041,1.4082191780821918,1.6575342465753424,1.906849315068493,2.1561643835616437,,,,,,,,,,0.0534,0.0525,0.0507,0.049,0.0472,0.0455,0.0437,0.042,0.0403,,,,,,,,,,4891.539168827135,4940.8873367502265,4981.825729561292,5019.053445186221,5051.68939254792,5080.691475364993,5104.684225977115,5125.16627757255,5141.37047189289
2024-01-24,,,,,,,,,,,,,4898.0,4954.0,5001.25,5043.25,5082.0,5120.0,5148.0,5183.75,5213.5,4868.5498046875,0.0533664,0.0532405,0.0518796,0.0484692,0.01465626235017986,,,,,,,,,,0.13972602739726028,0.40821917808219177,0.6575342465753424,0.9068493150684932,1.1561643835616437,1.4054794520547946,1.6547945205479453,1.904109589041096,2.1534246575342464,,,,,,,,,,0.0534,0.0525,0.0508,0.0491,0.0474,0.0457,0.044,0.0423,0.0406,,,,,,,,,,4894.977208621446,4944.3457494405475,4985.6403806330645,5023.020225143758,5056.392349604965,5085.673386308208,5110.7898801699885,5131.678595743055,5148.286782477353
2024-01-25,,,,,,,,,,,,,4923.25,4979.25,5026.25,5067.75,5106.25,5145.0,5173.0,5208.75,5238.5,4894.16015625,0.0533659,0.0531959,0.0517225,0.0481968,0.0145250791487855,,,,,,,,,,0.136986301369863,0.4054794520547945,0.6547945205479452,0.9041095890410958,1.1534246575342466,1.4027397260273973,1.652054794520548,1.9013698630136986,2.1506849315068495,,,,,,,,,,0.0534,0.0524,0.0506,0.0489,0.0471,0.0454,0.0436,0.0416,0.0396,,,,,,,,,,4920.292702579961,4969.9023481643135,5011.14458963257,5048.652545798248,5081.545290782005,5110.78068012075,5134.980530774242,5152.706589882959,5165.340081857675
2024-01-26,,,,,,,,,,,,,4916.25,4972.5,5019.5,5061.75,5101.25,5138.0,5166.0,5201.75,5231.5,4890.97021484375,0.0533647,0.0531743,0.051574,0.0479898,0.01458111225004956,,,,,,,,,,0.13424657534246576,0.40273972602739727,0.6520547945205479,0.9013698630136986,1.1506849315068493,1.4,1.6493150684931508,1.8986301369863015,2.147945205479452,,,,,,,,,,0.0534,0.0523,0.0504,0.0487,0.0469,0.0452,0.0432,0.041,0.0384,,,,,,,,,,4916.525070531439,4965.835624060964,5006.54756736328,5043.722642225767,5076.284259059803,5105.1872700647245,5127.366910261372,5142.556802685951,5147.712068873222
2024-01-29,,,,,,,,,,,,,4954.5,5010.75,5057.75,5100.0,5139.5,5176.25,5204.25,5240.0,5269.75,4927.93017578125,0.05332600000000001,0.0531266,0.0515269,0.0479903,0.01458461631865583,,,,,,,,,,0.12602739726027398,0.39452054794520547,0.6438356164383562,0.8931506849315068,1.1424657534246576,1.3917808219178083,1.641095890410959,1.8904109589041096,2.1397260273972605,,,,,,,,,,0.0533,0.0523,0.0505,0.0487,0.047,0.0453,0.0433,0.0411,0.0384,,,,,,,,,,4952.033282069448,5001.803518475235,5043.209376356472,5080.396123193696,5113.8498864933335,5143.162379457912,5165.716191541109,5181.238027412278,5185.557997668631
2024-01-30,,,,,,,,,,,,,4951.0,5007.25,5055.25,5098.0,5138.5,5175.25,5203.25,5239.0,5268.75,4924.97021484375,0.0532834,0.05306429999999999,0.0514613,0.047894,0.01456412681503017,,,,,,,,,,0.1232876712328767,0.3917808219178082,0.6410958904109589,0.8904109589041096,1.1397260273972603,1.389041095890411,1.6383561643835616,1.8876712328767122,2.136986301369863,,,,,,,,,,0.0533,0.0523,0.0504,0.0486,0.0469,0.0452,0.0432,0.041,0.0384,,,,,,,,,,4948.546427548753,4998.322810541348,5039.427366581239,5076.510628064563,5109.861311015499,5139.07300366541,5161.534846900429,5176.972697949948,5182.332069032161
2024-01-31,,,,,,,,,,,,,4870.5,4925.25,4970.75,5010.5,5050.0,5086.75,5114.75,5150.5,5180.25,4845.64990234375,0.0532995,0.0531533,0.0516501,0.04826030000000001,0.01480834819555314,,,,,,,,,,0.12054794520547946,0.38904109589041097,0.6383561643835617,0.8876712328767123,1.1369863013698631,1.3863013698630138,1.6356164383561644,1.884931506849315,2.1342465753424658,,,,,,,,,,0.0533,0.0524,0.0507,0.049,0.0474,0.0457,0.0438,0.0417,0.0393,,,,,,,,,,4868.186396975614,4917.036799467728,4957.953388493619,4994.974569163079,5028.579993289367,5057.673092215787,5080.961916891415,5097.60232522693,5105.674657507822
2024-02-01,,,,,,,,,,,,,4928.5,4983.5,5029.0,5068.75,5105.75,5141.75,5169.75,5200.5,5230.25,4906.18994140625,0.0532352,0.0527258,0.0508383,0.0470254,0.01461679686074104,,,,,,,,,,0.1178082191780822,0.3863013698630137,0.6356164383561644,0.8849315068493151,1.1342465753424658,1.3835616438356164,1.632876712328767,1.8821917808219177,2.1315068493150684,,,,,,,,,,0.0532,0.0518,0.0497,0.0479,0.0461,0.0442,0.042,0.0395,0.0363,,,,,,,,,,4928.541387549638,4977.170632719634,5016.824289450087,5052.842803759933,5084.554304397775,5111.167472891299,5130.540713893589,5141.43704772441,5138.265428487452
2024-02-02,,,,,,,,,,,,,4980.25,5037.25,5086.25,5129.75,5170.5,5207.25,5243.25,5274.0,5303.75,4958.60986328125,0.0532211,0.0529046,0.050961,0.046928,0.01446284087296001,,,,,,,,,,0.11506849315068493,0.3835616438356164,0.6328767123287671,0.8821917808219178,1.1315068493150684,1.3808219178082193,1.63013698630137,1.8794520547945206,2.128767123287671,,,,,,,,,,0.0532,0.052,0.0498,0.0478,0.0459,0.0439,0.0417,0.0389,0.0354,,,,,,,,,,4980.761836154518,5030.51943619915,5070.753860813989,5106.60704202283,5138.169012880389,5164.317252289701,5183.734448102353,5191.662123355496,5184.615941973038
2024-02-05,,,,,,,,,,,,,4962.0,5019.0,5068.5,5113.25,5155.25,5192.0,5233.0,5265.0,5297.0,4942.81005859375,0.0532249,0.0531613,0.0518654,0.0485933,0.01470184162386804,,,,,,,,,,0.10684931506849316,0.37534246575342467,0.6246575342465753,0.873972602739726,1.1232876712328768,1.3726027397260274,1.621917808219178,1.8712328767123287,2.1205479452054794,,,,,,,,,,0.0532,0.0526,0.051,0.0494,0.0478,0.0462,0.0445,0.0428,0.0411,,,,,,,,,,4963.1841927234045,5013.622939924928,5056.163152215538,5094.997861917036,5130.036429832781,5161.196671712568,5187.56373095863,5209.647551296471,5227.392395247084
2024-02-06,,,,,,,,,,,,,4974.75,5031.75,5080.5,5124.25,5165.5,5202.0,5238.0,5270.0,5309.0,4954.22998046875,0.0532309,0.0532258,0.0521103,0.0490712,0.01466252934143302,,,,,,,,,,0.10410958904109589,0.3726027397260274,0.6219178082191781,0.8712328767123287,1.1205479452054794,1.36986301369863,1.6191780821917807,1.8684931506849316,2.117808219178082,,,,,,,,,,0.0532,0.0528,0.0514,0.0499,0.0483,0.0468,0.0453,0.044,0.0427,,,,,,,,,,4974.146874581957,5025.132788812511,5068.725677796422,5108.683792103369,5144.530707464782,5177.206813197436,5206.195059919857,5233.386674221804,5257.311313749164
2024-02-07,,,,,,,,,,,,,5015.25,5072.75,5122.0,5166.5,5208.75,5243.0,5279.0,5315.5,5354.5,4995.06005859375,0.0532111,0.0531426,0.0519344,0.0487334,0.01456107544635134,,,,,,,,,,0.10136986301369863,0.3698630136986301,0.6191780821917808,0.8684931506849315,1.1178082191780823,1.367123287671233,1.6164383561643836,1.8657534246575342,2.115068493150685,,,,,,,,,,0.0532,0.0527,0.0512,0.0496,0.048,0.0464,0.0448,0.0433,0.042,,,,,,,,,,5014.663188092619,5066.020576947729,5109.673228982882,5149.401538223213,5185.300213947039,5217.285100887173,5245.28088471947,5270.204586026581,5293.526402872862
2024-02-08,,,,,,,,,,,,,5017.75,5075.5,5125.25,5170.5,5213.0,5252.0,5288.0,5324.5,5363.5,4997.91015625,0.05318,0.05301350000000001,0.0517233,0.04846300000000001,0.01451248253633701,,,,,,,,,,0.09863013698630137,0.36712328767123287,0.6164383561643836,0.8657534246575342,1.115068493150685,1.3643835616438356,1.6136986301369862,1.8630136986301369,2.1123287671232878,,,,,,,,,,0.0532,0.0525,0.051,0.0493,0.0477,0.0461,0.0445,0.0429,0.0414,,,,,,,,,,5017.0173887303845,5068.099821089746,5111.5984401659725,5150.723904048172,5186.329447400469,5218.01648461078,5245.710380103943,5269.345652407892,5289.983532549927
2024-02-09,,,,,,,,,,,,,5044.0,5102.25,5152.5,5198.25,5241.75,5280.0,5316.0,5352.5,5391.5,5026.60986328125,0.0532072,0.0530905,0.0518866,0.0488025,0.01435885747378445,,,,,,,,,,0.0958904109589041,0.3643835616438356,0.6136986301369863,0.863013698630137,1.1123287671232878,1.3616438356164384,1.610958904109589,1.8602739726027397,2.1095890410958904,,,,,,,,,,0.0532,0.0527,0.0512,0.0497,0.0481,0.0466,0.045,0.0436,0.0421,,,,,,,,,,5045.366344639324,5097.328890217912,5141.5527852417445,5182.2828486637145,5218.849717122862,5252.198371645014,5280.957335498868,5307.61355631851,5329.557338018461
2024-02-12,,,,,,,,,,,,,5041.25,5099.75,5150.25,5196.25,5239.5,5278.0,5314.0,5350.5,5389.5,5021.83984375,0.053204,0.0530653,0.0519099,0.0489862,0.01448970397711327,,,,,,,,,,0.08767123287671233,0.3561643835616438,0.6054794520547945,0.8547945205479452,1.104109589041096,1.3534246575342466,1.6027397260273972,1.8520547945205479,2.1013698630136988,,,,,,,,,,0.0532,0.0527,0.0513,0.0498,0.0484,0.0469,0.0455,0.0441,0.0427,,,,,,,,,,5038.911813110972,5090.6499594840625,5135.022613472154,5175.724952896101,5213.425119326807,5247.025072260389,5277.739086236911,5304.928319045088,5328.53656699548
2024-02-13,,,,,,,,,,,,,4971.25,5029.25,5081.0,5129.0,5174.0,5212.5,5257.0,5293.5,5332.5,4953.169921875,0.0531764,0.0530699,0.0519615,0.049,0.01460274055732093,,,,,,,,,,0.08493150684931507,0.35342465753424657,0.6027397260273972,0.852054794520548,1.1013698630136985,1.3506849315068492,1.6,1.8493150684931507,2.0986301369863014,,,,,,,,,,0.0532,0.0527,0.0514,0.0499,0.0484,0.0469,0.0455,0.0442,0.043,,,,,,,,,,4969.4336668406595,5020.312941719716,5064.254447630766,5104.400235522122,5141.017632664772,5174.026375936812,5204.18638113761,5231.836782958414,5257.329006571162
2024-02-14,,,,,,,,,,,,,5018.0,5076.5,5128.25,5175.5,5221.25,5259.75,5304.25,5340.75,5379.75,5000.6201171875,0.0532135,0.0532568,0.0525695,0.0501897,0.01429275768564112,,,,,,,,,,0.0821917808219178,0.3506849315068493,0.6,0.8493150684931506,1.0986301369863014,1.347945205479452,1.5972602739726027,1.8465753424657534,2.095890410958904,,,,,,,,,,0.0532,0.0531,0.0521,0.051,0.0497,0.0485,0.0474,0.0468,0.0466,,,,,,,,,,5016.636974043869,5069.139317317449,5115.352303493072,5158.975133366423,5198.974484690545,5236.594677930964,5272.174052209918,5309.98494636641,5350.951350124317
2024-02-15,,,,,,,,,,,,,5046.5,5105.5,5157.75,5205.75,5251.25,5288.75,5333.25,5369.75,5408.75,5029.72998046875,0.0531979,0.0531909,0.0524355,0.0500468,0.01398655830902661,,,,,,,,,,0.07945205479452055,0.34794520547945207,0.5972602739726027,0.8465753424657534,1.095890410958904,1.3452054794520547,1.5945205479452054,1.8438356164383563,2.0931506849315067,,,,,,,,,,0.0532,0.053,0.052,0.0508,0.0496,0.0483,0.0473,0.0465,0.0461,,,,,,,,,,5045.424986338331,5098.471764681305,5145.230759290914,5188.951495928012,5229.913454827328,5267.337046828314,5304.127378526044,5340.481100594414,5379.441580423948
2024-02-16,,,,,,,,,,,,,5019.75,5078.75,5131.25,5179.75,5226.0,5268.0,5312.5,5349.0,5388.0,5005.56982421875,0.0531585,0.0531402,0.0523116,0.049779,0.01391074709860005,,,,,,,,,,0.07671232876712329,0.3452054794520548,0.5945205479452055,0.8438356164383561,1.093150684931507,1.3424657534246576,1.5917808219178082,1.841095890410959,2.0904109589041098,,,,,,,,,,0.0532,0.0529,0.0519,0.0506,0.0493,0.048,0.0468,0.0459,0.0454,,,,,,,,,,5020.679220126069,5073.396736471322,5119.908914366507,5162.964632128661,5203.00864229227,5239.965486992098,5274.604705958081,5309.228534709655,5346.150325835597
2024-02-20,,,,,,,,,,,,,4991.5,5050.0,5101.75,5149.5,5194.75,5241.0,5285.5,5322.0,5352.0,4975.509765625,0.0532028,0.0532574,0.0526641,0.0504949,0.01412968020439092,,,,,,,,,,0.06575342465753424,0.33424657534246577,0.5835616438356165,0.8328767123287671,1.082191780821918,1.3315068493150686,1.5808219178082192,1.83013698630137,2.0794520547945203,,,,,,,,,,0.0532,0.0531,0.0524,0.0513,0.0501,0.049,0.0481,0.0475,0.0474,,,,,,,,,,4988.308319428805,5040.743175883779,5087.8783753872585,5131.952158732506,5173.0094367429365,5211.969985203382,5250.004096565638,5288.846067124252,5331.922491197704
2024-02-21,,,,,,,,,,,,,4996.25,5055.0,5107.0,5152.75,5200.0,5240.5,5285.0,5321.5,5351.5,4981.7998046875,0.0532103,0.0532193,0.05243490000000001,0.0499891,0.01407392733503128,,,,,,,,,,0.06301369863013699,0.3315068493150685,0.5808219178082191,0.8301369863013699,1.0794520547945206,1.3287671232876712,1.5780821917808219,1.8273972602739725,2.0767123287671234,,,,,,,,,,0.0532,0.0531,0.0521,0.0509,0.0496,0.0483,0.0472,0.0463,0.0458,,,,,,,,,,4994.097478850351,5046.67011534691,5093.053786734877,5136.448653819571,5176.555762705686,5213.595393208388,5249.153878762577,5283.987754587095,5321.084620222793
2024-02-22,,,,,,,,,,,,,5097.75,5158.75,5213.0,5262.75,5311.0,5357.0,5402.5,5439.0,5484.0,5087.02978515625,0.05320929999999999,0.0532383,0.0525273,0.0502505,0.01476694728256723,,,,,,,,,,0.06027397260273973,0.3287671232876712,0.5780821917808219,0.8273972602739726,1.0767123287671232,1.326027397260274,1.5753424657534247,1.8246575342465754,2.073972602739726,,,,,,,,,,0.0532,0.0531,0.0522,0.0511,0.0499,0.0487,0.0477,0.0469,0.0465,,,,,,,,,,5098.827614232297,5151.545508762493,5198.30963285171,5242.277227091433,5283.148949950431,5321.154433288072,5357.915271001163,5394.208821946593,5433.087664025564
2024-02-23,,,,,,,,,,,,,5101.5,5162.5,5217.0,5267.25,5315.75,5361.75,5404.25,5442.75,5487.75,5088.7998046875,0.05324130000000001,0.0533057,0.0527351,0.0507243,0.0148062067974716,,,,,,,,,,0.057534246575342465,0.32602739726027397,0.5753424657534246,0.8246575342465754,1.073972602739726,1.3232876712328767,1.5726027397260274,1.821917808219178,2.0712328767123287,,,,,,,,,,0.0532,0.0532,0.0525,0.0515,0.0504,0.0494,0.0485,0.0479,0.0477,,,,,,,,,,5100.053174082829,5152.898832784535,5200.36516898396,5245.139409640727,5287.094053792949,5327.1668448538,5365.711357209694,5405.06339068541,5447.58675804334
2024-02-26,,,,,,,,,,,,,5080.25,5141.25,5195.75,5246.25,5295.0,5340.0,5382.5,5421.0,5466.0,5069.52978515625,0.0532852,0.0533781,0.0527896,0.0507098,0.01497164057987869,,,,,,,,,,0.049315068493150684,0.3178082191780822,0.5671232876712329,0.8164383561643835,1.0657534246575342,1.3150684931506849,1.5643835616438355,1.8136986301369864,2.063013698630137,,,,,,,,,,0.0532,0.0533,0.0525,0.0515,0.0504,0.0493,0.0484,0.0478,0.0475,,,,,,,,,,5079.096050390228,5131.659706591397,5178.58200885321,5222.99620299067,5264.604184560644,5303.633823251805,5341.694072627164,5380.540421742091,5421.402359146551
2024-02-27,,,,,,,,,,,,,5090.0,5151.0,5205.5,5256.5,5305.5,5350.0,5392.5,5431.0,5476.0,5078.18017578125,0.05326260000000001,0.0534316,0.0529249,0.0509384,0.01497557571506845,,,,,,,,,,0.04657534246575343,0.3150684931506849,0.5643835616438356,0.8136986301369863,1.063013698630137,1.3123287671232877,1.5616438356164384,1.810958904109589,2.0602739726027397,,,,,,,,,,0.0532,0.0534,0.0527,0.0517,0.0507,0.0496,0.0488,0.0482,0.0481,,,,,,,,,,5087.228991914434,5140.031920980546,5187.459141739127,5232.219559595384,5274.735398521138,5314.248408694592,5353.6291031220035,5393.103627130743,5436.841869022562
2024-02-28,,,,,,,,,,,,,5081.0,5142.0,5196.25,5246.75,5295.5,5340.0,5382.5,5421.0,5466.0,5069.759765625,0.0532559,0.05341249999999999,0.0528687,0.0509332,0.01493486293830245,,,,,,,,,,0.043835616438356165,0.31232876712328766,0.5616438356164384,0.810958904109589,1.0602739726027397,1.3095890410958904,1.558904109589041,1.8082191780821917,2.0575342465753423,,,,,,,,,,0.0532,0.0534,0.0527,0.0517,0.0507,0.0497,0.0488,0.0482,0.0478,,,,,,,,,,5078.270794430262,5131.0340178752795,5178.4407083769165,5223.190636614088,5265.700983174375,5305.910964831721,5344.595878945075,5384.067297344216,5424.439510202678
2024-02-29,,,,,,,,,,,,,5103.75,5165.25,5220.25,5270.5,5318.75,5363.0,5405.5,5444.0,5489.0,5096.27001953125,0.05322440000000001,0.0533352,0.05274930000000001,0.05071850000000001,0.01464392280231397,,,,,,,,,,0.0410958904109589,0.3095890410958904,0.5589041095890411,0.8082191780821918,1.0575342465753426,1.3068493150684932,1.5561643835616439,1.8054794520547945,2.0547945205479454,,,,,,,,,,0.0532,0.0533,0.0525,0.0515,0.0505,0.0494,0.0485,0.0478,0.0475,,,,,,,,,,5104.351441440057,5157.626026801833,5205.245257477445,5250.360242404914,5293.226228389641,5333.084941992034,5371.969091059431,5410.662368792427,5452.211961461815
2024-03-01,,,,,,,,,,,,,5146.0,5208.0,5262.5,5312.25,5360.0,5405.0,5447.5,5476.0,5521.0,5137.080078125,0.05322619999999999,0.0533112,0.0526731,0.0505654,0.01451854108345681,,,,,,,,,,0.038356164383561646,0.30684931506849317,0.5561643835616439,0.8054794520547945,1.0547945205479452,1.3041095890410959,1.5534246575342465,1.8027397260273972,2.052054794520548,,,,,,,,,,0.0532,0.0532,0.0525,0.0514,0.0503,0.0492,0.0483,0.0475,0.0471,,,,,,,,,,5144.707478919896,5198.417326844098,5246.749670784424,5291.97804316763,5334.669463842418,5374.756458811972,5413.857071853857,5451.77817484876,5492.28169706761
2024-03-04,,,,,,,,,,,,,5138.25,5200.75,5255.75,5306.75,5355.25,5400.0,5442.5,5481.0,5526.0,5130.9501953125,0.0532126,0.0532376,0.0524547,0.0501539,0.01464582091088752,,,,,,,,,,0.030136986301369864,0.29863013698630136,0.547945205479452,0.7972602739726027,1.0465753424657533,1.295890410958904,1.5452054794520549,1.7945205479452055,2.043835616438356,,,,,,,,,,0.0532,0.0532,0.0522,0.0511,0.0499,0.0488,0.0477,0.0467,0.0459,,,,,,,,,,5136.915345869235,5190.366467906145,5237.626814075059,5282.261572288356,5323.798327023224,5363.147047236887,5399.824018843041,5434.745798703691,5469.401905921836
2024-03-05,,,,,,,,,,,,,5085.75,5147.25,5201.5,5251.0,5298.75,5344.0,5386.5,5425.0,5460.0,5078.64990234375,0.0532088,0.0532639,0.05252449999999999,0.0503557,0.01481433493868795,,,,,,,,,,0.0273972602739726,0.2958904109589041,0.5452054794520548,0.7945205479452054,1.0438356164383562,1.2931506849315069,1.5424657534246575,1.7917808219178082,2.041095890410959,,,,,,,,,,0.0532,0.0532,0.0523,0.0513,0.0502,0.0491,0.048,0.0471,0.0463,,,,,,,,,,5083.99373520477,5136.6617794329795,5183.512156483635,5228.027571747597,5269.746592672111,5308.885840041443,5345.383070621302,5381.107965387929,5415.74645571277
2024-03-06,,,,,,,,,,,,,5111.75,5173.75,5228.5,5278.75,5326.75,5371.0,5413.5,5452.0,5487.0,5104.759765625,0.0531983,0.0532454,0.0524582,0.0501413,0.01469472816302873,,,,,,,,,,0.024657534246575342,0.29315068493150687,0.5424657534246575,0.7917808219178082,1.0410958904109588,1.2904109589041095,1.5397260273972602,1.789041095890411,2.0383561643835617,,,,,,,,,,0.0531,0.0532,0.0523,0.0511,0.0499,0.0488,0.0477,0.0467,0.0459,,,,,,,,,,5109.596157102843,5162.707951707628,5209.96409395178,5254.045692448853,5295.330824157651,5334.436246444788,5370.883756872683,5405.582081609021,5440.009733301062
2024-03-07,,,,,,,,,,,,,5161.75,5224.75,5280.0,5330.25,5378.25,5422.5,5465.0,5503.5,5538.5,5157.35986328125,0.0531771,0.0532122,0.0523565,0.0499749,0.0145342930972865,,,,,,,,,,0.021917808219178082,0.29041095890410956,0.5397260273972603,0.7890410958904109,1.0383561643835617,1.2876712328767124,1.536986301369863,1.7863013698630137,2.0356164383561643,,,,,,,,,,0.0531,0.0531,0.0522,0.051,0.0498,0.0486,0.0474,0.0463,0.0453,,,,,,,,,,5161.721097562305,5215.446473281991,5263.27763128247,5307.907742548287,5349.714303700845,5388.624863242292,5424.571637313834,5458.466665957291,5490.679250203393
2024-03-08,,,,,,,,,,,,,5129.0,5192.5,5247.25,5297.25,5344.25,5388.5,5431.0,5469.5,5504.5,5123.68994140625,0.053187,0.0532084,0.0522984,0.04986939999999999,0.01460090337192179,,,,,,,,,,0.019178082191780823,0.2876712328767123,0.536986301369863,0.7863013698630137,1.0356164383561643,1.284931506849315,1.5342465753424657,1.7835616438356163,2.032876712328767,,,,,,,,,,0.0531,0.0531,0.0521,0.0509,0.0497,0.0485,0.0473,0.0461,0.045,,,,,,,,,,5127.4743576100645,5180.7506233217755,5227.908911257451,5272.0374490576,5313.358241789964,5351.799655076616,5387.294701087996,5419.781232990642,5450.309994431879
2024-03-11,,,,,,,,,,,,,5123.0,5185.75,5240.5,5291.5,5339.5,5382.5,5425.0,5463.5,5498.5,5117.93994140625,0.0532069,0.0531498,0.0520921,0.0494214,0.01478424647995966,,,,,,,,,,0.010958904109589041,0.27945205479452057,0.5287671232876713,0.7780821917808219,1.0273972602739727,1.2767123287671234,1.526027397260274,1.7753424657534247,2.0246575342465754,,,,,,,,,,0.0532,0.0531,0.0519,0.0506,0.0493,0.0479,0.0466,0.0453,0.0439,,,,,,,,,,5120.095019881831,5173.034286351813,5219.374635598093,5262.57053839866,5302.685516705548,5338.96222226743,5372.555685672403,5402.85715265981,5428.709435193237
2024-03-12,,,,,,,,,,,,,5177.25,5241.25,5297.25,5349.25,5399.0,5442.0,5484.5,5528.0,5568.0,5175.27001953125,0.05325440000000001,0.0532516,0.05233259999999999,0.0498235,0.01463171090291761,,,,,,,,,,0.00821917808219178,0.27671232876712326,0.5260273972602739,0.7753424657534247,1.0246575342465754,1.273972602739726,1.5232876712328767,1.7726027397260273,2.021917808219178,,,,,,,,,,0.0532,0.0532,0.0522,0.051,0.0497,0.0484,0.0472,0.046,0.045,,,,,,,,,,5176.910838301525,5230.797941784331,5278.560694458408,5323.2786143386165,5364.614410014621,5402.767869233481,5438.49511177174,5471.18391398264,5503.001661522913
2024-03-13,,,,,,,,,,,,,5168.0,5232.5,5289.0,5341.0,5392.0,5437.75,5480.75,5520.75,5560.75,5165.31005859375,0.0532533,0.0532927,0.0525075,0.0501058,0.01454284321253156,,,,,,,,,,0.005479452054794521,0.273972602739726,0.5232876712328767,0.7726027397260274,1.021917808219178,1.2712328767123289,1.5205479452054795,1.7698630136986302,2.0191780821917806,,,,,,,,,,0.0532,0.0533,0.0524,0.0512,0.05,0.0488,0.0476,0.0466,0.0459,,,,,,,,,,5166.404290648514,5220.449611179107,5268.656070205519,5313.690223565988,5355.9036121291465,5395.2231242051885,5431.580302122784,5466.846312133711,5502.930756752275
2024-03-14,,,,,,,,,,,,,5153.75,5218.0,5274.0,5326.5,5377.0,5422.75,5465.75,5505.75,5545.75,5150.47998046875,0.0532667,0.0532954,0.0525677,0.0503369,0.01431186690663662,,,,,,,,,,0.0027397260273972603,0.27123287671232876,0.5205479452054794,0.7698630136986301,1.0191780821917809,1.2684931506849315,1.5178082191780822,1.7671232876712328,2.0164383561643837,,,,,,,,,,0.0532,0.0533,0.0525,0.0514,0.0502,0.0491,0.048,0.0471,0.0465,,,,,,,,,,5151.028756417302,5205.234604284085,5253.889527265498,5299.660131339346,5342.353622164929,5382.852396928684,5420.684157040401,5457.717073816579,5495.861182062381
2024-03-15,,,,,,,,,,,,,5101.6699,5182.75,5239.25,5292.0,5343.5,5390.0,5434.5,5478.5,5519.5,5117.08984375,0.0532632,0.0532968,0.0526556,0.0505951,0.01441907595837434,,,,,,,,,,0.0,0.2684931506849315,0.5178082191780822,0.7671232876712328,1.0164383561643835,1.2657534246575342,1.515068493150685,1.7643835616438357,2.0136986301369864,,,,,,,,,,0.0532,0.0533,0.0526,0.0516,0.0505,0.0495,0.0485,0.0477,0.0472,,,,,,,,,,5117.08984375,5170.788282638634,5219.263415774227,5265.14265535748,5308.237836722074,5349.428256803322,5388.250888626009,5426.564271605117,5466.271677311845
2024-03-18,,,,,,,,,,,,,,5214.75,5272.5,5326.25,5377.5,5424.0,5468.5,5512.5,5553.5,5149.419921875,0.0532875,0.0533251,0.0527514,0.0507859,0.01446927233284294,,,,,,,,,,,0.2602739726027397,0.5095890410958904,0.7589041095890411,1.0082191780821919,1.2575342465753425,1.5068493150684932,1.7561643835616438,2.0054794520547947,,,,,,,,,,,0.0533,0.0527,0.0518,0.0508,0.0497,0.0488,0.0481,0.0478,,,,,,,,,,,5201.72707135544,5250.724313979671,5297.391419753332,5341.536833970335,5382.6882191934155,5422.816366309001,5462.710842930003,5505.393021959723
2024-03-19,,,,,,,,,,,,,,5241.75,5299.25,5353.25,5405.0,5451.0,5495.5,5539.5,5580.5,5178.509765625,0.0532864,0.05333,0.05279569999999999,0.0509686,0.01444099109404141,,,,,,,,,,,0.25753424657534246,0.5068493150684932,0.7561643835616438,1.0054794520547945,1.2547945205479452,1.5041095890410958,1.7534246575342465,2.0027397260273974,,,,,,,,,,,0.0533,0.0528,0.0519,0.0509,0.05,0.0491,0.0485,0.0482,,,,,,,,,,,5230.594017128728,5280.1766956189995,5327.2890790444835,5371.8701629244,5414.803406174025,5455.630924711187,5497.190980065409,5540.738710381657
2024-03-20,,,,,,,,,,,,,,5286.75,5344.0,5397.5,5448.5,5495.0,5539.5,5583.5,5624.5,5224.6201171875,0.0532882,0.0532852,0.05271600000000001,0.050796,0.0142002087615079,,,,,,,,,,,0.2547945205479452,0.5041095890410959,0.7534246575342466,1.0027397260273974,1.252054794520548,1.5013698630136987,1.7506849315068493,2.0,,,,,,,,,,,0.0533,0.0527,0.0518,0.0508,0.0498,0.0489,0.0482,0.0479,,,,,,,,,,,5276.930072307626,5327.010528121642,5374.742684413144,5419.925960871271,5462.764496532552,5504.023174919006,5545.046532485193,5588.895445054881
2024-03-21,,,,,,,,,,,,,,5302.5,5360.5,5414.75,5466.25,5512.5,5557.0,5601.0,5642.0,5241.52978515625,0.0532941,0.0531996,0.0524578,0.0503684,0.01417197488365296,,,,,,,,,,,0.25205479452054796,0.5013698630136987,0.7506849315068493,1.0,1.2493150684931507,1.4986301369863013,1.747945205479452,1.9972602739726026,,,,,,,,,,,0.0532,0.0525,0.0514,0.0504,0.0493,0.0483,0.0474,0.0467,,,,,,,,,,,5293.346212866113,5343.227740527273,5390.078328164883,5434.901649135071,5476.681602548155,5516.5832181044625,5554.976355503106,5593.360849482695
2024-03-22,,,,,,,,,,,,,,5293.25,5350.5,5404.0,5456.25,5502.5,5547.0,5591.0,5632.0,5234.18017578125,0.0532871,0.0531248,0.05229,0.0500378,0.01417547931647925,,,,,,,,,,,0.2493150684931507,0.4986301369863014,0.7479452054794521,0.9972602739726028,1.2465753424657535,1.4958904109589042,1.7452054794520548,1.9945205479452055,,,,,,,,,,,0.0531,0.0523,0.0512,0.0501,0.0489,0.0478,0.0468,0.046,,,,,,,,,,,5285.222386071206,5334.6339133410975,5381.152337440791,5425.099959454313,5465.726003833924,5504.185625838214,5540.84335814203,5577.189011345769
2024-03-25,,,,,,,,,,,,,,5278.25,5335.5,5389.75,5441.75,5489.25,5533.25,5576.75,5620.25,5218.18994140625,0.0533217,0.0530755,0.052216,0.0499292,0.01439071375725753,,,,,,,,,,,0.2410958904109589,0.4904109589041096,0.7397260273972602,0.989041095890411,1.2383561643835617,1.4876712328767123,1.736986301369863,1.9863013698630136,,,,,,,,,,,0.0531,0.0523,0.0512,0.05,0.0488,0.0477,0.0467,0.046,,,,,,,,,,,5267.11743736467,5316.109382121151,5362.22700245472,5405.244223089699,5445.347307263464,5483.282150105305,5519.412231683247,5556.320762215243
2024-03-26,,,,,,,,,,,,,,5265.25,5322.5,5376.75,5428.25,5476.5,5520.5,5564.0,5607.5,5203.580078125,0.0533016,0.0530942,0.0522513,0.050099,0.01447806371948192,,,,,,,,,,,0.23835616438356164,0.4876712328767123,0.736986301369863,0.9863013698630136,1.2356164383561643,1.484931506849315,1.7342465753424658,1.9835616438356165,,,,,,,,,,,0.0531,0.0523,0.0513,0.0502,0.0491,0.048,0.047,0.0462,,,,,,,,,,,5251.704244106111,5300.4490084987065,5346.724486458265,5390.183667515828,5431.016400568534,5469.157838971295,5505.501812989537,5541.522493544305
2024-03-27,,,,,,,,,,,,,,5308.25,5366.0,5419.5,5472.5,5519.75,5563.75,5605.75,5646.75,5248.490234375,0.05327340000000001,0.05301910000000001,0.05224039999999999,0.0501214,0.01424729474081557,,,,,,,,,,,0.2356164383561644,0.4849315068493151,0.7342465753424657,0.9835616438356164,1.2328767123287672,1.4821917808219178,1.7315068493150685,1.9808219178082191,,,,,,,,,,,0.053,0.0523,0.0513,0.0502,0.0491,0.0481,0.0472,0.0466,,,,,,,,,,,5296.632468057641,5346.239499886403,5393.239812788556,5437.406292626684,5478.92848286471,5518.558375577168,5556.666042133308,5595.850878188934
2024-03-28,,,,,,,,,,,,,,5308.5,5367.0,5421.75,5475.0,5523.25,5568.75,5612.25,5655.75,5254.35009765625,0.0532874,0.0529823,0.0521781,0.0499982,0.01422549130173642,,,,,,,,,,,0.2328767123287671,0.4821917808219178,0.7315068493150685,0.9808219178082191,1.2301369863013698,1.4794520547945205,1.7287671232876711,1.978082191780822,,,,,,,,,,,0.053,0.0522,0.0512,0.0501,0.0489,0.0479,0.047,0.0464,,,,,,,,,,,5302.010051451337,5351.448754681886,5398.404407986563,5442.523478110564,5483.319792973276,5522.751214948628,5560.654497217909,5599.627883887326
2024-04-01,,,,,,,,,,,,,,5295.25,5353.75,5409.5,5463.5,5512.75,5561.5,5605.0,5648.5,5243.77001953125,0.0532412,0.0530211,0.0523164,0.0502696,0.01446198859272288,,,,,,,,,,,0.2219178082191781,0.4712328767123288,0.7205479452054795,0.9698630136986301,1.2191780821917808,1.4684931506849315,1.7178082191780821,1.9671232876712328,,,,,,,,,,,0.0531,0.0524,0.0515,0.0504,0.0493,0.0483,0.0476,0.0471,,,,,,,,,,,5288.9258473474065,5338.359239656888,5385.598098963172,5429.763925668527,5471.290155987649,5510.920102643527,5550.929867275766,5591.478270531358
2024-04-02,,,,,,,,,,,,,,5260.5,5318.5,5373.25,5427.25,5476.5,5525.25,5568.75,5612.25,5205.81005859375,0.0532404,0.0530812,0.0525134,0.05072409999999999,0.01459960141706123,,,,,,,,,,,0.2191780821917808,0.4684931506849315,0.7178082191780822,0.9671232876712329,1.2164383561643837,1.4657534246575343,1.715068493150685,1.9643835616438357,,,,,,,,,,,0.0531,0.0526,0.0518,0.0509,0.0499,0.049,0.0484,0.0481,,,,,,,,,,,5249.924861135687,5299.318605383254,5346.692110983108,5391.816179192124,5434.220454415173,5475.030370683487,5516.509478782611,5559.915737914454
2024-04-03,,,,,,,,,,,,,,5266.5,5324.25,5378.75,5432.25,5481.5,5530.25,5573.75,5617.25,5211.490234375,0.0532341,0.0530633,0.05244620000000001,0.0506794,0.01456987632796359,,,,,,,,,,,0.21643835616438356,0.4657534246575342,0.7150684931506849,0.9643835616438357,1.2136986301369863,1.463013698630137,1.7123287671232876,1.9616438356164383,,,,,,,,,,,0.0531,0.0526,0.0517,0.0508,0.0499,0.049,0.0483,0.0479,,,,,,,,,,,5255.13264121753,5304.621961182372,5351.711572936707,5396.796754987047,5439.8199943044165,5480.726093039128,5521.3528369357755,5563.612791985905
2024-04-04,,,,,,,,,,,,,,5197.25,5254.0,5307.25,5358.0,5407.25,5456.0,5499.5,5543.0,5147.2099609375,0.0532152,0.0530184,0.0523892,0.0505943,0.01465136127428772,,,,,,,,,,,0.2136986301369863,0.46301369863013697,0.7123287671232876,0.9616438356164384,1.210958904109589,1.4602739726027398,1.7095890410958905,1.9589041095890412,,,,,,,,,,,0.0531,0.0525,0.0517,0.0507,0.0498,0.0489,0.0482,0.0478,,,,,,,,,,,5189.675826967934,5238.206930410549,5284.85733092179,5328.771713800951,5371.022874194772,5411.180134014989,5451.055162995748,5492.534559281127
2024-04-05,,,,,,,,,,,,,,5253.0,5311.0,5366.0,5418.75,5468.25,5516.0,5559.5,5603.0,5204.33984375,0.0531846,0.0529339,0.0522034,0.0503107,0.01453951685408455,,,,,,,,,,,0.21095890410958903,0.4602739726027397,0.7095890410958904,0.958904109589041,1.2082191780821918,1.4575342465753425,1.7068493150684931,1.9561643835616438,,,,,,,,,,,0.053,0.0523,0.0514,0.0505,0.0495,0.0486,0.0477,0.0471,,,,,,,,,,,5246.737444184566,5295.582754137938,5342.259323284857,5386.929291910128,5428.879662878826,5469.226416510434,5507.4009270343495,5546.60772570298
2024-04-08,,,,,,,,,,,,,,5253.25,5311.5,5367.25,5420.0,5469.5,5517.25,5565.75,5614.25,5202.39013671875,0.0531742,0.0529723,0.0523086,0.0505254,0.01469644952670211,,,,,,,,,,,0.20273972602739726,0.4520547945205479,0.7013698630136986,0.9506849315068493,1.2,1.4493150684931506,1.6986301369863013,1.9479452054794522,,,,,,,,,,,0.053,0.0525,0.0516,0.0507,0.0498,0.0489,0.0481,0.0476,,,,,,,,,,,5242.947357396513,5292.059226542331,5338.801554570717,5383.5402380619935,5426.2181729529075,5466.780574578523,5506.110299813349,5546.751688421774
2024-04-09,,,,,,,,,,,,,,5260.25,5318.25,5373.0,5426.0,5475.5,5523.25,5571.75,5620.25,5209.91015625,0.0532065,0.0530586,0.052493,0.0508765,0.01453071499074244,,,,,,,,,,,0.2,0.44931506849315067,0.6986301369863014,0.947945205479452,1.1972602739726028,1.4465753424657535,1.6958904109589041,1.9452054794520548,,,,,,,,,,,0.0531,0.0526,0.0519,0.0511,0.0502,0.0494,0.0488,0.0483,,,,,,,,,,,5250.254061696159,5299.7927421368195,5347.717957127444,5393.682112950554,5437.2206972765225,5479.444126466195,5521.665650065477,5563.63020275872
2024-04-10,,,,,,,,,,,,,,5207.75,5266.75,5324.25,5381.0,5435.5,5483.25,5531.75,5590.25,5160.64013671875,0.0531895,0.0529892,0.0523137,0.0506156,0.01468941095895269,,,,,,,,,,,0.19726027397260273,0.4465753424657534,0.6958904109589041,0.9452054794520548,1.1945205479452055,1.4438356164383561,1.6931506849315068,1.9424657534246574,,,,,,,,,,,0.0531,0.0525,0.0517,0.0508,0.0499,0.0491,0.0483,0.0476,,,,,,,,,,,5199.890213730113,5248.518813590222,5295.280453219879,5339.823264722287,5382.324808725307,5423.513557923927,5462.83792472626,5501.321419323382
2024-04-11,,,,,,,,,,,,,,5243.25,5302.0,5358.75,5398.0,5471.5,5519.25,5573.25,5631.75,5199.06005859375,0.05320979999999999,0.0532856,0.0530621,0.0520036,0.01459728398425342,,,,,,,,,,,0.19452054794520549,0.4438356164383562,0.6931506849315069,0.9424657534246575,1.1917808219178083,1.441095890410959,1.6904109589041096,1.9397260273972603,,,,,,,,,,,0.0533,0.0531,0.0527,0.0521,0.0516,0.051,0.0507,0.0507,,,,,,,,,,,5238.348750980455,5288.669637690502,5338.201374551326,5386.107087680651,5433.46460125196,5479.0824769926885,5526.232381938877,5576.19826234877
2024-04-12,,,,,,,,,,,,,,5167.5,5225.5,5281.5,5335.75,5384.75,5435.0,5486.0,5535.0,5123.41015625,0.05319289999999999,0.0532766,0.0530337,0.0520904,0.01470217676290139,,,,,,,,,,,0.1917808219178082,0.4410958904109589,0.6904109589041096,0.9397260273972603,1.189041095890411,1.4383561643835616,1.6876712328767123,1.936986301369863,,,,,,,,,,,0.0533,0.0531,0.0527,0.0522,0.0517,0.0512,0.0509,0.0507,,,,,,,,,,,5161.476003338218,5210.9250120986435,5259.596838089694,5307.165793824747,5353.830016801371,5399.558184422093,5446.1573600982565,5493.401001508387
2024-04-15,,,,,,,,,,,,,,5104.0,5161.25,5216.25,5270.75,5319.75,5370.0,5421.0,5470.0,5061.81982421875,0.0531624,0.0531707,0.0528184,0.0517201,0.01505427588787699,,,,,,,,,,,0.18356164383561643,0.4328767123287671,0.6821917808219178,0.9315068493150684,1.180821917808219,1.4301369863013698,1.6794520547945206,1.9287671232876713,,,,,,,,,,,0.0532,0.0529,0.0524,0.0519,0.0513,0.0508,0.0503,0.05,,,,,,,,,,,5097.387530271405,5145.428241519929,5192.436324587666,5238.567651807634,5283.167447193268,5327.314951758069,5370.492252646375,5414.758231117827
2024-04-16,,,,,,,,,,,,,,5092.5,5149.75,5205.0,5259.5,5311.0,5364.0,5415.0,5464.0,5051.41015625,0.0531889,0.0532693,0.0530482,0.0522001,0.01514688426267108,,,,,,,,,,,0.18082191780821918,0.4301369863013699,0.6794520547945205,0.9287671232876712,1.178082191780822,1.4273972602739726,1.6767123287671233,1.926027397260274,,,,,,,,,,,0.0533,0.0531,0.0528,0.0523,0.0519,0.0515,0.0511,0.0509,,,,,,,,,,,5086.379916655378,5134.551418868371,5182.310141025625,5228.759368982,5274.931187805947,5320.449439927648,5365.290251671073,5411.514096235506
2024-04-17,,,,,,,,,,,,,,5062.25,5119.5,5175.0,5229.5,5281.0,5334.0,5385.0,5434.0,5022.2099609375,0.0531882,0.0532656,0.0530154,0.0521009,0.01530890121925127,,,,,,,,,,,0.1780821917808219,0.4273972602739726,0.6767123287671233,0.9260273972602739,1.1753424657534246,1.4246575342465753,1.673972602739726,1.9232876712328768,,,,,,,,,,,0.0533,0.0531,0.0527,0.0522,0.0518,0.0513,0.0509,0.0507,,,,,,,,,,,5056.303113187404,5103.986393427264,5150.908390487582,5196.743795527388,5242.296187713045,5286.44003528564,5330.518923013916,5375.960910322981
2024-04-18,,,,,,,,,,,,,,5049.0,5105.75,5161.0,5215.75,5267.75,5318.75,5367.75,5416.75,5011.1201171875,0.0531544,0.0532456,0.0529978,0.0520367,0.01531756630037178,,,,,,,,,,,0.17534246575342466,0.4246575342465753,0.673972602739726,0.9232876712328767,1.1726027397260275,1.4219178082191781,1.6712328767123288,1.9205479452054794,,,,,,,,,,,0.0532,0.0531,0.0527,0.0522,0.0517,0.0512,0.0508,0.0506,,,,,,,,,,,5044.516772282071,5092.169978022377,5138.977874183042,5184.703017049651,5229.531045615847,5273.431756802981,5317.263951016429,5362.450599171119
2024-04-19,,,,,,,,,,,,,,5003.75,5059.75,5114.0,5168.75,5220.75,5271.75,5320.75,5369.75,4967.22998046875,0.053169,0.053264,0.053029,0.0521451,0.01544586203603796,,,,,,,,,,,0.1726027397260274,0.42191780821917807,0.6712328767123288,0.9205479452054794,1.16986301369863,1.4191780821917808,1.6684931506849314,1.917808219178082,,,,,,,,,,,0.0532,0.0531,0.0528,0.0523,0.0518,0.0514,0.051,0.0508,,,,,,,,,,,4999.704468497568,5046.7743069422695,5093.349464712542,5138.639407496055,5183.0396963839285,5227.262201102352,5270.810640283338,5315.700463834392
2024-04-22,,,,,,,,,,,,,,5047.5,5104.0,5159.0,5213.75,5265.75,5316.75,5365.75,5414.75,5010.60009765625,0.0531571,0.0532294,0.0529803,0.0521604,0.01551150002772604,,,,,,,,,,,0.1643835616438356,0.4136986301369863,0.663013698630137,0.9123287671232877,1.1616438356164382,1.4109589041095891,1.6602739726027398,1.9095890410958904,,,,,,,,,,,0.0532,0.0531,0.0527,0.0523,0.0519,0.0515,0.0511,0.0508,,,,,,,,,,,5041.738977313053,5089.125451685102,5135.679556572582,5181.625938286512,5226.940751477314,5271.6003194002615,5315.581154359024,5359.883397877745
2024-04-23,,,,,,,,,,,,,,5106.5,5163.75,5219.25,5273.0,5325.0,5376.0,5425.0,5474.0,5070.5498046875,0.05316849999999999,0.0532355,0.052977,0.0521061,0.01538809368632036,,,,,,,,,,,0.16164383561643836,0.410958904109589,0.6602739726027397,0.9095890410958904,1.158904109589041,1.4082191780821918,1.6575342465753424,1.906849315068493,,,,,,,,,,,0.0532,0.0531,0.0527,0.0523,0.0518,0.0514,0.051,0.0507,,,,,,,,,,,5101.636221551555,5149.745511197993,5197.019743666909,5243.681982177625,5289.095045473486,5334.322641084876,5378.864050034115,5423.729827485952
2024-04-24,,,,,,,,,,,,,,5107.5,5165.0,5220.5,5274.0,5326.0,5377.0,5426.0,5480.0,5071.6298828125,0.0531816,0.0532445,0.0528965,0.05188259999999999,0.01544685085994927,,,,,,,,,,,0.1589041095890411,0.40821917808219177,0.6575342465753424,0.9068493150684932,1.1561643835616437,1.4054794520547946,1.6547945205479453,1.904109589041096,,,,,,,,,,,0.0532,0.0531,0.0526,0.0521,0.0516,0.0511,0.0506,0.0501,,,,,,,,,,,5102.146698227997,5150.186766896391,5197.052873206589,5243.038124314523,5288.111697914803,5332.243187623489,5375.402637000938,5417.560573299694
2024-04-25,,,,,,,,,,,,,,5082.25,5139.75,5195.5,5251.5,5306.0,5357.0,5406.0,5460.0,5048.419921875,0.0531826,0.0532487,0.0529366,0.0519722,0.01557039271090262,,,,,,,,,,,0.15616438356164383,0.4054794520547945,0.6547945205479452,0.9041095890410958,1.1534246575342466,1.4027397260273973,1.652054794520548,1.9013698630136986,,,,,,,,,,,0.0532,0.0531,0.0526,0.0522,0.0517,0.0512,0.0507,0.0504,,,,,,,,,,,5078.173816384687,5125.831686596626,5172.323935668789,5218.408585651165,5263.246741082478,5307.1468429640645,5350.079088640709,5394.064989963416
2024-04-26,,,,,,,,,,,,,,5131.5,5189.25,5245.5,5301.0,5355.5,5406.5,5455.5,5514.5,5099.9599609375,0.0531573,0.053295,0.0531384,0.05243800000000001,0.0156056316614739,,,,,,,,,,,0.15342465753424658,0.40273972602739727,0.6520547945205479,0.9013698630136986,1.1506849315068493,1.4,1.6493150684931508,1.8986301369863015,,,,,,,,,,,0.0532,0.0532,0.0529,0.0526,0.0522,0.0519,0.0516,0.0514,,,,,,,,,,,5129.4610336181995,5177.764681704922,5225.500906803165,5272.888409083268,5319.297666844526,5365.796377972344,5411.891937921242,5458.603322886285
2024-04-29,,,,,,,,,,,,,,5147.0,5204.5,5260.25,5316.0,5370.5,5421.5,5470.5,5529.5,5116.169921875,0.0531317,0.0532681,0.0530909,0.0523653,0.01565164898106707,,,,,,,,,,,0.14520547945205478,0.39452054794520547,0.6438356164383562,0.8931506849315068,1.1424657534246576,1.3917808219178083,1.641095890410959,1.8904109589041096,,,,,,,,,,,0.0532,0.0532,0.0529,0.0525,0.0521,0.0518,0.0515,0.0513,,,,,,,,,,,5144.140620140122,5192.522931324033,5240.348019272022,5287.350273646921,5333.710179797346,5380.152280354039,5426.187006394786,5472.831534079499
2024-04-30,,,,,,,,,,,,,,5067.0,5124.0,5180.25,5235.75,5290.5,5341.5,5390.5,5449.5,5035.68994140625,0.0531592,0.05328140000000001,0.0531151,0.0523454,0.0159126918875103,,,,,,,,,,,0.14246575342465753,0.3917808219178082,0.6410958904109589,0.8904109589041096,1.1397260273972603,1.389041095890411,1.6383561643835616,1.8876712328767122,,,,,,,,,,,0.0532,0.0532,0.0529,0.0525,0.0521,0.0517,0.0514,0.0513,,,,,,,,,,,5062.511531736949,5109.7935288184935,5156.525278848742,5202.442807541653,5247.72244658188,5292.340505047262,5337.147829007317,5383.561529018389
2024-05-01,,,,,,,,,,,,,,5046.5,5102.75,5158.0,5213.75,5263.5,5314.5,5364.5,5416.75,5018.39013671875,0.0532021,0.0533272,0.05326450000000001,0.05263130000000001,0.01603045884733138,,,,,,,,,,,0.13972602739726028,0.38904109589041097,0.6383561643835617,0.8876712328767123,1.1369863013698631,1.3863013698630138,1.6356164383561644,1.884931506849315,,,,,,,,,,,0.0533,0.0533,0.0531,0.0528,0.0524,0.0521,0.0519,0.052,,,,,,,,,,,5044.591691869041,5091.683770208571,5138.559372615377,5184.889117994392,5230.2593327149825,5275.705669826178,5321.621251873851,5370.437164038494
2024-05-02,,,,,,,,,,,,,,5091.5,5148.0,5202.75,5258.75,5308.5,5359.5,5404.5,5451.75,5064.2001953125,0.0532284,0.05335930000000001,0.05328459999999999,0.05257419999999999,0.01593406971553143,,,,,,,,,,,0.136986301369863,0.3863013698630137,0.6356164383561644,0.8849315068493151,1.1342465753424658,1.3835616438356164,1.632876712328767,1.8821917808219177,,,,,,,,,,,0.0533,0.0534,0.0531,0.0528,0.0523,0.052,0.0518,0.0518,,,,,,,,,,,5090.1883697494,5138.0280463862055,5185.257450218259,5232.13826361737,5277.4559237918775,5323.311940667461,5369.639958439884,5417.870146346087
2024-05-03,,,,,,,,,,,,,,5154.75,5212.0,5267.25,5321.25,5371.0,5422.0,5467.0,5506.25,5127.7900390625,0.0532241,0.0532755,0.05306930000000001,0.05208719999999999,0.01572207381588365,,,,,,,,,,,0.13424657534246576,0.3835616438356164,0.6328767123287671,0.8821917808219178,1.1315068493150684,1.3808219178082193,1.63013698630137,1.8794520547945206,,,,,,,,,,,0.0532,0.0532,0.0529,0.0523,0.0518,0.0513,0.051,0.0509,,,,,,,,,,,5153.654414088034,5202.034867603016,5249.872646260545,5295.956053783665,5341.450233167454,5385.992247587575,5431.32232844186,5478.273521006373
2024-05-06,,,,,,,,,,,,,,5206.5,5264.75,5320.75,5374.5,5424.25,5475.25,5520.25,5569.5,5180.740234375,0.053213,0.053212,0.0528248,0.0513716,0.01621957475328025,,,,,,,,,,,0.12602739726027398,0.37534246575342467,0.6246575342465753,0.873972602739726,1.1232876712328768,1.3726027397260274,1.621917808219178,1.8712328767123287,,,,,,,,,,,0.0532,0.0531,0.0525,0.0518,0.051,0.0502,0.0497,0.0494,,,,,,,,,,,5204.941668554476,5252.9548045860365,5299.491059441947,5344.37317961102,5387.1493708260095,5428.102217089995,5469.845912004119,5512.599282467775
2024-05-07,,,,,,,,,,,,,,5213.75,5272.25,5328.5,5382.0,5431.75,5482.75,5527.75,5577.0,5187.7001953125,0.0531987,0.0532322,0.0528738,0.0514518,0.01618678533181011,,,,,,,,,,,0.1232876712328767,0.3726027397260274,0.6219178082191781,0.8712328767123287,1.1205479452054794,1.36986301369863,1.6191780821917807,1.8684931506849316,,,,,,,,,,,0.0532,0.0531,0.0526,0.0519,0.0511,0.0503,0.0498,0.0495,,,,,,,,,,,5211.427182948394,5259.544581814274,5306.521327484855,5351.650422019072,5394.675278931219,5435.8772099912885,5477.869550112834,5520.87294565401
2024-05-08,,,,,,,,,,,,,,5212.75,5271.25,5327.5,5381.0,5430.75,5481.75,5526.75,5576.0,5187.669921875,0.05320859999999999,0.0532557,0.052935,0.0514913,0.0162043639743635,,,,,,,,,,,0.12054794520547946,0.3698630136986301,0.6191780821917808,0.8684931506849315,1.1178082191780823,1.367123287671233,1.6164383561643836,1.8657534246575342,,,,,,,,,,,0.0532,0.0532,0.0527,0.0519,0.0511,0.0504,0.0498,0.0497,,,,,,,,,,,5210.857288410979,5259.1423308255835,5306.2317883957,5351.0138971691,5394.021819258572,5435.949962409802,5477.1775119779395,5522.216053373291
2024-05-09,,,,,,,,,,,,,,5239.0,5298.0,5353.5,5407.25,5456.75,5507.75,5552.75,5602.0,5214.080078125,0.0532085,0.0532353,0.0528979,0.0514959,0.01590767624106085,,,,,,,,,,,0.1178082191780822,0.36712328767123287,0.6164383561643836,0.8657534246575342,1.115068493150685,1.3643835616438356,1.6136986301369862,1.8630136986301369,,,,,,,,,,,0.0532,0.0531,0.0526,0.0519,0.0511,0.0504,0.0499,0.0497,,,,,,,,,,,5237.037709873074,5285.762271069067,5333.358911281031,5379.111174041866,5422.7579077650935,5465.32414747749,5508.0796413102335,5552.888460760904
2024-05-10,,,,,,,,,,,,,,5246.25,5305.5,5362.5,5419.75,5471.75,5522.75,5567.75,5622.0,5222.68017578125,0.0531987,0.0532198,0.0528431,0.0513893,0.01569619948984366,,,,,,,,,,,0.11506849315068493,0.3643835616438356,0.6136986301369863,0.863013698630137,1.1123287671232878,1.3616438356164384,1.610958904109589,1.8602739726027397,,,,,,,,,,,0.0532,0.0531,0.0526,0.0518,0.051,0.0503,0.0497,0.0494,,,,,,,,,,,5245.267384996475,5294.349097910484,5342.312040118985,5387.970525718851,5431.852014799936,5474.652292229667,5516.7528697482785,5560.616684723572
2024-05-13,,,,,,,,,,,,,,5245.5,5305.0,5362.25,5418.5,5470.5,5521.5,5566.5,5620.75,5221.419921875,0.0531677,0.0532238,0.0528854,0.0515198,0.01589609252847445,,,,,,,,,,,0.10684931506849316,0.3561643835616438,0.6054794520547945,0.8547945205479452,1.104109589041096,1.3534246575342466,1.6027397260273972,1.8520547945205479,,,,,,,,,,,0.0532,0.0531,0.0526,0.052,0.0512,0.0505,0.05,0.0497,,,,,,,,,,,5242.27349617283,5291.067849248346,5338.756936110878,5385.072656302345,5428.966386105665,5471.775553497644,5514.765149838295,5558.765601505666
2024-05-14,,,,,,,,,,,,,,5269.5,5329.25,5387.0,5443.0,5495.0,5546.0,5591.0,5645.25,5246.68017578125,0.0531964,0.05326699999999999,0.0529355,0.0515822,0.015619236091789,,,,,,,,,,,0.10410958904109589,0.35342465753424657,0.6027397260273972,0.852054794520548,1.1013698630136985,1.3506849315068492,1.6,1.8493150684931507,,,,,,,,,,,0.0532,0.0532,0.0527,0.052,0.0513,0.0506,0.05,0.0498,,,,,,,,,,,5267.248115791979,5316.831258161215,5365.263977979432,5411.865909214105,5456.967579901183,5500.524876746125,5543.381820160305,5589.034375685089
2024-05-15,,,,,,,,,,,,,,5333.0,5394.0,5452.0,5508.0,5557.0,5608.0,5653.0,5702.25,5308.14990234375,0.0532055,0.05329329999999999,0.0529573,0.051564,0.01519886115079588,,,,,,,,,,,0.10136986301369863,0.3506849315068493,0.6,0.8493150684931506,1.0986301369863014,1.347945205479452,1.5972602739726027,1.8465753424657534,,,,,,,,,,,0.0532,0.0532,0.0527,0.052,0.0513,0.0505,0.05,0.0497,,,,,,,,,,,5328.637234435238,5379.362020969088,5428.940744367223,5476.680222999108,5522.911439983949,5566.838829683214,5611.566047762057,5657.331469347346
2024-05-16,,,,,,,,,,,,,,5320.25,5381.5,5439.75,5496.75,5548.75,5599.75,5644.75,5694.0,5297.10009765625,0.0532008,0.0532574,0.0527808,0.0510614,0.01494616768999803,,,,,,,,,,,0.09863013698630137,0.34794520547945207,0.5972602739726027,0.8465753424657534,1.095890410958904,1.3452054794520547,1.5945205479452054,1.8438356164383563,,,,,,,,,,,0.0532,0.0531,0.0525,0.0516,0.0507,0.0498,0.0491,0.0486,,,,,,,,,,,5317.123704790045,5367.890294145941,5417.253385716132,5464.047142516519,5508.7723889277295,5551.371895739429,5593.5743802568095,5636.208874238455
2024-05-17,,,,,,,,,,,,,,5327.25,5388.5,5447.0,5505.75,5557.75,5608.75,5656.75,5706.0,5303.27001953125,0.0531976,0.053258,0.05283210000000001,0.0512252,0.01492773486249107,,,,,,,,,,,0.0958904109589041,0.3452054794520548,0.5945205479452055,0.8438356164383561,1.093150684931507,1.3424657534246576,1.5917808219178082,1.841095890410959,,,,,,,,,,,0.0532,0.0532,0.0526,0.0518,0.0509,0.0501,0.0494,0.049,,,,,,,,,,,5322.768476679705,5373.800631316425,5423.387123670644,5470.87050634641,5515.9655883260175,5559.683468610532,5602.40464043172,5646.601853945174
2024-05-20,,,,,,,,,,,,,,5331.75,5393.5,5452.5,5512.25,5565.25,5616.25,5664.25,5716.0,5308.1298828125,0.0532059,0.0532672,0.05287790000000001,0.0513941,0.01499236629981017,,,,,,,,,,,0.08767123287671233,0.336986301369863,0.5863013698630137,0.8356164383561644,1.084931506849315,1.3342465753424657,1.5835616438356164,1.832876712328767,,,,,,,,,,,0.0532,0.0532,0.0527,0.0519,0.0511,0.0503,0.0497,0.0494,,,,,,,,,,,5325.940393802504,5376.916317131677,5426.789043793541,5474.386479296829,5520.198914448978,5564.174716313749,5608.039890802223,5653.66798815899
2024-05-21,,,,,,,,,,,,,,5345.25,5407.5,5467.0,5526.5,5579.5,5630.5,5678.5,5730.25,5321.41015625,0.05322250000000001,0.0532946,0.0529466,0.0515806,0.01501163697576778,,,,,,,,,,,0.08493150684931507,0.33424657534246577,0.5835616438356165,0.8328767123287671,1.082191780821918,1.3315068493150686,1.5808219178082192,1.83013698630137,,,,,,,,,,,0.0532,0.0532,0.0528,0.0521,0.0513,0.0506,0.0501,0.0497,,,,,,,,,,,5338.69761236331,5389.7697432110745,5440.060458157972,5488.353870138037,5534.54469433719,5579.641261743896,5624.920352994062,5670.190932634597
2024-05-22,,,,,,,,,,,,,,5328.0,5390.25,5449.75,5509.5,5564.0,5615.0,5666.5,5718.25,5307.009765625,0.0532216,0.0533085,0.0529392,0.0514754,0.01511091457676464,,,,,,,,,,,0.0821917808219178,0.3315068493150685,0.5808219178082191,0.8301369863013699,1.0794520547945206,1.3287671232876712,1.5780821917808219,1.8273972602739725,,,,,,,,,,,0.0532,0.0532,0.0527,0.052,0.0512,0.0505,0.0498,0.0495,,,,,,,,,,,5323.649975609402,5374.445128007836,5424.149476817237,5472.040262384607,5517.831734494629,5562.526420411957,5605.626199883523,5651.217815338566
2024-05-23,,,,,,,,,,,,,,5285.25,5347.0,5406.5,5466.5,5521.0,5572.0,5623.5,5675.25,5267.83984375,0.05324880000000001,0.0533589,0.053008,0.0516692,0.01522928667300794,,,,,,,,,,,0.07945205479452055,0.3287671232876712,0.5780821917808219,0.8273972602739726,1.0767123287671232,1.326027397260274,1.5753424657534247,1.8246575342465754,,,,,,,,,,,0.0532,0.0533,0.0528,0.0522,0.0514,0.0508,0.0502,0.0498,,,,,,,,,,,5283.7561291427455,5334.188586067195,5383.503347106974,5431.470179660981,5477.045617459503,5522.265109878845,5566.192410811695,5610.838054672914
2024-05-24,,,,,,,,,,,,,,5321.5,5383.75,5443.5,5503.5,5558.0,5612.5,5664.0,5715.75,5304.72021484375,0.0532778,0.0534288,0.0531634,0.0520029,0.01513844482523376,,,,,,,,,,,0.07671232876712329,0.32602739726027397,0.5753424657534246,0.8246575342465754,1.073972602739726,1.3232876712328767,1.5726027397260274,1.821917808219178,,,,,,,,,,,0.0533,0.0534,0.053,0.0524,0.0518,0.0512,0.0507,0.0504,,,,,,,,,,,5320.272333465928,5371.307418536146,5421.542620525652,5470.254013861076,5517.7520311439075,5563.997596823804,5609.834565445581,5656.700015745301
2024-05-28,,,,,,,,,,,,,,5324.75,5386.75,5447.25,5507.5,5562.0,5616.5,5668.0,5719.75,5306.0400390625,0.0532838,0.0534625,0.0532377,0.05214870000000001,0.01541716955202103,,,,,,,,,,,0.06575342465753424,0.3150684931506849,0.5643835616438356,0.8136986301369863,1.063013698630137,1.3123287671232877,1.5616438356164384,1.810958904109589,,,,,,,,,,,0.0533,0.0535,0.0531,0.0526,0.052,0.0514,0.051,0.0507,,,,,,,,,,,5319.273466191854,5370.089106050988,5420.095155948928,5469.030820745908,5516.4462164127035,5562.60823457364,5609.230304553576,5656.139303634793
2024-05-29,,,,,,,,,,,,,,5284.0,5345.75,5406.0,5466.5,5521.0,5575.5,5627.0,5678.75,5266.9501953125,0.053292,0.0534734,0.0532594,0.0521326,0.01558555120272008,,,,,,,,,,,0.06301369863013699,0.31232876712328766,0.5616438356164384,0.810958904109589,1.0602739726027397,1.3095890410958904,1.558904109589041,1.8082191780821917,,,,,,,,,,,0.0533,0.0535,0.0531,0.0526,0.052,0.0514,0.0509,0.0507,,,,,,,,,,,5279.4821295292095,5329.690972041379,5379.100911477252,5427.446042947071,5474.2800905979975,5519.866604395355,5565.035277199047,5612.218546599924
2024-05-30,,,,,,,,,,,,,,5253.0,5314.75,5374.25,5433.5,5488.0,5542.5,5594.0,5640.75,5235.47998046875,0.0532918,0.0534608,0.05325650000000001,0.0522801,0.01558132417440931,,,,,,,,,,,0.06027397260273973,0.3095890410958904,0.5589041095890411,0.8082191780821918,1.0575342465753426,1.3068493150684932,1.5561643835616439,1.8054794520547945,,,,,,,,,,,0.0533,0.0535,0.0532,0.0527,0.0522,0.0516,0.0512,0.051,,,,,,,,,,,5247.3961459380425,5297.302524859387,5346.722516522069,5394.924221769805,5442.203481935253,5487.811316703434,5533.868072549434,5581.213458071031
2024-05-31,,,,,,,,,,,,,,5295.5,5357.75,5417.75,5476.5,5531.0,5585.5,5637.0,5683.75,5277.509765625,0.0532981,0.0534284,0.0531419,0.0520197,0.01533836469339846,,,,,,,,,,,0.057534246575342465,0.30684931506849317,0.5561643835616439,0.8054794520547945,1.0547945205479452,1.3041095890410959,1.5534246575342465,1.8027397260273972,,,,,,,,,,,0.0533,0.0534,0.053,0.0525,0.0519,0.0513,0.0508,0.0504,,,,,,,,,,,5289.048940228038,5339.508128111958,5389.218649087406,5437.869155675013,5485.012451081769,5530.909478145644,5576.3884175500225,5621.853163751732
2024-06-03,,,,,,,,,,,,,,5297.25,5359.75,5419.25,5478.0,5532.5,5587.0,5633.0,5679.75,5283.39990234375,0.0532794,0.0533995,0.0530726,0.0518353,0.01533626622964043,,,,,,,,,,,0.049315068493150684,0.29863013698630136,0.547945205479452,0.7972602739726027,1.0465753424657533,1.295890410958904,1.5452054794520549,1.7945205479452055,,,,,,,,,,,0.0532,0.0534,0.053,0.0524,0.0517,0.0511,0.0505,0.0501,,,,,,,,,,,5293.274561048665,5343.79881920334,5393.569840317771,5441.850965075928,5488.347445790181,5534.026616815763,5578.416782997488,5623.49887586678
2024-06-04,,,,,,,,,,,,,,5304.0,5366.5,5426.0,5484.75,5538.5,5588.0,5634.0,5680.75,5291.33984375,0.05327519999999999,0.0533849,0.0529862,0.0515295,0.01528344035205821,,,,,,,,,,,0.04657534246575343,0.2958904109589041,0.5452054794520548,0.7945205479452054,1.0438356164383562,1.2931506849315069,1.5424657534246575,1.7917808219178082,,,,,,,,,,,0.0532,0.0534,0.0529,0.0522,0.0514,0.0506,0.05,0.0495,,,,,,,,,,,5300.692482735103,5351.355091093933,5400.979072352262,5448.838450394089,5494.6299563035,5538.596479935135,5582.410077779521,5625.895119362967
2024-06-05,,,,,,,,,,,,,,5366.0,5429.5,5489.5,5548.25,5602.0,5651.5,5697.5,5744.25,5354.02978515625,0.0532791,0.0533751,0.0528465,0.0511324,0.01514479279550839,,,,,,,,,,,0.043835616438356165,0.29315068493150687,0.5424657534246575,0.7917808219178082,1.0410958904109588,1.2904109589041095,1.5397260273972602,1.789041095890411,,,,,,,,,,,0.0532,0.0533,0.0527,0.0519,0.051,0.0501,0.0493,0.0486,,,,,,,,,,,5362.968689331136,5414.251985203873,5464.222934354234,5512.132524961114,5557.6658952762455,5601.061261059595,5643.131657009645,5684.267373507477
2024-06-06,,,,,,,,,,,,,,5364.0,5427.25,5487.75,5546.25,5600.0,5649.5,5695.5,5742.25,5352.9599609375,0.053263,0.0533444,0.0527509,0.0509229,0.01520089868488499,,,,,,,,,,,0.0410958904109589,0.29041095890410956,0.5397260273972603,0.7890410958904109,1.0383561643835617,1.2876712328767124,1.536986301369863,1.7863013698630137,,,,,,,,,,,0.0532,0.0533,0.0526,0.0517,0.0508,0.0498,0.049,0.0482,,,,,,,,,,,5361.325710471956,5412.516101444511,5462.108787574177,5509.36274681763,5554.532260063277,5596.838804121913,5638.389230896773,5677.982701847532
2024-06-07,,,,,,,,,,,,,,5355.75,5419.5,5481.0,5541.25,5595.25,5650.0,5696.0,5752.75,5346.990234375,0.05327639999999999,0.0533399,0.05271289999999999,0.050721,0.01495684555934207,,,,,,,,,,,0.038356164383561646,0.2876712328767123,0.536986301369863,0.7863013698630137,1.0356164383561643,1.284931506849315,1.5342465753424657,1.7835616438356163,,,,,,,,,,,0.0532,0.0533,0.0526,0.0516,0.0506,0.0495,0.0486,0.0478,,,,,,,,,,,5354.839279631483,5406.295198615485,5456.173325273569,5503.291633959715,5548.049731337311,5589.66533621562,5630.232422023996,5669.560605484493
2024-06-10,,,,,,,,,,,,,,5371.25,5435.25,5497.0,5557.25,5616.25,5671.0,5717.0,5773.75,5360.7900390625,0.0532907,0.0534321,0.0530144,0.0513965,0.0149841096587988,,,,,,,,,,,0.030136986301369864,0.27945205479452057,0.5287671232876713,0.7780821917808219,1.0273972602739727,1.2767123287671234,1.526027397260274,1.7753424657534247,,,,,,,,,,,0.0532,0.0534,0.0529,0.0522,0.0513,0.0504,0.0497,0.0492,,,,,,,,,,,5366.967680761706,5418.650282449006,5469.351402559435,5518.291939163632,5564.58387088046,5608.746551143583,5652.448190437252,5696.524674664377
2024-06-11,,,,,,,,,,,,,,5384.0,5448.25,5509.75,5570.25,5626.25,5681.0,5725.0,5776.75,5375.31982421875,0.0533075,0.053468,0.0531249,0.05158769999999999,0.01499799033881372,,,,,,,,,,,0.0273972602739726,0.27671232876712326,0.5260273972602739,0.7753424657534247,1.0246575342465754,1.273972602739726,1.5232876712328767,1.7726027397260273,,,,,,,,,,,0.0532,0.0535,0.0531,0.0523,0.0515,0.0507,0.05,0.0496,,,,,,,,,,,5380.948742550195,5432.894533508538,5484.142660965336,5533.053906378597,5580.174976170642,5625.452878567243,5669.699988218756,5715.339448519032
2024-06-12,,,,,,,,,,,,,,5427.5,5492.5,5553.5,5613.5,5669.5,5719.25,5763.25,5815.0,5421.02978515625,0.05330460000000001,0.0534661,0.0530741,0.0514544,0.01489950825056077,,,,,,,,,,,0.024657534246575342,0.273972602739726,0.5232876712328767,0.7726027397260274,1.021917808219178,1.2712328767123289,1.5205479452054795,1.7698630136986302,,,,,,,,,,,0.0532,0.0535,0.053,0.0522,0.0514,0.0505,0.0498,0.0493,,,,,,,,,,,5426.151800528227,5478.6639794045295,5530.1963004109,5579.528400512807,5627.055464160745,5672.002954970111,5716.482482853248,5761.339228704004
2024-06-13,,,,,,,,,,,,,,5438.5,5503.5,5565.75,5624.5,5677.25,5727.0,5774.25,5822.75,5433.740234375,0.05328839999999999,0.0533922,0.0526988,0.0505249,0.0149171529580581,,,,,,,,,,,0.021917808219178082,0.27123287671232876,0.5205479452054794,0.7698630136986301,1.0191780821917809,1.2684931506849315,1.5178082191780822,1.7671232876712328,,,,,,,,,,,0.0532,0.0534,0.0526,0.0516,0.0504,0.0493,0.0483,0.0474,,,,,,,,,,,5438.30146928081,5490.753630470386,5541.379265697718,5589.380584678385,5633.838738339999,5675.973622433382,5716.155509639238,5754.768995406309
2024-06-14,,,,,,,,,,,,,,5437.5,5502.25,5563.5,5622.5,5675.25,5725.0,5772.25,5820.75,5431.60009765625,0.0533192,0.0534403,0.0527602,0.0504972,0.0145293173982,,,,,,,,,,,0.019178082191780823,0.2684931506849315,0.5178082191780822,0.7671232876712328,1.0164383561643835,1.2657534246575342,1.515068493150685,1.7643835616438357,,,,,,,,,,,0.0532,0.0534,0.0527,0.0516,0.0504,0.0492,0.0482,0.0473,,,,,,,,,,,5435.629826778645,5488.583896302134,5540.024155812393,5588.280023600233,5633.292616981583,5675.270929223386,5715.8736669758555,5754.912405736088
2024-06-17,,,,,,,,,,,,,,5478.5,5546.25,5607.25,5666.25,5724.0,5775.75,5826.0,5874.5,5473.22998046875,0.0533867,0.0534357,0.0526892,0.050282,0.01440752521018268,,,,,,,,,,,0.010958904109589041,0.2602739726027397,0.5095890410958904,0.7589041095890411,1.0082191780821919,1.2575342465753425,1.5068493150684932,1.7561643835616438,,,,,,,,,,,0.0533,0.0534,0.0526,0.0515,0.0502,0.049,0.0478,0.0469,,,,,,,,,,,5475.56327175146,5529.059111703486,5580.795889780569,5629.4883778297235,5674.347573339777,5716.576738332041,5755.675203462812,5794.626711811314
2024-06-18,,,,,,,,,,,,,,5491.0,5559.75,5622.25,5678.0,5735.75,5787.5,5837.75,5886.25,5487.02978515625,0.0534225,0.0534741,0.0528331,0.05064440000000001,0.01438601237265391,,,,,,,,,,,0.00821917808219178,0.25753424657534246,0.5068493150684932,0.7561643835616438,1.0054794520547945,1.2547945205479452,1.5041095890410958,1.7534246575342465,,,,,,,,,,,0.0534,0.0535,0.0528,0.0518,0.0506,0.0495,0.0484,0.0477,,,,,,,,,,,5488.78955423668,5542.581005346018,5594.909629896506,5644.480761019657,5690.50790452013,5734.198160050048,5775.055410926394,5817.093007555756
2024-06-20,,,,,,,,,,,,,,5476.75,5544.5,5607.75,5668.75,5724.5,5776.5,5826.0,5874.5,5473.169921875,0.0534364,0.0534746,0.0527772,0.05046750000000001,0.01457128226667873,,,,,,,,,,,0.0027397260273972603,0.25205479452054796,0.5013698630136987,0.7506849315068493,1.0,1.2493150684931507,1.4986301369863013,1.747945205479452,,,,,,,,,,,0.0534,0.0535,0.0528,0.0517,0.0505,0.0493,0.0482,0.0473,,,,,,,,,,,5473.752188927449,5527.137933965914,5579.084450464056,5627.8637402090935,5673.389171896022,5715.86172755278,5756.070107461927,5795.4084890646045
2024-06-21,,,,,,,,,,,,,,5471.8901,5534.25,5597.0,5657.75,5713.75,5765.75,5814.75,5863.25,5464.6201171875,0.0534523,0.0534455,0.0527558,0.05051650000000001,0.01457312323817476,,,,,,,,,,,0.0,0.2493150684931507,0.4986301369863014,0.7479452054794521,0.9972602739726028,1.2465753424657535,1.4958904109589042,1.7452054794520548,,,,,,,,,,,0.0534,0.0534,0.0528,0.0517,0.0505,0.0494,0.0483,0.0475,,,,,,,,,,,5464.6201171875,5517.775184184633,5569.780691797563,5618.492990161482,5663.9586406739545,5707.088125510344,5747.392759235924,5787.837731284939
2024-06-24,,,,,,,,,,,,,,,5517.0,5579.75,5640.75,5696.75,5748.75,5797.75,5846.25,5447.8701171875,0.053435,0.0534056,0.0527136,0.0504462,0.01471844538253151,,,,,,,,,,,,0.2410958904109589,0.4904109589041096,0.7397260273972602,0.989041095890411,1.2383561643835617,1.4876712328767123,1.736986301369863,,,,,,,,,,,,0.0534,0.0528,0.0517,0.0505,0.0493,0.0482,0.0474,,,,,,,,,,,,5498.914405612223,5550.568416059283,5598.960450051783,5644.119214427952,5686.238795471195,5726.097726853815,5766.078081205831
2024-06-25,,,,,,,,,,,,,,,5537.0,5600.5,5661.0,5717.0,5769.0,5818.0,5866.5,5469.2998046875,0.0534594,0.0533939,0.052683,0.050409,0.01473166719171754,,,,,,,,,,,,0.23835616438356164,0.4876712328767123,0.736986301369863,0.9863013698630136,1.2356164383561643,1.484931506849315,1.7342465753424658,,,,,,,,,,,,0.0534,0.0527,0.0517,0.0505,0.0493,0.0482,0.0474,,,,,,,,,,,,5519.942465267985,5571.513081622203,5620.360212760642,5665.691528823011,5707.9720447650825,5747.981695159044,5788.108452568481
2024-06-26,,,,,,,,,,,,,,,5543.5,5607.0,5667.5,5723.5,5780.5,5834.5,5883.0,5477.89990234375,0.0534393,0.0533458,0.0526398,0.0503709,0.01478516320335534,,,,,,,,,,,,0.2356164383561644,0.4849315068493151,0.7342465753424657,0.9835616438356164,1.2328767123287672,1.4821917808219178,1.7315068493150685,,,,,,,,,,,,0.0534,0.0527,0.0516,0.0505,0.0492,0.0482,0.0474,,,,,,,,,,,,5527.966842369243,5579.548710952398,5627.993396091808,5673.74584006424,5715.324344642155,5756.03571863376,5796.154099452342
2024-06-27,,,,,,,,,,,,,,,5546.0,5609.5,5670.0,5721.0,5778.0,5827.0,5875.5,5482.8701171875,0.0534304,0.0533156,0.0526295,0.05054529999999999,0.01481722349707813,,,,,,,,,,,,0.2328767123287671,0.4821917808219178,0.7315068493150685,0.9808219178082191,1.2301369863013698,1.4794520547945205,1.7287671232876711,,,,,,,,,,,,0.0533,0.0527,0.0517,0.0506,0.0495,0.0485,0.0477,,,,,,,,,,,,5532.227018780619,5583.94475145457,5632.811588242225,5678.716502565644,5721.8562617446,5763.014916508154,5803.582334724465
2024-06-28,,,,,,,,,,,,,,,5521.5,5584.5,5645.25,5700.25,5757.25,5806.25,5854.75,5460.47998046875,0.0533717,0.053246,0.0525471,0.0504004,0.01470757678055518,,,,,,,,,,,,0.23013698630136986,0.4794520547945205,0.7287671232876712,0.9780821917808219,1.2273972602739727,1.4767123287671233,1.726027397260274,,,,,,,,,,,,0.0533,0.0526,0.0516,0.0505,0.0494,0.0483,0.0475,,,,,,,,,,,,5509.193478855259,5560.5904272588405,5609.281741639912,5655.02554135934,5698.016202513627,5738.185468733435,5778.460601568973
2024-07-01,,,,,,,,,,,,,,,5533.75,5596.5,5658.25,5713.75,5769.25,5818.25,5866.75,5475.08984375,0.053342,0.0532089,0.0524805,0.0502575,0.01485448492278611,,,,,,,,,,,,0.2219178082191781,0.4712328767123288,0.7205479452054795,0.9698630136986301,1.2191780821917808,1.4684931506849315,1.7178082191780821,,,,,,,,,,,,0.0532,0.0526,0.0516,0.0504,0.0492,0.0482,0.0473,,,,,,,,,,,,5521.879205021635,5573.346118851408,5621.989421010134,5667.130844459648,5709.217560473012,5749.864825258474,5788.909071522098
2024-07-02,,,,,,,,,,,,,,,5568.75,5631.75,5692.5,5748.75,5804.25,5858.25,5906.75,5509.009765625,0.0533192,0.05318170000000001,0.0525274,0.0505029,0.0148518752392721,,,,,,,,,,,,0.2191780821917808,0.4684931506849315,0.7178082191780822,0.9671232876712329,1.2164383561643837,1.4657534246575343,1.715068493150685,,,,,,,,,,,,0.0532,0.0526,0.0517,0.0506,0.0496,0.0486,0.0478,,,,,,,,,,,,5555.508508561666,5607.301731534273,5656.666595352993,5702.802582259615,5746.861288602738,5788.373406522446,5829.278182714065
2024-07-03,,,,,,,,,,,,,,,5590.25,5653.25,5713.75,5770.0,5825.5,5879.5,5928.0,5537.02001953125,0.0533211,0.0531426,0.0523696,0.05020330000000001,0.0147963498425374,,,,,,,,,,,,0.21643835616438356,0.4657534246575342,0.7150684931506849,0.9643835616438357,1.2136986301369863,1.463013698630137,1.7123287671232876,,,,,,,,,,,,0.0532,0.0525,0.0515,0.0504,0.0492,0.0482,0.0473,,,,,,,,,,,,5583.235663451463,5635.112194627229,5684.266398284053,5730.438348276079,5773.116849098462,5814.3351812608835,5853.930925299958
2024-07-05,,,,,,,,,,,,,,,5621.5,5684.75,5745.25,5801.5,5852.5,5901.5,5950.5,5567.18994140625,0.0532743,0.0530689,0.0522647,0.0500549,0.01455304602165347,,,,,,,,,,,,0.21095890410958903,0.4602739726027397,0.7095890410958904,0.958904109589041,1.2082191780821918,1.4575342465753425,1.7068493150684931,,,,,,,,,,,,0.0531,0.0524,0.0514,0.0502,0.0491,0.048,0.0471,,,,,,,,,,,,5612.645915035427,5665.0198341374025,5714.670398485788,5760.777443623768,5804.483987333522,5845.31513424682,5885.214413171514
2024-07-08,,,,,,,,,,,,,,,5625.25,5688.75,5749.75,5806.0,5857.75,5906.75,5955.75,5572.85009765625,0.0532631,0.0530463,0.0521446,0.0497128,0.0147260658617521,,,,,,,,,,,,0.20273972602739726,0.4520547945205479,0.7013698630136986,0.9506849315068493,1.2,1.4493150684931506,1.6986301369863013,,,,,,,,,,,,0.0531,0.0524,0.0512,0.05,0.0487,0.0475,0.0464,,,,,,,,,,,,5616.375523213762,5668.572332468617,5717.252332061759,5762.901081657008,5804.742937532895,5843.946661910951,5880.894694990496
2024-07-09,,,,,,,,,,,,,,,5631.25,5694.5,5756.0,5811.75,5864.0,5913.0,5962.0,5576.97998046875,0.0532637,0.05304039999999999,0.052085,0.0495593,0.01477850888103856,,,,,,,,,,,,0.2,0.44931506849315067,0.6986301369863014,0.947945205479452,1.1972602739726028,1.4465753424657535,1.6958904109589041,,,,,,,,,,,,0.0531,0.0523,0.0511,0.0498,0.0485,0.0473,0.0462,,,,,,,,,,,,5619.887837494374,5671.7991572628025,5720.308262914061,5765.234689944545,5806.748696173973,5845.617264417449,5882.223361993333
2024-07-10,,,,,,,,,,,,,,,5688.0,5751.75,5813.75,5868.5,5921.5,5970.75,6020.5,5633.91015625,0.0532873,0.0530409,0.0521391,0.04958949999999999,0.0144595790606957,,,,,,,,,,,,0.19726027397260273,0.4465753424657534,0.6958904109589041,0.9452054794520548,1.1945205479452055,1.4438356164383561,1.6931506849315068,,,,,,,,,,,,0.0531,0.0524,0.0512,0.0499,0.0485,0.0473,0.0462,,,,,,,,,,,,5677.017135777044,5730.180201977324,5779.811266206949,5825.83421856624,5867.7174309839975,5907.483234252929,5944.967349734655
2024-07-11,,,,,,,,,,,,,,,5639.75,5702.25,5762.25,5816.0,5864.0,5911.0,5957.5,5584.5400390625,0.053288,0.0530137,0.05205079999999999,0.049446,0.01461516189681132,,,,,,,,,,,,0.19452054794520549,0.4438356164383562,0.6931506849315069,0.9424657534246575,1.1917808219178083,1.441095890410959,1.6904109589041096,,,,,,,,,,,,0.0531,0.0523,0.0511,0.0498,0.0484,0.0471,0.046,,,,,,,,,,,,5626.503292841298,5678.731872940497,5727.571180813438,5772.830862373051,5813.984840808769,5852.18935144956,5888.818285700346
2024-07-12,,,,,,,,,,,,,,,5664.75,5728.25,5788.0,5842.25,5891.25,5937.25,5984.0,5615.35009765625,0.053278,0.0528611,0.051648,0.0486554,0.01463663655514932,,,,,,,,,,,,0.1917808219178082,0.4410958904109589,0.6904109589041096,0.9397260273972603,1.189041095890411,1.4383561643835616,1.6876712328767123,,,,,,,,,,,,0.053,0.052,0.0505,0.049,0.0475,0.046,0.0446,,,,,,,,,,,,5656.816589949826,5708.662526781937,5756.1243700591085,5799.6413747049455,5839.118398947587,5874.468711300581,5906.611065658834
2024-07-15,,,,,,,,,,,,,,,5683.0,5746.25,5805.25,5859.5,5908.5,5954.5,6001.25,5631.22021484375,0.0533459,0.0528577,0.0515058,0.0483577,0.01465266941796159,,,,,,,,,,,,0.18356164383561643,0.4328767123287671,0.6821917808219178,0.9315068493150684,1.180821917808219,1.4301369863013698,1.6794520547945206,,,,,,,,,,,,0.0531,0.0519,0.0504,0.0488,0.0472,0.0456,0.0441,,,,,,,,,,,,5671.102868729922,5722.751121739171,5770.234311116994,5813.219948911937,5851.855289191869,5886.049591995473,5916.715808926089
2024-07-16,,,,,,,,,,,,,,,5717.25,5781.25,5841.5,5894.5,5942.5,5988.5,6035.25,5667.2001953125,0.0533399,0.0527924,0.0512855,0.0480059,0.01466214238330115,,,,,,,,,,,,0.18082191780821918,0.4301369863013699,0.6794520547945205,0.9287671232876712,1.178082191780822,1.4273972602739726,1.6767123287671233,,,,,,,,,,,,0.0531,0.0518,0.0501,0.0485,0.0469,0.0452,0.0435,,,,,,,,,,,,5706.72674765556,5758.457071096231,5805.312973955254,5848.134331853979,5886.573319718097,5919.694586025846,5947.958161161456
2024-07-17,,,,,,,,,,,,,,,5639.0,5702.0,5761.5,5814.5,5862.5,5908.5,5955.25,5588.27001953125,0.0534119,0.0527947,0.0513081,0.04799750000000001,0.01495877199188989,,,,,,,,,,,,0.1780821917808219,0.4273972602739726,0.6767123287671233,0.9260273972602739,1.1753424657534246,1.4246575342465753,1.673972602739726,,,,,,,,,,,,0.0531,0.0518,0.0501,0.0485,0.0468,0.0452,0.0435,,,,,,,,,,,,5626.356277503392,5676.958429034464,5722.754605084624,5764.565934317596,5801.37007210871,5834.293360891524,5861.742974473006
2024-07-18,,,,,,,,,,,,,,,5594.5,5657.0,5716.0,5769.0,5817.0,5863.0,5909.75,5544.58984375,0.0534513,0.05282009999999999,0.0513575,0.0480556,0.01488954255916198,,,,,,,,,,,,0.17534246575342466,0.4246575342465753,0.673972602739726,0.9232876712328767,1.1726027397260275,1.4219178082191781,1.6712328767123288,,,,,,,,,,,,0.0531,0.0518,0.0502,0.0486,0.0469,0.0453,0.0436,,,,,,,,,,,,5581.862852570942,5632.182110228943,5678.124192025482,5719.875841632341,5756.664341005936,5789.603565366971,5817.115438655349
2024-07-19,,,,,,,,,,,,,,,5553.75,5615.75,5674.0,5727.0,5775.0,5821.0,5867.75,5505.0,0.0534675,0.0528299,0.0513468,0.0480026,0.01494271087677082,,,,,,,,,,,,0.1726027397260274,0.42191780821917807,0.6712328767123288,0.9205479452054794,1.16986301369863,1.4191780821917808,1.6684931506849314,,,,,,,,,,,,0.0532,0.0519,0.0502,0.0485,0.0469,0.0452,0.0436,,,,,,,,,,,,5541.4715215190745,5591.51186021666,5636.834346102603,5677.709326051324,5714.703533442149,5746.53607605521,5774.613113289681
2024-07-22,,,,,,,,,,,,,,,5610.75,5674.25,5732.75,5789.5,5837.5,5883.5,5930.25,5564.41015625,0.053495,0.0528336,0.0513923,0.04821449999999999,0.01500415602036801,,,,,,,,,,,,0.1643835616438356,0.4136986301369863,0.663013698630137,0.9123287671232877,1.1616438356164382,1.4109589041095891,1.6602739726027398,,,,,,,,,,,,0.0532,0.0519,0.0504,0.0488,0.0472,0.0456,0.044,,,,,,,,,,,,5599.457714155792,5649.99549341849,5696.539680236295,5738.649524040626,5776.460305018109,5809.883191408057,5838.839331571536
2024-07-23,,,,,,,,,,,,,,,5599.25,5662.5,5721.25,5774.5,5822.5,5868.5,5915.25,5555.740234375,0.0534958,0.052846,0.05144079999999999,0.0483735,0.01512249849506956,,,,,,,,,,,,0.16164383561643836,0.410958904109589,0.6602739726027397,0.9095890410958904,1.158904109589041,1.4082191780821918,1.6575342465753424,,,,,,,,,,,,0.0532,0.052,0.0505,0.0489,0.0474,0.0459,0.0443,,,,,,,,,,,,5590.041231734124,5640.579493643083,5687.0434764945285,5729.082037031288,5767.497045901538,5801.8285644589405,5831.034201602371
2024-07-24,,,,,,,,,,,,,,,5472.0,5533.25,5590.75,5644.5,5692.5,5738.5,5785.25,5427.1298828125,0.0534926,0.0527921,0.0513903,0.0481817,0.01553524924900982,,,,,,,,,,,,0.1589041095890411,0.40821917808219177,0.6575342465753424,0.9068493150684932,1.1561643835616437,1.4054794520547946,1.6547945205479453,,,,,,,,,,,,0.0532,0.0519,0.0504,0.0488,0.0472,0.0456,0.044,,,,,,,,,,,,5459.709106747176,5508.295431157021,5552.98263502786,5593.339662571319,5629.49693910448,5661.369459451743,5688.8819846657125
2024-07-25,,,,,,,,,,,,,,,5441.25,5502.25,5560.0,5610.5,5658.5,5704.5,5751.25,5399.22021484375,0.0534712,0.0526356,0.051075,0.0476862,0.01571138103385101,,,,,,,,,,,,0.15616438356164383,0.4054794520547945,0.6547945205479452,0.9041095890410958,1.1534246575342466,1.4027397260273973,1.652054794520548,,,,,,,,,,,,0.0531,0.0517,0.05,0.0483,0.0466,0.0449,0.0433,,,,,,,,,,,,5430.837235720247,5478.586797218292,5521.814600816805,5560.667869071431,5595.049748013469,5624.87414633898,5650.999593545216
2024-07-26,,,,,,,,,,,,,,,5499.0,5560.25,5618.0,5670.0,5718.0,5764.0,5807.0,5459.10009765625,0.053467,0.0525537,0.0509145,0.047529,0.01548374171681838,,,,,,,,,,,,0.15342465753424658,0.40273972602739727,0.6520547945205479,0.9013698630136986,1.1506849315068493,1.4,1.6493150684931508,,,,,,,,,,,,0.0531,0.0516,0.0499,0.0482,0.0465,0.0448,0.0431,,,,,,,,,,,,5490.697081647255,5539.0854774496665,5582.994298580005,5622.483151020891,5657.453616647438,5687.818146110799,5713.5004240051185
2024-07-29,,,,,,,,,,,,,,,5503.0,5564.25,5621.25,5673.0,5721.0,5767.0,5810.0,5463.5400390625,0.05343709999999999,0.0525211,0.0508769,0.0475042,0.01575942191752719,,,,,,,,,,,,0.14520547945205478,0.39452054794520547,0.6438356164383562,0.8931506849315068,1.1424657534246576,1.3917808219178083,1.641095890410959,,,,,,,,,,,,0.0531,0.0516,0.0499,0.0482,0.0466,0.0449,0.0432,,,,,,,,,,,,5493.244117907679,5541.342406058962,5584.9632847765515,5624.1580843766915,5659.4756282669905,5689.681300885974,5715.201520971323
2024-07-30,,,,,,,,,,,,,,,5472.5,5533.25,5590.25,5639.0,5685.0,5731.0,5774.0,5436.43994140625,0.05342329999999999,0.0524768,0.0507922,0.0474481,0.01594868918696507,,,,,,,,,,,,0.14246575342465753,0.3917808219178082,0.6410958904109589,0.8904109589041096,1.1397260273972603,1.389041095890411,1.6383561643835616,,,,,,,,,,,,0.0531,0.0515,0.0498,0.0482,0.0465,0.0449,0.0431,,,,,,,,,,,,5465.290155272149,5512.6902126561945,5555.710736943235,5594.820979242886,5629.071723639174,5659.519443320372,5683.731331122239
2024-07-31,,,,,,,,,,,,,,,5558.0,5620.0,5677.25,5727.0,5773.0,5819.0,5862.0,5522.2998046875,0.0534255,0.05241100000000001,0.0507558,0.0473547,0.01559289496958834,,,,,,,,,,,,0.13972602739726028,0.38904109589041097,0.6383561643835617,0.8876712328767123,1.1369863013698631,1.3863013698630138,1.6356164383561644,,,,,,,,,,,,0.0531,0.0515,0.0498,0.0481,0.0464,0.0447,0.043,,,,,,,,,,,,5551.316593012081,5599.984020738843,5644.2127104384,5683.970537465929,5719.158397204625,5749.688183502121,5775.483156212865
2024-08-01,,,,,,,,,,,,,,,5480.25,5539.75,5595.0,5639.75,5682.0,5720.5,5762.75,5446.68017578125,0.0535025,0.0524212,0.05066569999999999,0.047152,0.01567849766378079,,,,,,,,,,,,0.136986301369863,0.3863013698630137,0.6356164383561644,0.8849315068493151,1.1342465753424658,1.3835616438356164,1.632876712328767,,,,,,,,,,,,0.0532,0.0515,0.0497,0.048,0.0462,0.0445,0.0427,,,,,,,,,,,,5474.747811642038,5522.57466539596,5565.7453282256465,5604.717180271385,5638.540133989088,5668.262345687333,5692.383555157454
2024-08-02,,,,,,,,,,,,,,,5376.0,5430.75,5479.5,5516.5,5558.75,5597.25,5639.5,5346.56005859375,0.0535204,0.0522773,0.0500763,0.0459608,0.01602678754260451,,,,,,,,,,,,0.13424657534246576,0.3835616438356164,0.6328767123287671,0.8821917808219178,1.1315068493150684,1.3808219178082193,1.63013698630137,,,,,,,,,,,,0.0532,0.0511,0.0489,0.0469,0.0449,0.0429,0.0406,,,,,,,,,,,,5373.3080919563035,5418.971912563924,5458.958742288466,5494.18065123955,5524.118085136172,5548.682405554167,5565.0784235189585
2024-08-05,,,,,,,,,,,,,,,5217.5,5269.0,5315.25,5352.25,5394.5,5433.0,5475.25,5186.330078125,0.053274,0.0513241,0.0478566,0.0429257,0.01676505861128314,,,,,,,,,,,,0.12602739726027398,0.37534246575342467,0.6246575342465753,0.873972602739726,1.1232876712328768,1.3726027397260274,1.621917808219178,,,,,,,,,,,,0.0528,0.0496,0.0464,0.044,0.0419,0.0395,0.0362,,,,,,,,,,,,5209.936788087483,5250.643711895974,5283.231951226357,5311.259099121244,5334.846450446259,5350.726659289895,5352.416871351677
2024-08-06,,,,,,,,,,,,,,,5266.25,5319.75,5367.25,5407.25,5449.5,5488.0,5530.25,5240.02978515625,0.0528952,0.0505651,0.04655459999999999,0.0414598,0.01667976598832044,,,,,,,,,,,,0.1232876712328767,0.3726027397260274,0.6219178082191781,0.8712328767123287,1.1205479452054794,1.36986301369863,1.6191780821917807,,,,,,,,,,,,0.0524,0.0486,0.0449,0.0425,0.0405,0.0381,0.0344,,,,,,,,,,,,5263.15705343408,5302.724521594554,5332.807572685674,5359.2423863504155,5381.77850554014,5396.064916853985,5392.555530896144
2024-08-07,,,,,,,,,,,,,,,5227.5,5280.75,5327.75,5368.0,5410.25,5448.75,5491.0,5199.5,0.05325009999999999,0.0510416,0.0478476,0.0431135,0.01684558985372525,,,,,,,,,,,,0.12054794520547946,0.3698630136986301,0.6191780821917808,0.8684931506849315,1.1178082191780823,1.367123287671233,1.6164383561643836,,,,,,,,,,,,0.0528,0.0495,0.0465,0.0442,0.0421,0.0398,0.0369,,,,,,,,,,,,5222.084738632042,5262.678542060602,5295.851763255104,5324.5041238157455,5348.371137928138,5365.255378474954,5370.812415544611
2024-08-08,,,,,,,,,,,,,,,5348.25,5403.25,5452.0,5495.0,5533.75,5572.25,5610.5,5319.31005859375,0.0532666,0.0510283,0.04784869999999999,0.0432457,0.016558118945223,,,,,,,,,,,,0.1178082191780822,0.36712328767123287,0.6164383561643836,0.8657534246575342,1.115068493150685,1.3643835616438356,1.6136986301369862,,,,,,,,,,,,0.0528,0.0495,0.0466,0.0443,0.0423,0.0401,0.0372,,,,,,,,,,,,5342.069892450152,5384.030936776464,5418.735981364146,5448.6138410796175,5474.207778421888,5492.940719149125,5499.4791177537845
2024-08-09,,,,,,,,,,,,,,,5370.25,5425.75,5475.5,5518.0,5556.75,5595.25,5633.5,5344.16015625,0.0533352,0.0511269,0.0480597,0.0435628,0.01627443516418751,,,,,,,,,,,,0.11506849315068493,0.3643835616438356,0.6136986301369863,0.863013698630137,1.1123287671232878,1.3616438356164384,1.610958904109589,,,,,,,,,,,,0.0529,0.0497,0.0469,0.0447,0.0427,0.0405,0.0378,,,,,,,,,,,,5366.730371404407,5409.648570510594,5445.552782380433,5476.88252610804,5503.577421671852,5523.385547837815,5532.729119614006
2024-08-12,,,,,,,,,,,,,,,5369.75,5425.75,5475.75,5518.25,5557.0,5595.5,5633.75,5344.39013671875,0.0533777,0.0511602,0.0480431,0.0434795,0.016239402023387,,,,,,,,,,,,0.10684931506849316,0.3561643835616438,0.6054794520547945,0.8547945205479452,1.104109589041096,1.3534246575342466,1.6027397260273972,,,,,,,,,,,,0.0531,0.0498,0.0469,0.0447,0.0426,0.0404,0.0377,,,,,,,,,,,,5365.480681320896,5408.655430609752,5444.531989001778,5476.002704985182,5502.22429190477,5522.037956864799,5531.412407309771
2024-08-13,,,,,,,,,,,,,,,5459.0,5515.5,5565.75,5607.25,5646.0,5684.5,5722.75,5434.43017578125,0.0533689,0.05118089999999999,0.04805640000000001,0.0436296,0.01606035108852975,,,,,,,,,,,,0.10410958904109589,0.35342465753424657,0.6027397260273972,0.852054794520548,1.1013698630136985,1.3506849315068492,1.6,,,,,,,,,,,,0.0531,0.0498,0.047,0.0448,0.0428,0.0407,0.038,,,,,,,,,,,,5455.426788377284,5499.62053089823,5536.725312266306,5569.149934281356,5596.855460257253,5618.3334125441315,5628.585177071757
2024-08-14,,,,,,,,,,,,,,,5477.0,5534.25,5585.0,5626.5,5665.25,5703.75,5742.0,5455.2099609375,0.0533864,0.0509553,0.04778279999999999,0.0429944,0.01604006204647757,,,,,,,,,,,,0.10136986301369863,0.3506849315068493,0.6,0.8493150684931506,1.0986301369863014,1.347945205479452,1.5972602739726027,,,,,,,,,,,,0.0531,0.0496,0.0467,0.0443,0.0421,0.0398,0.037,,,,,,,,,,,,5475.742423685681,5519.79141654904,5556.492539314402,5587.7276358908575,5613.651176186494,5632.752394026176,5640.933603878289
2024-08-15,,,,,,,,,,,,,,,5567.5,5627.0,5681.25,5722.5,5766.25,5809.75,5848.0,5543.22021484375,0.0534157,0.0510155,0.0478062,0.0428661,0.01507722491864086,,,,,,,,,,,,0.09863013698630137,0.34794520547945207,0.5972602739726027,0.8465753424657534,1.095890410958904,1.3452054794520547,1.5945205479452054,,,,,,,,,,,,0.0532,0.0497,0.0467,0.0443,0.042,0.0396,0.0368,,,,,,,,,,,,5564.102259325868,5610.40229160253,5648.910108587464,5682.065885995995,5709.206282300331,5729.130474253494,5738.586980215446
2024-08-16,,,,,,,,,,,,,,,5578.25,5638.0,5692.25,5737.5,5781.25,5824.75,5863.0,5554.25,0.0533568,0.0512841,0.0483969,0.043886,0.0147616182660068,,,,,,,,,,,,0.0958904109589041,0.3452054794520548,0.5945205479452055,0.8438356164383561,1.093150684931507,1.3424657534246576,1.5917808219178082,,,,,,,,,,,,0.0532,0.0501,0.0474,0.0452,0.0431,0.0409,0.0384,,,,,,,,,,,,5574.760031240891,5622.421277866891,5663.078160902785,5698.758767781379,5729.003016038712,5752.607802144155,5767.222083067532
2024-08-19,,,,,,,,,,,,,,,5630.0,5690.5,5744.25,5793.5,5837.25,5880.75,5919.0,5608.25,0.0531017,0.0512612,0.0484132,0.0439539,0.01466096078693591,,,,,,,,,,,,0.08767123287671233,0.336986301369863,0.5863013698630137,0.8356164383561644,1.084931506849315,1.3342465753424657,1.5835616438356164,,,,,,,,,,,,0.0531,0.0503,0.0475,0.0453,0.0433,0.0411,0.0386,,,,,,,,,,,,5627.181672982811,5676.010424677563,5717.27504751308,5753.688990917717,5785.241605352516,5809.618612586471,5824.934019128453
2024-08-20,,,,,,,,,,,,,,,5619.75,5679.75,5734.0,5779.25,5821.0,5861.0,5899.25,5597.1201171875,0.0531145,0.0512108,0.0482768,0.0437834,0.01471195840657304,,,,,,,,,,,,0.08493150684931507,0.33424657534246577,0.5835616438356165,0.8328767123287671,1.082191780821918,1.3315068493150686,1.5808219178082192,,,,,,,,,,,,0.0531,0.0502,0.0474,0.0451,0.0431,0.041,0.0384,,,,,,,,,,,,5615.39849216458,5663.907114845854,5704.912740670802,5740.588279800655,5771.73948693669,5796.503599523723,5810.686812517099
2024-08-21,,,,,,,,,,,,,,,5641.5,5701.25,5754.5,5799.5,5839.25,5876.5,5914.75,5620.85009765625,0.0530858,0.0510176,0.0481009,0.0433885,0.01464582365809206,,,,,,,,,,,,0.0821917808219178,0.3315068493150685,0.5808219178082191,0.8301369863013699,1.0794520547945206,1.3287671232876712,1.5780821917808219,,,,,,,,,,,,0.0531,0.05,0.0473,0.0449,0.0427,0.0404,0.0378,,,,,,,,,,,,5638.643557688178,5687.114871048999,5728.473994791356,5763.806033302284,5793.670645638266,5816.5320602319425,5830.029781947744
2024-08-22,,,,,,,,,,,,,,,5594.0,5653.75,5707.5,5751.0,5790.75,5828.0,5866.25,5570.64013671875,0.0527795,0.0507131,0.04754749999999999,0.0426359,0.0148540222432569,,,,,,,,,,,,0.07945205479452055,0.3287671232876712,0.5780821917808219,0.8273972602739726,1.0767123287671232,1.326027397260274,1.5753424657534247,,,,,,,,,,,,0.0528,0.0497,0.0467,0.0442,0.042,0.0396,0.0368,,,,,,,,,,,,5587.460323874918,5634.825529078392,5674.143153264707,5707.55510796039,5735.863936626027,5756.466419462346,5766.598568588998
2024-08-23,,,,,,,,,,,,,,,5652.5,5712.5,5766.0,5809.5,5849.25,5886.5,5924.75,5634.60986328125,0.0527601,0.0508064,0.047737,0.0430022,0.01476888991292981,,,,,,,,,,,,0.07671232876712329,0.32602739726027397,0.5753424657534246,0.8246575342465754,1.073972602739726,1.3232876712328767,1.5726027397260274,,,,,,,,,,,,0.0528,0.0499,0.0469,0.0445,0.0424,0.0401,0.0374,,,,,,,,,,,,5651.072587065897,5699.518028855263,5739.742235665019,5774.46663446657,5804.322889764479,5826.685164365693,5838.755391687981
2024-08-26,,,,,,,,,,,,,,,5637.0,5697.25,5750.25,5797.0,5836.75,5876.0,5914.25,5616.83984375,0.05251629999999999,0.0506109,0.0474793,0.0426103,0.0151348019501183,,,,,,,,,,,,0.0684931506849315,0.3178082191780822,0.5671232876712329,0.8164383561643835,1.0657534246575342,1.3150684931506849,1.5643835616438355,,,,,,,,,,,,0.0527,0.0498,0.0467,0.0442,0.042,0.0397,0.0369,,,,,,,,,,,,5631.310349112502,5679.06203963432,5718.294286524061,5751.721163999051,5779.983784299531,5801.25410021028,5811.381477488651
2024-08-27,,,,,,,,,,,,,,,5644.75,5705.25,5758.5,5805.0,5844.75,5884.0,5922.25,5625.7998046875,0.0525213,0.0506197,0.04742440000000001,0.0423762,0.01499572132244452,,,,,,,,,,,,0.06575342465753424,0.3150684931506849,0.5643835616438356,0.8136986301369863,1.063013698630137,1.3123287671232877,1.5616438356164384,,,,,,,,,,,,0.0527,0.0498,0.0467,0.0441,0.0418,0.0394,0.0365,,,,,,,,,,,,5639.764509085941,5687.830298890084,5727.370352956457,5760.620745250375,5788.403044798992,5808.890346992486,5817.933614939005
2024-08-28,,,,,,,,,,,,,,,5610.25,5670.5,5723.25,5770.0,5809.75,5849.0,5887.25,5592.18017578125,0.0524674,0.0505718,0.0474058,0.04246610000000001,0.01521448481208688,,,,,,,,,,,,0.06301369863013699,0.31232876712328766,0.5616438356164384,0.810958904109589,1.0602739726027397,1.3095890410958904,1.558904109589041,,,,,,,,,,,,0.0527,0.0498,0.0467,0.0442,0.0419,0.0396,0.0368,,,,,,,,,,,,5605.4050830604565,5652.9146308129475,5691.949853569737,5725.187421703509,5752.664747976031,5773.648644884819,5783.557472479545
2024-08-29,,,,,,,,,,,,,,,5610.0,5670.5,5723.5,5770.0,5809.75,5849.0,5887.25,5591.9599609375,0.0520055,0.0501569,0.0469822,0.0419705,0.0151681235945024,,,,,,,,,,,,0.06027397260273973,0.3095890410958904,0.5589041095890411,0.8082191780821918,1.0575342465753426,1.3068493150684932,1.5561643835616439,,,,,,,,,,,,0.0523,0.0494,0.0463,0.0437,0.0415,0.0391,0.0362,,,,,,,,,,,,5604.489262162487,5651.537650346469,5690.109990860633,5722.408908239742,5749.866895427554,5769.614118843485,5778.007510146952
2024-08-30,,,,,,,,,,,,,,,5661.0,5722.5,5776.5,5823.0,5862.75,5902.0,5940.25,5648.39990234375,0.05195350000000001,0.05016619999999999,0.0470877,0.04217679999999999,0.01469189230055758,,,,,,,,,,,,0.057534246575342465,0.30684931506849317,0.5561643835616439,0.8054794520547945,1.0547945205479452,1.3041095890410959,1.5534246575342465,,,,,,,,,,,,0.0522,0.0495,0.0464,0.0439,0.0417,0.0394,0.0366,,,,,,,,,,,,5660.602315054823,5709.052916669679,5748.892468577522,5782.8626746552245,5811.62548810895,5833.3671074996155,5843.93806991469
2024-09-03,,,,,,,,,,,,,,,5541.75,5601.25,5653.25,5700.25,5740.0,5779.25,5817.5,5528.93017578125,0.05173949999999999,0.05011529999999999,0.04708179999999999,0.0422519,0.01524422314818994,,,,,,,,,,,,0.04657534246575343,0.2958904109589041,0.5452054794520548,0.7945205479452054,1.0438356164383562,1.2931506849315069,1.5424657534246575,,,,,,,,,,,,0.0521,0.0496,0.0466,0.044,0.0419,0.0396,0.0369,,,,,,,,,,,,5538.42912429801,5585.421409518796,5624.261664908988,5656.704020895147,5684.928714018357,5705.838952009177,5716.733825119206
2024-09-04,,,,,,,,,,,,,,,5530.0,5588.75,5639.5,5682.5,5722.25,5761.5,5789.75,5520.06982421875,0.0516249,0.0499442,0.04684960000000001,0.0419385,0.01527531385481241,,,,,,,,,,,,0.043835616438356165,0.29315068493150687,0.5424657534246575,0.7917808219178082,1.0410958904109588,1.2904109589041095,1.5397260273972602,,,,,,,,,,,,0.052,0.0494,0.0463,0.0438,0.0416,0.0393,0.0365,,,,,,,,,,,,5528.963461303348,5575.567939092692,5613.757824723564,5646.160795478402,5673.447922258863,5693.881787831919,5703.446899060997
2024-09-05,,,,,,,,,,,,,,,5512.25,5570.75,5621.5,5662.5,5702.25,5734.5,5762.75,5503.41015625,0.05118,0.0494607,0.0461541,0.0411038,0.01530717378291486,,,,,,,,,,,,0.0410958904109589,0.29041095890410956,0.5397260273972603,0.7890410958904109,1.0383561643835617,1.2876712328767124,1.536986301369863,,,,,,,,,,,,0.0516,0.049,0.0457,0.043,0.0408,0.0385,0.0356,,,,,,,,,,,,5511.6245397957055,5557.524050816849,5594.431499119116,5624.9873908198815,5651.034138425231,5670.246910620471,5677.765312500718
2024-09-06,,,,,,,,,,,,,,,5419.5,5477.0,5525.5,5564.0,5600.0,5632.25,5660.5,5408.419921875,0.0510984,0.0493864,0.0459199,0.0405361,0.01530947622161907,,,,,,,,,,,,0.038356164383561646,0.2876712328767123,0.536986301369863,0.7863013698630137,1.0356164383561643,1.284931506849315,1.5342465753424657,,,,,,,,,,,,0.0515,0.0489,0.0454,0.0426,0.0402,0.0378,0.0347,,,,,,,,,,,,5415.932723250885,5460.934950157829,5496.520100930443,5525.731076746221,5549.645320977507,5566.9969793962155,5571.736856174143
2024-09-09,,,,,,,,,,,,,,,5479.5,5538.0,5587.0,5625.5,5661.0,5693.25,5721.5,5471.0498046875,0.0510393,0.0492552,0.0455821,0.0399544,0.01518356927665275,,,,,,,,,,,,0.030136986301369864,0.27945205479452057,0.5287671232876713,0.7780821917808219,1.0273972602739727,1.2767123287671234,1.526027397260274,,,,,,,,,,,,0.0516,0.0489,0.0452,0.0422,0.0397,0.0372,0.0339,,,,,,,,,,,,5477.057476541957,5522.842339183252,5558.577444180258,5587.274057966037,5610.605422688238,5627.015342185618,5629.565731773543
2024-09-10,,,,,,,,,,,,,,,5504.0,5562.5,5611.5,5650.0,5685.5,5717.75,5746.0,5495.52001953125,0.0511077,0.0494886,0.0457888,0.0399443,0.01516606266447704,,,,,,,,,,,,0.0273972602739726,0.27671232876712326,0.5260273972602739,0.7753424657534247,1.0246575342465754,1.273972602739726,1.5232876712328767,,,,,,,,,,,,0.0516,0.0492,0.0454,0.0423,0.0397,0.0371,0.0337,,,,,,,,,,,,5501.0083317448425,5547.519153598518,5583.61880629205,5612.360021654079,5635.422385335078,5651.248270856189,5652.883317433132
2024-09-11,,,,,,,,,,,,,,,5561.25,5621.0,5672.5,5711.0,5746.5,5778.75,5809.0,5554.1298828125,0.0509592,0.0493129,0.0455357,0.0395353,0.01516324640887825,,,,,,,,,,,,0.024657534246575342,0.273972602739726,0.5232876712328767,0.7726027397260274,1.021917808219178,1.2712328767123289,1.5205479452054795,,,,,,,,,,,,0.0515,0.049,0.0452,0.042,0.0393,0.0366,0.0332,,,,,,,,,,,,5559.1084729364175,5605.857972513094,5642.118620480924,5670.492209543304,5692.830364925893,5707.56723804813,5708.564109910499
2024-09-12,,,,,,,,,,,,,,,5602.25,5662.5,5713.25,5754.75,5790.25,5825.0,5860.25,5595.759765625,0.05096510000000001,0.0494664,0.0457048,0.0397243,0.01512484876887261,,,,,,,,,,,,0.021917808219178082,0.27123287671232876,0.5205479452054794,0.7698630136986301,1.0191780821917809,1.2684931506849315,1.5178082191780822,,,,,,,,,,,,0.0514,0.0492,0.0454,0.0422,0.0395,0.0368,0.0335,,,,,,,,,,,,5600.2105655762225,5647.717196606585,5684.645646710016,5713.622773810762,5736.514214203944,5751.7485664797705,5754.021961103787
2024-09-13,,,,,,,,,,,,,,,5629.75,5691.0,5741.25,5782.0,5818.0,5851.0,5885.0,5626.02001953125,0.0508273,0.0494118,0.0457892,0.0399185,0.01457338814734951,,,,,,,,,,,,0.019178082191780823,0.2684931506849315,0.5178082191780822,0.7671232876712328,1.0164383561643835,1.2657534246575342,1.515068493150685,,,,,,,,,,,,0.0513,0.0492,0.0455,0.0424,0.0398,0.0371,0.0338,,,,,,,,,,,,5629.98407999069,5678.5690692694025,5716.840669334849,5747.4065048587045,5772.143859819084,5788.744360267368,5792.314208426893
2024-09-16,,,,,,,,,,,,,,,5638.0,5699.25,5749.25,5790.0,5826.0,5859.0,5893.0,5633.08984375,0.0501429,0.04863369999999999,0.0448149,0.0388833,0.01424427746805226,,,,,,,,,,,,0.010958904109589041,0.2602739726027397,0.5095890410958904,0.7589041095890411,1.0082191780821919,1.2575342465753425,1.5068493150684932,,,,,,,,,,,,0.0507,0.0485,0.0447,0.0414,0.0388,0.0362,0.0328,,,,,,,,,,,,5635.3407959434635,5683.538319235082,5721.196785637071,5750.384365517868,5774.2920474797465,5790.7868607956625,5792.817494393703
2024-09-17,,,,,,,,,,,,,,,5639.0,5700.25,5750.75,5791.5,5827.5,5860.5,5894.5,5634.580078125,0.0496482,0.0481963,0.0443627,0.0384556,0.01432977616026074,,,,,,,,,,,,0.00821917808219178,0.25753424657534246,0.5068493150684932,0.7561643835616438,1.0054794520547945,1.2547945205479452,1.5041095890410958,,,,,,,,,,,,0.0502,0.0481,0.0443,0.041,0.0384,0.0358,0.0325,,,,,,,,,,,,5636.241531101928,5683.797672163561,5720.824920381313,5749.366632007285,5772.612435820487,5788.443000823378,5790.696814841395
2024-09-18,,,,,,,,,,,,,,,5620.75,5680.0,5730.5,5771.25,5807.25,5843.0,5877.0,5618.259765625,0.0496086,0.0481353,0.04443800000000001,0.0386454,0.0144634816053497,,,,,,,,,,,,0.005479452054794521,0.2547945205479452,0.5041095890410959,0.7534246575342466,1.0027397260273974,1.252054794520548,1.5013698630136987,,,,,,,,,,,,0.0502,0.0481,0.0444,0.0412,0.0386,0.0361,0.0328,,,,,,,,,,,,5619.36002152898,5666.617428639104,5703.689531645159,5732.58129989255,5755.89537141398,5772.53931118005,5775.078571788042
2024-09-19,,,,,,,,,,,,,,,5717.75,5778.0,5828.75,5869.25,5905.25,5941.0,5975.0,5713.64013671875,0.0491991,0.0475327,0.0439343,0.0385402,0.01417046451040676,,,,,,,,,,,,0.0027397260273972603,0.25205479452054796,0.5013698630136987,0.7506849315068493,1.0,1.2493150684931507,1.4986301369863013,,,,,,,,,,,,0.0499,0.0475,0.0439,0.0409,0.0385,0.0362,0.0332,,,,,,,,,,,,5714.199467404201,5761.841864996652,5799.442636258926,5829.444904076844,5854.355171912139,5873.073863428264,5878.9287384835725
2024-09-20,,,,,,,,,,,,,,,5699.9902,5762.0,5812.25,5853.0,5889.0,5924.75,5962.75,5702.5498046875,0.0485722,0.0469125,0.0435139,0.0383149,0.0143043174038622,,,,,,,,,,,,0.0,0.2493150684931507,0.4986301369863014,0.7479452054794521,0.9972602739726028,1.2465753424657535,1.4958904109589042,,,,,,,,,,,,0.0493,0.0469,0.0435,0.0407,0.0383,0.036,0.0332,,,,,,,,,,,,5702.5498046875,5749.08093021993,5786.173869774355,5816.25121582047,5840.657347283196,5858.881481665927,5866.037007660357
2024-09-23,,,,,,,,,,,,,,,,5776.75,5827.0,5867.75,5903.75,5939.5,5977.5,5718.56982421875,0.0485478,0.04667950000000001,0.0433369,0.038235,0.01450820076368371,,,,,,,,,,,,,0.2410958904109589,0.4904109589041096,0.7397260273972602,0.989041095890411,1.2383561643835617,1.4876712328767123,,,,,,,,,,,,,0.0468,0.0435,0.0406,0.0383,0.036,0.0333,,,,,,,,,,,,,5763.265052418995,5800.456605046045,5830.0147267860375,5854.729584510008,5872.810122668525,5880.693884614492
2024-09-24,,,,,,,,,,,,,,,,5792.0,5842.0,5882.5,5918.75,5954.5,5992.5,5732.93017578125,0.0485447,0.0465883,0.0430962,0.0379522,0.01460914978277588,,,,,,,,,,,,,0.23835616438356164,0.4876712328767123,0.736986301369863,0.9863013698630136,1.2356164383561643,1.484931506849315,,,,,,,,,,,,,0.0467,0.0433,0.0404,0.0381,0.0358,0.033,,,,,,,,,,,,,5776.949796191128,5813.707415848293,5842.941069199433,5867.307452384498,5885.022343386957,5891.649017097649
2024-09-25,,,,,,,,,,,,,,,,5779.0,5829.5,5871.0,5906.75,5942.5,5980.5,5722.259765625,0.04855279999999999,0.04643169999999999,0.0428644,0.0376676,0.01476653068534291,,,,,,,,,,,,,0.2356164383561644,0.4849315068493151,0.7342465753424657,0.9835616438356164,1.2328767123287672,1.4821917808219178,,,,,,,,,,,,,0.0466,0.0431,0.0401,0.0378,0.0355,0.0327,,,,,,,,,,,,,5765.340872818336,5801.4250361614295,5829.695705368745,5853.376230805499,5870.41660245336,5876.401778202608
2024-09-26,,,,,,,,,,,,,,,,5804.5,5856.5,5898.0,5939.75,5975.5,6013.5,5745.3701171875,0.0484544,0.0460367,0.042452,0.0374484,0.01462783455464355,,,,,,,,,,,,,0.2328767123287671,0.4821917808219178,0.7315068493150685,0.9808219178082191,1.2301369863013698,1.4794520547945205,,,,,,,,,,,,,0.0463,0.0427,0.0398,0.0376,0.0354,0.0327,,,,,,,,,,,,,5787.902961782077,5823.669147995189,5852.143151798623,5876.2919181748375,5894.071071091259,5901.055514985795
2024-09-27,,,,,,,,,,,,,,,,5791.25,5842.5,5884.0,5920.75,5956.5,5994.5,5738.169921875,0.048441,0.0459335,0.0426185,0.0378308,0.01471074732997104,,,,,,,,,,,,,0.23013698630136986,0.4794520547945205,0.7287671232876712,0.9780821917808219,1.2273972602739727,1.4767123287671233,,,,,,,,,,,,,0.0462,0.0429,0.0402,0.038,0.0359,0.0333,,,,,,,,,,,,,5779.904570555344,5816.250008678605,5845.756771748832,5870.378627266476,5889.3636997645945,5897.870238116299
2024-09-30,,,,,,,,,,,,,,,,5814.25,5866.75,5909.0,5947.75,5986.0,6024.0,5762.47998046875,0.048457,0.0459211,0.0425387,0.0377668,0.01482846853716426,,,,,,,,,,,,,0.2219178082191781,0.4712328767123288,0.7205479452054795,0.9698630136986301,1.2191780821917808,1.4684931506849315,,,,,,,,,,,,,0.0463,0.0429,0.0402,0.038,0.0359,0.0334,,,,,,,,,,,,,5802.8665458036485,5839.213789761187,5868.795043412181,5893.447529599188,5912.435729766662,5921.79789318695
2024-10-01,,,,,,,,,,,,,,,,5759.75,5811.25,5853.5,5892.25,5930.5,5968.5,5708.75,0.0484954,0.04609530000000001,0.0428402,0.0382124,0.015013432231224,,,,,,,,,,,,,0.2191780821917808,0.4684931506849315,0.7178082191780822,0.9671232876712329,1.2164383561643837,1.4657534246575343,,,,,,,,,,,,,0.0465,0.0432,0.0406,0.0385,0.0364,0.034,,,,,,,,,,,,,5748.28328473707,5784.635202532251,5814.567078849237,5839.904781407609,5859.214363024155,5869.853712069862
2024-10-02,,,,,,,,,,,,,,,,5760.25,5812.25,5854.0,5893.0,5931.25,5969.25,5709.5400390625,0.0485655,0.0459824,0.04282619999999999,0.0381791,0.01503920498858152,,,,,,,,,,,,,0.21643835616438356,0.4657534246575342,0.7150684931506849,0.9643835616438357,1.2136986301369863,1.463013698630137,,,,,,,,,,,,,0.0465,0.0432,0.0407,0.0385,0.0363,0.0339,,,,,,,,,,,,,5748.55080769965,5784.919548078865,5815.272769993481,5840.191993483097,5858.787463136544,5869.280584444088
2024-10-03,,,,,,,,,,,,,,,,5749.5,5802.0,5845.0,5884.0,5922.25,5960.25,5699.93994140625,0.0485077,0.0458972,0.0427362,0.0383337,0.01523689918651728,,,,,,,,,,,,,0.2136986301369863,0.46301369863013697,0.7123287671232876,0.9616438356164384,1.210958904109589,1.4602739726027398,,,,,,,,,,,,,0.0464,0.0431,0.0407,0.0386,0.0367,0.0344,,,,,,,,,,,,,5738.025434229607,5773.951234802325,5804.269325646256,5829.449788847258,5850.028723486996,5861.696199482763
2024-10-04,,,,,,,,,,,,,,,,5800.0,5855.25,5902.75,5949.25,5994.5,6038.25,5751.06982421875,0.0484558,0.04583980000000001,0.0428099,0.0386582,0.01432503772791241,,,,,,,,,,,,,0.21095890410958903,0.4602739726027397,0.7095890410958904,0.958904109589041,1.2082191780821918,1.4575342465753425,,,,,,,,,,,,,0.0464,0.0432,0.0409,0.039,0.0371,0.0349,,,,,,,,,,,,,5790.116387083931,5828.013982260382,5860.548476518842,5888.768052481514,5911.5202987365865,5926.1490814926065
2024-10-07,,,,,,,,,,,,,,,,5744.75,5800.75,5848.5,5895.0,5940.25,5984.0,5695.93994140625,0.0481842,0.0463668,0.0439184,0.0404788,0.01495600983509525,,,,,,,,,,,,,0.20273972602739726,0.4520547945205479,0.7013698630136986,0.9506849315068493,1.2,1.4493150684931506,,,,,,,,,,,,,0.0469,0.0443,0.0424,0.0408,0.0393,0.0375,,,,,,,,,,,,,5732.94835706708,5772.000465178091,5806.6395781981755,5837.6196646303315,5864.7884893445325,5885.119078277732
2024-10-08,,,,,,,,,,,,,,,,5800.5,5856.75,5905.0,5951.5,5996.75,6040.5,5751.1298828125,0.0482354,0.0467595,0.04468200000000001,0.0415975,0.01498331662749014,,,,,,,,,,,,,0.2,0.44931506849315067,0.6986301369863014,0.947945205479452,1.1972602739726028,1.4465753424657535,,,,,,,,,,,,,0.0472,0.0451,0.0433,0.0419,0.0405,0.0389,,,,,,,,,,,,,5788.305989372991,5829.482413154814,5866.036690140165,5899.761213558749,5929.538872546791,5953.585370201592
2024-10-09,,,,,,,,,,,,,,,,5841.25,5899.0,5949.25,5995.5,6043.5,6087.25,5792.0400390625,0.0482299,0.04658280000000001,0.0444581,0.04127939999999999,0.01492674994479616,,,,,,,,,,,,,0.19726027397260273,0.4465753424657534,0.6958904109589041,0.9452054794520548,1.1945205479452055,1.4438356164383561,,,,,,,,,,,,,0.0471,0.0449,0.0431,0.0416,0.0401,0.0385,,,,,,,,,,,,,5828.91613841975,5870.0895090797985,5906.716317909116,5939.92359197566,5968.851511893961,5992.570583553906
2024-10-10,,,,,,,,,,,,,,,,5829.0,5886.5,5936.5,5983.0,6031.0,6074.75,5780.0498046875,0.0480396,0.046559,0.0444872,0.0414742,0.0143751198100959,,,,,,,,,,,,,0.19452054794520549,0.4438356164383562,0.6931506849315069,0.9424657534246575,1.1917808219178083,1.441095890410959,,,,,,,,,,,,,0.047,0.0449,0.0432,0.0418,0.0404,0.0389,,,,,,,,,,,,,5816.847852640552,5858.890952300498,5896.696535235416,5931.394287535636,5962.132699035866,5987.98525080898
2024-10-11,,,,,,,,,,,,,,,,5859.75,5917.75,5967.5,6014.0,6062.0,6105.75,5815.02978515625,0.0478592,0.04647300000000001,0.0444358,0.0413974,0.01447689919231222,,,,,,,,,,,,,0.1917808219178082,0.4410958904109589,0.6904109589041096,0.9397260273972603,1.189041095890411,1.4383561643835616,,,,,,,,,,,,,0.047,0.0449,0.0431,0.0417,0.0404,0.0388,,,,,,,,,,,,,5851.41326066308,5893.5905492414,5931.087647193769,5965.710526950224,5997.06114625914,6022.070819175683
2024-10-15,,,,,,,,,,,,,,,,5862.75,5921.75,5972.5,6019.5,6065.0,6110.0,5815.259765625,0.0478385,0.0464745,0.0444266,0.041203,0.01491536460841962,,,,,,,,,,,,,0.18082191780821918,0.4301369863013699,0.6794520547945205,0.9287671232876712,1.178082191780822,1.4273972602739726,,,,,,,,,,,,,0.047,0.045,0.0432,0.0416,0.0402,0.0385,,,,,,,,,,,,,5849.095663881172,5891.001228163129,5928.098537585843,5961.184891808417,5991.086823388469,6014.360947029018
2024-10-16,,,,,,,,,,,,,,,,5887.0,5946.25,5996.5,6043.5,6089.0,6134.0,5842.47021484375,0.0478089,0.0463235,0.0443182,0.041101,0.01498068267174435,,,,,,,,,,,,,0.1780821917808219,0.4273972602739726,0.6767123287671233,0.9260273972602739,1.1753424657534246,1.4246575342465753,,,,,,,,,,,,,0.047,0.0449,0.0431,0.0415,0.04,0.0384,,,,,,,,,,,,,5875.879550871997,5917.6601371232355,5954.709256054229,5987.723583818053,6016.8264679148815,6040.689712754713
2024-10-17,,,,,,,,,,,,,,,,5887.0,5947.0,5999.25,6046.0,6091.5,6136.5,5841.47021484375,0.0475915,0.046174,0.04415359999999999,0.0408911,0.01511738561776815,,,,,,,,,,,,,0.17534246575342466,0.4246575342465753,0.673972602739726,0.9232876712328767,1.1726027397260275,1.4219178082191781,,,,,,,,,,,,,0.0468,0.0447,0.0429,0.0414,0.0398,0.0382,,,,,,,,,,,,,5874.011684716873,5915.316442766786,5951.880590203955,5984.955645872017,6013.009761899958,6036.377586657927
2024-10-18,,,,,,,,,,,,,,,,5906.0,5966.0,6018.25,6065.0,6110.5,6155.5,5864.669921875,0.0475906,0.0463163,0.0444371,0.0413231,0.01497207091583107,,,,,,,,,,,,,0.1726027397260274,0.42191780821917807,0.6712328767123288,0.9205479452054794,1.16986301369863,1.4191780821917808,,,,,,,,,,,,,0.0469,0.045,0.0433,0.0418,0.0403,0.0388,,,,,,,,,,,,,5897.078443782885,5939.4439580741,5977.251449937946,6011.309407068671,6041.041365943773,6066.381361088539
2024-10-21,,,,,,,,,,,,,,,,5896.25,5956.25,6008.75,6059.75,6108.0,6155.0,5853.97998046875,0.0474461,0.0462626,0.0443756,0.0412025,0.01552107431806725,,,,,,,,,,,,,0.1643835616438356,0.4136986301369863,0.663013698630137,0.9123287671232877,1.1616438356164382,1.4109589041095891,,,,,,,,,,,,,0.0469,0.045,0.0433,0.0417,0.0402,0.0387,,,,,,,,,,,,,5884.253872333846,5925.808655401011,5962.796465887004,5995.47822207372,6024.231325141055,6048.596611169269
2024-10-22,,,,,,,,,,,,,,,,5892.5,5952.5,6005.0,6056.0,6104.25,6151.25,5851.2001953125,0.0474333,0.0463476,0.044578,0.0415642,0.01572492682594673,,,,,,,,,,,,,0.16164383561643836,0.410958904109589,0.6602739726027397,0.9095890410958904,1.158904109589041,1.4082191780821918,,,,,,,,,,,,,0.0469,0.0452,0.0435,0.0421,0.0407,0.0392,,,,,,,,,,,,,5880.760323073831,5922.507038967922,5959.496273860868,5993.270637010148,6023.030372077973,6047.862174703846
2024-10-23,,,,,,,,,,,,,,,,5837.75,5897.25,5949.75,6000.75,6049.0,6096.0,5797.419921875,0.0473759,0.0462587,0.0445486,0.0416561,0.01601341504158029,,,,,,,,,,,,,0.1589041095890411,0.40821917808219177,0.6575342465753424,0.9068493150684932,1.1561643835616437,1.4054794520547946,,,,,,,,,,,,,0.0469,0.0452,0.0436,0.0422,0.0408,0.0394,,,,,,,,,,,,,5825.943629464057,5866.906547086234,5903.539592052321,5936.7406114288615,5965.962164653,5991.143779951213
2024-10-24,,,,,,,,,,,,,,,,5849.0,5909.0,5961.0,6012.0,6060.25,6107.25,5809.85986328125,0.0471767,0.0461721,0.0444788,0.0417793,0.01623565596841076,,,,,,,,,,,,,0.15616438356164383,0.4054794520547945,0.6547945205479452,0.9041095890410958,1.1534246575342466,1.4027397260273973,,,,,,,,,,,,,0.0467,0.0451,0.0435,0.0422,0.041,0.0397,,,,,,,,,,,,,5837.565807483575,5878.2573507093875,5914.512010766706,5947.857454735501,5978.204402240482,6004.26961208793
2024-10-25,,,,,,,,,,,,,,,,5846.0,5906.25,5958.25,6009.0,6057.25,6104.25,5808.1201171875,0.047073,0.0460464,0.0443072,0.041529,0.01643009175140494,,,,,,,,,,,,,0.15342465753424658,0.40273972602739727,0.6520547945205479,0.9013698630136986,1.1506849315068493,1.4,,,,,,,,,,,,,0.0467,0.045,0.0434,0.042,0.0408,0.0394,,,,,,,,,,,,,5835.15663223662,5875.335681433584,5911.164297237438,5943.539927968855,5973.297051224295,5997.932522062587
2024-10-28,,,,,,,,,,,,,,,,5861.5,5922.5,5975.25,6026.5,6074.75,6121.75,5823.52001953125,0.0469649,0.0458917,0.044127,0.0414467,0.01721544371717386,,,,,,,,,,,,,0.14520547945205478,0.39452054794520547,0.6438356164383562,0.8931506849315068,1.1424657534246576,1.3917808219178083,,,,,,,,,,,,,0.0466,0.0449,0.0432,0.042,0.0408,0.0394,,,,,,,,,,,,,5848.42089222807,5887.473860977458,5921.765768225853,5953.86885920858,5982.565211590179,6006.13191534296
2024-10-29,,,,,,,,,,,,,,,,5871.0,5932.0,5984.75,6036.0,6084.25,6131.25,5832.919921875,0.0468516,0.0458537,0.0442681,0.0418548,0.01752665695873279,,,,,,,,,,,,,0.14246575342465753,0.3917808219178082,0.6410958904109589,0.8904109589041096,1.1397260273972603,1.389041095890411,,,,,,,,,,,,,0.0465,0.0449,0.0435,0.0423,0.0413,0.0401,,,,,,,,,,,,,5857.046277816782,5895.810830832963,5930.859376717697,5963.014700040756,5993.124029777727,6018.71041966168
2024-10-30,,,,,,,,,,,,,,,,5852.0,5913.0,5966.0,6017.0,6070.25,6117.25,5813.669921875,0.0467171,0.0457106,0.04418,0.0417434,0.0178749533131143,,,,,,,,,,,,,0.13972602739726028,0.38904109589041097,0.6383561643835617,0.8876712328767123,1.1369863013698631,1.3863013698630138,,,,,,,,,,,,,0.0464,0.0448,0.0434,0.0422,0.0411,0.0399,,,,,,,,,,,,,5836.887655028535,5874.887889510803,5909.174235797364,5940.56752490579,5969.233859775427,5993.918548330636
2024-10-31,,,,,,,,,,,,,,,,5738.5,5798.0,5850.0,5900.5,5953.75,6000.75,5705.4501953125,0.0465606,0.0455924,0.0440726,0.0416874,0.01790003005966233,,,,,,,,,,,,,0.136986301369863,0.3863013698630137,0.6356164383561644,0.8849315068493151,1.1342465753424658,1.3835616438356164,,,,,,,,,,,,,0.0463,0.0448,0.0433,0.0422,0.0411,0.0399,,,,,,,,,,,,,5727.6899505817855,5765.047469950159,5798.310204436686,5829.467752679483,5857.579004536612,5881.784528971028
2024-11-01,,,,,,,,,,,,,,,,5758.25,5817.5,5869.5,5920.0,5968.25,6015.25,5728.7998046875,0.04652,0.0455429,0.0441198,0.0419104,0.01790639159167772,,,,,,,,,,,,,0.13424657534246576,0.3835616438356164,0.6328767123287671,0.8821917808219178,1.1315068493150684,1.3808219178082193,,,,,,,,,,,,,0.0462,0.0448,0.0435,0.0424,0.0414,0.0403,,,,,,,,,,,,,5750.600997492889,5788.2002595709255,5822.348189533271,5853.935151903209,5883.1317428140155,5908.710605320524
2024-11-04,,,,,,,,,,,,,,,,5743.25,5802.5,5854.5,5905.0,5953.25,6000.25,5712.68994140625,0.0464045,0.04531640000000001,0.0438167,0.04142680000000001,0.01865365433294094,,,,,,,,,,,,,0.12602739726027398,0.37534246575342467,0.6246575342465753,0.873972602739726,1.1232876712328768,1.3726027397260274,,,,,,,,,,,,,0.0461,0.0445,0.0432,0.042,0.0409,0.0397,,,,,,,,,,,,,5732.484301932044,5768.379759942361,5800.957937562866,5830.449346661918,5857.243214130821,5880.126513192497
2024-11-05,,,,,,,,,,,,,,,,5812.25,5872.5,5924.5,5975.0,6023.25,6070.25,5782.759765625,0.0463008,0.0452266,0.043803,0.04151150000000001,0.01878944079055631,,,,,,,,,,,,,0.1232876712328767,0.3726027397260274,0.6219178082191781,0.8712328767123287,1.1205479452054794,1.36986301369863,,,,,,,,,,,,,0.046,0.0445,0.0432,0.0421,0.041,0.0399,,,,,,,,,,,,,5802.19191948205,5838.423791149882,5871.2197041683485,5901.402074299978,5928.486977482423,5952.430425887194
2024-11-06,,,,,,,,,,,,,,,,5958.25,6021.5,6076.75,6129.5,6179.0,6228.0,5929.0400390625,0.04632559999999999,0.0452226,0.04396410000000001,0.0419947,0.01875565961530684,,,,,,,,,,,,,0.12054794520547946,0.3698630136986301,0.6191780821917808,0.8684931506849315,1.1178082191780823,1.367123287671233,,,,,,,,,,,,,0.0461,0.0446,0.0435,0.0425,0.0416,0.0406,,,,,,,,,,,,,5948.616204505462,5985.986675072815,6020.579222266385,6052.576897214231,6082.391206696994,6108.774768786891
2024-11-07,,,,,,,,,,,,,,,,6003.75,6067.75,6123.5,6175.75,6230.5,6281.5,5973.10009765625,0.0462214,0.0452163,0.04410389999999999,0.04246610000000001,0.01932624841233879,,,,,,,,,,,,,0.1178082191780822,0.36712328767123287,0.6164383561643836,0.8657534246575342,1.115068493150685,1.3643835616438356,,,,,,,,,,,,,0.046,0.0446,0.0437,0.0429,0.0421,0.0413,,,,,,,,,,,,,5991.899412681772,6028.779916773426,6063.523018378815,6096.257925690854,6126.725094342236,6154.888828055234
2024-11-08,,,,,,,,,,,,,,,,6025.25,6090.0,6146.75,6202.75,6257.5,6310.5,5995.5400390625,0.0461648,0.0451617,0.0440107,0.0421872,0.01794686220946431,,,,,,,,,,,,,0.11506849315068493,0.3643835616438356,0.6136986301369863,0.863013698630137,1.1123287671232878,1.3616438356164384,,,,,,,,,,,,,0.046,0.0446,0.0436,0.0427,0.0418,0.0409,,,,,,,,,,,,,6014.925106906297,6054.052189811668,6090.6765135531905,6124.996365225763,6156.746037744742,6185.8836444041435
2024-11-12,,,,,,,,,,,,,,,,6013.0,6079.0,6137.25,6193.0,6250.75,6305.75,5983.990234375,0.0460769,0.045168,0.04412600000000001,0.042396,0.01943030410245045,,,,,,,,,,,,,0.10410958904109589,0.35342465753424657,0.6027397260273972,0.852054794520548,1.1013698630136985,1.3506849315068492,,,,,,,,,,,,,0.046,0.0447,0.0438,0.0429,0.0421,0.0412,,,,,,,,,,,,,6000.565824323572,6037.6722122099645,6072.5352852701735,6104.859391671782,6135.2776175904255,6162.555891406436
2024-11-13,,,,,,,,,,,,,,,,6016.0,6082.75,6140.0,6196.0,6253.75,6308.75,5985.3798828125,0.0460929,0.0452346,0.0444343,0.0431679,0.01951273334496224,,,,,,,,,,,,,0.10136986301369863,0.3506849315068493,0.6,0.8493150684931506,1.0986301369863014,1.347945205479452,,,,,,,,,,,,,0.046,0.0449,0.0442,0.0435,0.0429,0.0423,,,,,,,,,,,,,6001.472285665732,6038.905224805965,6074.697352529449,6108.569103646476,6141.1607126909075,6172.079383612077
2024-11-14,,,,,,,,,,,,,,,,5978.25,6045.75,6105.75,6161.0,6218.75,6273.75,5949.169921875,0.0461048,0.0448539,0.04385729999999999,0.04244539999999999,0.01901298394693908,,,,,,,,,,,,,0.09863013698630137,0.34794520547945207,0.5972602739726027,0.8465753424657534,1.095890410958904,1.3452054794520547,,,,,,,,,,,,,0.046,0.0444,0.0436,0.0429,0.0422,0.0415,,,,,,,,,,,,,5965.026117433743,6001.9534510429485,6037.177182672566,6070.699635866157,6102.2779106511525,6131.879796184506
2024-11-15,,,,,,,,,,,,,,,,5896.5,5963.0,6021.75,6079.0,6136.75,6191.75,5870.6201171875,0.0461045,0.0449113,0.0439191,0.0424243,0.01847509620168247,,,,,,,,,,,,,0.0958904109589041,0.3452054794520548,0.5945205479452055,0.8438356164383561,1.093150684931507,1.3424657534246576,,,,,,,,,,,,,0.046,0.0444,0.0436,0.0429,0.0421,0.0414,,,,,,,,,,,,,5886.13534750945,5923.394553532166,5958.969369855163,5992.872663928356,6024.206983984374,6054.102662666187
2024-11-18,,,,,,,,,,,,,,,,5920.0,5986.0,6043.5,6098.25,6154.0,6209.0,5893.6201171875,0.0460617,0.04521,0.044315,0.0428835,0.018440841170446,,,,,,,,,,,,,0.08767123287671233,0.336986301369863,0.5863013698630137,0.8356164383561644,1.084931506849315,1.3342465753424657,,,,,,,,,,,,,0.046,0.0449,0.0441,0.0433,0.0426,0.0419,,,,,,,,,,,,,5907.877177138781,5946.404813128036,5982.954022852945,6017.327064726292,6050.14030310224,6081.009583462142
2024-11-19,,,,,,,,,,,,,,,,5938.75,6003.75,6060.75,6116.0,6169.75,6221.75,5916.97998046875,0.0459921,0.0452014,0.0443045,0.0428399,0.01876236128827286,,,,,,,,,,,,,0.08493150684931507,0.33424657534246577,0.5835616438356165,0.8328767123287671,1.082191780821918,1.3315068493150686,,,,,,,,,,,,,0.046,0.0449,0.044,0.0433,0.0426,0.0419,,,,,,,,,,,,,5930.683774265379,5968.899646058887,6004.768467864537,6039.148397140435,6071.605556816879,6102.106898358766
2024-11-20,,,,,,,,,,,,,,,,5937.75,6002.75,6060.0,6115.0,6168.75,6225.0,5917.10986328125,0.0459513,0.0451379,0.0442324,0.0426102,0.01897816714488516,,,,,,,,,,,,,0.0821917808219178,0.3315068493150685,0.5808219178082191,0.8301369863013699,1.0794520547945206,1.3287671232876712,,,,,,,,,,,,,0.046,0.0448,0.044,0.0432,0.0424,0.0415,,,,,,,,,,,,,5930.26620647301,5967.9784106195075,6003.732504300235,6037.292019365232,6068.617845080301,6096.8631546537345
2024-11-21,,,,,,,,,,,,,,,,5970.5,6035.75,6093.75,6149.5,6205.25,6261.5,5948.7099609375,0.0458771,0.0452084,0.0443378,0.0429125,0.0176173172054116,,,,,,,,,,,,,0.07945205479452055,0.3287671232876712,0.5780821917808219,0.8273972602739726,1.0767123287671232,1.326027397260274,,,,,,,,,,,,,0.0459,0.0449,0.0441,0.0434,0.0427,0.042,,,,,,,,,,,,,5962.0924401528455,6002.307819755522,6040.480429409561,6076.974177155156,6111.554846867766,6144.187347678289
2024-11-22,,,,,,,,,,,,,,,,5987.0,6053.75,6113.75,6172.0,6229.5,6287.5,5969.33984375,0.045885,0.0452094,0.0443716,0.0429958,0.01782443451502595,,,,,,,,,,,,,0.07671232876712329,0.32602739726027397,0.5753424657534246,0.8246575342465754,1.073972602739726,1.3232876712328767,,,,,,,,,,,,,0.0459,0.0449,0.0441,0.0435,0.0428,0.0421,,,,,,,,,,,,,5982.210116390718,6022.266710884123,6060.266590765183,6097.0795294904165,6131.62261407439,6164.209464997695
2024-11-25,,,,,,,,,,,,,,,,6006.5,6073.5,6134.25,6192.25,6249.0,6306.25,5987.3701171875,0.0458557,0.0452108,0.0444499,0.0432577,0.01976620748068809,,,,,,,,,,,,,0.0684931506849315,0.3178082191780822,0.5671232876712329,0.8164383561643835,1.0657534246575342,1.3150684931506849,,,,,,,,,,,,,0.0459,0.045,0.0443,0.0437,0.0431,0.0425,,,,,,,,,,,,,5998.0970222503975,6035.578918774223,6071.258746059409,6105.516680885544,6138.131251878621,6169.074116158876
2024-11-26,,,,,,,,,,,,,,,,6038.25,6105.25,6165.75,6223.75,6280.5,6337.75,6021.6298828125,0.0457258,0.0451391,0.04432870000000001,0.0430411,0.01935380629519872,,,,,,,,,,,,,0.06575342465753424,0.3150684931506849,0.5643835616438356,0.8136986301369863,1.063013698630137,1.3123287671232877,,,,,,,,,,,,,0.0458,0.0449,0.0441,0.0435,0.0429,0.0423,,,,,,,,,,,,,6032.110172040883,6070.292356536218,6106.320072432964,6141.111132979094,6174.252939810859,6205.716711241005
2024-11-27,,,,,,,,,,,,,,,,6015.0,6081.75,6142.0,6200.0,6256.75,6314.0,5998.740234375,0.0455265,0.0449937,0.044243,0.04305030000000001,0.01935541170647455,,,,,,,,,,,,,0.06301369863013699,0.31232876712328766,0.5616438356164384,0.810958904109589,1.0602739726027397,1.3095890410958904,,,,,,,,,,,,,0.0456,0.0448,0.0441,0.0435,0.0429,0.0423,,,,,,,,,,,,,6008.668970131316,6046.602615382243,6082.690604510848,6117.35464242491,6150.375890818524,6181.7256731442185
2024-11-29,,,,,,,,,,,,,,,,6051.5,6119.0,6179.75,6237.25,6292.0,6351.25,6032.3798828125,0.0453093,0.044662,0.0438359,0.0425389,0.01939905617083192,,,,,,,,,,,,,0.057534246575342465,0.30684931506849317,0.5561643835616439,0.8054794520547945,1.0547945205479452,1.3041095890410959,,,,,,,,,,,,,0.0454,0.0445,0.0437,0.043,0.0424,0.0418,,,,,,,,,,,,,6041.4107427572235,6079.02191664265,6114.462863329551,6148.15281824485,6180.522879111006,6211.2048341857235
2024-12-02,,,,,,,,,,,,,,,,6061.75,6129.75,6191.0,6248.0,6302.75,6362.0,6047.14990234375,0.0452397,0.0446472,0.043754,0.042343,0.02011832971238289,,,,,,,,,,,,,0.049315068493150684,0.29863013698630136,0.547945205479452,0.7972602739726027,1.0465753424657533,1.295890410958904,,,,,,,,,,,,,0.0454,0.0445,0.0436,0.0429,0.0422,0.0416,,,,,,,,,,,,,6054.693992996954,6091.34049767558,6125.459286520021,6157.987325098972,6188.527669888698,6217.85480781109
2024-12-03,,,,,,,,,,,,,,,,6063.25,6131.25,6191.75,6249.5,6305.5,6364.75,6049.8798828125,0.0452539,0.0447178,0.0439344,0.04260849999999999,0.02074845277762251,,,,,,,,,,,,,0.04657534246575343,0.2958904109589041,0.5452054794520548,0.7945205479452054,1.0438356164383562,1.2931506849315069,,,,,,,,,,,,,0.0454,0.0446,0.0438,0.0431,0.0425,0.0419,,,,,,,,,,,,,6056.830067315748,6092.727591766352,6126.393542040624,6158.277927953408,6188.81392872484,6217.6408829812735
2024-12-04,,,,,,,,,,,,,,,,6098.5,6167.0,6227.25,6285.0,6341.0,6400.25,6086.490234375,0.045074,0.0444417,0.04352909999999999,0.0420612,0.02103033646173985,,,,,,,,,,,,,0.043835616438356165,0.29315068493150687,0.5424657534246575,0.7917808219178082,1.0410958904109588,1.2904109589041095,,,,,,,,,,,,,0.0452,0.0443,0.0434,0.0426,0.042,0.0413,,,,,,,,,,,,,6092.942240017879,6128.1512700719495,6160.798376847802,6191.330736888782,6220.828081266352,6247.789963382914
2024-12-05,,,,,,,,,,,,,,,,6088.75,6156.75,6217.75,6275.0,6331.0,6390.25,6075.10986328125,0.0448252,0.0442844,0.0433044,0.0417784,0.02092949255702703,,,,,,,,,,,,,0.0410958904109589,0.29041095890410956,0.5397260273972603,0.7890410958904109,1.0383561643835617,1.2876712328767124,,,,,,,,,,,,,0.045,0.0441,0.0432,0.0424,0.0417,0.041,,,,,,,,,,,,,6081.122328766124,6116.1269375017455,6148.573145658197,6178.905710397393,6207.555989384933,6234.162754859673
2024-12-06,,,,,,,,,,,,,,,,6099.0,6167.0,6227.0,6284.25,6340.25,6399.5,6090.27001953125,0.04477299999999999,0.04426720000000001,0.0432942,0.0418079,0.0194054438437262,,,,,,,,,,,,,0.038356164383561646,0.2876712328767123,0.536986301369863,0.7863013698630137,1.0356164383561643,1.284931506849315,,,,,,,,,,,,,0.0449,0.0441,0.0432,0.0424,0.0417,0.041,,,,,,,,,,,,,6096.228445320071,6133.688809489014,6168.586810497855,6201.387578076283,6232.5217598586905,6261.626305002418
2024-12-09,,,,,,,,,,,,,,,,6065.75,6133.25,6193.0,6250.5,6306.5,6365.75,6052.85009765625,0.0445195,0.04396219999999999,0.0428907,0.0412895,0.02015408186151389,,,,,,,,,,,,,0.030136986301369864,0.27945205479452057,0.5287671232876713,0.7780821917808219,1.0273972602739727,1.2767123287671234,,,,,,,,,,,,,0.0447,0.0438,0.0428,0.0419,0.0412,0.0405,,,,,,,,,,,,,6057.329289494011,6092.97916673478,6125.765134972431,6156.136340331598,6185.153169878318,6212.138099744154
2024-12-10,,,,,,,,,,,,,,,,6046.25,6113.25,6172.25,6228.0,6282.5,6337.75,6034.91015625,0.0444652,0.0439219,0.0428598,0.0413085,0.02149812451899336,,,,,,,,,,,,,0.0273972602739726,0.27671232876712326,0.5260273972602739,0.7753424657534247,1.0246575342465754,1.273972602739726,,,,,,,,,,,,,0.0446,0.0438,0.0428,0.0419,0.0412,0.0406,,,,,,,,,,,,,6038.73102948238,6072.267970126682,6102.9138499004775,6131.132056925416,6157.979019544722,6183.572836776014
2024-12-11,,,,,,,,,,,,,,,,6092.75,6159.75,6218.25,6274.25,6328.75,6384.0,6084.18994140625,0.0444351,0.0439545,0.0429464,0.0414866,0.02303142355926634,,,,,,,,,,,,,0.024657534246575342,0.273972602739726,0.5232876712328767,0.7726027397260274,1.021917808219178,1.2712328767123289,,,,,,,,,,,,,0.0446,0.0439,0.0429,0.0421,0.0414,0.0408,,,,,,,,,,,,,6087.426544021962,6119.075432166785,6147.777133833841,6174.4883953979825,6199.475979909525,6223.1834983771505
2024-12-12,,,,,,,,,,,,,,,,6060.75,6127.75,6185.75,6241.75,6296.25,6351.5,6051.25,0.04397090000000001,0.0435857,0.0426045,0.0412138,0.02630623838049982,,,,,,,,,,,,,0.021917808219178082,0.27123287671232876,0.5205479452054794,0.7698630136986301,1.0191780821917809,1.2684931506849315,,,,,,,,,,,,,0.0441,0.0435,0.0425,0.0418,0.0412,0.0406,,,,,,,,,,,,,6053.610449299091,6079.535990399963,6102.475396740503,6123.861957350119,6143.8050037802805,6161.969195062982
2024-12-13,,,,,,,,,,,,,,,,6055.5,6125.75,6183.25,6239.25,6293.75,6349.0,6051.08984375,0.0438182,0.0434872,0.04260410000000001,0.0413579,0.02369616822087739,,,,,,,,,,,,,0.019178082191780823,0.2684931506849315,0.5178082191780822,0.7671232876712328,1.0164383561643835,1.2657534246575342,,,,,,,,,,,,,0.0439,0.0434,0.0425,0.0418,0.0413,0.0408,,,,,,,,,,,,,6053.43491834315,6083.187017524376,6110.295735715912,6135.712855241949,6160.337747106874,6183.51963098408
2024-12-16,,,,,,,,,,,,,,,,6080.5,6154.0,6212.5,6267.5,6322.0,6382.75,6074.080078125,0.0437521,0.0435138,0.0427273,0.0417105,0.02902565042481664,,,,,,,,,,,,,0.010958904109589041,0.2602739726027397,0.5095890410958904,0.7589041095890411,1.0082191780821919,1.2575342465753425,,,,,,,,,,,,,0.0438,0.0435,0.0427,0.0421,0.0417,0.0413,,,,,,,,,,,,,6075.063616183009,6097.00609596823,6116.553895618007,6134.648166312064,6152.19588525473,6168.563342844526
2024-12-17,,,,,,,,,,,,,,,,6053.75,6127.25,6186.0,6242.0,6298.5,6359.25,6050.60986328125,0.04366349999999999,0.0435285,0.0427749,0.0417776,0.03606801709764377,,,,,,,,,,,,,0.00821917808219178,0.25753424657534246,0.5068493150684932,0.7561643835616438,1.0054794520547945,1.2547945205479452,,,,,,,,,,,,,0.0437,0.0435,0.0428,0.0422,0.0418,0.0414,,,,,,,,,,,,,6050.9894216324965,6062.2017606130175,6071.290416784667,6078.730396950577,6085.582577788412,6091.227453672598
2024-12-18,,,,,,,,,,,,,,,,5872.25,5940.25,5998.5,6055.0,6103.25,6167.25,5872.16015625,0.0437026,0.0435406,0.0428318,0.041925,0.05282783366693862,,,,,,,,,,,,,0.005479452054794521,0.2547945205479452,0.5041095890410959,0.7534246575342466,1.0027397260273974,1.252054794520548,,,,,,,,,,,,,0.0438,0.0435,0.0428,0.0423,0.0419,0.0416,,,,,,,,,,,,,5871.869681872092,5858.220476970721,5842.550543489332,5825.766833544119,5808.165617749919,5790.187662420406
2024-12-19,,,,,,,,,,,,,,,,5868.75,5934.0,5990.75,6047.0,6102.25,6159.25,5867.080078125,0.0435603,0.0433731,0.0428092,0.0421112,0.1067300925949049,,,,,,,,,,,,,0.0027397260273972603,0.25205479452054796,0.5013698630136987,0.7506849315068493,1.0,1.2493150684931507,,,,,,,,,,,,,0.0436,0.0434,0.0428,0.0424,0.0421,0.0418,,,,,,,,,,,,,5866.065400647387,5774.169434965683,5682.0066681531525,5590.48165758141,5499.883917796788,5409.945049933152
2024-12-20,,,,,,,,,,,,,,,,5840.2598,6001.75,6058.75,6117.0,6177.25,6234.25,5930.85009765625,0.04336540000000001,0.0432742,0.0427621,0.0422397,0.0002411320651036652,,,,,,,,,,,,,0.0,0.2493150684931507,0.4986301369863014,0.7479452054794521,0.9972602739726028,1.2465753424657535,,,,,,,,,,,,,0.0434,0.0433,0.0428,0.0424,0.0422,0.0421,,,,,,,,,,,,,5930.85009765625,5994.86208233591,6058.054399273994,6120.844525081213,6184.285453875502,6248.5397146258
2024-12-23,,,,,,,,,,,,,,,,,6036.0,6093.5,6151.75,6212.0,6269.0,5974.06982421875,0.04338739999999999,0.0432594,0.0427159,0.0421088,0.01289655632505346,,,,,,,,,,,,,,0.2410958904109589,0.4904109589041096,0.7397260273972602,0.989041095890411,1.2383561643835617,,,,,,,,,,,,,,0.0433,0.0427,0.0423,0.0421,0.0419,,,,,,,,,,,,,,6018.021513545934,6062.027670056976,6105.432205112049,6149.1374114440205,6192.5378897032515
2024-12-24,,,,,,,,,,,,,,,,,6098.0,6156.25,6214.0,6274.0,6331.0,6040.0400390625,0.0433778,0.0432666,0.0428467,0.0424104,0.01279071106231206,,,,,,,,,,,,,,0.23835616438356164,0.4876712328767123,0.736986301369863,0.9863013698630136,1.2356164383561643,,,,,,,,,,,,,,0.0433,0.0429,0.0426,0.0424,0.0423,,,,,,,,,,,,,,6084.1237717263675,6129.382893423066,6174.20221680999,6219.032345269589,6264.337292379872
2024-12-26,,,,,,,,,,,,,,,,,6095.25,6153.75,6211.25,6271.0,6328.0,6037.58984375,0.0434464,0.0432466,0.0428209,0.0424026,0.01278614513370984,,,,,,,,,,,,,,0.2328767123287671,0.4821917808219178,0.7315068493150685,0.9808219178082191,1.2301369863013698,,,,,,,,,,,,,,0.0433,0.0428,0.0426,0.0424,0.0423,,,,,,,,,,,,,,6080.645548135941,6125.603817051721,6170.710213685919,6215.528874137309,6260.818856466707
2024-12-27,,,,,,,,,,,,,,,,,6027.0,6084.0,6140.5,6195.25,6253.25,5970.83984375,0.0435701,0.0432878,0.0428493,0.0423931,0.01287754435122647,,,,,,,,,,,,,,0.23013698630136986,0.4794520547945205,0.7287671232876712,0.9780821917808219,1.2273972602739727,,,,,,,,,,,,,,0.0433,0.0429,0.0426,0.0424,0.0422,,,,,,,,,,,,,,6012.790360751714,6057.407618969377,6101.583595795705,6145.763502013571,6189.646003321601
2024-12-30,,,,,,,,,,,,,,,,,5958.75,6014.75,6069.25,6123.0,6179.75,5906.93994140625,0.0433704,0.0431044,0.04262299999999999,0.0420684,0.0131188891171536,,,,,,,,,,,,,,0.2219178082191781,0.4712328767123288,0.7205479452054795,0.9698630136986301,1.2191780821917808,,,,,,,,,,,,,,0.0432,0.0427,0.0423,0.0421,0.0419,,,,,,,,,,,,,,5946.503829098071,5989.856845287142,6032.456517185534,6075.325867051287,6117.889722541898
2024-12-31,,,,,,,,,,,,,,,,,5935.75,5991.25,6045.5,6098.5,6154.5,5881.6298828125,0.0433249,0.04305100000000001,0.0425001,0.04175,0.01312146137342617,,,,,,,,,,,,,,0.2191780821917808,0.4684931506849315,0.7178082191780822,0.9671232876712329,1.2164383561643837,,,,,,,,,,,,,,0.0431,0.0426,0.0421,0.0418,0.0415,,,,,,,,,,,,,,5920.4031903677505,5963.421585600618,6005.255170654207,6047.044238355672,6088.213307608371
2025-01-02,,,,,,,,,,,,,,,,,5916.5,5971.75,6025.0,6077.5,6133.0,5868.5498046875,0.04325560000000001,0.0429605,0.042378,0.0416241,0.01318504415814677,,,,,,,,,,,,,,0.2136986301369863,0.46301369863013697,0.7123287671232876,0.9616438356164384,1.210958904109589,,,,,,,,,,,,,,0.043,0.0425,0.042,0.0417,0.0414,,,,,,,,,,,,,,5906.060142312272,5948.748001110944,5990.250753521664,6031.699325008421,6072.526241860456
2025-01-03,,,,,,,,,,,,,,,,,5989.5,6045.25,6100.25,6154.5,6211.5,5942.47021484375,0.0431543,0.0429369,0.0424195,0.04164710000000001,0.01298436918541391,,,,,,,,,,,,,,0.21095890410958903,0.4602739726027397,0.7095890410958904,0.958904109589041,1.2082191780821918,,,,,,,,,,,,,,0.043,0.0425,0.042,0.0417,0.0414,,,,,,,,,,,,,,5980.217703670224,6023.751178785371,6066.089003390277,6108.372947872896,6150.031588339434
2025-01-06,,,,,,,,,,,,,,,,,6020.5,6077.0,6131.75,6186.0,6243.0,5975.3798828125,0.0430639,0.042882,0.0424212,0.04177699999999999,0.01294658285123938,,,,,,,,,,,,,,0.20273972602739726,0.4520547945205479,0.7013698630136986,0.9506849315068493,1.2,,,,,,,,,,,,,,0.0429,0.0425,0.0421,0.0418,0.0416,,,,,,,,,,,,,,6011.777260761825,6055.745182757444,6098.8181267968375,6141.556326526358,6184.411025818716
2025-01-07,,,,,,,,,,,,,,,,,5954.25,6010.0,6065.75,6115.5,6172.5,5909.02978515625,0.0429743,0.0428516,0.0424557,0.0418552,0.01312102718743998,,,,,,,,,,,,,,0.2,0.44931506849315067,0.6986301369863014,0.947945205479452,1.1972602739726028,,,,,,,,,,,,,,0.0429,0.0425,0.0422,0.0419,0.0417,,,,,,,,,,,,,,5944.327762030518,5987.5485315054275,6030.302044316806,6072.452394187581,6114.714758251823
2025-01-08,,,,,,,,,,,,,,,,,5959.25,6014.5,6069.25,6119.5,6176.5,5918.25,0.0429764,0.04289030000000001,0.0425796,0.0420968,0.01311274472171256,,,,,,,,,,,,,,0.19726027397260273,0.4465753424657534,0.6958904109589041,0.9452054794520548,1.1945205479452055,,,,,,,,,,,,,,0.0429,0.0427,0.0424,0.0421,0.0419,,,,,,,,,,,,,,5953.127068456353,5996.966366275242,6040.105732646665,6082.645458248196,6125.300185062522
2025-01-10,,,,,,,,,,,,,,,,,5866.25,5921.25,5975.5,6026.25,6088.25,5827.0400390625,0.0430254,0.0428701,0.0424458,0.0417833,0.01318719102191488,,,,,,,,,,,,,,0.1917808219178082,0.4410958904109589,0.6904109589041096,0.9397260273972603,1.189041095890411,,,,,,,,,,,,,,0.0429,0.0426,0.0422,0.0419,0.0416,,,,,,,,,,,,,,5860.339320086753,5903.131829298698,5944.936927220918,5986.406606410689,6027.2638826667335
2025-01-13,,,,,,,,,,,,,,,,,5874.5,5929.75,5984.25,6034.75,6096.75,5836.22021484375,0.0430624,0.0430198,0.0427941,0.04244780000000001,0.01327905407448788,,,,,,,,,,,,,,0.18356164383561643,0.4328767123287671,0.6821917808219178,0.9315068493150684,1.180821917808219,,,,,,,,,,,,,,0.043,0.0429,0.0426,0.0425,0.0423,,,,,,,,,,,,,,5868.147460142959,5911.535322395173,5954.134618709069,5997.261060499229,6039.685450382029
2025-01-14,,,,,,,,,,,,,,,,,5882.25,5937.75,5993.75,6042.0,6104.0,5842.91015625,0.04305170000000001,0.0430758,0.0429626,0.0427781,0.01329671107769568,,,,,,,,,,,,,,0.18082191780821918,0.4301369863013699,0.6794520547945205,0.9287671232876712,1.178082191780822,,,,,,,,,,,,,,0.0431,0.043,0.0429,0.0428,0.0427,,,,,,,,,,,,,,5874.483110740062,5918.040931108919,5961.624449829076,6005.229493849471,6048.851856260059
2025-01-15,,,,,,,,,,,,,,,,,5989.0,6045.0,6099.5,6154.0,6212.0,5949.91015625,0.0430105,0.0430288,0.0428862,0.0426435,0.0129997209313127,,,,,,,,,,,,,,0.1780821917808219,0.4273972602739726,0.6767123287671233,0.9260273972602739,1.1753424657534246,,,,,,,,,,,,,,0.043,0.0429,0.0428,0.0427,0.0426,,,,,,,,,,,,,,5981.782707177188,6026.433744798674,6071.115348588996,6115.823272847934,6160.553236551864
2025-01-16,,,,,,,,,,,,,,,,,5975.5,6031.5,6086.0,6140.5,6198.5,5937.33984375,0.0429872,0.0429317,0.0426213,0.0420801,0.01305307587527208,,,,,,,,,,,,,,0.17534246575342466,0.4246575342465753,0.673972602739726,0.9232876712328767,1.1726027397260275,,,,,,,,,,,,,,0.043,0.0427,0.0424,0.0422,0.0419,,,,,,,,,,,,,,5968.598619996861,6012.562227157785,6055.943691648589,6099.288902427214,6141.611564904864
2025-01-17,,,,,,,,,,,,,,,,,6033.5,6090.5,6145.25,6199.5,6257.5,5996.66015625,0.043004,0.0429009,0.0425381,0.0419425,0.01294589495113615,,,,,,,,,,,,,,0.1726027397260274,0.42191780821917807,0.6712328767123288,0.9205479452054794,1.16986301369863,,,,,,,,,,,,,,0.043,0.0427,0.0423,0.042,0.0418,,,,,,,,,,,,,,6027.848179066376,6072.415462368939,6115.986703399862,6159.209062296066,6202.534655494818
2025-01-21,,,,,,,,,,,,,,,,,6084.25,6141.75,6196.5,6250.75,6308.75,6049.240234375,0.0430213,0.04290339999999999,0.042521,0.0419466,0.01295896385412242,,,,,,,,,,,,,,0.16164383561643836,0.410958904109589,0.6602739726027397,0.9095890410958904,1.158904109589041,,,,,,,,,,,,,,0.043,0.0427,0.0423,0.042,0.0418,,,,,,,,,,,,,,6078.686469093328,6123.629808578848,6167.575466834729,6211.162591853495,6254.84696990135
2025-01-22,,,,,,,,,,,,,,,,,6120.5,6178.75,6235.5,6292.25,6352.25,6086.3701171875,0.0430483,0.0429664,0.0426221,0.0420721,0.01290341967433599,,,,,,,,,,,,,,0.1589041095890411,0.40821917808219177,0.6575342465753424,0.9068493150684932,1.1561643835616437,,,,,,,,,,,,,,0.043,0.0428,0.0424,0.0422,0.0419,,,,,,,,,,,,,,6115.547716385795,6161.105474538576,6205.567517959012,6250.237405775082,6293.873359222609
2025-01-23,,,,,,,,,,,,,,,,,6152.0,6210.5,6267.75,6324.0,6384.0,6118.7099609375,0.0431064,0.0430007,0.0426323,0.0420606,0.01285695973137844,,,,,,,,,,,,,,0.15616438356164383,0.4054794520547945,0.6547945205479452,0.9041095890410958,1.1534246575342466,,,,,,,,,,,,,,0.0431,0.0428,0.0424,0.0422,0.0419,,,,,,,,,,,,,,6147.676277421603,6193.451790956774,6238.226358114067,6283.207557721117,6327.152180220421
2025-01-24,,,,,,,,,,,,,,,,,6133.25,6191.5,6248.25,6305.0,6365.0,6101.240234375,0.0431541,0.0429984,0.0425906,0.041988,0.01308108721460236,,,,,,,,,,,,,,0.15342465753424658,0.40273972602739727,0.6520547945205479,0.9013698630136986,1.1506849315068493,,,,,,,,,,,,,,0.0431,0.0428,0.0424,0.0421,0.0418,,,,,,,,,,,,,,6129.405168079568,6174.704668562299,6219.003004734797,6262.934473847474,6306.232864021357
2025-01-27,,,,,,,,,,,,,,,,,6046.75,6103.5,6158.25,6212.75,6272.75,6012.27978515625,0.04312999999999999,0.0429387,0.04246229999999999,0.0417975,0.01338732144245975,,,,,,,,,,,,,,0.14520547945205478,0.39452054794520547,0.6438356164383562,0.8931506849315068,1.1424657534246576,,,,,,,,,,,,,,0.0431,0.0427,0.0422,0.0419,0.0416,,,,,,,,,,,,,,6038.275466139855,6082.212103369119,6124.852271811581,6167.355420404083,6209.2246163346645
2025-01-28,,,,,,,,,,,,,,,,,6097.0,6154.25,6208.25,6263.0,6322.0,6067.7001953125,0.0431032,0.04286889999999999,0.0422963,0.04139039999999999,0.01330910059961082,,,,,,,,,,,,,,0.14246575342465753,0.3917808219178082,0.6410958904109589,0.8904109589041096,1.1397260273972603,,,,,,,,,,,,,,0.043,0.0426,0.042,0.0416,0.0412,,,,,,,,,,,,,,6093.420540308703,6137.731831811697,6180.339903152172,6222.490195669672,6263.6785275861575
2025-01-29,,,,,,,,,,,,,,,,,6067.5,6125.0,6180.0,6234.25,6293.25,6039.31005859375,0.0431159,0.0429075,0.04236819999999999,0.0415062,0.01337760605410635,,,,,,,,,,,,,,0.13972602739726028,0.38904109589041097,0.6383561643835617,0.8876712328767123,1.1369863013698631,,,,,,,,,,,,,,0.0431,0.0426,0.0421,0.0417,0.0413,,,,,,,,,,,,,,6064.443418336326,6108.361002760203,6151.062886407603,6193.068922952657,6234.118289933646
2025-01-30,,,,,,,,,,,,,,,,,6099.25,6157.25,6212.5,6266.75,6320.75,6071.169921875,0.0430861,0.0429071,0.0423861,0.041584,0.01330789659780027,,,,,,,,,,,,,,0.136986301369863,0.3863013698630137,0.6356164383561644,0.8849315068493151,1.1342465753424658,,,,,,,,,,,,,,0.043,0.0426,0.0421,0.0417,0.0414,,,,,,,,,,,,,,6095.914156155004,6140.258882446467,6183.299688032292,6225.640892756571,6267.732816205074
2025-01-31,,,,,,,,,,,,,,,,,6067.25,6125.0,6180.75,6235.0,6292.0,6040.52978515625,0.0431308,0.0430225,0.0424831,0.041603,0.01335495571302583,,,,,,,,,,,,,,0.13424657534246576,0.3835616438356164,0.6328767123287671,0.8821917808219178,1.1315068493150684,,,,,,,,,,,,,,0.0431,0.0428,0.0422,0.0418,0.0414,,,,,,,,,,,,,,6064.698872992112,6109.138167570991,6151.814492106086,6194.028638635128,6235.288696177166
2025-02-03,,,,,,,,,,,,,,,,,6022.25,6079.25,6134.75,6189.0,6246.0,5994.56982421875,0.0431268,0.0430313,0.04251070000000001,0.0416774,0.01351034298243773,,,,,,,,,,,,,,0.12602739726027398,0.37534246575342467,0.6246575342465753,0.873972602739726,1.1232876712328768,,,,,,,,,,,,,,0.0431,0.0428,0.0423,0.0419,0.0415,,,,,,,,,,,,,,6016.965952098169,6060.835623434772,6103.349423517199,6145.166344706418,6186.035832706041
2025-02-04,,,,,,,,,,,,,,,,,6063.0,6120.75,6175.25,6230.0,6282.0,6037.8798828125,0.0430733,0.0430188,0.0426173,0.04192700000000001,0.01348467935667359,,,,,,,,,,,,,,0.1232876712328767,0.3726027397260274,0.6219178082191781,0.8712328767123287,1.1205479452054794,,,,,,,,,,,,,,0.0431,0.0429,0.0424,0.0421,0.0418,,,,,,,,,,,,,,6059.965708869749,6104.420412994943,6147.440955256118,6190.299968314336,6232.525400587239
2025-02-05,,,,,,,,,,,,,,,,,6086.5,6144.75,6199.5,6254.25,6306.25,6061.47998046875,0.04307859999999999,0.0430191,0.042591,0.0418877,0.01349257707159692,,,,,,,,,,,,,,0.12054794520547946,0.3698630136986301,0.6191780821917808,0.8684931506849315,1.1178082191780823,,,,,,,,,,,,,,0.0431,0.0428,0.0424,0.042,0.0417,,,,,,,,,,,,,,6083.152746788795,6127.542199082487,6170.950229941166,6213.4263627356595,6255.646404680972
2025-02-06,,,,,,,,,,,,,,,,,6106.0,6164.25,6219.5,6274.25,6332.0,6083.56982421875,0.0431014,0.0429735,0.0424683,0.0416057,0.01349277293391862,,,,,,,,,,,,,,0.1178082191780822,0.36712328767123287,0.6164383561643836,0.8657534246575342,1.115068493150685,,,,,,,,,,,,,,0.0431,0.0428,0.0422,0.0418,0.0414,,,,,,,,,,,,,,6104.826211143149,6149.378571151838,6192.184310062896,6234.502251523528,6275.857540060816
2025-02-07,,,,,,,,,,,,,,,,,6049.5,6107.25,6162.5,6217.75,6275.5,6025.990234375,0.0431519,0.0430394,0.0425772,0.0417911,0.01358789257065571,,,,,,,,,,,,,,0.11506849315068493,0.3643835616438356,0.6136986301369863,0.863013698630137,1.1123287671232878,,,,,,,,,,,,,,0.0431,0.0429,0.0424,0.042,0.0416,,,,,,,,,,,,,,6046.488763276788,6090.697883996089,6133.489091550686,6175.574150585748,6216.707918271305
2025-02-10,,,,,,,,,,,,,,,,,6088.75,6146.75,6201.75,6257.0,6314.75,6066.43994140625,0.04318469999999999,0.04314689999999999,0.0427893,0.0421972,0.01342200361869554,,,,,,,,,,,,,,0.10684931506849316,0.3561643835616438,0.6054794520547945,0.8547945205479452,1.104109589041096,,,,,,,,,,,,,,0.0432,0.043,0.0426,0.0423,0.0421,,,,,,,,,,,,,,6085.77262802092,6130.685441714765,6174.56608050632,6218.052068849553,6261.598996335718
2025-02-11,,,,,,,,,,,,,,,,,6092.25,6150.25,6205.0,6260.25,6318.0,6068.5,0.0431738,0.0431504,0.0428305,0.042244,0.01341926113102636,,,,,,,,,,,,,,0.10410958904109589,0.35342465753424657,0.6027397260273972,0.852054794520548,1.1013698630136985,,,,,,,,,,,,,,0.0432,0.043,0.0427,0.0424,0.0421,,,,,,,,,,,,,,6087.344342427028,6132.276308375381,6176.551599272878,6220.216013871721,6263.252125022256
2025-02-12,,,,,,,,,,,,,,,,,6072.75,6130.75,6187.5,6241.0,6305.25,6051.97021484375,0.04314390000000001,0.04318019999999999,0.0429233,0.0424398,0.01309253186819782,,,,,,,,,,,,,,0.10136986301369863,0.3506849315068493,0.6,0.8493150684931506,1.0986301369863014,,,,,,,,,,,,,,0.0432,0.0431,0.0428,0.0426,0.0424,,,,,,,,,,,,,,6070.468981602592,6115.992374663479,6160.810572008467,6205.555949689405,6250.002989717495
2025-02-13,,,,,,,,,,,,,,,,,6135.25,6194.0,6250.5,6304.75,6365.75,6115.06982421875,0.0431186,0.04322980000000001,0.0431501,0.0429153,0.01303645538694091,,,,,,,,,,,,,,0.09863013698630137,0.34794520547945207,0.5972602739726027,0.8465753424657534,1.095890410958904,,,,,,,,,,,,,,0.0431,0.0432,0.0431,0.043,0.0429,,,,,,,,,,,,,,6133.228964303187,6179.587046716034,6225.862260373783,6272.171244138576,6318.509613927078
2025-02-14,,,,,,,,,,,,,,,,,6132.0,6190.5,6247.0,6301.25,6358.75,6114.6298828125,0.0431365,0.0432299,0.04310990000000001,0.0427487,0.01275951276646395,,,,,,,,,,,,,,0.0958904109589041,0.3452054794520548,0.5945205479452055,0.8438356164383561,1.093150684931507,,,,,,,,,,,,,,0.0431,0.0432,0.043,0.0429,0.0427,,,,,,,,,,,,,,6132.445456759155,6179.222559876745,6225.5564768913455,6272.141590553421,6318.069516956874
2025-02-18,,,,,,,,,,,,,,,,,6146.75,6205.5,6261.75,6315.75,6373.25,6129.580078125,0.043118,0.04321920000000001,0.042958,0.0423157,0.01271062778563056,,,,,,,,,,,,,,0.08493150684931507,0.33424657534246577,0.5835616438356165,0.8328767123287671,1.082191780821918,,,,,,,,,,,,,,0.0431,0.0432,0.0428,0.0425,0.0422,,,,,,,,,,,,,,6145.421051421487,6192.3658144031615,6238.159883078262,6283.562641579521,6328.3491292855115
2025-02-19,,,,,,,,,,,,,,,,,6163.0,6221.75,6278.75,6335.75,6395.25,6144.14990234375,0.0432021,0.0433003,0.0430668,0.04245479999999999,0.0126952409912094,,,,,,,,,,,,,,0.0821917808219178,0.3315068493150685,0.5808219178082191,0.8301369863013699,1.0794520547945206,,,,,,,,,,,,,,0.0432,0.0433,0.043,0.0427,0.0424,,,,,,,,,,,,,,6159.574091606711,6206.803821661555,6253.254585927055,6299.110632161273,6344.353830812073
2025-02-20,,,,,,,,,,,,,,,,,6136.5,6194.75,6251.0,6308.75,6366.25,6117.52001953125,0.0432232,0.0432859,0.0430501,0.0424442,0.01260039449267227,,,,,,,,,,,,,,0.07945205479452055,0.3287671232876712,0.5780821917808219,0.8273972602739726,1.0767123287671232,,,,,,,,,,,,,,0.0432,0.0432,0.043,0.0426,0.0424,,,,,,,,,,,,,,6132.411037782158,6179.373760655404,6225.97626275351,6271.26682842725,6316.987236874156
2025-02-21,,,,,,,,,,,,,,,,,6029.0,6086.0,6140.75,6197.75,6253.25,6013.1298828125,0.043193,0.0432153,0.0429076,0.0422342,0.01283037190191948,,,,,,,,,,,,,,0.07671232876712329,0.32602739726027397,0.5753424657534246,0.8246575342465754,1.073972602739726,,,,,,,,,,,,,,0.0432,0.0432,0.0428,0.0425,0.0421,,,,,,,,,,,,,,6027.1551523646995,6072.96359883848,6117.712131366077,6162.069472836129,6205.153589128011
2025-02-24,,,,,,,,,,,,,,,,,6000.75,6057.5,6112.0,6165.0,6220.5,5983.25,0.0432359,0.0431804,0.04275159999999999,0.0419186,0.01271248202125789,,,,,,,,,,,,,,0.0684931506849315,0.3178082191780822,0.5671232876712329,0.8164383561643835,1.0657534246575342,,,,,,,,,,,,,,0.0432,0.0431,0.0426,0.0422,0.0418,,,,,,,,,,,,,,5995.757193989225,6041.312571903333,6085.529902495529,6129.043116409747,6171.636393455368
2025-02-25,,,,,,,,,,,,,,,,,5970.0,6026.5,6080.25,6131.25,6186.75,5955.25,0.0432352,0.04318520000000001,0.0427042,0.0417208,0.01278337352507202,,,,,,,,,,,,,,0.06575342465753424,0.3150684931506849,0.5643835616438356,0.8136986301369863,1.063013698630137,,,,,,,,,,,,,,0.0432,0.0431,0.0426,0.0421,0.0416,,,,,,,,,,,,,,5967.172402674592,6012.405976317297,6056.312989224009,6099.019876324273,6140.4968074139315
2025-02-26,,,,,,,,,,,,,,,,,5970.75,6027.25,6081.0,6132.0,6182.5,5956.06005859375,0.0432384,0.0431324,0.0425155,0.0412001,0.01375388206788441,,,,,,,,,,,,,,0.06301369863013699,0.31232876712328766,0.5616438356164384,0.810958904109589,1.0602739726027397,,,,,,,,,,,,,,0.0432,0.043,0.0423,0.0417,0.041,,,,,,,,,,,,,,5967.12183989551,6010.714354351224,6052.321694893373,6092.584352092658,6130.630185562038
2025-02-27,,,,,,,,,,,,,,,,,5876.25,5932.0,5985.5,6036.75,6087.25,5861.56982421875,0.0432268,0.0431851,0.0426176,0.0413491,0.01401579673196003,,,,,,,,,,,,,,0.06027397260273973,0.3095890410958904,0.5589041095890411,0.8082191780821918,1.0575342465753426,,,,,,,,,,,,,,0.0432,0.0431,0.0425,0.0418,0.0412,,,,,,,,,,,,,,5871.889680021568,5914.586609037536,5955.632402547572,5994.6846308574895,6032.525114616712
2025-02-28,,,,,,,,,,,,,,,,,5963.25,6019.5,6071.25,6122.25,6172.75,5954.5,0.0432471,0.0431678,0.0425675,0.0412672,0.01368275408240381,,,,,,,,,,,,,,0.057534246575342465,0.30684931506849317,0.5561643835616439,0.8054794520547945,1.0547945205479452,,,,,,,,,,,,,,0.0432,0.0431,0.0424,0.0418,0.0411,,,,,,,,,,,,,,5964.620835975214,6008.492577210106,6050.365876079695,6090.8954075041875,6129.215698534277
2025-03-03,,,,,,,,,,,,,,,,,5860.75,5915.5,5967.5,6015.0,6065.5,5849.72021484375,0.0432139,0.0430971,0.0423228,0.0407493,0.01428320698018935,,,,,,,,,,,,,,0.049315068493150684,0.29863013698630136,0.547945205479452,0.7972602739726027,1.0465753424657533,,,,,,,,,,,,,,0.0432,0.043,0.0422,0.0413,0.0406,,,,,,,,,,,,,,5858.068063328367,5900.101377616498,5939.890545166734,5977.086544839072,6013.075452724724
2025-03-04,,,,,,,,,,,,,,,,,5789.5,5843.25,5893.75,5941.25,5988.75,5778.14990234375,0.04314059999999999,0.0430019,0.0421664,0.0405781,0.01446947129288186,,,,,,,,,,,,,,0.04657534246575343,0.2958904109589041,0.5452054794520548,0.7945205479452054,1.0438356164383562,,,,,,,,,,,,,,0.0432,0.0429,0.042,0.0412,0.0405,,,,,,,,,,,,,,5785.887017915311,5826.9625791733,5865.532908396741,5902.178379671382,5937.303881466036
2025-03-05,,,,,,,,,,,,,,,,,5851.25,5905.75,5957.0,6003.5,6051.0,5842.6298828125,0.0431397,0.0428586,0.0417565,0.0397399,0.01433549942080526,,,,,,,,,,,,,,0.043835616438356165,0.29315068493150687,0.5424657534246575,0.7917808219178082,1.0410958904109588,,,,,,,,,,,,,,0.0432,0.0427,0.0416,0.0405,0.0396,,,,,,,,,,,,,,5850.027201435032,5891.414317452052,5929.684904263628,5964.931475061868,5998.346126221823
2025-03-06,,,,,,,,,,,,,,,,,5746.25,5799.25,5848.0,5894.25,5939.75,5738.52001953125,0.0432158,0.0429481,0.0419027,0.0399535,0.01461657477171195,,,,,,,,,,,,,,0.0410958904109589,0.29041095890410956,0.5397260273972603,0.7890410958904109,1.0383561643835617,,,,,,,,,,,,,,0.0433,0.0428,0.0417,0.0407,0.0398,,,,,,,,,,,,,,5745.288408344313,5785.6812566465505,5823.019666745044,5857.847616589275,5890.557856123801
2025-03-07,,,,,,,,,,,,,,,,,5776.0,5829.75,5879.25,5925.5,5966.0,5770.2001953125,0.0432221,0.04292360000000001,0.0418367,0.0399933,0.01439658924799114,,,,,,,,,,,,,,0.038356164383561646,0.2876712328767123,0.536986301369863,0.7863013698630137,1.0356164383561643,,,,,,,,,,,,,,0.0433,0.0428,0.0417,0.0407,0.0399,,,,,,,,,,,,,,5776.6007248187725,5817.54074479257,5855.4235444585165,5890.784518110422,5924.631714634758
2025-03-10,,,,,,,,,,,,,,,,,5620.75,5671.75,5718.5,5760.75,5801.25,5614.56005859375,0.04325370000000001,0.0429875,0.0418496,0.0399367,0.0147298812291297,,,,,,,,,,,,,,0.030136986301369864,0.27945205479452057,0.5287671232876713,0.7780821917808219,1.0273972602739727,,,,,,,,,,,,,,0.0433,0.0429,0.0417,0.0407,0.0398,,,,,,,,,,,,,,5619.396373589318,5658.933413419337,5695.202456534375,5729.166862602864,5761.052624752152
2025-03-11,,,,,,,,,,,,,,,,,5577.0,5628.0,5675.25,5718.25,5763.5,5572.06982421875,0.04324799999999999,0.0429698,0.04178009999999999,0.0397573,0.01488886430655354,,,,,,,,,,,,,,0.0273972602739726,0.27671232876712326,0.5260273972602739,0.7753424657534247,1.0246575342465754,,,,,,,,,,,,,,0.0433,0.0429,0.0416,0.0406,0.0397,,,,,,,,,,,,,,5576.40874094886,5615.42689943579,5650.914419897089,5684.263244736492,5715.544133796379
2025-03-12,,,,,,,,,,,,,,,,,5604.75,5656.5,5704.5,5749.0,5794.25,5599.2998046875,0.043205,0.0428877,0.04160879999999999,0.0395263,0.01483973415708418,,,,,,,,,,,,,,0.024657534246575342,0.273972602739726,0.5232876712328767,0.7726027397260274,1.021917808219178,,,,,,,,,,,,,,0.0433,0.0428,0.0415,0.0404,0.0394,,,,,,,,,,,,,,5603.230548262658,5642.357089377169,5677.963010352103,5710.973425533807,5741.612694416653
2025-03-13,,,,,,,,,,,,,,,,,5527.5,5578.25,5625.75,5667.75,5712.0,5521.52001953125,0.0431918,0.0429928,0.0420238,0.0402273,0.01500453780459525,,,,,,,,,,,,,,0.021917808219178082,0.27123287671232876,0.5205479452054794,0.7698630136986301,1.0191780821917809,,,,,,,,,,,,,,0.0432,0.0429,0.0419,0.041,0.0402,,,,,,,,,,,,,,5524.933278122318,5563.455203338767,5599.367057019837,5633.135042629294,5665.1413809041715
2025-03-14,,,,,,,,,,,,,,,,,5640.0,5692.25,5740.25,5783.0,5829.0,5638.93994140625,0.043164,0.0429505,0.0419837,0.0401784,0.0144748365431635,,,,,,,,,,,,,,0.019178082191780823,0.2684931506849315,0.5178082191780822,0.7671232876712328,1.0164383561643835,,,,,,,,,,,,,,0.0432,0.0429,0.0419,0.041,0.0401,,,,,,,,,,,,,,5642.047252845153,5682.140758840481,5719.589683948792,5754.856832437467,5787.743507247338
2025-03-17,,,,,,,,,,,,,,,,,5680.25,5732.25,5781.75,5829.5,5875.5,5675.1201171875,0.0431678,0.0429529,0.041998,0.04030979999999999,0.01444380058156737,,,,,,,,,,,,,,0.010958904109589041,0.2602739726027397,0.5095890410958904,0.7589041095890411,1.0082191780821919,,,,,,,,,,,,,,0.0432,0.0429,0.042,0.041,0.0403,,,,,,,,,,,,,,5676.908836122752,5717.308411618712,5755.374226620423,5790.654575981238,5825.0084220352455
2025-03-18,,,,,,,,,,,,,,,,,5618.0,5669.25,5717.75,5764.25,5809.75,5614.66015625,0.0431937,0.0430469,0.0421726,0.040652,0.01460590065936119,,,,,,,,,,,,,,0.00821917808219178,0.25753424657534246,0.5068493150684932,0.7561643835616438,1.0054794520547945,,,,,,,,,,,,,,0.0432,0.043,0.0421,0.0413,0.0406,,,,,,,,,,,,,,5615.9798687228285,5655.867574681066,5693.450206256434,5729.144337325181,5763.34246146911
2025-03-19,,,,,,,,,,,,,,,,,5678.5,5729.75,5779.5,5825.75,5874.25,5675.2900390625,0.0432209,0.0430538,0.0423307,0.0408507,0.014496258081023,,,,,,,,,,,,,,0.005479452054794521,0.2547945205479452,0.5041095890410959,0.7534246575342466,1.0027397260273974,,,,,,,,,,,,,,0.0433,0.043,0.0423,0.0415,0.0408,,,,,,,,,,,,,,5676.185833530322,5716.657420414919,5755.395733189508,5791.938027034148,5826.97196678255
2025-03-20,,,,,,,,,,,,,,,,,5662.5,5712.75,5761.25,5807.0,5855.5,5662.89013671875,0.0431919,0.04302839999999999,0.0423523,0.0408889,0.01441896788575348,,,,,,,,,,,,,,0.0027397260273972603,0.25205479452054796,0.5013698630136987,0.7506849315068493,1.0,,,,,,,,,,,,,,0.0432,0.043,0.0423,0.0416,0.0409,,,,,,,,,,,,,,5663.336685345777,5703.832817167949,5742.605895106791,5779.624863003769,5814.852492162149
2025-03-21,,,,,,,,,,,,,,,,,5617.8,5718.25,5766.25,5812.0,5860.5,5667.56005859375,0.0432011,0.0429783,0.0420466,0.04023380000000001,0.01442360190125858,,,,,,,,,,,,,,0.0,0.2493150684931507,0.4986301369863014,0.7479452054794521,0.9972602739726028,,,,,,,,,,,,,,0.0433,0.043,0.0421,0.0411,0.0402,,,,,,,,,,,,,,5667.56005859375,5708.082922973369,5746.316187971926,5781.7776333183465,5815.137771889795
2025-03-24,,,,,,,,,,,,,,,,,,5815.5,5866.0,5910.0,5962.75,5767.56982421875,0.04321659999999999,0.0429584,0.0419449,0.0400379,0.01432061970489661,,,,,,,,,,,,,,,0.2410958904109589,0.4904109589041096,0.7397260273972602,0.989041095890411,,,,,,,,,,,,,,,0.043,0.042,0.041,0.0401,,,,,,,,,,,,,,,5807.587766827956,5846.394163657923,5882.525929345116,5916.515537843891
2025-03-25,,,,,,,,,,,,,,,,,,5826.5,5877.0,5921.0,5973.75,5776.64990234375,0.0432163,0.0430281,0.04215670000000001,0.0405632,0.0142896743773866,,,,,,,,,,,,,,,0.23835616438356164,0.4876712328767123,0.736986301369863,0.9863013698630136,,,,,,,,,,,,,,,0.0431,0.0422,0.0413,0.0406,,,,,,,,,,,,,,,5816.4553609478635,5855.813777634538,5892.793436900109,5928.51537420223
2025-03-26,,,,,,,,,,,,,,,,,,5759.5,5808.75,5854.0,5899.75,5712.2001953125,0.0432719,0.0430267,0.0422358,0.0406494,0.01451636327493805,,,,,,,,,,,,,,,0.2356164383561644,0.4849315068493151,0.7342465753424657,0.9835616438356164,,,,,,,,,,,,,,,0.0431,0.0423,0.0415,0.0407,,,,,,,,,,,,,,,5750.800412540564,5789.682380081563,5826.502554609428,5861.218360936649
2025-03-27,,,,,,,,,,,,,,,,,,5739.25,5789.0,5834.0,5879.5,5693.31005859375,0.04324919999999999,0.0429917,0.042166,0.040588,0.01461996510384713,,,,,,,,,,,,,,,0.2328767123287671,0.4821917808219178,0.7315068493150685,0.9808219178082191,,,,,,,,,,,,,,,0.043,0.0422,0.0414,0.0406,,,,,,,,,,,,,,,5731.062039945193,5769.5303251721025,5805.940343447114,5840.249971519703
2025-03-28,,,,,,,,,,,,,,,,,,5623.0,5670.0,5714.5,5753.75,5580.93994140625,0.0432365,0.0429761,0.0421561,0.0405286,0.014927497346338,,,,,,,,,,,,,,,0.23013698630136986,0.4794520547945205,0.7287671232876712,0.9780821917808219,,,,,,,,,,,,,,,0.043,0.0422,0.0414,0.0406,,,,,,,,,,,,,,,5617.112442773179,5654.394711903201,5689.654354122631,5722.8505442334
2025-03-31,,,,,,,,,,,,,,,,,,5653.25,5700.5,5744.5,5788.5,5611.85009765625,0.0431937,0.0428788,0.0419259,0.04012590000000001,0.01487726160256043,,,,,,,,,,,,,,,0.2219178082191781,0.4712328767123288,0.7205479452054795,0.9698630136986301,,,,,,,,,,,,,,,0.0429,0.042,0.0411,0.0402,,,,,,,,,,,,,,,5646.85749885231,5684.036188155071,5718.8926335455235,5751.381220495379
2025-04-01,,,,,,,,,,,,,,,,,,5674.5,5721.75,5765.0,5808.0,5633.06982421875,0.04318959999999999,0.0428098,0.0416692,0.0395989,0.01483893579500847,,,,,,,,,,,,,,,0.2191780821917808,0.4684931506849315,0.7178082191780822,0.9671232876712329,,,,,,,,,,,,,,,0.0429,0.0418,0.0407,0.0397,,,,,,,,,,,,,,,5667.822049184191,5704.672804825188,5738.614700593722,5770.151112681132
2025-04-02,,,,,,,,,,,,,,,,,,5712.25,5760.5,5805.0,5850.0,5670.97021484375,0.043193,0.0427734,0.0416448,0.039512,0.01476119597011475,,,,,,,,,,,,,,,0.21643835616438356,0.4657534246575342,0.7150684931506849,0.9643835616438357,,,,,,,,,,,,,,,0.0429,0.0418,0.0407,0.0397,,,,,,,,,,,,,,,5705.613605774894,5742.838684404038,5777.137040979809,5809.013653916701
2025-04-03,,,,,,,,,,,,,,,,,,5432.75,5476.5,5516.0,5554.0,5396.52001953125,0.0432114,0.0428469,0.04177889999999999,0.0397115,0.01549440830623429,,,,,,,,,,,,,,,0.2136986301369863,0.46301369863013697,0.7123287671232876,0.9616438356164384,,,,,,,,,,,,,,,0.0429,0.042,0.0408,0.0399,,,,,,,,,,,,,,,5428.217669508454,5463.156613520476,5494.679200705322,5524.671517600024
2025-04-04,,,,,,,,,,,,,,,,,,5110.25,5149.25,5188.0,5224.0,5074.080078125,0.0431984,0.0425898,0.0412552,0.0386343,0.01633948345588271,,,,,,,,,,,,,,,0.21095890410958903,0.4602739726027397,0.7095890410958904,0.958904109589041,,,,,,,,,,,,,,,0.0428,0.0415,0.0401,0.0388,,,,,,,,,,,,,,,5102.483207565749,5133.18320223381,5160.355359558634,5184.548318233945
2025-04-07,,,,,,,,,,,,,,,,,,5097.25,5137.0,5174.0,5211.5,5062.25,0.0430079,0.0420759,0.0401277,0.0370806,0.01657091708232505,,,,,,,,,,,,,,,0.20273972602739726,0.4520547945205479,0.7013698630136986,0.9506849315068493,,,,,,,,,,,,,,,0.0424,0.0405,0.0387,0.0373,,,,,,,,,,,,,,,5088.828412422425,5117.306902995998,5141.432413702891,5163.000358175492
2025-04-08,,,,,,,,,,,,,,,,,,5020.25,5058.0,5093.75,5134.5,4982.77001953125,0.0429181,0.0421022,0.0403528,0.0377353,0.01692840620203779,,,,,,,,,,,,,,,0.2,0.44931506849315067,0.6986301369863014,0.947945205479452,,,,,,,,,,,,,,,0.0424,0.0407,0.0392,0.038,,,,,,,,,,,,,,,5008.218604882402,5036.275901461523,5060.906269195532,5083.3001247747525
2025-04-09,,,,,,,,,,,,,,,,,,5491.0,5536.0,5572.5,5613.25,5456.89990234375,0.0432092,0.0422965,0.04052940000000001,0.0380474,0.01548478779527943,,,,,,,,,,,,,,,0.19726027397260273,0.4465753424657534,0.6958904109589041,0.9452054794520548,,,,,,,,,,,,,,,0.0426,0.0409,0.0394,0.0383,,,,,,,,,,,,,,,5486.165716602471,5519.187470865189,5548.475536407016,5575.85633724655
2025-04-10,,,,,,,,,,,,,,,,,,5302.0,5344.75,5384.25,5424.0,5268.0498046875,0.043288,0.04241710000000001,0.0406999,0.038221,0.01583529271073117,,,,,,,,,,,,,,,0.19452054794520549,0.4438356164383562,0.6931506849315069,0.9424657534246575,,,,,,,,,,,,,,,0.0427,0.0411,0.0396,0.0385,,,,,,,,,,,,,,,5295.65130682824,5327.4548761187625,5355.546544538486,5381.789547225986
2025-04-11,,,,,,,,,,,,,,,,,,5391.25,5435.25,5475.75,5515.5,5363.35986328125,0.0432186,0.042561,0.04098,0.038513,0.01557880326968872,,,,,,,,,,,,,,,0.1917808219178082,0.4410958904109589,0.6904109589041096,0.9397260273972603,,,,,,,,,,,,,,,0.0428,0.0414,0.0399,0.0388,,,,,,,,,,,,,,,5391.4325150568875,5424.795715715048,5454.179740610274,5481.683061516199
2025-04-14,,,,,,,,,,,,,,,,,,5440.75,5485.5,5525.75,5566.5,5405.97021484375,0.0432093,0.04260539999999999,0.0411328,0.0388879,0.01565659799183428,,,,,,,,,,,,,,,0.18356164383561643,0.4328767123287671,0.6821917808219178,0.9315068493150684,,,,,,,,,,,,,,,0.0429,0.0415,0.0402,0.0391,,,,,,,,,,,,,,,5433.072336954691,5466.786382105599,5497.246031634885,5525.322560734722
2025-04-15,,,,,,,,,,,,,,,,,,5428.25,5472.75,5514.5,5554.25,5396.6298828125,0.04328129999999999,0.0427979,0.0414224,0.0390182,0.01560354000005102,,,,,,,,,,,,,,,0.18082191780821918,0.4301369863013699,0.6794520547945205,0.9287671232876712,,,,,,,,,,,,,,,0.043,0.0418,0.0405,0.0393,,,,,,,,,,,,,,,5423.430470666656,5457.783360101661,5488.695502341264,5516.718208005453
2025-04-16,,,,,,,,,,,,,,,,,,5305.75,5349.0,5389.5,5429.25,5275.7001953125,0.0431994,0.0426947,0.0412728,0.0387643,0.01598949566922927,,,,,,,,,,,,,,,0.1780821917808219,0.4273972602739726,0.6767123287671233,0.9260273972602739,,,,,,,,,,,,,,,0.0429,0.0417,0.0403,0.0391,,,,,,,,,,,,,,,5301.043513906291,5333.992438273276,5363.209734938916,5389.82204807164
2025-04-17,,,,,,,,,,,,,,,,,,5312.75,5356.5,5397.75,5439.0,5282.7001953125,0.04318590000000001,0.0427238,0.04125180000000001,0.0385924,0.01600886890251511,,,,,,,,,,,,,,,0.17534246575342466,0.4246575342465753,0.673972602739726,0.9232876712328767,,,,,,,,,,,,,,,0.043,0.0417,0.0402,0.039,,,,,,,,,,,,,,,5307.760840894282,5340.6496346875065,5369.536152415678,5396.0370014124
2025-04-21,,,,,,,,,,,,,,,,,,5184.75,5226.25,5265.25,5306.5,5158.2001953125,0.0432212,0.0427934,0.0412793,0.0384982,0.01653257440257808,,,,,,,,,,,,,,,0.1643835616438356,0.4136986301369863,0.663013698630137,0.9123287671232877,,,,,,,,,,,,,,,0.0431,0.0419,0.0403,0.0389,,,,,,,,,,,,,,,5180.776597514149,5212.617811053883,5240.127594034338,5264.542067709011
2025-04-22,,,,,,,,,,,,,,,,,,5314.75,5357.75,5397.25,5439.75,5287.759765625,0.043234,0.0427518,0.0410763,0.0380899,0.01614698460276595,,,,,,,,,,,,,,,0.16164383561643836,0.410958904109589,0.6602739726027397,0.9095890410958904,,,,,,,,,,,,,,,0.0431,0.0417,0.04,0.0386,,,,,,,,,,,,,,,5310.8476761517695,5343.580375595874,5371.698735890802,5396.862078861648
2025-04-23,,,,,,,,,,,,,,,,,,5401.75,5446.0,5487.0,5529.25,5375.85986328125,0.04326609999999999,0.0428177,0.0411815,0.0383923,0.01592361929261377,,,,,,,,,,,,,,,0.1589041095890411,0.40821917808219177,0.6575342465753424,0.9068493150684932,,,,,,,,,,,,,,,0.0431,0.0418,0.0402,0.0388,,,,,,,,,,,,,,,5399.125383108433,5432.947316877332,5462.360855834256,5488.549242019943
2025-04-24,,,,,,,,,,,,,,,,,,5511.25,5556.75,5598.75,5643.0,5484.77001953125,0.0432006,0.04282619999999999,0.0414254,0.0388533,0.01565967071778147,,,,,,,,,,,,,,,0.15616438356164383,0.4054794520547945,0.6547945205479452,0.9041095890410958,,,,,,,,,,,,,,,0.0431,0.042,0.0405,0.0393,,,,,,,,,,,,,,,5508.323797883067,5543.663845662287,5574.710988464837,5603.260229952271
2025-04-25,,,,,,,,,,,,,,,,,,5549.75,5595.5,5637.5,5683.25,5525.2099609375,0.0432178,0.04280369999999999,0.04133530000000001,0.0386408,0.01559399388354014,,,,,,,,,,,,,,,0.15342465753424658,0.40273972602739727,0.6520547945205479,0.9013698630136986,,,,,,,,,,,,,,,0.0431,0.042,0.0404,0.0391,,,,,,,,,,,,,,,5548.576166288522,5584.2827299362725,5615.306226261392,5643.524909115436
2025-04-28,,,,,,,,,,,,,,,,,,5553.0,5598.75,5640.25,5686.25,5528.75,0.0432162,0.0427965,0.04131,0.0385509,0.01575618127678817,,,,,,,,,,,,,,,0.14520547945205478,0.39452054794520547,0.6438356164383562,0.8931506849315068,,,,,,,,,,,,,,,0.0431,0.042,0.0404,0.0391,,,,,,,,,,,,,,,5550.745385911035,5586.29052659048,5617.171910180691,5645.232015850375
2025-04-29,,,,,,,,,,,,,,,,,,5583.75,5629.5,5671.25,5717.5,5560.830078125,0.0432422,0.0427592,0.0411215,0.0382477,0.01571806512485825,,,,,,,,,,,,,,,0.14246575342465753,0.3917808219178082,0.6410958904109589,0.8904109589041096,,,,,,,,,,,,,,,0.0431,0.0419,0.0402,0.0388,,,,,,,,,,,,,,,5582.565176045589,5618.164289737308,5648.797324524004,5676.301064237129
2025-04-30,,,,,,,,,,,,,,,,,,5587.0,5632.25,5674.0,5719.25,5569.06005859375,0.0432307,0.0426592,0.0409957,0.0378475,0.01563800696773074,,,,,,,,,,,,,,,0.13972602739726028,0.38904109589041097,0.6383561643835617,0.8876712328767123,,,,,,,,,,,,,,,0.0431,0.0418,0.04,0.0385,,,,,,,,,,,,,,,5590.470457547132,5626.031895967023,5656.344963355609,5683.232781719664
2025-05-01,,,,,,,,,,,,,,,,,,5623.25,5669.25,5711.5,5754.0,5604.14013671875,0.043285,0.04259719999999999,0.0407762,0.0374622,0.015579785970597,,,,,,,,,,,,,,,0.136986301369863,0.3863013698630137,0.6356164383561644,0.8849315068493151,,,,,,,,,,,,,,,0.0431,0.0417,0.0398,0.0382,,,,,,,,,,,,,,,5625.307015009374,5660.973699737199,5691.082072044754,5717.4504174022595
2025-05-02,,,,,,,,,,,,,,,,,,5709.0,5757.0,5801.0,5848.0,5686.669921875,0.0433154,0.0426047,0.0408282,0.0376227,0.01536393435471563,,,,,,,,,,,,,,,0.13424657534246576,0.3835616438356164,0.6328767123287671,0.8821917808219178,,,,,,,,,,,,,,,0.0431,0.0417,0.0399,0.0383,,,,,,,,,,,,,,,5707.883546772962,5744.404958856563,5775.6634353087,5802.906045615775
2025-05-05,,,,,,,,,,,,,,,,,,5671.75,5719.75,5764.25,5811.0,5650.3798828125,0.0434246,0.0429867,0.0415594,0.0387704,0.01509752356306897,,,,,,,,,,,,,,,0.12602739726027398,0.37534246575342467,0.6246575342465753,0.873972602739726,,,,,,,,,,,,,,,0.0433,0.0423,0.0408,0.0394,,,,,,,,,,,,,,,5670.4986743650015,5708.367171830791,5741.830284206712,5771.67583319146
2025-05-06,,,,,,,,,,,,,,,,,,5625.75,5672.75,5716.5,5762.25,5606.91015625,0.0433693,0.0430729,0.0418308,0.0392272,0.0152526617301739,,,,,,,,,,,,,,,0.1232876712328767,0.3726027397260274,0.6219178082191781,0.8712328767123287,,,,,,,,,,,,,,,0.0433,0.0425,0.0412,0.0399,,,,,,,,,,,,,,,5626.331800138751,5664.1238731133035,5698.123472359136,5728.6125580440075
2025-05-07,,,,,,,,,,,,,,,,,,5652.0,5699.75,5743.5,5789.25,5631.27978515625,0.0433741,0.0429824,0.0416952,0.038932,0.0152586996056677,,,,,,,,,,,,,,,0.12054794520547946,0.3698630136986301,0.6191780821917808,0.8684931506849315,,,,,,,,,,,,,,,0.0433,0.0424,0.041,0.0396,,,,,,,,,,,,,,,5650.347528670269,5688.094434558592,5721.752734868001,5751.593715358071
2025-05-08,,,,,,,,,,,,,,,,,,5684.5,5732.75,5777.5,5823.0,5663.93994140625,0.04332709999999999,0.04300259999999999,0.0417701,0.0390131,0.01524028636596648,,,,,,,,,,,,,,,0.1178082191780822,0.36712328767123287,0.6164383561643836,0.8657534246575342,,,,,,,,,,,,,,,0.0433,0.0425,0.0411,0.0397,,,,,,,,,,,,,,,5682.694009085336,5720.90739591697,5754.951830618622,5785.1589333093425
2025-05-09,,,,,,,,,,,,,,,,,,5678.0,5726.25,5771.75,5818.75,5659.91015625,0.0432509,0.0430816,0.0420517,0.0395682,0.01503175875042975,,,,,,,,,,,,,,,0.11506849315068493,0.3643835616438356,0.6136986301369863,0.863013698630137,,,,,,,,,,,,,,,0.0432,0.0427,0.0415,0.0402,,,,,,,,,,,,,,,5678.285256596216,5717.261150773058,5752.5977881806875,5784.1912843658265
2025-05-12,,,,,,,,,,,,,,,,,,5865.0,5916.25,5965.0,6017.0,5844.18994140625,0.043252,0.0430769,0.0420823,0.0396552,0.01457215259183001,,,,,,,,,,,,,,,0.10684931506849316,0.3561643835616438,0.6054794520547945,0.8547945205479452,,,,,,,,,,,,,,,0.0432,0.0427,0.0416,0.0404,,,,,,,,,,,,,,,5862.093903607293,5903.032091667389,5940.615820887958,5974.649874879616
2025-05-13,,,,,,,,,,,,,,,,,,5904.5,5956.75,6008.0,6057.25,5886.5498046875,0.0432871,0.0432633,0.04251890000000001,0.04053689999999999,0.01449009809158274,,,,,,,,,,,,,,,0.10410958904109589,0.35342465753424657,0.6027397260273972,0.852054794520548,,,,,,,,,,,,,,,0.0433,0.043,0.0421,0.0411,,,,,,,,,,,,,,,5904.2323510728975,5946.163113353554,5985.330979856779,6021.540651986439
2025-05-14,,,,,,,,,,,,,,,,,,5908.5,5961.25,6012.5,6062.5,5892.580078125,0.0432867,0.043252,0.0426135,0.0406332,0.01447730290223084,,,,,,,,,,,,,,,0.10136986301369863,0.3506849315068493,0.6,0.8493150684931506,,,,,,,,,,,,,,,0.0433,0.0431,0.0423,0.0413,,,,,,,,,,,,,,,5909.8219167303205,5952.024978305297,5991.774211423182,6028.359192897588
2025-05-15,,,,,,,,,,,,,,,,,,5933.25,5986.75,6037.25,6090.5,5916.93017578125,0.043267,0.04324430000000001,0.0426865,0.0409005,0.01407018703058992,,,,,,,,,,,,,,,0.09863013698630137,0.34794520547945207,0.5972602739726027,0.8465753424657534,,,,,,,,,,,,,,,0.0433,0.0431,0.0424,0.0415,,,,,,,,,,,,,,,5934.0129456402165,5976.998669579111,6017.898035850868,6055.937321854078
2025-05-16,,,,,,,,,,,,,,,,,,5975.5,6030.25,6082.0,6135.0,5958.3798828125,0.0432438,0.04321990000000001,0.0426026,0.0406785,0.0138104353691621,,,,,,,,,,,,,,,0.0958904109589041,0.3452054794520548,0.5945205479452055,0.8438356164383561,,,,,,,,,,,,,,,0.0432,0.0431,0.0423,0.0413,,,,,,,,,,,,,,,5975.195337858464,6018.930168070266,6060.160252002952,6098.210003681645
2025-05-19,,,,,,,,,,,,,,,,,,5982.5,6037.0,6089.25,6142.5,5963.60009765625,0.0432274,0.04321469999999999,0.0426359,0.0406088,0.01371867696212246,,,,,,,,,,,,,,,0.08767123287671233,0.336986301369863,0.5863013698630137,0.8356164383561644,,,,,,,,,,,,,,,0.0432,0.0431,0.0423,0.0413,,,,,,,,,,,,,,,5979.033936818356,6022.939597236771,6064.375751980549,6102.641735775819
2025-05-20,,,,,,,,,,,,,,,,,,5959.75,6014.0,6066.25,6120.25,5940.4599609375,0.0432744,0.04326260000000001,0.0426976,0.0407734,0.01379860982834429,,,,,,,,,,,,,,,0.08493150684931507,0.33424657534246577,0.5835616438356165,0.8328767123287671,,,,,,,,,,,,,,,0.0433,0.0431,0.0424,0.0415,,,,,,,,,,,,,,,5955.363025435694,5998.926005938495,6040.442308456646,6079.110632025194
2025-05-21,,,,,,,,,,,,,,,,,,5861.25,5914.25,5965.5,6020.5,5844.60986328125,0.0432475,0.043285,0.0426947,0.0405952,0.01403420497670976,,,,,,,,,,,,,,,0.0821917808219178,0.3315068493150685,0.5808219178082191,0.8301369863013699,,,,,,,,,,,,,,,0.0432,0.0432,0.0424,0.0414,,,,,,,,,,,,,,,5858.637302095309,5901.393482067882,5941.700198221373,5978.903585335276
2025-05-22,,,,,,,,,,,,,,,,,,5856.75,5909.5,5960.25,6015.5,5842.009765625,0.0432472,0.0432983,0.042732,0.0407551,0.01452287535020515,,,,,,,,,,,,,,,0.07945205479452055,0.3287671232876712,0.5780821917808219,0.8273972602739726,,,,,,,,,,,,,,,0.0432,0.0432,0.0425,0.0415,,,,,,,,,,,,,,,5855.335706148793,5897.349256302524,5937.261220901718,5973.874277412424
2025-05-23,,,,,,,,,,,,,,,,,,5817.0,5869.0,5918.5,5973.5,5802.81982421875,0.043285,0.04329939999999999,0.0427144,0.0406812,0.01458640555753064,,,,,,,,,,,,,,,0.07671232876712329,0.32602739726027397,0.5753424657534246,0.8246575342465754,,,,,,,,,,,,,,,0.0433,0.0432,0.0424,0.0414,,,,,,,,,,,,,,,5815.6157057357705,5857.206548468302,5896.425489091298,5932.561101183013
2025-05-27,,,,,,,,,,,,,,,,,,5934.25,5988.0,6038.5,6090.75,5921.5400390625,0.0432848,0.0432866,0.0426788,0.0405055,0.01441924406568383,,,,,,,,,,,,,,,0.06575342465753424,0.3150684931506849,0.5643835616438356,0.8136986301369863,,,,,,,,,,,,,,,0.0433,0.0432,0.0424,0.0414,,,,,,,,,,,,,,,5932.795778568011,5975.4802203964255,6015.794550145328,6052.980291662104
2025-05-28,,,,,,,,,,,,,,,,,,5902.75,5956.5,6007.75,6060.5,5888.5498046875,0.0432681,0.0433269,0.0428505,0.040878,0.01452721835049972,,,,,,,,,,,,,,,0.06301369863013699,0.31232876712328766,0.5616438356164384,0.810958904109589,,,,,,,,,,,,,,,0.0433,0.0433,0.0427,0.0417,,,,,,,,,,,,,,,5899.235897424793,5941.706143284928,5982.4657955562025,6019.750200041644
2025-05-29,,,,,,,,,,,,,,,,,,5922.75,5976.5,6027.5,6081.0,5912.169921875,0.0432413,0.0432983,0.0428132,0.0409406,0.01447709889236513,,,,,,,,,,,,,,,0.06027397260273973,0.3095890410958904,0.5589041095890411,0.8082191780821918,,,,,,,,,,,,,,,0.0432,0.0432,0.0426,0.0417,,,,,,,,,,,,,,,5922.414191866015,5964.97712399545,6005.831597328913,6043.6914703806615
2025-05-30,,,,,,,,,,,,,,,,,,5916.0,5969.25,6021.75,6073.25,5911.68994140625,0.0432224,0.04323750000000001,0.0426567,0.0406557,0.01438876232023737,,,,,,,,,,,,,,,0.057534246575342465,0.30684931506849317,0.5561643835616439,0.8054794520547945,,,,,,,,,,,,,,,0.0432,0.0432,0.0425,0.0415,,,,,,,,,,,,,,,5921.4974792715075,5964.185174825302,6004.8423724943395,6042.206631123895
2025-06-02,,,,,,,,,,,,,,,,,,5947.25,6000.5,6051.0,6102.5,5935.93994140625,0.0431974,0.043195,0.0425169,0.040415,0.01432301300876341,,,,,,,,,,,,,,,0.049315068493150684,0.29863013698630136,0.547945205479452,0.7972602739726027,,,,,,,,,,,,,,,0.0432,0.0431,0.0423,0.0413,,,,,,,,,,,,,,,5944.3991607419675,5987.171300999645,6027.638109320186,6064.991058800695
2025-06-03,,,,,,,,,,,,,,,,,,5981.5,6035.25,6086.0,6137.75,5970.3701171875,0.0431579,0.0431782,0.0424791,0.0403683,0.01427547752471003,,,,,,,,,,,,,,,0.04657534246575343,0.2958904109589041,0.5452054794520548,0.7945205479452054,,,,,,,,,,,,,,,0.0431,0.0431,0.0423,0.0413,,,,,,,,,,,,,,,5978.390793470725,6021.508573081489,6062.292596999504,6099.9493024238
2025-06-04,,,,,,,,,,,,,,,,,,5981.0,6034.75,6085.25,6137.75,5970.81005859375,0.0431286,0.0431579,0.0424693,0.0404769,0.01426825287385586,,,,,,,,,,,,,,,0.043835616438356165,0.29315068493150687,0.5424657534246575,0.7917808219178082,,,,,,,,,,,,,,,0.0431,0.0431,0.0423,0.0413,,,,,,,,,,,,,,,5978.361081822871,6021.489493128503,6062.29759449343,6099.982030551942
2025-06-05,,,,,,,,,,,,,,,,,,5946.0,5999.25,6050.0,6102.5,5939.2998046875,0.0431134,0.04309929999999999,0.0422717,0.0400993,0.01427179803968569,,,,,,,,,,,,,,,0.0410958904109589,0.29041095890410956,0.5397260273972603,0.7890410958904109,,,,,,,,,,,,,,,0.0431,0.043,0.0421,0.041,,,,,,,,,,,,,,,5946.340385422121,5989.05857165366,6029.179026662822,6065.887712871774
2025-06-06,,,,,,,,,,,,,,,,,,6006.75,6060.5,6111.75,6165.75,6000.35986328125,0.0431127,0.0430749,0.0421636,0.0398628,0.01398052373204066,,,,,,,,,,,,,,,0.038356164383561646,0.2876712328767123,0.536986301369863,0.7863013698630137,,,,,,,,,,,,,,,0.0431,0.043,0.042,0.0408,,,,,,,,,,,,,,,6007.065477819263,6050.66094485066,6091.324340474128,6128.240241509638
2025-06-09,,,,,,,,,,,,,,,,,,6010.25,6064.0,6115.25,6169.25,6005.8798828125,0.0431429,0.0432322,0.0426128,0.0407306,0.01402598926042843,,,,,,,,,,,,,,,0.030136986301369864,0.27945205479452057,0.5287671232876713,0.7780821917808219,,,,,,,,,,,,,,,0.0431,0.0432,0.0425,0.0416,,,,,,,,,,,,,,,6011.1445592901455,6055.044383749489,6096.989291549388,6136.127338519584
2025-06-10,,,,,,,,,,,,,,,,,,6045.0,6098.75,6150.0,6205.5,6038.81005859375,0.043144,0.0432412,0.0426462,0.040829,0.01395022522637253,,,,,,,,,,,,,,,0.0273972602739726,0.27671232876712326,0.5260273972602739,0.7753424657534247,,,,,,,,,,,,,,,0.0431,0.0432,0.0426,0.0417,,,,,,,,,,,,,,,6043.634723325095,6087.885151603844,6130.507578142768,6170.14637419406
2025-06-11,,,,,,,,,,,,,,,,,,6029.0,6082.25,6133.5,6184.75,6022.240234375,0.0431324,0.043225,0.0426132,0.0408239,0.01404150680380601,,,,,,,,,,,,,,,0.024657534246575342,0.273972602739726,0.5232876712328767,0.7726027397260274,,,,,,,,,,,,,,,0.0431,0.0432,0.0425,0.0417,,,,,,,,,,,,,,,6026.556780731112,6070.542349921493,6112.594413690387,6152.314482710179
2025-06-12,,,,,,,,,,,,,,,,,,6049.5,6103.0,6153.5,6204.75,6045.259765625,0.0431176,0.04318469999999999,0.04244539999999999,0.0405001,0.01403690496885244,,,,,,,,,,,,,,,0.021917808219178082,0.27123287671232876,0.5205479452054794,0.7698630136986301,,,,,,,,,,,,,,,0.0431,0.0432,0.0424,0.0414,,,,,,,,,,,,,,,6049.111818872305,6093.2673302514195,6135.176247582871,6173.959028541503
2025-06-13,,,,,,,,,,,,,,,,,,5979.25,6031.5,6081.5,6132.5,5976.97021484375,0.043137,0.0430998,0.0421589,0.0400348,0.01395177903309121,,,,,,,,,,,,,,,0.019178082191780823,0.2684931506849315,0.5178082191780822,0.7671232876712328,,,,,,,,,,,,,,,0.0431,0.0431,0.0421,0.041,,,,,,,,,,,,,,,5980.31231694001,6023.930084181238,6064.724802685363,6102.283874289213
2025-06-16,,,,,,,,,,,,,,,,,,6035.75,6089.75,6141.75,6192.75,6033.10986328125,0.043146,0.0431348,0.0422951,0.0404068,0.01370114774023618,,,,,,,,,,,,,,,0.010958904109589041,0.2602739726027397,0.5095890410958904,0.7589041095890411,,,,,,,,,,,,,,,0.0431,0.0431,0.0423,0.0413,,,,,,,,,,,,,,,6035.053918958026,6079.450817018551,6121.678180176693,6160.8052541759635
2025-06-17,,,,,,,,,,,,,,,,,,5985.0,6038.5,6091.5,6144.5,5982.72021484375,0.04317580000000001,0.04318900000000001,0.0423857,0.0405228,0.01382923174629605,,,,,,,,,,,,,,,0.00821917808219178,0.25753424657534246,0.5068493150684932,0.7561643835616438,,,,,,,,,,,,,,,0.0431,0.0432,0.0424,0.0414,,,,,,,,,,,,,,,5984.159720738098,6028.1449622926,6069.986762606202,6108.757411980325
2025-06-18,,,,,,,,,,,,,,,,,,5981.5,6034.25,6086.75,6136.5,5980.8701171875,0.0432143,0.0432369,0.0424518,0.0405711,0.01383841014333425,,,,,,,,,,,,,,,0.005479452054794521,0.2547945205479452,0.5041095890410959,0.7534246575342466,,,,,,,,,,,,,,,0.0432,0.0432,0.0424,0.0415,,,,,,,,,,,,,,,5981.8324294203585,6025.781823135604,6067.606635008016,6106.824924271994
2025-06-20,,,,,,,,,,,,,,,,,,6010.21,6018.0,6068.25,6117.0,5967.83984375,0.0431963,0.0432086,0.042394,0.0404797,0.01391460047806467,,,,,,,,,,,,,,,0.0,0.2493150684931507,0.4986301369863014,0.7479452054794521,,,,,,,,,,,,,,,0.0431,0.0432,0.0424,0.0414,,,,,,,,,,,,,,,5967.83984375,6011.572238606251,6053.209972919109,6091.793877431089
2025-06-23,,,,,,,,,,,,,,,,,,,6077.0,6127.0,6177.0,6025.169921875,0.043192,0.0431696,0.042271,0.040342,0.01406398686066519,,,,,,,,,,,,,,,,0.2410958904109589,0.4904109589041096,0.7397260273972602,,,,,,,,,,,,,,,,0.0432,0.0423,0.0413,,,,,,,,,,,,,,,,6067.6431715846575,6109.182285453318,6147.791241473547
2025-06-24,,,,,,,,,,,,,,,,,,,6146.25,6197.25,6249.75,6092.18017578125,0.0432114,0.0430213,0.0418673,0.0396353,0.01394579762028421,,,,,,,,,,,,,,,,0.23835616438356164,0.4876712328767123,0.736986301369863,,,,,,,,,,,,,,,,0.043,0.0419,0.0407,,,,,,,,,,,,,,,,6134.516461254533,6175.800259117955,6213.494698587091
2025-06-25,,,,,,,,,,,,,,,,,,,6147.0,6197.75,6248.25,6092.16015625,0.0432151,0.0430198,0.0418316,0.0395265,0.01400324083538512,,,,,,,,,,,,,,,,0.2356164383561644,0.4849315068493151,0.7342465753424657,,,,,,,,,,,,,,,,0.0431,0.0419,0.0407,,,,,,,,,,,,,,,,6134.069519214858,6175.134982234964,6212.756810520018
2025-06-26,,,,,,,,,,,,,,,,,,,6195.0,6245.75,6294.5,6141.02001953125,0.0432681,0.0429561,0.0416603,0.039299,0.01394049901326684,,,,,,,,,,,,,,,,0.2328767123287671,0.4821917808219178,0.7315068493150685,,,,,,,,,,,,,,,,0.043,0.0418,0.0405,,,,,,,,,,,,,,,,6182.718963045456,6224.07276420413,6261.49711460891
2025-06-27,,,,,,,,,,,,,,,,,,,6223.75,6275.25,6325.5,6173.06982421875,0.0432887,0.0429058,0.0414083,0.0388362,0.01379785924942266,,,,,,,,,,,,,,,,0.23013698630136986,0.4794520547945205,0.7287671232876712,,,,,,,,,,,,,,,,0.043,0.0415,0.0401,,,,,,,,,,,,,,,,6214.695610926545,6255.606507718332,6292.537390151779
2025-06-30,,,,,,,,,,,,,,,,,,,6253.75,6305.25,6355.5,6204.9501953125,0.04322289999999999,0.0429235,0.0414656,0.0388475,0.01378266876669215,,,,,,,,,,,,,,,,0.2219178082191781,0.4712328767123288,0.7205479452054795,,,,,,,,,,,,,,,,0.043,0.0417,0.0402,,,,,,,,,,,,,,,,6245.312848706816,6287.1191208517275,6324.192419948947
2025-07-01,,,,,,,,,,,,,,,,,,,6248.75,6300.0,6352.0,6198.009765625,0.0432765,0.0429833,0.0414257,0.038709,0.0138506223197285,,,,,,,,,,,,,,,,0.2191780821917808,0.4684931506849315,0.7178082191780822,,,,,,,,,,,,,,,,0.0431,0.0416,0.0401,,,,,,,,,,,,,,,,6237.871743628484,6279.112371373317,6315.899940365961
2025-07-02,,,,,,,,,,,,,,,,,,,6275.0,6326.5,6379.0,6227.419921875,0.0432718,0.0428576,0.0412886,0.0386656,0.01371166803862698,,,,,,,,,,,,,,,,0.21643835616438356,0.4657534246575342,0.7150684931506849,,,,,,,,,,,,,,,,0.043,0.0415,0.04,,,,,,,,,,,,,,,,6267.02166168386,6308.542201929051,6345.589896921906
2025-07-03,,,,,,,,,,,,,,,,,,,6324.25,6378.0,6433.75,6279.35009765625,0.0432467,0.0427862,0.0411824,0.0385816,0.013339397743084,,,,,,,,,,,,,,,,0.2136986301369863,0.46301369863013697,0.7123287671232876,,,,,,,,,,,,,,,,0.0429,0.0414,0.0399,,,,,,,,,,,,,,,,6319.1426840466775,6361.466488512164,6399.285660250338
2025-07-07,,,,,,,,,,,,,,,,,,,6276.0,6329.25,6382.0,6229.97998046875,0.0433565,0.0431964,0.0419451,0.0396143,0.01374903440451573,,,,,,,,,,,,,,,,0.20273972602739726,0.4520547945205479,0.7013698630136986,,,,,,,,,,,,,,,,0.0433,0.0422,0.0409,,,,,,,,,,,,,,,,6267.41678698409,6310.623700112498,6349.753469224004
2025-07-08,,,,,,,,,,,,,,,,,,,6272.0,6325.5,6381.75,6225.52001953125,0.0433812,0.0432848,0.0420661,0.0397784,0.01383748887709409,,,,,,,,,,,,,,,,0.2,0.44931506849315067,0.6986301369863014,,,,,,,,,,,,,,,,0.0434,0.0424,0.0411,,,,,,,,,,,,,,,,6262.4374501456305,6305.930518695934,6345.23024423975
2025-07-09,,,,,,,,,,,,,,,,,,,6307.25,6360.75,6415.0,6263.259765625,0.0434637,0.0432939,0.0421453,0.0399352,0.01377520938816065,,,,,,,,,,,,,,,,0.19726027397260273,0.4465753424657534,0.6958904109589041,,,,,,,,,,,,,,,,0.0434,0.0424,0.0412,,,,,,,,,,,,,,,,6299.9681209944665,6343.837724144982,6383.939783679159
2025-07-10,,,,,,,,,,,,,,,,,,,6324.25,6378.0,6432.5,6280.4599609375,0.0434336,0.0432027,0.0419594,0.0396763,0.01350199478728352,,,,,,,,,,,,,,,,0.19452054794520549,0.4438356164383562,0.6931506849315069,,,,,,,,,,,,,,,,0.0433,0.0423,0.041,,,,,,,,,,,,,,,,6316.969251260029,6361.249373165031,6401.315276044938
2025-07-11,,,,,,,,,,,,,,,,,,,6300.0,6353.75,6408.25,6259.75,0.0434194,0.0431755,0.0419122,0.0395988,0.01360809807507741,,,,,,,,,,,,,,,,0.1917808219178082,0.4410958904109589,0.6904109589041096,,,,,,,,,,,,,,,,0.0433,0.0423,0.0409,,,,,,,,,,,,,,,,6295.496808863166,6339.476082719286,6378.818399668286
2025-07-14,,,,,,,,,,,,,,,,,,,6311.0,6365.0,6421.25,6268.56005859375,0.0434001,0.04317770000000001,0.0419724,0.0397622,0.013843711357121,,,,,,,,,,,,,,,,0.18356164383561643,0.4328767123287671,0.6821917808219178,,,,,,,,,,,,,,,,0.0433,0.0423,0.0411,,,,,,,,,,,,,,,,6302.546243048397,6346.254124661367,6386.208150838113
2025-07-15,,,,,,,,,,,,,,,,,,,6284.0,6338.5,6394.5,6243.759765625,0.04343130000000001,0.043224,0.0419965,0.0397766,0.01376165811730994,,,,,,,,,,,,,,,,0.18082191780821918,0.4301369863013699,0.6794520547945205,,,,,,,,,,,,,,,,0.0434,0.0424,0.0411,,,,,,,,,,,,,,,,6277.3115350025,6321.148634104911,6360.82203664367
2025-07-16,,,,,,,,,,,,,,,,,,,6303.25,6357.5,6413.25,6263.7001953125,0.0434979,0.04329,0.0421746,0.0400522,0.01382285371883797,,,,,,,,,,,,,,,,0.1780821917808219,0.4273972602739726,0.6767123287671233,,,,,,,,,,,,,,,,0.0434,0.0425,0.0413,,,,,,,,,,,,,,,,6296.779165139936,6340.943850935203,6381.25776419867
2025-07-17,,,,,,,,,,,,,,,,,,,6340.5,6395.25,6450.5,6297.35986328125,0.0435065,0.04325490000000001,0.0421048,0.0399118,0.01382608082464674,,,,,,,,,,,,,,,,0.17534246575342466,0.4246575342465753,0.673972602739726,,,,,,,,,,,,,,,,0.0434,0.0425,0.0413,,,,,,,,,,,,,,,,6330.100040092012,6374.509022863257,6415.052263150131
2025-07-18,,,,,,,,,,,,,,,,,,,6334.75,6389.25,6446.0,6296.7900390625,0.0435468,0.0433199,0.0422378,0.040058,0.01376953231062677,,,,,,,,,,,,,,,,0.1726027397260274,0.42191780821917807,0.6712328767123288,,,,,,,,,,,,,,,,0.0435,0.0426,0.0414,,,,,,,,,,,,,,,,6329.185444464261,6373.852492574736,6414.6630044261165
2025-07-21,,,,,,,,,,,,,,,,,,,6344.75,6399.5,6456.75,6305.60009765625,0.0434887,0.0431899,0.0420559,0.0398354,0.01408328021715022,,,,,,,,,,,,,,,,0.1643835616438356,0.4136986301369863,0.663013698630137,,,,,,,,,,,,,,,,0.0434,0.0425,0.0413,,,,,,,,,,,,,,,,6336.061302663592,6380.165905356534,6420.417848330457
2025-07-22,,,,,,,,,,,,,,,,,,,6346.75,6401.5,6460.75,6309.6201171875,0.0435091,0.0431869,0.042019,0.0397632,0.01411206195400717,,,,,,,,,,,,,,,,0.16164383561643836,0.410958904109589,0.6602739726027397,,,,,,,,,,,,,,,,0.0434,0.0425,0.0412,,,,,,,,,,,,,,,,6339.562032942918,6383.660936916619,6423.485813177703
2025-07-23,,,,,,,,,,,,,,,,,,,6396.25,6451.75,6505.5,6358.91015625,0.04352229999999999,0.0431846,0.0420054,0.0396398,0.01401690901593656,,,,,,,,,,,,,,,,0.1589041095890411,0.40821917808219177,0.6575342465753424,,,,,,,,,,,,,,,,0.0434,0.0425,0.0412,,,,,,,,,,,,,,,,6388.669926449738,6433.278909726564,6473.589958461806
2025-07-24,,,,,,,,,,,,,,,,,,,6401.5,6457.5,6515.75,6363.35009765625,0.0435277,0.0431381,0.0419701,0.0397357,0.01404193152664382,,,,,,,,,,,,,,,,0.15616438356164383,0.4054794520547945,0.6547945205479452,,,,,,,,,,,,,,,,0.0434,0.0425,0.0412,,,,,,,,,,,,,,,,6392.591030280451,6437.203106812606,6477.5214052970005
2025-07-25,,,,,,,,,,,,,,,,,,,6425.0,6481.0,6540.0,6388.64013671875,0.0435485,0.0431428,0.0420488,0.0400344,0.01394025225965886,,,,,,,,,,,,,,,,0.15342465753424658,0.40273972602739727,0.6520547945205479,,,,,,,,,,,,,,,,0.0434,0.0425,0.0414,,,,,,,,,,,,,,,,6417.581198136249,6462.547433196131,6504.06063389883
2025-07-28,,,,,,,,,,,,,,,,,,,6422.75,6478.75,6539.0,6389.77001953125,0.0435814,0.0430996,0.0419594,0.04001,0.01422708676871424,,,,,,,,,,,,,,,,0.14520547945205478,0.39452054794520547,0.6438356164383562,,,,,,,,,,,,,,,,0.0434,0.0425,0.0413,,,,,,,,,,,,,,,,6416.8949233994845,6461.44206189529,6502.123285300882
2025-07-29,,,,,,,,,,,,,,,,,,,6406.0,6461.5,6522.25,6370.85986328125,0.04356239999999999,0.0430791,0.04197090000000001,0.0400406,0.01435219423186701,,,,,,,,,,,,,,,,0.14246575342465753,0.3917808219178082,0.6410958904109589,,,,,,,,,,,,,,,,0.0434,0.0425,0.0414,,,,,,,,,,,,,,,,6397.279132318879,6441.505057160448,6482.295451521387
2025-07-30,,,,,,,,,,,,,,,,,,,6396.25,6452.75,6512.75,6362.89990234375,0.0435363,0.0429619,0.0418199,0.0398338,0.014447472352767,,,,,,,,,,,,,,,,0.13972602739726028,0.38904109589041097,0.6383561643835617,,,,,,,,,,,,,,,,0.0434,0.0423,0.0412,,,,,,,,,,,,,,,,6388.692651598339,6432.221772266457,6472.496383265089
2025-07-31,,,,,,,,,,,,,,,,,,,6374.25,6431.0,6492.5,6339.39013671875,0.0435118,0.0430054,0.04191379999999999,0.0399805,0.01439049483080507,,,,,,,,,,,,,,,,0.136986301369863,0.3863013698630137,0.6356164383561644,,,,,,,,,,,,,,,,0.0434,0.0424,0.0413,,,,,,,,,,,,,,,,6364.632391664964,6408.355470114283,6448.75245782916
2025-08-01,,,,,,,,,,,,,,,,,,,6264.5,6317.0,6372.0,6238.009765625,0.04351340000000001,0.0432123,0.04239519999999999,0.0406142,0.01461849209199416,,,,,,,,,,,,,,,,0.13424657534246576,0.3835616438356164,0.6328767123287671,,,,,,,,,,,,,,,,0.0434,0.0428,0.0419,,,,,,,,,,,,,,,,6262.1589294213045,6305.804315662015,6346.649365849782
2025-08-04,,,,,,,,,,,,,,,,,,,6356.0,6409.5,6464.75,6329.93994140625,0.0434314,0.0425467,0.0410356,0.0387466,0.01458258724637239,,,,,,,,,,,,,,,,0.12602739726027398,0.37534246575342467,0.6246575342465753,,,,,,,,,,,,,,,,0.0432,0.0418,0.0404,,,,,,,,,,,,,,,,6352.810581412722,6394.937098866426,6432.850737759115
2025-08-05,,,,,,,,,,,,,,,,,,,6325.25,6378.5,6434.25,6299.18994140625,0.0434939,0.0424185,0.0406194,0.0381214,0.01472871514079057,,,,,,,,,,,,,,,,0.1232876712328767,0.3726027397260274,0.6219178082191781,,,,,,,,,,,,,,,,0.0432,0.0415,0.0399,,,,,,,,,,,,,,,,6321.339948211655,6362.339136458334,6398.576314182765
2025-08-06,,,,,,,,,,,,,,,,,,,6371.0,6425.0,6481.25,6345.06005859375,0.0435166,0.04234250000000001,0.0407499,0.0383359,0.01468559545925509,,,,,,,,,,,,,,,,0.12054794520547946,0.3698630136986301,0.6191780821917808,,,,,,,,,,,,,,,,0.0433,0.0415,0.0401,,,,,,,,,,,,,,,,6366.984548944407,6408.301268493215,6445.695920289387
2025-08-07,,,,,,,,,,,,,,,,,,,6366.5,6420.25,6475.75,6340.0,0.0435707,0.04226,0.0406049,0.0381745,0.01476274542115919,,,,,,,,,,,,,,,,0.1178082191780822,0.36712328767123287,0.6164383561643836,,,,,,,,,,,,,,,,0.0433,0.0414,0.04,,,,,,,,,,,,,,,,6361.350461917822,6402.30399579676,6439.403941569526
2025-08-08,,,,,,,,,,,,,,,,,,,6413.5,6468.0,6524.5,6389.4501953125,0.0436116,0.0422643,0.04056949999999999,0.038144,0.0145002774761199,,,,,,,,,,,,,,,,0.11506849315068493,0.3643835616438356,0.6136986301369863,,,,,,,,,,,,,,,,0.0433,0.0414,0.0399,,,,,,,,,,,,,,,,6410.659578106801,6452.386355411347,6489.827806153582
2025-08-11,,,,,,,,,,,,,,,,,,,6399.75,6454.25,6510.75,6373.4501953125,0.0436193,0.0422836,0.0406494,0.0383412,0.01458777926652111,,,,,,,,,,,,,,,,0.10684931506849316,0.3561643835616438,0.6054794520547945,,,,,,,,,,,,,,,,0.0434,0.0415,0.0401,,,,,,,,,,,,,,,,6393.101516135376,6434.834547539362,6472.666006598413
2025-08-12,,,,,,,,,,,,,,,,,,,6468.5,6523.0,6579.5,6445.759765625,0.0436576,0.042329,0.0406671,0.0384083,0.01444538788065919,,,,,,,,,,,,,,,,0.10410958904109589,0.35342465753424657,0.6027397260273972,,,,,,,,,,,,,,,,0.0435,0.0416,0.0401,,,,,,,,,,,,,,,,6465.286828999967,6507.9182214984585,6546.2054936076065
2025-08-13,,,,,,,,,,,,,,,,,,,6488.75,6543.0,6599.5,6466.580078125,0.043631,0.0421138,0.0404062,0.0380259,0.0144275854611858,,,,,,,,,,,,,,,,0.10136986301369863,0.3506849315068493,0.6,,,,,,,,,,,,,,,,0.0435,0.0413,0.0399,,,,,,,,,,,,,,,,6485.665630185898,6527.8075607977225,6566.170829678394
2025-08-14,,,,,,,,,,,,,,,,,,,6490.5,6545.5,6602.75,6468.5400390625,0.0435993,0.0418515,0.0400802,0.0376098,0.01443259260757963,,,,,,,,,,,,,,,,0.09863013698630137,0.34794520547945207,0.5972602739726027,,,,,,,,,,,,,,,,0.0434,0.041,0.0395,,,,,,,,,,,,,,,,6487.047467743617,6528.6124633099735,6566.114116344725
2025-08-15,,,,,,,,,,,,,,,,,,,6471.5,6526.5,6584.25,6449.7998046875,0.0435325,0.0419457,0.04034989999999999,0.038003,0.01394422325284187,,,,,,,,,,,,,,,,0.0958904109589041,0.3452054794520548,0.5945205479452055,,,,,,,,,,,,,,,,0.0434,0.0412,0.0399,,,,,,,,,,,,,,,,6468.0431877277815,6510.771347579736,6550.100119217838
2025-08-18,,,,,,,,,,,,,,,,,,,6469.25,6524.5,6582.75,6449.14990234375,0.0434042,0.0420354,0.0404984,0.0382234,0.01406881207952798,,,,,,,,,,,,,,,,0.08767123287671233,0.336986301369863,0.5863013698630137,,,,,,,,,,,,,,,,0.0434,0.0414,0.0401,,,,,,,,,,,,,,,,6465.755241566001,6508.822471883144,6548.332552968043
2025-08-19,,,,,,,,,,,,,,,,,,,6432.5,6487.25,6545.0,6411.3701171875,0.04340740000000001,0.0421496,0.0406544,0.0384703,0.01403023872191434,,,,,,,,,,,,,,,,0.08493150684931507,0.33424657534246577,0.5835616438356165,,,,,,,,,,,,,,,,0.0434,0.0416,0.0402,,,,,,,,,,,,,,,,6427.382717489939,6470.724581582522,6510.033901647927
2025-08-20,,,,,,,,,,,,,,,,,,,6413.25,6468.25,6525.0,6395.77978515625,0.0433909,0.0420383,0.0405579,0.0383092,0.01408969375736491,,,,,,,,,,,,,,,,0.0821917808219178,0.3315068493150685,0.5808219178082191,,,,,,,,,,,,,,,,0.0434,0.0415,0.0402,,,,,,,,,,,,,,,,6411.2062166719,6454.1611901615315,6493.513804346564
2025-08-21,,,,,,,,,,,,,,,,,,,6388.25,6443.5,6501.0,6370.169921875,0.0432255,0.04195839999999999,0.04041769999999999,0.0380941,0.01386576238675933,,,,,,,,,,,,,,,,0.07945205479452055,0.3287671232876712,0.5780821917808219,,,,,,,,,,,,,,,,0.0433,0.0414,0.04,,,,,,,,,,,,,,,,6385.084702292985,6428.096734276994,6467.139426514069
2025-08-22,,,,,,,,,,,,,,,,,,,6483.25,6539.0,6596.75,6466.91015625,0.0433115,0.0422274,0.0408469,0.0386056,0.01363912821975394,,,,,,,,,,,,,,,,0.07671232876712329,0.32602739726027397,0.5753424657534246,,,,,,,,,,,,,,,,0.0434,0.0418,0.0405,,,,,,,,,,,,,,,,6481.691145125466,6526.557652778014,6567.627327625453
2025-08-25,,,,,,,,,,,,,,,,,,,6455.5,6511.25,6569.75,6439.31982421875,0.0431501,0.0419788,0.04042029999999999,0.0379793,0.01398570086911241,,,,,,,,,,,,,,,,0.0684931506849315,0.3178082191780822,0.5671232876712329,,,,,,,,,,,,,,,,0.0433,0.0415,0.0401,,,,,,,,,,,,,,,,6452.261863770624,6495.8738796327725,6535.396015244139
2025-08-26,,,,,,,,,,,,,,,,,,,6482.5,6538.5,6596.25,6465.93994140625,0.0432295,0.0420496,0.0405377,0.0381374,0.01384621381698923,,,,,,,,,,,,,,,,0.06575342465753424,0.3150684931506849,0.5643835616438356,,,,,,,,,,,,,,,,0.0434,0.0416,0.0402,,,,,,,,,,,,,,,,6478.517177490425,6522.728268367418,6562.830802188933
2025-08-27,,,,,,,,,,,,,,,,,,,6496.0,6552.0,6610.0,6481.39990234375,0.0431599,0.0419886,0.0404351,0.037846,0.01395495444096426,,,,,,,,,,,,,,,,0.06301369863013699,0.31232876712328766,0.5616438356164384,,,,,,,,,,,,,,,,0.0433,0.0416,0.0401,,,,,,,,,,,,,,,,6493.396005050883,6537.604829325554,6577.276310147386
2025-08-28,,,,,,,,,,,,,,,,,,,6517.5,6574.0,6633.5,6501.85986328125,0.0428021,0.0417122,0.0401659,0.0375904,0.01392688980457514,,,,,,,,,,,,,,,,0.06027397260273973,0.3095890410958904,0.5589041095890411,,,,,,,,,,,,,,,,0.043,0.0413,0.0398,,,,,,,,,,,,,,,,6513.263398008646,6557.193450363427,6596.563663526374
2025-08-29,,,,,,,,,,,,,,,,,,,6472.75,6528.5,6587.0,6460.259765625,0.0427256,0.0417106,0.040206,0.0376652,0.0138613911435087,,,,,,,,,,,,,,,,0.057534246575342465,0.30684931506849317,0.5561643835616439,,,,,,,,,,,,,,,,0.0429,0.0414,0.0399,,,,,,,,,,,,,,,,6471.062036416348,6515.081575293858,6554.496320113729
2025-09-02,,,,,,,,,,,,,,,,,,,6425.5,6480.75,6538.75,6415.5400390625,0.0425486,0.04160440000000001,0.0400799,0.0375642,0.01381986225474259,,,,,,,,,,,,,,,,0.04657534246575343,0.2958904109589041,0.5452054794520548,,,,,,,,,,,,,,,,0.0428,0.0413,0.0398,,,,,,,,,,,,,,,,6424.2053240716405,6467.918153526575,6507.059677694162
2025-09-03,,,,,,,,,,,,,,,,,,,6457.25,6512.75,6570.5,6448.259765625,0.0425002,0.0415379,0.0400779,0.0376543,0.0138062410957065,,,,,,,,,,,,,,,,0.043835616438356165,0.29315068493150687,0.5424657534246575,,,,,,,,,,,,,,,,0.0427,0.0413,0.0398,,,,,,,,,,,,,,,,6456.432149341799,6500.441546850712,6539.828975770568
2025-09-04,,,,,,,,,,,,,,,,,,,6510.75,6566.75,6625.25,6502.080078125,0.0422306,0.0413116,0.0397733,0.0373346,0.0135182618021622,,,,,,,,,,,,,,,,0.0410958904109589,0.29041095890410956,0.5397260273972603,,,,,,,,,,,,,,,,0.0425,0.0411,0.0395,,,,,,,,,,,,,,,,6509.828866355907,6554.371140520608,6593.9011792369365
2025-09-05,,,,,,,,,,,,,,,,,,,6489.75,6544.5,6601.25,6481.5,0.0421729,0.0412319,0.0396676,0.0371438,0.01320169346454928,,,,,,,,,,,,,,,,0.038356164383561646,0.2876712328767123,0.536986301369863,,,,,,,,,,,,,,,,0.0424,0.041,0.0394,,,,,,,,,,,,,,,,6488.762925238556,6533.538879169852,6573.326998484943
2025-09-08,,,,,,,,,,,,,,,,,,,6506.0,6560.5,6618.0,6495.14990234375,0.0419217,0.0406989,0.0388309,0.0360736,0.01336219896369135,,,,,,,,,,,,,,,,0.030136986301369864,0.27945205479452057,0.5287671232876713,,,,,,,,,,,,,,,,0.0423,0.0405,0.0386,,,,,,,,,,,,,,,,6500.81678099791,6544.5945132193465,6582.4080863808385
2025-09-09,,,,,,,,,,,,,,,,,,,6521.75,6576.5,6635.25,6512.60986328125,0.0417535,0.0405595,0.0386492,0.0359297,0.01334339969074404,,,,,,,,,,,,,,,,0.0273972602739726,0.27671232876712326,0.5260273972602739,,,,,,,,,,,,,,,,0.0421,0.0404,0.0385,,,,,,,,,,,,,,,,6517.742858154083,6561.552072695901,6599.364374651019
2025-09-10,,,,,,,,,,,,,,,,,,,6539.75,6594.5,6653.5,6532.0400390625,0.041739,0.0405836,0.038789,0.0361713,0.01333499097970955,,,,,,,,,,,,,,,,0.024657534246575342,0.273972602739726,0.5232876712328767,,,,,,,,,,,,,,,,0.0421,0.0404,0.0386,,,,,,,,,,,,,,,,6536.674689927884,6580.655600661106,6618.9726726242625
2025-09-11,,,,,,,,,,,,,,,,,,,6592.5,6647.5,6704.75,6587.47021484375,0.0415016,0.0403781,0.0386433,0.0361192,0.01332640453257444,,,,,,,,,,,,,,,,0.021917808219178082,0.27123287671232876,0.5205479452054794,,,,,,,,,,,,,,,,0.0419,0.0402,0.0385,,,,,,,,,,,,,,,,6591.597045794274,6635.661723056769,6674.360909352989
2025-09-12,,,,,,,,,,,,,,,,,,,6588.25,6645.0,6703.0,6584.2900390625,0.0414693,0.0402064,0.0383917,0.0358183,0.01330694117122412,,,,,,,,,,,,,,,,0.019178082191780823,0.2684931506849315,0.5178082191780822,,,,,,,,,,,,,,,,0.042,0.0401,0.0383,,,,,,,,,,,,,,,,6587.914225029925,6631.826571875852,6670.05513355672
2025-09-15,,,,,,,,,,,,,,,,,,,6621.5,6679.25,6738.25,6615.27978515625,0.0414288,0.040233,0.0384833,0.0360702,0.01278423153179683,,,,,,,,,,,,,,,,0.010958904109589041,0.2602739726027397,0.5095890410958904,,,,,,,,,,,,,,,,0.0419,0.0402,0.0384,,,,,,,,,,,,,,,,6617.3909050070015,6662.652664380293,6702.19850151609
2025-09-16,,,,,,,,,,,,,,,,,,,6610.75,6667.5,6726.0,6606.759765625,0.0413584,0.04025699999999999,0.0385447,0.0360384,0.01280442188950991,,,,,,,,,,,,,,,,0.00821917808219178,0.25753424657534246,0.5068493150684932,,,,,,,,,,,,,,,,0.0418,0.0402,0.0385,,,,,,,,,,,,,,,,6608.334475058477,6653.537255510838,6693.3675484917185
2025-09-17,,,,,,,,,,,,,,,,,,,6601.25,6658.75,6716.0,6600.35009765625,0.0413359,0.0402304,0.0385385,0.0359516,0.01288973903865962,,,,,,,,,,,,,,,,0.005479452054794521,0.2547945205479452,0.5041095890410959,,,,,,,,,,,,,,,,0.0418,0.0402,0.0385,,,,,,,,,,,,,,,,6601.395757702896,6646.438834184546,6686.115554170557
2025-09-18,,,,,,,,,,,,,,,,,,,6635.0,6693.5,6750.5,6631.9599609375,0.0413544,0.04003300000000001,0.0383108,0.0358032,0.01292269464578399,,,,,,,,,,,,,,,,0.0027397260273972603,0.25205479452054796,0.5013698630136987,,,,,,,,,,,,,,,,0.042,0.04,0.0383,,,,,,,,,,,,,,,,6632.488309447787,6677.377663958128,6716.880239550749
2025-09-19,,,,,,,,,,,,,,,,,,,6658.77,6722.5,6780.5,6664.35986328125,0.0415457,0.0401248,0.0384909,0.0361165,0.01298722296636501,,,,,,,,,,,,,,,,0.0,0.2493150684931507,0.4986301369863014,,,,,,,,,,,,,,,,0.0423,0.0401,0.0385,,,,,,,,,,,,,,,,6664.35986328125,6709.561028570895,6749.681671579232
2025-09-22,,,,,,,,,,,,,,,,,,,,6752.5,6811.25,6693.75,0.0415679,0.0400331,0.0383986,0.0360833,0.01277645615822086,,,,,,,,,,,,,,,,,0.2410958904109589,0.4904109589041096,,,,,,,,,,,,,,,,,0.0401,0.0385,,,,,,,,,,,,,,,,,6737.991269991942,6778.727249486522
2025-09-23,,,,,,,,,,,,,,,,,,,,6715.0,6773.75,6656.919921875,0.0415791,0.0400017,0.038458,0.0361807,0.01301088240737845,,,,,,,,,,,,,,,,,0.23835616438356164,0.4876712328767123,,,,,,,,,,,,,,,,,0.0401,0.0385,,,,,,,,,,,,,,,,,6700.041775663207,6740.183922701318
2025-09-24,,,,,,,,,,,,,,,,,,,,6692.25,6750.75,6637.97021484375,0.0415848,0.039984,0.0384447,0.0362512,0.01316560347401127,,,,,,,,,,,,,,,,,0.2356164383561644,0.4849315068493151,,,,,,,,,,,,,,,,,0.0401,0.0385,,,,,,,,,,,,,,,,,6680.229964628664,6720.0236461578215
2025-09-25,,,,,,,,,,,,,,,,,,,,6659.75,6719.0,6604.72021484375,0.04165530000000001,0.0399009,0.0383907,0.0363098,0.01333384887047089,,,,,,,,,,,,,,,,,0.2328767123287671,0.4821917808219178,,,,,,,,,,,,,,,,,0.0401,0.0385,,,,,,,,,,,,,,,,,6646.017418003827,6685.3561739411
2025-09-26,,,,,,,,,,,,,,,,,,,,6696.5,6755.75,6643.7001953125,0.041634,0.040015,0.0387187,0.0368525,0.01329902994711924,,,,,,,,,,,,,,,,,0.23013698630136986,0.4794520547945205,,,,,,,,,,,,,,,,,0.0402,0.0388,,,,,,,,,,,,,,,,,6684.958314010335,6725.427949649676
2025-09-29,,,,,,,,,,,,,,,,,,,,6713.5,6772.75,6661.2099609375,0.0413431,0.0398525,0.0386142,0.036825,0.01369167708829181,,,,,,,,,,,,,,,,,0.2219178082191781,0.4712328767123288,,,,,,,,,,,,,,,,,0.0401,0.0387,,,,,,,,,,,,,,,,,6700.362443690551,6740.174992156348
2025-09-30,,,,,,,,,,,,,,,,,,,,6738.75,6797.75,6688.4599609375,0.041292,0.0397639,0.038459,0.0365947,0.0133580376531815,,,,,,,,,,,,,,,,,0.2191780821917808,0.4684931506849315,,,,,,,,,,,,,,,,,0.04,0.0386,,,,,,,,,,,,,,,,,6727.630367264521,6768.025120470834
2025-10-01,,,,,,,,,,,,,,,,,,,,6761.5,6819.5,6711.2001953125,0.04126490000000001,0.0395646,0.0382571,0.0363145,0.01322663776086586,,,,,,,,,,,,,,,,,0.21643835616438356,0.4657534246575342,,,,,,,,,,,,,,,,,0.0399,0.0384,,,,,,,,,,,,,,,,,6750.056939489819,6790.349284918814
2025-10-02,,,,,,,,,,,,,,,,,,,,6766.75,6824.5,6715.35009765625,0.04105909999999999,0.0393418,0.0378582,0.0357906,0.01333086080905025,,,,,,,,,,,,,,,,,0.2136986301369863,0.46301369863013697,,,,,,,,,,,,,,,,,0.0397,0.038,,,,,,,,,,,,,,,,,6753.298243404154,6792.493562983508
2025-10-03,,,,,,,,,,,,,,,,,,,,6764.0,6822.0,6715.7900390625,0.0410159,0.0393549,0.0378802,0.0358301,0.01304303904362971,,,,,,,,,,,,,,,,,0.21095890410958903,0.4602739726027397,,,,,,,,,,,,,,,,,0.0397,0.0381,,,,,,,,,,,,,,,,,6753.662830078642,6793.6920563807
2025-10-06,,,,,,,,,,,,,,,,,,,,6788.75,6847.0,6740.27978515625,0.0408824,0.0393708,0.0379005,0.0358183,0.01317204824880758,,,,,,,,,,,,,,,,,0.20273972602739726,0.4520547945205479,,,,,,,,,,,,,,,,,0.0398,0.0381,,,,,,,,,,,,,,,,,6776.765877006735,6816.66422288824
2025-10-07,,,,,,,,,,,,,,,,,,,,6761.5,6819.25,6714.58984375,0.0408372,0.0393532,0.0379652,0.036014,0.01337229854532021,,,,,,,,,,,,,,,,,0.2,0.44931506849315067,,,,,,,,,,,,,,,,,0.0398,0.0382,,,,,,,,,,,,,,,,,6750.174036906837,6789.913538833476
2025-10-08,,,,,,,,,,,,,,,,,,,,6801.25,6859.75,6753.72021484375,0.0407888,0.0392738,0.0379561,0.0359782,0.01347947109043739,,,,,,,,,,,,,,,,,0.19726027397260273,0.4465753424657534,,,,,,,,,,,,,,,,,0.0397,0.0382,,,,,,,,,,,,,,,,,6788.742765574139,6828.691504745757
2025-10-09,,,,,,,,,,,,,,,,,,,,6779.25,6837.0,6735.10986328125,0.0404771,0.039115,0.0378223,0.0359236,0.01361717804201693,,,,,,,,,,,,,,,,,0.19452054794520549,0.4438356164383562,,,,,,,,,,,,,,,,,0.0395,0.0381,,,,,,,,,,,,,,,,,6769.104901384348,6808.694990156329
2025-10-10,,,,,,,,,,,,,,,,,,,,6595.25,6650.5,6552.509765625,0.0403217,0.0390454,0.0377732,0.0359429,0.01351263915156555,,,,,,,,,,,,,,,,,0.1917808219178082,0.4410958904109589,,,,,,,,,,,,,,,,,0.0395,0.038,,,,,,,,,,,,,,,,,6585.248185479726,6623.668833018486
2025-10-14,,,,,,,,,,,,,,,,,,,,6686.5,6742.0,6644.31005859375,0.0403184,0.0389363,0.0375141,0.0354735,0.01404634748465374,,,,,,,,,,,,,,,,,0.18082191780821918,0.4301369863013699,,,,,,,,,,,,,,,,,0.0395,0.0379,,,,,,,,,,,,,,,,,6674.9614993606,6712.833864497222
2025-10-15,,,,,,,,,,,,,,,,,,,,6715.0,6771.0,6671.06005859375,0.0403693,0.0388163,0.0373095,0.0350554,0.01375735801092575,,,,,,,,,,,,,,,,,0.1780821917808219,0.4273972602739726,,,,,,,,,,,,,,,,,0.0394,0.0377,,,,,,,,,,,,,,,,,6701.593101745152,6739.67562029823
2025-10-16,,,,,,,,,,,,,,,,,,,,6668.75,6723.5,6629.06982421875,0.0403104,0.0388444,0.0372925,0.0350675,0.0140352694596885,,,,,,,,,,,,,,,,,0.17534246575342466,0.4246575342465753,,,,,,,,,,,,,,,,,0.0395,0.0377,,,,,,,,,,,,,,,,,6658.735122654335,6696.023899951896
2025-10-17,,,,,,,,,,,,,,,,,,,,6702.5,6758.0,6664.009765625,0.0402374,0.0386996,0.0370241,0.0346845,0.01406679658916707,,,,,,,,,,,,,,,,,0.1726027397260274,0.42191780821917807,,,,,,,,,,,,,,,,,0.0394,0.0375,,,,,,,,,,,,,,,,,6693.212482627871,6730.222850541348
2025-10-20,,,,,,,,,,,,,,,,,,,,6773.75,6830.75,6735.1298828125,0.0400181,0.0385735,0.0369251,0.0345954,0.01455518948741196,,,,,,,,,,,,,,,,,0.1643835616438356,0.4136986301369863,,,,,,,,,,,,,,,,,0.0393,0.0374,,,,,,,,,,,,,,,,,6762.581761426593,6799.084435265642
2025-10-21,,,,,,,,,,,,,,,,,,,,6773.25,6830.5,6735.35009765625,0.0400162,0.038598,0.0369679,0.0346731,0.01477715517623294,,,,,,,,,,,,,,,,,0.16164383561643836,0.410958904109589,,,,,,,,,,,,,,,,,0.0393,0.0375,,,,,,,,,,,,,,,,,6762.101787514314,6798.540424948727
2025-10-22,,,,,,,,,,,,,,,,,,,,6737.0,6793.75,6699.39990234375,0.0401524,0.0386541,0.0369944,0.0346296,0.01503002864160512,,,,,,,,,,,,,,,,,0.1589041095890411,0.40821917808219177,,,,,,,,,,,,,,,,,0.0394,0.0375,,,,,,,,,,,,,,,,,6725.393549656193,6761.134009095117
2025-10-23,,,,,,,,,,,,,,,,,,,,6775.0,6832.5,6738.43994140625,0.0399103,0.0385798,0.0369223,0.0346155,0.01507453661862337,,,,,,,,,,,,,,,,,0.15616438356164383,0.4054794520547945,,,,,,,,,,,,,,,,,0.0393,0.0375,,,,,,,,,,,,,,,,,6763.980783180894,6799.992437418992
2025-10-24,,,,,,,,,,,,,,,,,,,,6827.0,6884.75,6791.68994140625,0.0398631,0.0385939,0.0370064,0.0347879,0.01493187170381116,,,,,,,,,,,,,,,,,0.15342465753424658,0.40273972602739727,,,,,,,,,,,,,,,,,0.0393,0.0376,,,,,,,,,,,,,,,,,6817.129365844095,6853.977585644521
2025-10-27,,,,,,,,,,,,,,,,,,,,6908.25,6967.5,6875.16015625,0.0397731,0.0384276,0.0368491,0.0347293,0.01552422154659713,,,,,,,,,,,,,,,,,0.14520547945205478,0.39452054794520547,,,,,,,,,,,,,,,,,0.0393,0.0375,,,,,,,,,,,,,,,,,6898.936794973713,6935.026222158452
2025-10-28,,,,,,,,,,,,,,,,,,,,6925.75,6985.25,6890.89013671875,0.0396839,0.0383833,0.0369369,0.0349682,0.01577594975127936,,,,,,,,,,,,,,,,,0.14246575342465753,0.3917808219178082,,,,,,,,,,,,,,,,,0.0392,0.0375,,,,,,,,,,,,,,,,,6913.924310820702,6949.789250861659
2025-10-29,,,,,,,,,,,,,,,,,,,,6922.75,6983.25,6890.58984375,0.0396461,0.0384038,0.0369752,0.0350163,0.0160854637769316,,,,,,,,,,,,,,,,,0.13972602739726028,0.38904109589041097,,,,,,,,,,,,,,,,,0.0392,0.0375,,,,,,,,,,,,,,,,,6912.880374278512,6948.236071305906
2025-10-30,,,,,,,,,,,,,,,,,,,,6855.5,6915.75,6822.33984375,0.0398402,0.0385383,0.0372873,0.035415,0.01652647516574397,,,,,,,,,,,,,,,,,0.136986301369863,0.3863013698630137,,,,,,,,,,,,,,,,,0.0394,0.0378,,,,,,,,,,,,,,,,,6843.750213240099,6878.636783601042
2025-10-31,,,,,,,,,,,,,,,,,,,,6874.0,6934.75,6840.2001953125,0.0399963,0.0388927,0.0378944,0.0361201,0.01616620842714449,,,,,,,,,,,,,,,,,0.13424657534246576,0.3835616438356164,,,,,,,,,,,,,,,,,0.0396,0.0383,,,,,,,,,,,,,,,,,6861.752707283541,6898.518462761297
2025-11-03,,,,,,,,,,,,,,,,,,,,6882.75,6943.5,6851.97021484375,0.0400728,0.0390059,0.0380384,0.0362354,0.01666577937914277,,,,,,,,,,,,,,,,,0.12602739726027398,0.37534246575342467,,,,,,,,,,,,,,,,,0.0398,0.0385,,,,,,,,,,,,,,,,,6871.976597128744,6908.354965956381
2025-11-04,,,,,,,,,,,,,,,,,,,,6801.75,6861.5,6771.5498046875,0.0400595,0.0388661,0.0378842,0.0361182,0.0171336454253086,,,,,,,,,,,,,,,,,0.1232876712328767,0.3726027397260274,,,,,,,,,,,,,,,,,0.0397,0.0383,,,,,,,,,,,,,,,,,6790.4155258432165,6825.165738707143
2025-11-05,,,,,,,,,,,,,,,,,,,,6825.25,6886.0,6796.2900390625,0.0399211,0.0386956,0.0377173,0.035897,0.01742679050578164,,,,,,,,,,,,,,,,,0.12054794520547946,0.3698630136986301,,,,,,,,,,,,,,,,,0.0396,0.0381,,,,,,,,,,,,,,,,,6814.480379479146,6848.455390253034
2025-11-06,,,,,,,,,,,,,,,,,,,,6747.5,6806.5,6720.31982421875,0.0397197,0.0386495,0.03776409999999999,0.03611,0.01793411670165728,,,,,,,,,,,,,,,,,0.1178082191780822,0.36712328767123287,,,,,,,,,,,,,,,,,0.0395,0.0382,,,,,,,,,,,,,,,,,6737.415433879884,6770.505988886033
2025-11-07,,,,,,,,,,,,,,,,,,,,6753.75,6812.75,6728.7998046875,0.0395724,0.0384347,0.0375038,0.0357532,0.01746244870395999,,,,,,,,,,,,,,,,,0.11506849315068493,0.3643835616438356,,,,,,,,,,,,,,,,,0.0393,0.0379,,,,,,,,,,,,,,,,,6745.7292892749665,6779.09695343232
2025-11-10,,,,,,,,,,,,,,,,,,,,6856.75,6917.75,6832.43017578125,0.0394794,0.0384094,0.0373881,0.0355466,0.01734931180982137,,,,,,,,,,,,,,,,,0.10684931506849316,0.3561643835616438,,,,,,,,,,,,,,,,,0.0393,0.0379,,,,,,,,,,,,,,,,,6848.473874042117,6882.623091169477
2025-11-12,,,,,,,,,,,,,,,,,,,,6875.75,6936.75,6850.919921875,0.0395902,0.0385309,0.0376086,0.0358149,0.01773118951100125,,,,,,,,,,,,,,,,,0.10136986301369863,0.3506849315068493,,,,,,,,,,,,,,,,,0.0395,0.0381,,,,,,,,,,,,,,,,,6866.0545486870005,6900.031476005867
2025-11-13,,,,,,,,,,,,,,,,,,,,6760.0,6820.0,6737.490234375,0.0395896,0.0385181,0.0374967,0.0356553,0.01821135189622098,,,,,,,,,,,,,,,,,0.09863013698630137,0.34794520547945207,,,,,,,,,,,,,,,,,0.0395,0.0381,,,,,,,,,,,,,,,,,6751.651820327272,6784.276440418475
2025-11-14,,,,,,,,,,,,,,,,,,,,6755.25,6815.5,6734.10986328125,0.0396256,0.0387477,0.0378035,0.0359586,0.01652407595306489,,,,,,,,,,,,,,,,,0.0958904109589041,0.3452054794520548,,,,,,,,,,,,,,,,,0.0396,0.0383,,,,,,,,,,,,,,,,,6749.027329443969,6784.922043061875
2025-11-17,,,,,,,,,,,,,,,,,,,,6692.0,6751.25,6672.41015625,0.0395882,0.0387792,0.037843,0.035958,0.0171469571820059,,,,,,,,,,,,,,,,,0.08767123287671233,0.336986301369863,,,,,,,,,,,,,,,,,0.0396,0.0384,,,,,,,,,,,,,,,,,6685.557637937429,6720.369389615821
2025-11-18,,,,,,,,,,,,,,,,,,,,6639.75,6698.5,6617.31982421875,0.0395984,0.0388896,0.0379926,0.0361346,0.01701988892465139,,,,,,,,,,,,,,,,,0.08493150684931507,0.33424657534246577,,,,,,,,,,,,,,,,,0.0396,0.0386,,,,,,,,,,,,,,,,,6630.0224508197425,6665.2236289825005
2025-11-19,,,,,,,,,,,,,,,,,,,,6661.5,6720.5,6642.16015625,0.0395038,0.0386847,0.0377373,0.0357555,0.01707651787949412,,,,,,,,,,,,,,,,,0.0821917808219178,0.3315068493150685,,,,,,,,,,,,,,,,,0.0395,0.0383,,,,,,,,,,,,,,,,,6654.413117428213,6689.057384315356
2025-11-20,,,,,,,,,,,,,,,,,,,,6557.5,6615.25,6538.759765625,0.0395117,0.0387729,0.037784,0.0357964,0.01621561069058269,,,,,,,,,,,,,,,,,0.07945205479452055,0.3287671232876712,,,,,,,,,,,,,,,,,0.0395,0.0384,,,,,,,,,,,,,,,,,6550.867618908979,6586.624534564947
2025-11-21,,,,,,,,,,,,,,,,,,,,6620.25,6677.75,6602.990234375,0.0395428,0.0387861,0.037752,0.0357248,0.01562590203969833,,,,,,,,,,,,,,,,,0.07671232876712329,0.32602739726027397,,,,,,,,,,,,,,,,,0.0396,0.0385,,,,,,,,,,,,,,,,,6615.145025946771,6652.4166513257815
2025-11-24,,,,,,,,,,,,,,,,,,,,6721.25,6779.25,6705.1201171875,0.0393336,0.0383503,0.0373524,0.0352606,0.01698577773544382,,,,,,,,,,,,,,,,,0.0684931506849315,0.3178082191780822,,,,,,,,,,,,,,,,,0.0394,0.038,,,,,,,,,,,,,,,,,6715.4218621105465,6750.050077176218
2025-11-25,,,,,,,,,,,,,,,,,,,,6781.5,6839.25,6765.8798828125,0.0391572,0.0382237,0.0372973,0.0352545,0.01659279752884601,,,,,,,,,,,,,,,,,0.06575342465753424,0.3150684931506849,,,,,,,,,,,,,,,,,0.0393,0.0379,,,,,,,,,,,,,,,,,6775.989403160654,6811.453580434309
2025-11-26,,,,,,,,,,,,,,,,,,,,6828.0,6886.25,6812.60986328125,0.0387272,0.0379234,0.0370202,0.0350452,0.01693246566641584,,,,,,,,,,,,,,,,,0.06301369863013699,0.31232876712328766,,,,,,,,,,,,,,,,,0.0388,0.0377,,,,,,,,,,,,,,,,,6822.003798499788,6856.94210434352
2025-11-28,,,,,,,,,,,,,,,,,,,,6859.5,6918.25,6849.08984375,0.0386417,0.0378743,0.0370377,0.0351111,0.01766824607686108,,,,,,,,,,,,,,,,,0.057534246575342465,0.30684931506849317,,,,,,,,,,,,,,,,,0.0388,0.0377,,,,,,,,,,,,,,,,,6857.42202814343,6891.3190022237895
2025-12-01,,,,,,,,,,,,,,,,,,,,6826.75,6885.0,6812.6298828125,0.0384292,0.0377279,0.0369191,0.0350606,0.0184411896963547,,,,,,,,,,,,,,,,,0.049315068493150684,0.29863013698630136,,,,,,,,,,,,,,,,,0.0386,0.0376,,,,,,,,,,,,,,,,,6819.405911330162,6851.719367411323
2025-12-02,,,,,,,,,,,,,,,,,,,,6840.25,6898.5,6829.3701171875,0.0383471,0.0377175,0.0369904,0.0352567,0.01880846095208697,,,,,,,,,,,,,,,,,0.04657534246575343,0.2958904109589041,,,,,,,,,,,,,,,,,0.0385,0.0376,,,,,,,,,,,,,,,,,6835.636480018092,6867.448793327339
2025-12-03,,,,,,,,,,,,,,,,,,,,6862.0,6920.25,6849.72021484375,0.0381778,0.0376004,0.0368737,0.0351289,0.01912032019441945,,,,,,,,,,,,,,,,,0.043835616438356165,0.29315068493150687,,,,,,,,,,,,,,,,,0.0383,0.0375,,,,,,,,,,,,,,,,,6855.481559856916,6886.726220008149
2025-12-04,,,,,,,,,,,,,,,,,,,,6866.75,6925.0,6857.1201171875,0.0378368,0.0373779,0.0366189,0.0348254,0.01871792110096175,,,,,,,,,,,,,,,,,0.0410958904109589,0.29041095890410956,,,,,,,,,,,,,,,,,0.038,0.0373,,,,,,,,,,,,,,,,,6862.555949979699,6894.224174880427
2025-12-05,,,,,,,,,,,,,,,,,,,,6878.25,6937.0,6870.39990234375,0.0377733,0.03738440000000001,0.0366691,0.0349972,0.01606164563052352,,,,,,,,,,,,,,,,,0.038356164383561646,0.2876712328767123,,,,,,,,,,,,,,,,,0.0379,0.0373,,,,,,,,,,,,,,,,,6876.15720419389,6912.504225097943
2025-12-08,,,,,,,,,,,,,,,,,,,,6855.75,6913.75,6846.509765625,0.0377221,0.0373784,0.0367039,0.035134,0.01761326102853446,,,,,,,,,,,,,,,,,0.030136986301369864,0.27945205479452057,,,,,,,,,,,,,,,,,0.0378,0.0373,,,,,,,,,,,,,,,,,6850.67622673072,6884.279636961252
2025-12-09,,,,,,,,,,,,,,,,,,,,6848.25,6906.5,6840.509765625,0.0376067,0.0373643,0.0367633,0.0353513,0.01898498861190269,,,,,,,,,,,,,,,,,0.0273972602739726,0.27671232876712326,,,,,,,,,,,,,,,,,0.0377,0.0373,,,,,,,,,,,,,,,,,6844.0180682091095,6875.265393154348
2025-12-10,,,,,,,,,,,,,,,,,,,,6891.75,6950.0,6886.68017578125,0.0375832,0.0373302,0.0367788,0.0354028,0.01960266403143423,,,,,,,,,,,,,,,,,0.024657534246575342,0.273972602739726,,,,,,,,,,,,,,,,,0.0377,0.0373,,,,,,,,,,,,,,,,,6889.753943963702,6920.151911043882
2025-12-11,,,,,,,,,,,,,,,,,,,,6907.25,6966.5,6901.0,0.0375012,0.037232,0.0366729,0.0352839,0.02141287494566003,,,,,,,,,,,,,,,,,0.021917808219178082,0.27123287671232876,,,,,,,,,,,,,,,,,0.0376,0.0372,,,,,,,,,,,,,,,,,6903.448814651233,6930.613351407753
2025-12-12,,,,,,,,,,,,,,,,,,,,6830.75,6890.5,6827.41015625,0.0373426,0.0370627,0.0364046,0.0348648,0.02207250889865148,,,,,,,,,,,,,,,,,0.019178082191780823,0.2684931506849315,,,,,,,,,,,,,,,,,0.0374,0.037,,,,,,,,,,,,,,,,,6829.417381328538,6854.828841583524
2025-12-15,,,,,,,,,,,,,,,,,,,,6823.0,6881.0,6816.509765625,0.0373564,0.0370469,0.0363558,0.0348776,0.02350555937116156,,,,,,,,,,,,,,,,,0.010958904109589041,0.2602739726027397,,,,,,,,,,,,,,,,,0.0375,0.037,,,,,,,,,,,,,,,,,6817.555251175868,6840.493156634254
2025-12-16,,,,,,,,,,,,,,,,,,,,6801.0,6856.25,6800.259765625,0.0373447,0.0370065,0.0362778,0.0346867,0.02628615270996753,,,,,,,,,,,,,,,,,0.00821917808219178,0.25753424657534246,,,,,,,,,,,,,,,,,0.0375,0.037,,,,,,,,,,,,,,,,,6800.886564985874,6819.048833290125
2025-12-17,,,,,,,,,,,,,,,,,,,,6726.5,6778.5,6721.43017578125,0.0373104,0.0370101,0.0362284,0.0346361,0.03828969330475664,,,,,,,,,,,,,,,,,0.005479452054794521,0.2547945205479452,,,,,,,,,,,,,,,,,0.0374,0.037,,,,,,,,,,,,,,,,,6721.397408675226,6719.2218310639355
2025-12-18,,,,,,,,,,,,,,,,,,,,6778.25,6830.5,6774.759765625,0.037339,0.0369458,0.0361939,0.0346266,0.07118695225874346,,,,,,,,,,,,,,,,,0.0027397260273972603,0.25205479452054796,,,,,,,,,,,,,,,,,0.0375,0.0369,,,,,,,,,,,,,,,,,6774.134531440041,6716.463267303344
2025-12-19,,,,,,,,,,,,,,,,,,,,6796.54,6887.25,6834.5,0.0372923,0.0368503,0.0359922,0.0343118,0.0001639037237544805,,,,,,,,,,,,,,,,,0.0,0.2493150684931507,,,,,,,,,,,,,,,,,0.0375,0.0369,,,,,,,,,,,,,,,,,6834.5,6897.383777142329
2025-12-22,,,,,,,,,,,,,,,,,,,,,6930.25,6878.490234375,0.0373023,0.0368863,0.0360516,0.0344595,0.01168154928102979,,,,,,,,,,,,,,,,,,0.2410958904109589,,,,,,,,,,,,,,,,,,0.0369,,,,,,,,,,,,,,,,,,6920.439298224274
2025-12-23,,,,,,,,,,,,,,,,,,,,,6961.0,6909.7900390625,0.0373173,0.0368871,0.0360432,0.0344752,0.01165653014707303,,,,,,,,,,,,,,,,,,0.23835616438356164,,,,,,,,,,,,,,,,,,0.0369,,,,,,,,,,,,,,,,,,6951.491138618112
2025-12-24,,,,,,,,,,,,,,,,,,,,,6982.5,6932.0498046875,0.0372744,0.03689770000000001,0.0362018,0.0347966,0.01164625556448243,,,,,,,,,,,,,,,,,,0.2356164383561644,,,,,,,,,,,,,,,,,,0.0369,,,,,,,,,,,,,,,,,,6973.419826689693
2025-12-26,,,,,,,,,,,,,,,,,,,,,6979.25,6929.93994140625,0.0372141,0.0368558,0.0361504,0.0347055,0.01161535536590304,,,,,,,,,,,,,,,,,,0.23013698630136986,,,,,,,,,,,,,,,,,,0.0369,,,,,,,,,,,,,,,,,,6970.382341778156
2025-12-29,,,,,,,,,,,,,,,,,,,,,6955.0,6905.740234375,0.037161,0.0367194,0.0359543,0.0344111,0.01172716578018081,,,,,,,,,,,,,,,,,,0.2219178082191781,,,,,,,,,,,,,,,,,,0.0368,,,,,,,,,,,,,,,,,,6944.2716187224205
2025-12-30,,,,,,,,,,,,,,,,,,,,,6944.25,6896.240234375,0.0369951,0.0366078,0.0358363,0.0342419,0.01177447548552229,,,,,,,,,,,,,,,,,,0.2191780821917808,,,,,,,,,,,,,,,,,,0.0367,,,,,,,,,,,,,,,,,,6934.018381529981
2025-12-31,,,,,,,,,,,,,,,,,,,,,6892.5,6845.5,0.0368751,0.0365166,0.0357418,0.034169,0.01181597761851368,,,,,,,,,,,,,,,,,,0.21643835616438356,,,,,,,,,,,,,,,,,,0.0366,,,,,,,,,,,,,,,,,,6882.319385751347
2026-01-02,,,,,,,,,,,,,,,,,,,,,6900.5,6858.47021484375,0.0368243,0.0364977,0.0357762,0.0342647,0.0116196796077421,,,,,,,,,,,,,,,,,,0.21095890410958903,,,,,,,,,,,,,,,,,,0.0366,,,,,,,,,,,,,,,,,,6894.708526150299
2026-01-05,,,,,,,,,,,,,,,,,,,,,6943.75,6902.0498046875,0.0367492,0.0364639,0.03576090000000001,0.034283,0.0116458956395168,,,,,,,,,,,,,,,,,,0.20273972602739726,,,,,,,,,,,,,,,,,,0.0366,,,,,,,,,,,,,,,,,,6937.057053639538
2026-01-06,,,,,,,,,,,,,,,,,,,,,6987.75,6944.81982421875,0.0367464,0.0364636,0.0357493,0.0342377,0.01152867789296532,,,,,,,,,,,,,,,,,,0.2,,,,,,,,,,,,,,,,,,0.0366,,,,,,,,,,,,,,,,,,6979.730439558633
2026-01-07,,,,,,,,,,,,,,,,,,,,,6963.25,6920.93017578125,0.036724,0.0364814,0.0358324,0.0343428,0.01160080999440138,,,,,,,,,,,,,,,,,,0.19726027397260273,,,,,,,,,,,,,,,,,,0.0366,,,,,,,,,,,,,,,,,,6955.143975247586
2026-01-08,,,,,,,,,,,,,,,,,,,,,6962.0,6921.4599609375,0.0367388,0.0364968,0.0358513,0.0343505,0.01163354500299999,,,,,,,,,,,,,,,,,,0.19452054794520549,,,,,,,,,,,,,,,,,,0.0366,,,,,,,,,,,,,,,,,,6955.155706958498
2026-01-09,,,,,,,,,,,,,,,,,,,,,7005.0,6966.27978515625,0.0367127,0.036518,0.0359184,0.0344488,0.01154611674118379,,,,,,,,,,,,,,,,,,0.1917808219178082,,,,,,,,,,,,,,,,,,0.0366,,,,,,,,,,,,,,,,,,6999.832287593482
2026-01-12,,,,,,,,,,,,,,,,,,,,,7016.5,6977.27001953125,0.0367788,0.03666929999999999,0.0361519,0.0347612,0.01153823858514885,,,,,,,,,,,,,,,,,,0.18356164383561643,,,,,,,,,,,,,,,,,,0.0367,,,,,,,,,,,,,,,,,,7009.570712538279
2026-01-13,,,,,,,,,,,,,,,,,,,,,7001.75,6963.740234375,0.0368019,0.0367219,0.0362914,0.0349937,0.01159118945225643,,,,,,,,,,,,,,,,,,0.18082191780821918,,,,,,,,,,,,,,,,,,0.0368,,,,,,,,,,,,,,,,,,6995.555546436293
2026-01-14,,,,,,,,,,,,,,,,,,,,,6966.25,6926.60009765625,0.0367738,0.0367113,0.036277,0.0349381,0.01167310485138281,,,,,,,,,,,,,,,,,,0.1780821917808219,,,,,,,,,,,,,,,,,,0.0368,,,,,,,,,,,,,,,,,,6957.663674045182
2026-01-15,,,,,,,,,,,,,,,,,,,,,6981.75,6944.47021484375,0.0367536,0.0366763,0.0362032,0.0348108,0.01164583770610106,,,,,,,,,,,,,,,,,,0.17534246575342466,,,,,,,,,,,,,,,,,,0.0367,,,,,,,,,,,,,,,,,,6975.044788176456
2026-01-16,,,,,,,,,,,,,,,,,,,,,6976.75,6940.009765625,0.0367328,0.0366969,0.036302,0.0350544,0.01160337796334064,,,,,,,,,,,,,,,,,,0.1726027397260274,,,,,,,,,,,,,,,,,,0.0367,,,,,,,,,,,,,,,,,,6970.137328595185
2026-01-20,,,,,,,,,,,,,,,,,,,,,6829.5,6796.85986328125,0.0367119,0.036692,0.036337,0.0352641,0.01195628920661469,,,,,,,,,,,,,,,,,,0.16164383561643836,,,,,,,,,,,,,,,,,,0.0367,,,,,,,,,,,,,,,,,,6824.099486768167
2026-01-21,,,,,,,,,,,,,,,,,,,,,6910.0,6875.6201171875,0.0367691,0.0367102,0.0363004,0.0351582,0.01184263410797053,,,,,,,,,,,,,,,,,,0.1589041095890411,,,,,,,,,,,,,,,,,,0.0368,,,,,,,,,,,,,,,,,,6902.941784706316
2026-01-22,,,,,,,,,,,,,,,,,,,,,6945.0,6913.35009765625,0.0367259,0.0366802,0.0362759,0.0351549,0.01179937342149433,,,,,,,,,,,,,,,,,,0.15616438356164383,,,,,,,,,,,,,,,,,,0.0367,,,,,,,,,,,,,,,,,,6940.285625309258
2026-01-23,,,,,,,,,,,,,,,,,,,,,6945.75,6915.60986328125,0.036714,0.0367008,0.036369,0.0353463,0.01172751080487622,,,,,,,,,,,,,,,,,,0.15342465753424658,,,,,,,,,,,,,,,,,,0.0367,,,,,,,,,,,,,,,,,,6942.157124555117
2026-01-26,,,,,,,,,,,,,,,,,,,,,6981.25,6950.22998046875,0.0367417,0.036713,0.0363483,0.0352963,0.01177905712377324,,,,,,,,,,,,,,,,,,0.14520547945205478,,,,,,,,,,,,,,,,,,0.0367,,,,,,,,,,,,,,,,,,6975.4260424918875
2026-01-27,,,,,,,,,,,,,,,,,,,,,7008.5,6978.60009765625,0.0367434,0.0367057,0.0363486,0.0352148,0.01175703325701932,,,,,,,,,,,,,,,,,,0.14246575342465753,,,,,,,,,,,,,,,,,,0.0367,,,,,,,,,,,,,,,,,,7003.442795906886
2026-01-28,,,,,,,,,,,,,,,,,,,,,7007.25,6978.02978515625,0.0367192,0.0366684,0.0362732,0.0350766,0.01185407621776506,,,,,,,,,,,,,,,,,,0.13972602739726028,,,,,,,,,,,,,,,,,,0.0367,,,,,,,,,,,,,,,,,,7002.296967331667
2026-01-29,,,,,,,,,,,,,,,,,,,,,6992.75,6969.009765625,0.0367134,0.0366364,0.0362209,0.0350742,0.01186573739969479,,,,,,,,,,,,,,,,,,0.136986301369863,,,,,,,,,,,,,,,,,,0.0367,,,,,,,,,,,,,,,,,,6992.758387699236
2026-01-30,,,,,,,,,,,,,,,,,,,,,6965.75,6939.02978515625,0.0366877,0.0366017,0.0361597,0.0349062,0.01186480187740499,,,,,,,,,,,,,,,,,,0.13424657534246576,,,,,,,,,,,,,,,,,,0.0367,,,,,,,,,,,,,,,,,,6962.203399490329
2026-02-02,,,,,,,,,,,,,,,,,,,,,7002.5,6976.43994140625,0.0367106,0.0366076,0.0361231,0.0347881,0.0118652834676757,,,,,,,,,,,,,,,,,,0.12602739726027398,,,,,,,,,,,,,,,,,,0.0367,,,,,,,,,,,,,,,,,,6998.309390897059
2026-02-03,,,,,,,,,,,,,,,,,,,,,6941.75,6917.81005859375,0.0367078,0.036632,0.0362052,0.0349508,0.01201466801178206,,,,,,,,,,,,,,,,,,0.1232876712328767,,,,,,,,,,,,,,,,,,0.0367,,,,,,,,,,,,,,,,,,6938.895771449446
2026-02-04,,,,,,,,,,,,,,,,,,,,,6906.25,6882.72021484375,0.0367306,0.036658,0.0362691,0.035056,0.01209853733480101,,,,,,,,,,,,,,,,,,0.12054794520547946,,,,,,,,,,,,,,,,,,0.0367,,,,,,,,,,,,,,,,,,6903.16229088306
2026-02-05,,,,,,,,,,,,,,,,,,,,,6820.75,6798.39990234375,0.0366814,0.0365989,0.0361899,0.0349689,0.01226399711402541,,,,,,,,,,,,,,,,,,0.1178082191780822,,,,,,,,,,,,,,,,,,0.0367,,,,,,,,,,,,,,,,,,6817.99907467428
2026-02-06,,,,,,,,,,,,,,,,,,,,,6952.75,6932.2998046875,0.0366529,0.0363988,0.0357871,0.0343423,0.01201525451375687,,,,,,,,,,,,,,,,,,0.11506849315068493,,,,,,,,,,,,,,,,,,0.0366,,,,,,,,,,,,,,,,,,6951.93855815154
2026-02-09,,,,,,,,,,,,,,,,,,,,,6983.25,6964.81982421875,0.0366047,0.0364307,0.0358072,0.0343113,0.01195468313020539,,,,,,,,,,,,,,,,,,0.10684931506849316,,,,,,,,,,,,,,,,,,0.0366,,,,,,,,,,,,,,,,,,6983.184699436747
2026-02-10,,,,,,,,,,,,,,,,,,,,,6961.5,6941.81005859375,0.0365997,0.036393,0.0357299,0.0342329,0.01195615735620534,,,,,,,,,,,,,,,,,,0.10410958904109589,,,,,,,,,,,,,,,,,,0.0366,,,,,,,,,,,,,,,,,,6959.643252456358
2026-02-11,,,,,,,,,,,,,,,,,,,,,6960.5,6941.47021484375,0.0365964,0.0363308,0.0356016,0.0340165,0.01197031780442179,,,,,,,,,,,,,,,,,,0.10136986301369863,,,,,,,,,,,,,,,,,,0.0366,,,,,,,,,,,,,,,,,,6958.8226886731445
2026-02-12,,,,,,,,,,,,,,,,,,,,,6851.0,6832.759765625,0.0365965,0.0365253,0.0360068,0.0346003,0.01209767255954734,,,,,,,,,,,,,,,,,,0.09863013698630137,,,,,,,,,,,,,,,,,,0.0366,,,,,,,,,,,,,,,,,,6849.292245611294
2026-02-13,,,,,,,,,,,,,,,,,,,,,6850.5,6836.169921875,0.0366406,0.0365534,0.0359801,0.0344086,0.01196298904570485,,,,,,,,,,,,,,,,,,0.0958904109589041,,,,,,,,,,,,,,,,,,0.0366,,,,,,,,,,,,,,,,,,6852.339144729739
2026-02-17,,,,,,,,,,,,,,,,,,,,,6860.5,6843.22021484375,0.0366603,0.0365156,0.035865,0.0341317,0.01194171568330865,,,,,,,,,,,,,,,,,,0.08493150684931507,,,,,,,,,,,,,,,,,,0.0367,,,,,,,,,,,,,,,,,,6857.62499316924
2026-02-18,,,,,,,,,,,,,,,,,,,,,6894.25,6881.31005859375,0.0366724,0.0365557,0.0359442,0.034217,0.01186870395498282,,,,,,,,,,,,,,,,,,0.0821917808219178,,,,,,,,,,,,,,,,,,0.0367,,,,,,,,,,,,,,,,,,6895.368661432174
2026-02-19,,,,,,,,,,,,,,,,,,,,,6877.0,6861.89013671875,0.0367702,0.0366404,0.0360371,0.034409,0.01176860355929341,,,,,,,,,,,,,,,,,,0.07945205479452055,,,,,,,,,,,,,,,,,,0.0368,,,,,,,,,,,,,,,,,,6875.55061501145
2026-02-20,,,,,,,,,,,,,,,,,,,,,6923.25,6909.509765625,0.0367316,0.0366477,0.036077,0.0344808,0.0116875561149566,,,,,,,,,,,,,,,,,,0.07671232876712329,,,,,,,,,,,,,,,,,,0.0367,,,,,,,,,,,,,,,,,,6922.780203397754
2026-02-23,,,,,,,,,,,,,,,,,,,,,6851.5,6837.75,0.0367373,0.036691,0.0361885,0.0346034,0.01189491448283671,,,,,,,,,,,,,,,,,,0.0684931506849315,,,,,,,,,,,,,,,,,,0.0367,,,,,,,,,,,,,,,,,,6849.377064234434
2026-02-24,,,,,,,,,,,,,,,,,,,,,6903.75,6890.06982421875,0.0367644,0.0367269,0.0362527,0.0346387,0.01177071384434805,,,,,,,,,,,,,,,,,,0.06575342465753424,,,,,,,,,,,,,,,,,,0.0368,,,,,,,,,,,,,,,,,,6901.418570464104
2026-02-25,,,,,,,,,,,,,,,,,,,,,6959.75,6946.1298828125,0.03673,0.0367274,0.0362607,0.0346884,0.01250389156947173,,,,,,,,,,,,,,,,,,0.06301369863013699,,,,,,,,,,,,,,,,,,0.0367,,,,,,,,,,,,,,,,,,6956.728629605035
2026-02-26,,,,,,,,,,,,,,,,,,,,,6920.0,6908.85986328125,0.0366766,0.0366737,0.0362103,0.0347409,0.01261349361859965,,,,,,,,,,,,,,,,,,0.06027397260273973,,,,,,,,,,,,,,,,,,0.0367,,,,,,,,,,,,,,,,,,6918.8973573754965
2026-02-27,,,,,,,,,,,,,,,,,,,,,6889.0,6878.8798828125,0.0366727,0.0366573,0.0361828,0.0346731,0.01259915510268164,,,,,,,,,,,,,,,,,,0.057534246575342465,,,,,,,,,,,,,,,,,,0.0367,,,,,,,,,,,,,,,,,,6888.424918586037
2026-03-02,,,,,,,,,,,,,,,,,,,,,6888.25,6881.6201171875,0.0366415,0.036568,0.0360044,0.0343325,0.01260617028006696,,,,,,,,,,,,,,,,,,0.049315068493150684,,,,,,,,,,,,,,,,,,0.0366,,,,,,,,,,,,,,,,,,6889.767664184559
2026-03-03,,,,,,,,,,,,,,,,,,,,,6824.75,6816.6298828125,0.0367115,0.0366804,0.0361764,0.0347593,0.01272620634819916,,,,,,,,,,,,,,,,,,0.04657534246575343,,,,,,,,,,,,,,,,,,0.0367,,,,,,,,,,,,,,,,,,6824.245498511081
2026-03-04,,,,,,,,,,,,,,,,,,,,,6876.0,6869.5,0.036734,0.0366946,0.0362869,0.03508910000000001,0.01266127158780316,,,,,,,,,,,,,,,,,,0.043835616438356165,,,,,,,,,,,,,,,,,,0.0367,,,,,,,,,,,,,,,,,,6876.742567916746
2026-03-05,,,,,,,,,,,,,,,,,,,,,6835.25,6830.7099609375,0.0366908,0.0366943,0.0363225,0.0351246,0.01276182957553359,,,,,,,,,,,,,,,,,,0.0410958904109589,,,,,,,,,,,,,,,,,,0.0367,,,,,,,,,,,,,,,,,,6837.433049507004
2026-03-06,,,,,,,,,,,,,,,,,,,,,6743.75,6740.02001953125,0.0366736,0.0366899,0.0364135,0.0355139,0.01279158436805626,,,,,,,,,,,,,,,,,,0.038356164383561646,,,,,,,,,,,,,,,,,,0.0367,,,,,,,,,,,,,,,,,,6746.203689487447
2026-03-09,,,,,,,,,,,,,,,,,,,,,6801.0,6795.990234375,0.0366996,0.036621,0.0361733,0.0351764,0.01269074368871136,,,,,,,,,,,,,,,,,,0.030136986301369864,,,,,,,,,,,,,,,,,,0.0367,,,,,,,,,,,,,,,,,,6800.909365561577
2026-03-10,,,,,,,,,,,,,,,,,,,,,6787.25,6781.47998046875,0.0367646,0.0367478,0.03638189999999999,0.0354757,0.01261709167082884,,,,,,,,,,,,,,,,,,0.0273972602739726,,,,,,,,,,,,,,,,,,0.0368,,,,,,,,,,,,,,,,,,6785.974507813246
2026-03-11,,,,,,,,,,,,,,,,,,,,,6779.5,6775.7998046875,0.0367157,0.0367063,0.0362809,0.03524099999999999,0.01262818597613772,,,,,,,,,,,,,,,,,,0.024657534246575342,,,,,,,,,,,,,,,,,,0.0367,,,,,,,,,,,,,,,,,,6779.822785163425
2026-03-12,,,,,,,,,,,,,,,,,,,,,6677.5,6672.6201171875,0.0367251,0.0367401,0.0364054,0.0356903,0.01281409375711226,,,,,,,,,,,,,,,,,,0.021917808219178082,,,,,,,,,,,,,,,,,,0.0367,,,,,,,,,,,,,,,,,,6676.114326635214
2026-03-13,,,,,,,,,,,,,,,,,,,,,6636.0,6632.18994140625,0.0367812,0.0368328,0.0366403,0.0362292,0.01276685486298672,,,,,,,,,,,,,,,,,,0.019178082191780823,,,,,,,,,,,,,,,,,,0.0367,,,,,,,,,,,,,,,,,,6635.2347610884035
2026-03-16,,,,,,,,,,,,,,,,,,,,,6704.75,6699.3798828125,0.0367956,0.0368598,0.0366816,0.0363221,0.0126417200895083,,,,,,,,,,,,,,,,,,0.010958904109589041,,,,,,,,,,,,,,,,,,0.0368,,,,,,,,,,,,,,,,,,6701.1537668726
2026-03-17,,,,,,,,,,,,,,,,,,,,,6721.75,6716.08984375,0.0367672,0.0368664,0.0366758,0.0362072,0.01260236633485498,,,,,,,,,,,,,,,,,,0.00821917808219178,,,,,,,,,,,,,,,,,,0.0367,,,,,,,,,,,,,,,,,,6717.420182663954
2026-03-18,,,,,,,,,,,,,,,,,,,,,6626.0,6624.7001953125,0.0367504,0.0368526,0.0366791,0.0361307,0.01281161067035144,,,,,,,,,,,,,,,,,,0.005479452054794521,,,,,,,,,,,,,,,,,,0.0367,,,,,,,,,,,,,,,,,,6625.567394080845
2026-03-19,,,,,,,,,,,,,,,,,,,,,6609.25,6606.490234375,0.0367495,0.0368744,0.0367764,0.0364112,0.01281856239370327,,,,,,,,,,,,,,,,,,0.0027397260273972603,,,,,,,,,,,,,,,,,,0.0367,,,,,,,,,,,,,,,,,,6606.922501897898
2026-03-20,,,,,,,,,,,,,,,,,,,,,6594.63,6506.47998046875,0.0367786,0.0370623,0.0372813,0.0375638,0.01299827729828884,,,,,,,,,,,,,,,,,,0.0,,,,,,,,,,,,,,,,,,0.0366,,,,,,,,,,,,,,,,,,6506.47998046875
