Date,ESH1,ESM1,ESU1,ESZ1,ESH2,ESM2,ESU2,ESZ2,ESH3,ESM3,ESU3,ESZ3,ESH4,ESM4,ESU4,ESZ4,ESH5,ESM5,ESU5,ESZ5,ESH6,^SPX,1M,3M,6M,12M,q,T_ESZ1,T_ESH2,T_ESM2,T_ESU2,T_ESZ2,T_ESH3,T_ESM3,T_ESU3,T_ESZ3,T_ESH4,T_ESM4,T_ESU4,T_ESZ4,T_ESH5,T_ESM5,T_ESU5,T_ESZ5,T_ESH6,r_ESZ1,r_ESH2,r_ESM2,r_ESU2,r_ESZ2,r_ESH3,r_ESM3,r_ESU3,r_ESZ3,r_ESH4,r_ESM4,r_ESU4,r_ESZ4,r_ESH5,r_ESM5,r_ESU5,r_ESZ5,r_ESH6,Fair_ESZ1,basis_ESZ1,Fair_ESH2,basis_ESH2,Fair_ESM2,basis_ESM2,Fair_ESU2,basis_ESU2,Fair_ESZ2,basis_ESZ2,Fair_ESH3,basis_ESH3,Fair_ESM3,basis_ESM3,Fair_ESU3,basis_ESU3,Fair_ESZ3,basis_ESZ3,Fair_ESH4,basis_ESH4,Fair_ESM4,basis_ESM4,Fair_ESU4,basis_ESU4,Fair_ESZ4,basis_ESZ4,Fair_ESH5,basis_ESH5,Fair_ESM5,basis_ESM5,Fair_ESU5,basis_ESU5,Fair_ESZ5,basis_ESZ5,Fair_ESH6,basis_ESH6
2021-09-21,,,,4343.25,4335.75,4325.75,4321.25,4312.25,4303.5,4294.5,4295.0,4292.0,,,,4284.5,,,,4289.5,,4354.18994140625,0.0005593,0.0005942,0.0005641999999999999,0.0006067000000000001,0.01669994043029594,0.23835616438356164,0.4876712328767123,0.736986301369863,0.9863013698630136,1.2356164383561643,1.484931506849315,1.7342465753424658,1.9835616438356165,2.232876712328767,,,,3.249315068493151,,,,4.2465753424657535,,0.0006,0.0006,0.0006,0.0006,0.0006,0.0007,0.0006,0.0004,0.0,,,,-0.0038,,,,-0.0134,,4337.512670361861,5.737329638139272,4320.136973743719,15.613026256281046,4302.8308826474295,22.919117352570538,4285.594118239357,35.65588176064284,4268.426402802849,43.823597197150775,4251.958799616514,51.541200383486284,4234.297013535997,60.202986464002606,4215.662052931034,79.33794706896606,4194.816843729588,97.18315627041193,,,,,,,4073.6028177632447,210.89718223675527,,,,,,,3831.732004992843,457.76799500715697,,
2021-09-22,,,,4384.0,4376.5,4366.25,4360.5,4351.5,4342.5,4333.5,4334.0,4331.0,,,,4323.5,,,,4328.5,,4395.64013671875,0.0005677999999999999,0.0005795,0.0005544,0.0005954,0.01674514816032739,0.2356164383561644,0.4849315068493151,0.7342465753424657,0.9835616438356164,1.2328767123287672,1.4821917808219178,1.7315068493150685,1.9808219178082191,2.23013698630137,,,,3.2465753424657535,,,,4.243835616438356,,0.0006,0.0006,0.0006,0.0006,0.0006,0.0006,0.0006,0.0004,0.0002,,,,-0.0028,,,,-0.0101,,4378.9506118849185,5.049388115081456,4361.35976147042,15.14023852957962,4343.839575935646,22.41042406435372,4326.389771409998,34.11022859000241,4309.010065163225,42.48993483677532,4291.700175600842,50.79982439915784,4274.459822259571,59.04017774042859,4255.602473677661,78.39752632233922,4236.405815810299,94.59418418970108,,,,,,,4125.380985238073,198.11901476192725,,,,,,,3922.3335724252333,406.16642757476666,,
2021-09-23,,,,4438.0,4430.5,4420.25,4412.75,4403.25,4393.75,4384.25,4384.5,4381.5,,,,4374.0,,,,4379.0,,4448.97998046875,0.0005421,0.0005688,0.0005491,0.0006083,0.01658005953387198,0.2328767123287671,0.4821917808219178,0.7315068493150685,0.9808219178082191,1.2301369863013698,1.4794520547945205,1.7287671232876711,1.978082191780822,2.2273972602739724,,,,3.243835616438356,,,,4.241095890410959,,0.0006,0.0006,0.0006,0.0006,0.0007,0.0007,0.0006,0.0005,0.0002,,,,-0.0032,,,,-0.0116,,4432.4543868764185,5.545613123581461,4414.830311020051,15.66968897994866,4397.276311022944,22.973688977055645,4379.792108253407,32.957891746593305,4362.914090377428,40.33590962257222,4345.674859609071,48.07514039092894,4327.755513585085,56.49448641491472,4309.695158055493,74.80484194450673,4289.584831156587,91.91516884341308,,,,,,,4172.484202387577,201.51579761242283,,,,,,,3947.8081152013033,431.1918847986967,,
2021-09-24,,,,4445.75,4438.25,4428.0,4419.0,4412.5,4403.75,4394.75,4395.25,4394.25,,,,4396.75,,,,4401.75,,4455.47998046875,0.0005593,0.0005788,0.0005578,0.000654,0.01668177119970541,0.23013698630136986,0.4794520547945205,0.7287671232876712,0.9780821917808219,1.2273972602739727,1.4767123287671233,1.726027397260274,1.9753424657534246,2.2246575342465755,,,,3.241095890410959,,,,4.238356164383561,,0.0006,0.0006,0.0006,0.0006,0.0007,0.0008,0.0007,0.0005,0.0002,,,,-0.004,,,,-0.0144,,4439.020679718743,6.72932028125706,4421.258378537114,16.991621462885632,4403.567151442775,24.432848557225043,4385.94671403981,33.053285960189896,4368.9329918010035,43.56700819899652,4352.202276765118,51.54772323488214,4334.255352852306,60.494647147694195,4315.314706521141,79.93529347885942,4295.072770498755,99.17722950124517,,,,,,,4166.611815198378,230.13818480162172,,,,,,,3905.5521864615544,496.19781353844564,,
2021-09-27,,,,4433.0,4425.5,4415.5,4408.5,4399.5,4390.75,4381.75,4382.25,4381.25,,,,4383.75,,,,4388.75,,4443.10986328125,0.0005687,0.0005831,0.0005665,0.0006891,0.01725467569160433,0.2219178082191781,0.4712328767123288,0.7205479452054795,0.9698630136986301,1.2191780821917808,1.4684931506849315,1.7178082191780821,1.9671232876712328,2.2164383561643834,,,,3.232876712328767,,,,4.23013698630137,,0.0006,0.0006,0.0006,0.0007,0.0008,0.0008,0.0008,0.0006,0.0002,,,,-0.0041,,,,-0.015,,4426.7185759078075,6.2814240921925375,4408.375790679204,17.12420932079567,4390.10901158566,25.390988414340427,4372.341960395985,36.15803960401536,4354.863954823065,44.63604517693511,4337.035162455093,53.71483754490691,4319.27936107848,62.47063892151982,4299.9042306994625,82.34576930053754,4278.292209818301,102.95779018169924,,,,,,,4146.719406535722,237.03059346427835,,,,,,,3876.4231283003905,512.3268716996095,,
2021-09-28,,,,4343.5,4336.0,4326.0,4319.75,4311.0,4302.25,4293.75,4294.25,4293.25,,,,4295.75,,,,4300.75,,4352.6298828125,0.0005663,0.0005861999999999999,0.0005695,0.0007226,0.01760637437899545,0.2191780821917808,0.4684931506849315,0.7178082191780822,0.9671232876712329,1.2164383561643837,1.4657534246575343,1.715068493150685,1.9643835616438357,2.213698630136986,,,,3.23013698630137,,,,4.227397260273973,,0.0006,0.0006,0.0006,0.0007,0.0008,0.0009,0.0008,0.0006,0.0002,,,,-0.0049,,,,-0.018,,4336.4359829737205,7.064017026279544,4318.088654526545,17.911345473455185,4299.818953066709,26.181046933291327,4282.040656255631,37.70934374436911,4264.548504626831,46.451495373168655,4247.339588372991,54.910411627009125,4228.96021168697,64.78978831302993,4209.623403781036,84.62659621896364,4188.102494413053,105.14750558694686,,,,,,,4047.4277701900064,248.3222298099936,,,,,,,3744.3870937093757,556.3629062906243,,
2021-09-29,,,,4349.75,4342.25,4332.0,4326.5,4317.75,4309.0,4300.25,4300.75,4299.75,,,,4302.25,,,,4307.25,,4359.4599609375,0.0006028,0.0006053,0.0005923,0.0007774,0.0173328648632656,0.21643835616438356,0.4657534246575342,0.7150684931506849,0.9643835616438357,1.2136986301369863,1.463013698630137,1.7123287671232876,1.9616438356164383,2.210958904109589,,,,3.2273972602739724,,,,4.2246575342465755,,0.0006,0.0006,0.0006,0.0008,0.0009,0.001,0.0009,0.0007,0.0003,,,,-0.0049,,,,-0.0183,,4343.700148905592,6.049851094408041,4325.617039951989,16.632960048011228,4307.609212168407,24.390787831593116,4290.503810622318,35.99618937768173,4273.373840968663,44.37615903133701,4256.524501098667,52.475498901332685,4238.501217387021,61.748782612979085,4219.516004912604,81.23399508739567,4198.340059701395,101.40994029860485,,,,,,,4057.609066922778,244.64093307722214,,,,,,,3750.208867786757,557.0411322132431,,
2021-09-30,,,,4297.75,4290.0,4280.75,4276.5,4268.0,4259.5,4250.75,4251.25,4250.25,,,,4252.75,,,,4257.75,,4307.5400390625,0.0005781,0.0005738,0.0005628,0.0007485,0.01742165302427479,0.2136986301369863,0.46301369863013697,0.7123287671232876,0.9616438356164384,1.210958904109589,1.4602739726027398,1.7095890410958905,1.9589041095890412,2.208219178082192,,,,3.2246575342465755,,,,4.221917808219178,,0.0006,0.0006,0.0006,0.0007,0.0009,0.0009,0.0009,0.0007,0.0003,,,,-0.0046,,,,-0.0173,,4292.083246712629,5.666753287370739,4274.120408367935,15.879591632065058,4256.232746468535,24.51725353146503,4238.8275510324065,37.67244896759348,4222.215295011812,45.78470498818842,4204.859350373024,54.64064962697557,4187.574749517835,63.17525048216521,4168.727651657567,82.52234834243336,4147.719321131586,102.53067886841382,,,,,,,4012.2600868639774,240.48991313602255,,,,,,,3720.191030829485,537.558969170515,,
2021-10-01,,,,4343.75,4336.0,4326.0,4319.75,4311.0,4302.5,4293.75,4294.25,4293.25,,,,4295.75,,,,4300.75,,4357.0400390625,0.0005485,0.0005541,0.000547,0.0007457,0.01744023121959557,0.21095890410958903,0.4602739726027397,0.7095890410958904,0.958904109589041,1.2082191780821918,1.4575342465753425,1.7068493150684931,1.9561643835616438,2.2054794520547945,,,,3.221917808219178,,,,4.219178082191781,,0.0006,0.0005,0.0006,0.0007,0.0009,0.0009,0.0009,0.0007,0.0003,,,,-0.0049,,,,-0.0183,,4341.588695344984,2.161304655015556,4323.199655801603,12.800344198397397,4305.284807921614,20.71519207838628,4287.657987353348,32.09201264665171,4270.832239519524,40.16776048047632,4253.256748460477,49.243251539523044,4235.7535847298395,57.99641527016047,4216.672427048953,77.57757295104693,4195.407643801618,97.84235619838182,,,,,,,4054.447991148819,241.3020088511812,,,,,,,3747.161186898142,553.5888131018578,,
2021-10-04,,,,4291.25,4283.5,4273.5,4268.0,4259.25,4250.75,4242.25,4242.75,4241.75,,,,4244.25,,,,4249.25,,4300.4599609375,0.0005831,0.0005706,0.0005516,0.0007056,0.01807818406936371,0.20273972602739726,0.4520547945205479,0.7013698630136986,0.9506849315068493,1.2,1.4493150684931506,1.6986301369863013,1.9479452054794522,2.197260273972603,,,,3.213698630136986,,,,4.210958904109589,,0.0006,0.0006,0.0006,0.0007,0.0008,0.0009,0.0008,0.0007,0.0003,,,,-0.0042,,,,-0.0157,,4285.24815298934,6.001847010659731,4266.615490326067,16.88450967393328,4248.063844235354,25.436155764646173,4229.99498258376,38.00501741623975,4212.213004051485,47.03699594851514,4194.7149330014545,56.03506699854552,4176.0788849082155,66.17111509178449,4157.3183304321865,85.43166956781351,4135.708628375707,106.04137162429288,,,,,,,4003.3304012503663,240.91959874963368,,,,,,,3730.2805289715116,518.9694710284884,,
2021-10-05,,,,4334.0,4326.25,4316.0,4312.0,4303.5,4294.75,4286.0,4286.5,4285.5,,,,4288.0,,,,4293.0,,4345.72021484375,0.0005781,0.0005702999999999999,0.0005499,0.0007059,0.01755083075515996,0.2,0.44931506849315067,0.6986301369863014,0.947945205479452,1.1972602739726028,1.4465753424657535,1.6958904109589041,1.9452054794520548,2.1945205479452055,,,,3.210958904109589,,,,4.208219178082191,,0.0006,0.0006,0.0006,0.0007,0.0008,0.0009,0.0008,0.0007,0.0003,,,,-0.0044,,,,-0.0166,,4331.012446245801,2.9875537541993253,4312.747786541504,13.502213458496044,4294.560152197501,21.43984780249866,4276.854621551975,35.14537844802544,4259.43446987458,44.06553012542008,4242.296801034148,52.4531989658517,4224.0058396001405,61.99416039985954,4205.5840326120215,80.91596738797853,4184.278131495357,101.22186850464277,,,,,,,4049.9651926393817,238.0348073606183,,,,,,,3763.981554498958,529.0184455010422,,
2021-10-06,,,,4354.0,4346.25,4336.0,4330.5,4321.5,4312.25,4303.25,4306.5,4305.5,,,,4308.0,,,,4313.0,,4363.5498046875,0.0005884,0.0005724,0.0005541,0.0007362,0.01770108738209314,0.19726027397260273,0.4465753424657534,0.6958904109589041,0.9452054794520548,1.1945205479452055,1.4438356164383561,1.6931506849315068,1.9424657534246574,2.191780821917808,,,,3.208219178082192,,,,4.205479452054795,,0.0006,0.0006,0.0006,0.0007,0.0008,0.0009,0.0009,0.0007,0.0003,,,,-0.0046,,,,-0.0175,,4348.854757521012,5.145242478987711,4330.352630152792,15.89736984720821,4311.929219765532,24.070780234467748,4293.990042569957,36.50995743004296,4276.338724627223,45.1612753727768,4258.9723259118355,53.27767408816453,4241.1698061942,62.08019380580026,4221.801241574423,84.69875842557667,4200.260435765238,105.23956423476193,,,,,,,4062.2586036715174,245.74139632848255,,,,,,,3763.1201928932733,549.8798071067267,,
2021-10-07,,,,4390.0,4382.25,4372.0,4365.25,4356.0,4346.75,4337.5,4340.75,4339.75,,,,4342.25,,,,4347.25,,4399.759765625,0.0005565,0.0005545,0.0005459,0.000772,0.01668014887101429,0.19452054794520549,0.4438356164383562,0.6931506849315069,0.9424657534246575,1.1917808219178083,1.441095890410959,1.6904109589041096,1.9397260273972603,2.1890410958904107,,,,3.2054794520547945,,,,4.2027397260273975,,0.0006,0.0005,0.0006,0.0007,0.0009,0.001,0.001,0.0008,0.0004,,,,-0.0053,,,,-0.02,,4386.019172769556,3.980827230444447,4368.276834796149,13.97316520385084,4350.992476125787,21.007523874212893,4333.992608596119,31.25739140388123,4317.78898375338,38.21101624661969,4301.455021745555,45.294978254444686,4284.672180788839,52.82781921116111,4266.29940938792,74.4505906120803,4245.722586059654,94.02741394034638,,,,,,,4100.434833971868,241.8151660281319,,,,,,,3771.1983734648948,576.0516265351052,,
2021-10-08,,,,4382.25,4374.5,4364.5,4356.75,4347.5,4338.25,4329.25,4332.5,4331.5,,,,4334.0,,,,4344.0,,4391.33984375,0.0005415,0.0005505,0.0005502,0.0007897999999999999,0.01681574964726765,0.1917808219178082,0.4410958904109589,0.6904109589041096,0.9397260273972603,1.189041095890411,1.4383561643835616,1.6876712328767123,1.936986301369863,2.186301369863014,,,,3.202739726027397,,,,4.2,,0.0005,0.0005,0.0006,0.0008,0.0009,0.001,0.001,0.0008,0.0004,,,,-0.0052,,,,-0.02,,4377.620606401216,4.6293935987841905,4359.849655100374,14.650344899626361,4342.450642180064,22.04935781993572,4325.743215339842,31.00678466015779,4309.017430256677,38.48256974332344,4292.5703517353995,45.67964826460047,4275.677624162393,53.57237583760707,4257.201827411835,75.29817258816456,4236.530297489379,94.96970251062066,,,,,,,4092.367560056058,241.6324399439418,,,,,,,3762.216338947777,581.7836610522231,,
2021-10-12,,,,4340.75,4333.25,4323.25,4314.25,4305.25,4300.25,4296.25,4293.25,4292.25,,,,4302.25,,,,4319.25,,4350.64990234375,0.0005267000000000001,0.0005448,0.0005537000000000001,0.00084,0.01798440120203246,0.18082191780821918,0.4301369863013699,0.6794520547945205,0.9287671232876712,1.178082191780822,1.4273972602739726,1.6767123287671233,1.926027397260274,2.175342465753425,,,,3.191780821917808,,,,4.189041095890411,,0.0005,0.0005,0.0006,0.0008,0.001,0.0011,0.0011,0.0009,0.0005,,,,-0.0057,,,,-0.0221,,4336.916769294747,3.8332307052532997,4318.052753526019,15.197246473981068,4299.562914148804,23.68708585119566,4281.763382110604,32.48661788939626,4264.462794137764,40.78720586223608,4247.049424454759,53.20057554524101,4229.208895045544,67.04110495445639,4209.821349508564,83.4286504914362,4188.282210966973,103.96778903302675,,,,,,,4033.8845474082195,268.36545259178047,,,,,,,3678.1504577623077,641.0995422376923,,
2021-10-13,,,,4355.0,4347.5,4337.75,4329.0,4319.5,4314.25,4310.25,4307.25,4306.25,,,,4316.25,,,,4333.25,,4363.7998046875,0.0005233999999999999,0.0005477,0.0005677999999999999,0.0009585,0.0181065857557766,0.1780821917808219,0.4273972602739726,0.6767123287671233,0.9260273972602739,1.1753424657534246,1.4246575342465753,1.673972602739726,1.9232876712328768,2.1726027397260275,,,,3.1890410958904107,,,,4.186301369863013,,0.0005,0.0006,0.0007,0.0009,0.0011,0.0013,0.0013,0.0011,0.0005,,,,-0.0074,,,,-0.0285,,4350.138889744631,4.861110255368658,4331.270538420955,16.229461579045164,4312.699065751106,25.05093424889401,4294.819044250426,34.18095574957442,4277.439702340503,42.06029765949734,4260.555554475268,53.694445524732146,4242.7406007874115,67.5093992125885,4223.37527238266,83.87472761733989,4200.027513909733,106.22248609026701,,,,,,,4022.894395585568,293.35560441443204,,,,,,,3590.2935891176867,742.9564108823133,,
2021-10-14,,,,4429.0,4421.5,4411.75,4402.5,4393.0,4387.75,4383.75,4380.75,4379.75,,,,4389.75,,,,4406.75,,4438.259765625,0.0005243,0.0005432,0.0005784000000000001,0.0010629,0.01741651451402027,0.17534246575342466,0.4246575342465753,0.673972602739726,0.9232876712328767,1.1726027397260275,1.4219178082191781,1.6712328767123288,1.9205479452054794,2.16986301369863,,,,3.186301369863014,,,,4.183561643835616,,0.0005,0.0006,0.0007,0.001,0.0013,0.0015,0.0016,0.0013,0.0007,,,,-0.0082,,,,-0.0321,,4425.114578486081,3.8854215139190273,4406.677901879153,14.822098120846931,4388.536859556438,23.213140443562224,4371.495584089837,31.004415910162606,4355.171919440741,37.82808055925943,4338.941305382454,48.80869461754628,4322.479845563197,61.27015443680284,4302.988649752833,77.76135024716677,4280.1575016722645,99.59249832773548,,,,,,,4090.39040746653,299.3595925334698,,,,,,,3607.831733576153,798.918266423847,,
2021-10-15,,,,4462.5,4455.0,4445.25,4436.25,4426.5,4426.25,4424.25,4421.25,4423.25,,,,4433.25,,,,4450.25,,4471.3701171875,0.0005290000000000001,0.0005346,0.0005788999999999999,0.001067,0.0174766927936431,0.1726027397260274,0.42191780821917807,0.6712328767123288,0.9205479452054794,1.16986301369863,1.4191780821917808,1.6684931506849314,1.917808219178082,2.1671232876712327,,,,3.1835616438356165,,,,4.1808219178082195,,0.0005,0.0006,0.0007,0.001,0.0013,0.0015,0.0016,0.0014,0.0008,,,,-0.0073,,,,-0.0291,,4458.2871798812475,4.212820118752461,4439.644467445899,15.355532554101046,4421.300164975207,23.949835024793174,4404.061969192535,32.18803080746511,4387.5472632673445,38.95273673265547,4371.128017327554,55.12198267244639,4354.477919429377,69.77208057062307,4335.612369638663,85.63763036133696,4312.658029713957,110.59197028604285,,,,,,,4132.22807399922,301.0219260007798,,,,,,,3680.196021525832,770.0539784741682,,
2021-10-18,,,,4477.5,4470.0,4460.75,4451.0,4441.25,4441.0,4439.0,4436.0,4438.0,,,,4448.0,,,,4465.0,,4486.4599609375,0.0005269,0.0005434,0.0006028,0.0011753,0.01824256965311932,0.1643835616438356,0.4136986301369863,0.663013698630137,0.9123287671232877,1.1616438356164382,1.4109589041095891,1.6602739726027398,1.9095890410958904,2.158904109589041,,,,3.175342465753425,,,,4.1726027397260275,,0.0005,0.0006,0.0007,0.001,0.0014,0.0017,0.0018,0.0016,0.001,,,,-0.0082,,,,-0.033,,4473.393874521008,4.1061254789919985,4453.833813853047,16.166186146952896,4434.580396218778,26.169603781221667,4416.4361549057585,34.563845094241515,4399.53518759124,41.714812408759826,4382.954662430274,58.045337569726144,4365.6399718174725,73.36002818252746,4346.120007381859,89.87999261814093,4322.521484237292,115.47851576270841,,,,,,,4125.139135559815,322.86086444018474,,,,,,,3622.8067722143924,842.1932277856076,,
2021-10-19,,,,4511.25,4504.0,4494.5,4483.0,4473.25,4473.0,4471.0,4468.0,4470.0,,,,4480.0,,,,4497.0,,4519.6298828125,0.0005003,0.0005371999999999999,0.0006302,0.0013256,0.01827955478126165,0.16164383561643836,0.410958904109589,0.6602739726027397,0.9095890410958904,1.158904109589041,1.4082191780821918,1.6575342465753424,1.906849315068493,2.1561643835616437,,,,3.1726027397260275,,,,4.16986301369863,,0.0005,0.0006,0.0008,0.0012,0.0016,0.0019,0.0021,0.0019,0.0012,,,,-0.0089,,,,-0.0367,,4506.659315311526,4.59068468847363,4486.911197342665,17.08880265733478,4467.76735674385,26.732643256150368,4449.958322046689,33.04167795331068,4433.10437981735,40.14562018265042,4416.5732075543265,56.42679244567353,4400.032556113884,70.96744388611569,4380.648458614969,87.35154138503094,4356.215946999143,113.78405300085706,,,,,,,4146.23285494021,333.76714505979,,,,,,,3593.666153767978,903.3338462320221,,
2021-10-20,,,,4528.0,4521.0,4511.0,4500.0,4490.25,4490.0,4488.0,4485.0,4487.0,,,,4497.0,,,,4514.0,,4536.18994140625,0.0004837,0.0005149999999999999,0.0005928,0.0011986,0.01843985227564392,0.1589041095890411,0.40821917808219177,0.6575342465753424,0.9068493150684932,1.1561643835616437,1.4054794520547946,1.6547945205479453,1.904109589041096,2.1534246575342464,,,,3.16986301369863,,,,4.167123287671233,,0.0005,0.0006,0.0007,0.0011,0.0014,0.0017,0.0019,0.0017,0.0011,,,,-0.0079,,,,-0.0325,,4523.276965378209,4.723034621791157,4503.274820189547,17.725179810452573,4483.584684906051,27.415315093949175,4465.417909034892,34.582090965108364,4447.697601906205,42.55239809379509,4430.710351165805,59.28964883419485,4413.717844092891,74.28215590710897,4393.881155142138,91.11884485786231,4369.931676460763,117.0683235392371,,,,,,,4172.826885151116,324.1731148488843,,,,,,,3668.6171587059753,845.3828412940247,,
2021-10-21,,,,4541.75,4534.75,4525.25,4516.75,4510.0,4507.0,4506.75,4506.75,4507.75,,,,4529.0,,,,4555.0,,4549.77978515625,0.0004213,0.0004539,0.0005421,0.0011506,0.01820106020507754,0.15616438356164383,0.4054794520547945,0.6547945205479452,0.9041095890410958,1.1534246575342466,1.4027397260273973,1.652054794520548,1.9013698630136986,2.1506849315068495,,,,3.1671232876712327,,,,4.164383561643835,,0.0004,0.0005,0.0007,0.001,0.0014,0.0017,0.0018,0.0017,0.0011,,,,-0.0073,,,,-0.0304,,4537.149454187607,4.600545812392738,4517.241033820067,17.50896617993294,4497.938742432432,27.311257567567736,4479.570581333091,37.17941866690944,4462.459519533357,47.5404804666432,4445.676897408707,61.32310259129281,4428.156611969872,78.59338803012815,4409.248268817641,97.50173118235944,4385.483317676067,122.26668232393331,,,,,,,4196.764332213806,332.2356677861944,,,,,,,3716.139559887058,838.8604401129419,,
2021-10-22,,,,4536.5,4529.75,4520.5,4513.0,4506.0,4504.25,4504.0,4504.0,4506.0,,,,4524.0,,,,4550.0,,4544.89990234375,0.0004351,0.0004731,0.0005917,0.0013566,0.01844214158749156,0.15342465753424658,0.40273972602739727,0.6520547945205479,0.9013698630136986,1.1506849315068493,1.4,1.6493150684931508,1.8986301369863015,2.147945205479452,,,,3.164383561643836,,,,4.161643835616438,,0.0005,0.0005,0.0008,0.0012,0.0016,0.002,0.0022,0.002,0.0014,,,,-0.0086,,,,-0.0363,,4532.406056411794,4.093943588205548,4512.176767005384,17.573232994615864,4492.916568480282,27.583431519718033,4474.8111821308685,38.188817869131526,4457.667758521398,48.332241478601645,4441.475786118675,62.77421388132461,4424.765553672248,79.23444632775227,4405.210999167811,98.78900083218923,4381.539371777038,124.46062822296244,,,,,,,4172.16045090658,351.8395490934199,,,,,,,3618.966209672518,931.0337903274822,,
2021-10-25,,,,4558.0,4551.25,4542.25,4534.75,4527.75,4526.0,4525.75,4525.75,4527.75,,,,4545.75,,,,4571.75,,4566.47998046875,0.0004343,0.0004546,0.000598,0.0015173,0.01937223320209516,0.14520547945205478,0.39452054794520547,0.6438356164383562,0.8931506849315068,1.1424657534246576,1.3917808219178083,1.641095890410959,1.8904109589041096,2.1397260273972605,,,,3.1561643835616437,,,,4.153424657534247,,0.0004,0.0005,0.0008,0.0013,0.0018,0.0023,0.0025,0.0024,0.0017,,,,-0.0096,,,,-0.0411,,4553.917223974397,4.08277602560338,4532.606586210235,18.643413789764963,4512.2016175076,30.04838249240038,4493.363074186282,41.386925813718335,4475.718907283988,52.0310927160117,4459.255645087508,66.74435491249187,4441.77339758887,83.97660241113044,4422.2922378067715,103.45776219322852,4397.028297413689,130.72170258631104,,,,,,,4167.438308760406,378.31169123959444,,,,,,,3552.2307934881483,1019.5192065118517,,
2021-10-26,,,,4565.25,4558.5,4549.5,4542.0,4535.0,4533.25,4533.0,4533.0,4535.0,,,,4553.0,,,,4579.0,,4574.7900390625,0.0004538,0.000476,0.0006079,0.001473,0.01973974997046369,0.14246575342465753,0.3917808219178082,0.6410958904109589,0.8904109589041096,1.1397260273972603,1.389041095890411,1.6383561643835616,1.8876712328767122,2.136986301369863,,,,3.1534246575342464,,,,4.1506849315068495,,0.0005,0.0005,0.0008,0.0012,0.0018,0.0022,0.0024,0.0023,0.0016,,,,-0.0092,,,,-0.0395,,4562.267684279002,2.982315720997576,4540.435985615404,18.064014384595794,4519.577918864965,29.922081135035114,4499.889351976147,42.11064802385317,4482.201825544779,52.79817445522076,4464.679231296193,68.5707687038066,4446.65495638953,86.34504361047038,4426.637605099064,106.36239490093612,4400.8442933815595,134.1557066184405,,,,,,,4175.781320520812,377.2186794791878,,,,,,,3577.5394764140337,1001.4605235859663,,
2021-10-27,,,,4544.5,4538.0,4529.0,4521.5,4514.5,4512.75,4512.5,4512.5,4514.5,,,,4532.5,,,,4563.5,,4551.68017578125,0.0004227,0.0004653,0.0005957,0.0015112,0.02016043728936814,0.13972602739726028,0.38904109589041097,0.6383561643835617,0.8876712328767123,1.1369863013698631,1.3863013698630138,1.6356164383561644,1.884931506849315,2.1342465753424658,,,,3.1506849315068495,,,,4.147945205479452,,0.0004,0.0005,0.0008,0.0013,0.0018,0.0023,0.0025,0.0023,0.0016,,,,-0.0108,,,,-0.0452,,4539.130104700237,5.369895299762902,4516.99846178541,21.001538214590255,4495.772809920602,33.22719007939759,4476.110899337251,45.389100662749115,4457.646198420858,56.85380157914187,4440.364579271213,72.38542072878681,4422.082472076666,90.41752792333409,4400.995358709497,111.50464129050306,4374.900971555941,139.5990284440586,,,,,,,4128.647415209268,403.8525847907322,,,,,,,3470.7993293807417,1092.7006706192583,,
2021-10-28,,,,4587.5,4581.25,4572.25,4566.0,4557.25,4555.5,4555.25,4555.25,4557.25,,,,4575.25,,,,4598.75,,4596.419921875,0.0004345,0.0004764,0.0006214,0.0016369,0.01998136844784516,0.136986301369863,0.3863013698630137,0.6356164383561644,0.8849315068493151,1.1342465753424658,1.3835616438356164,1.632876712328767,1.8821917808219177,2.1315068493150684,,,,3.147945205479452,,,,4.145205479452055,,0.0004,0.0005,0.0008,0.0014,0.002,0.0025,0.0027,0.0025,0.0017,,,,-0.0118,,,,-0.0495,,4584.107101710174,3.3928982898260074,4561.958574700482,19.29142529951787,4540.720634534878,31.529365465122282,4521.457891683961,44.54210831603905,4503.6240497276385,53.62595027236148,4486.582031934677,68.9179680653233,4468.5294774126605,86.72052258733947,4447.643630144112,107.60636985588826,4420.756611731542,136.49338826845815,,,,,,,4158.821397395873,416.42860260412726,,,,,,,3446.1689798238926,1152.5810201761074,,
2021-10-29,,,,4597.0,4591.0,4582.5,4575.25,4566.75,4565.0,4564.75,4564.75,4566.75,,,,4584.75,,,,4608.25,,4605.3798828125,0.0004323,0.0004776,0.0006540999999999999,0.0017961,0.01944985687850228,0.13424657534246576,0.3835616438356164,0.6328767123287671,0.8821917808219178,1.1315068493150684,1.3808219178082193,1.63013698630137,1.8794520547945206,2.128767123287671,,,,3.1452054794520548,,,,4.142465753424657,,0.0004,0.0005,0.0009,0.0015,0.0022,0.0027,0.003,0.0029,0.002,,,,-0.0123,,,,-0.0525,,4593.617232586021,3.382767413979309,4572.02732084823,18.972679151769626,4551.629894651561,30.87010534843921,4533.027069770682,42.22293022931808,4516.362118068501,50.38788193149867,4500.08637195602,64.91362804397977,4483.525324363968,81.22467563603186,4464.336028025102,100.41397197489823,4437.443748066082,129.30625193391825,,,,,,,4167.704214125116,417.04578587488413,,,,,,,3418.409354216181,1189.8406457838191,,
2021-11-01,,,,4605.75,4599.5,4591.0,4583.75,4578.5,4578.75,4573.0,4573.0,4575.0,,,,4593.0,,,,4616.5,,4613.669921875,0.000436,0.0004818999999999999,0.000686,0.0018677,0.0207142911808207,0.12602739726027398,0.37534246575342467,0.6246575342465753,0.873972602739726,1.1232876712328768,1.3726027397260274,1.621917808219178,1.8712328767123287,2.1205479452054794,,,,3.136986301369863,,,,4.134246575342465,,0.0004,0.0006,0.0009,0.0015,0.0022,0.0028,0.0032,0.0031,0.0023,,,,-0.011,,,,-0.049,,4601.873308435823,3.8766915641772357,4578.969034527085,20.53096547291534,4556.917793602424,34.082206397575646,4536.840545622606,46.90945437739356,4518.710853578579,59.78914642142081,4501.606862748418,77.14313725158172,4484.454578808269,88.5454211917313,4464.080142765979,108.91985723402104,4436.985620066996,138.01437993300442,,,,,,,4176.762069389511,416.23793061048855,,,,,,,3458.405169848262,1158.0948301517378,,
2021-11-02,,,,4623.5,4617.25,4608.25,4600.75,4595.5,4593.75,4590.0,4590.0,4592.0,,,,4610.0,,,,4633.5,,4630.64990234375,0.0004234,0.0004784,0.000656,0.001818,0.02110309492302238,0.1232876712328767,0.3726027397260274,0.6219178082191781,0.8712328767123287,1.1205479452054794,1.36986301369863,1.6191780821917807,1.8684931506849316,2.117808219178082,,,,3.1342465753424658,,,,4.131506849315069,,0.0004,0.0005,0.0009,0.0015,0.0022,0.0028,0.0031,0.0029,0.0021,,,,-0.0126,,,,-0.0539,,4618.845534518396,4.654465481604348,4595.237569945831,22.012430054169272,4572.831335938105,35.41866406189456,4552.235200260042,48.51479973995811,4533.595810398215,61.90418960178522,4515.990276455874,77.75972354412625,4497.6138888047735,92.38611119522648,4475.798930465224,114.20106953477625,4447.990029188799,144.00997081120113,,,,,,,4166.446091019004,443.5539089809963,,,,,,,3396.757926012079,1236.7420739879208,,
2021-11-03,,,,4652.25,4645.75,4637.0,4629.75,4624.5,4622.75,4619.0,4619.0,4621.0,,,,4639.0,,,,4662.5,,4660.56982421875,0.0004145,0.0004774,0.0005999,0.0016106,0.02136779536168002,0.12054794520547946,0.3698630136986301,0.6191780821917808,0.8684931506849315,1.1178082191780823,1.367123287671233,1.6164383561643836,1.8657534246575342,2.115068493150685,,,,3.1315068493150684,,,,4.1287671232876715,,0.0004,0.0005,0.0008,0.0013,0.0019,0.0024,0.0027,0.0025,0.0015,,,,-0.0133,,,,-0.0548,,4648.804528454768,3.445471545232067,4624.736955477079,21.01304452292061,4601.59320503284,35.40679496715984,4580.045706751132,49.70429324886845,4560.245495787657,64.25450421234291,4541.268624745471,81.48137525452876,4522.0362043342775,96.9637956657225,4499.359560349305,119.64043965069504,4468.782376565017,152.21762343498267,,,,,,,4181.10381358329,457.8961864167104,,,,,,,3403.0042050075895,1259.4957949924105,,
2021-11-04,,,,4673.25,4666.75,4657.75,4650.0,4644.75,4643.0,4639.25,4639.25,4641.25,,,,4659.25,,,,4682.75,,4680.06005859375,0.0004205,0.0004603,0.0005951,0.0016422,0.02066384235352578,0.1178082191780822,0.36712328767123287,0.6164383561643836,0.8657534246575342,1.115068493150685,1.3643835616438356,1.6136986301369862,1.8630136986301369,2.1123287671232878,,,,3.128767123287671,,,,4.126027397260274,,0.0004,0.0005,0.0008,0.0013,0.0019,0.0025,0.0028,0.0026,0.0017,,,,-0.0126,,,,-0.053,,4668.900923516701,4.3490764832986315,4645.54328550233,21.206714497669964,4623.102925521029,34.64707447897126,4602.256055200128,47.743944799872224,4583.156594317746,61.59340568225434,4565.502090462424,77.49790953757565,4547.074617347505,92.17538265249459,4525.1818180335185,114.06818196648146,4496.2920721198725,144.9579278801275,,,,,,,4217.472970517731,441.7770294822694,,,,,,,3453.4437139172474,1229.3062860827526,,
2021-11-05,,,,4690.25,4683.75,4674.5,4666.75,4661.5,4659.75,4656.0,4656.0,4658.0,,,,4676.0,,,,4699.5,,4697.52978515625,0.0004314,0.0004439,0.0005492,0.0014731,0.02018508704695604,0.11506849315068493,0.3643835616438356,0.6136986301369863,0.863013698630137,1.1123287671232878,1.3616438356164384,1.610958904109589,1.8602739726027397,2.1095890410958904,,,,3.126027397260274,,,,4.123287671232877,,0.0004,0.0005,0.0007,0.0012,0.0017,0.0022,0.0025,0.0023,0.0015,,,,-0.0115,,,,-0.0479,,4686.847364853307,3.4026351466927736,4663.955327245308,19.79467275469233,4641.691381524724,32.80861847527558,4621.190716514909,45.55928348509133,4601.927782425616,59.57221757438401,4583.887833653722,75.86216634627817,4565.585866005144,90.41413399485555,4543.808926887602,112.19107311239804,4515.965189775398,142.03481022460164,,,,,,,4254.547210000023,421.45278999997663,,,,,,,3547.710241217582,1151.7897587824182,,
2021-11-08,,,,4694.0,4687.75,4678.5,4670.75,4665.5,4663.75,4660.0,4660.0,4662.0,,,,4680.0,,,,4703.5,,4701.7001953125,0.0004266,0.0004479,0.0005510000000000001,0.0014888,0.02171432446746169,0.10684931506849316,0.3561643835616438,0.6054794520547945,0.8547945205479452,1.104109589041096,1.3534246575342466,1.6027397260273972,1.8520547945205479,2.1013698630136988,,,,3.117808219178082,,,,4.115068493150685,,0.0004,0.0005,0.0007,0.0012,0.0017,0.0022,0.0025,0.0023,0.0015,,,,-0.0119,,,,-0.0496,,4691.0046284676655,2.9953715323345023,4666.30902350247,21.440976497529846,4642.255955191787,36.2440448082134,4619.972047905884,50.77795209411579,4598.941551062134,66.55844893786616,4579.148295155704,84.60170484429636,4559.115456413485,100.88454358651506,4535.647239237372,124.35276076262835,4506.164799775032,155.8352002249676,,,,,,,4233.8899054348085,446.1100945651915,,,,,,,3505.947658477489,1197.5523415225111,,
2021-11-09,,,,4678.25,4671.75,4662.5,4654.5,4649.25,4647.5,4643.75,4643.75,4645.75,,,,4663.75,,,,4687.25,,4685.25,0.0004341,0.0004643,0.0005702,0.0015476,0.02174404837128839,0.10410958904109589,0.35342465753424657,0.6027397260273972,0.852054794520548,1.1013698630136985,1.3506849315068492,1.6,1.8493150684931507,2.0986301369863014,,,,3.115068493150685,,,,4.112328767123287,,0.0004,0.0005,0.0007,0.0012,0.0018,0.0023,0.0026,0.0024,0.0015,,,,-0.0126,,,,-0.0525,,4674.850370672814,3.399629327185721,4650.204074099533,21.54592590046741,4626.197202721693,36.30279727830657,4603.949956110555,50.55004388944508,4583.456932799086,65.79306720091427,4563.804030233663,83.69596976633693,4543.914197579284,99.83580242071639,4520.605910795126,123.14408920487404,4490.36731632586,155.38268367414003,,,,,,,4209.884501736118,453.8654982638818,,,,,,,3452.5163436675466,1234.7336563324534,,
2021-11-10,,,,4642.0,4635.5,4626.5,4618.75,4613.5,4611.75,4608.0,4611.0,4610.0,,,,4628.0,,,,4651.5,,4646.7099609375,0.000434,0.000461,0.0005638,0.0014648,0.02030650066652355,0.10136986301369863,0.3506849315068493,0.6,0.8493150684931506,1.0986301369863014,1.347945205479452,1.5972602739726027,1.8465753424657534,2.095890410958904,,,,3.1123287671232878,,,,4.109589041095891,,0.0004,0.0005,0.0007,0.0011,0.0017,0.0022,0.0024,0.0023,0.0015,,,,-0.0112,,,,-0.047,,4637.3427298149745,4.657270185025482,4614.546481366583,20.953518633416934,4592.3667982544985,34.13320174550154,4571.52598833979,47.224011660209726,4552.687743963703,60.812256036297185,4534.672492163955,77.07750783604479,4515.690418254336,92.30958174566422,4494.745616437096,116.25438356290397,4467.116264636386,142.8837353636136,,,,,,,4212.687670387633,415.31232961236674,,,,,,,3523.861397773364,1127.638602226636,,
2021-11-12,,,,4678.25,4672.0,4663.0,4655.75,4650.0,4651.5,4647.5,4649.5,4646.5,,,,4664.5,,,,4688.0,,4682.85009765625,0.0004484,0.0004979,0.0006464999999999999,0.001785,0.02031108912964988,0.0958904109589041,0.3452054794520548,0.5945205479452055,0.8438356164383561,1.093150684931507,1.3424657534246576,1.5917808219178082,1.841095890410959,2.0904109589041098,,,,3.106849315068493,,,,4.104109589041096,,0.0005,0.0005,0.0008,0.0014,0.002,0.0027,0.003,0.0028,0.002,,,,-0.0132,,,,-0.0563,,4673.962562335659,4.287437664341269,4650.933830830815,21.066169169184832,4628.84407172193,34.15592827806995,4608.714967519428,47.03503248057223,4590.046433117968,59.95356688203174,4573.435329527924,78.0646704720757,4555.57364452604,91.92635547396003,4534.284623866044,115.21537613395594,4506.988618479649,139.51138152035128,,,,,,,4219.8222887190905,444.67771128090953,,,,,,,3419.4735766442564,1268.5264233557436,,
2021-11-15,,,,4679.0,4672.5,4663.75,4657.0,4649.25,4650.75,4646.75,4648.75,4645.75,,,,4663.75,,,,4687.25,,4682.7998046875,0.0004428,0.0005004,0.0006661,0.0019104,0.02170885097911719,0.08767123287671233,0.336986301369863,0.5863013698630137,0.8356164383561644,1.084931506849315,1.3342465753424657,1.5835616438356164,1.832876712328767,2.0821917808219177,,,,3.0986301369863014,,,,4.095890410958904,,0.0004,0.0005,0.0008,0.0014,0.0022,0.0029,0.0032,0.0031,0.0022,,,,-0.014,,,,-0.0606,,4674.0596899865295,4.94031001347048,4649.450718960054,23.049281039946436,4625.744319415436,38.00568058456429,4604.001286049223,52.99871395077662,4584.72631629906,64.52368370093973,4566.744258389689,84.0057416103109,4547.539299768286,99.21070023171433,4525.773267113245,122.97673288675469,4496.390711109922,149.35928889007755,,,,,,,4192.292239096723,471.4577609032767,,,,,,,3342.664175794438,1344.585824205562,,
2021-11-16,,,,4696.0,4689.75,4681.0,4674.25,4666.75,4670.25,4669.25,4671.25,4676.25,,,,4701.0,,,,4728.25,,4700.89990234375,0.000442,0.000512,0.0006976,0.00197,0.02178735551639606,0.08493150684931507,0.33424657534246577,0.5835616438356165,0.8328767123287671,1.082191780821918,1.3315068493150686,1.5808219178082192,1.83013698630137,2.0794520547945203,,,,3.095890410958904,,,,4.093150684931507,,0.0004,0.0006,0.0008,0.0015,0.0022,0.0029,0.0033,0.0032,0.0024,,,,-0.0135,,,,-0.0592,,4692.368654830752,3.631345169247652,4667.726666381199,22.02333361880119,4643.677157794813,37.322842205187044,4622.1367261229225,52.11327387707752,4602.302325484966,64.44767451503412,4584.152816256602,86.09718374339809,4565.503219112952,103.74678088704786,4543.676800160262,127.57319983973775,4515.152139269389,161.0978607306106,,,,,,,4214.403965052196,486.5960349478037,,,,,,,3374.5450298577966,1353.7049701422034,,
2021-11-17,,,,4686.25,4680.0,4671.25,4664.0,4656.5,4660.0,4659.0,4661.0,4666.0,,,,4690.75,,,,4718.0,,4688.669921875,0.0004562,0.0005338,0.0007528,0.0020621,0.0201497194103083,0.0821917808219178,0.3315068493150685,0.5808219178082191,0.8301369863013699,1.0794520547945206,1.3287671232876712,1.5780821917808219,1.8273972602739725,2.0767123287671234,,,,3.0931506849315067,,,,4.090410958904109,,0.0005,0.0006,0.0009,0.0015,0.0023,0.003,0.0035,0.0034,0.0027,,,,-0.0121,,,,-0.0552,,4681.1036185467365,5.14638145326353,4658.381534426168,21.6184655738316,4636.539472017698,34.710527982301755,4616.639786929206,47.36021307079409,4599.1937996718825,57.306200328117484,4583.032789814594,76.96721018540575,4567.081218362665,91.91878163733509,4547.331385092222,113.66861490777774,4521.8033976643,144.19660233569994,,,,,,,4243.530983513562,447.2190164864378,,,,,,,3445.047269159737,1272.952730840263,,
2021-11-18,,,,4701.5,4695.25,4686.25,4678.5,4671.0,4674.5,4673.5,4675.5,4680.5,,,,4705.25,,,,4732.5,,4704.5400390625,0.0004745,0.0005315000000000001,0.000749,0.0020002,0.01963185434935549,0.07945205479452055,0.3287671232876712,0.5780821917808219,0.8273972602739726,1.0767123287671232,1.326027397260274,1.5753424657534247,1.8246575342465754,2.073972602739726,,,,3.0904109589041098,,,,4.087671232876712,,0.0005,0.0006,0.0009,0.0015,0.0022,0.0029,0.0033,0.0033,0.0027,,,,-0.0106,,,,-0.0496,,4697.394264146576,4.105735853424449,4675.19540731853,20.05459268147024,4653.871513819584,32.378486180416076,4634.4881509111465,44.01184908885352,4617.063586746301,53.93641325369936,4601.310300899027,73.18969910097258,4585.0441942019015,88.45580579809848,4566.412871978919,109.0871280210813,4542.201498998001,138.29850100199928,,,,,,,4284.9083113664565,420.3416886335435,,,,,,,3544.974436468409,1187.5255635315912,,
2021-11-19,,,,4694.5,4688.5,4679.5,4672.75,4664.25,4667.75,4666.75,4668.75,4673.75,,,,4698.5,,,,4725.75,,4697.9599609375,0.0004696,0.0005278,0.0007067,0.0019121,0.02001129610274121,0.07671232876712329,0.32602739726027397,0.5753424657534246,0.8246575342465754,1.073972602739726,1.3232876712328767,1.5726027397260274,1.821917808219178,2.0712328767123287,,,,3.0876712328767124,,,,4.0849315068493155,,0.0005,0.0006,0.0008,0.0014,0.0021,0.0028,0.0032,0.0031,0.0024,,,,-0.0121,,,,-0.0543,,4690.933516413674,3.566483586326285,4668.322265822938,20.17773417706212,4646.318981178439,33.18101882156134,4626.406431668391,46.343568331609276,4608.452522919112,55.7974770808878,4592.170865383863,75.5791346161368,4575.385114945146,91.36488505485431,4555.418356709289,113.33164329071133,4529.67987005067,144.0701299493303,,,,,,,4254.508475355399,443.99152464460076,,,,,,,3467.978324863525,1257.771675136475,,
2021-11-22,,,,4679.75,4673.75,4665.25,4658.75,4651.0,4654.5,4653.5,4655.5,4660.5,,,,4685.25,,,,4712.5,,4682.93994140625,0.0004743,0.0005155,0.0006812,0.001839,0.0212982530734847,0.0684931506849315,0.3178082191780822,0.5671232876712329,0.8164383561643835,1.0657534246575342,1.3150684931506849,1.5643835616438355,1.8136986301369864,2.063013698630137,,,,3.0794520547945203,,,,4.076712328767123,,0.0005,0.0005,0.0008,0.0013,0.002,0.0027,0.0031,0.003,0.0023,,,,-0.0115,,,,-0.0519,,4676.273665370477,3.4763346295230804,4652.088458061044,21.66154193895636,4628.8157999407695,36.434200059230534,4607.100795297259,51.64920470274137,4587.60878295091,63.3912170490903,4569.794006210643,84.70599378935731,4551.500948466003,101.99905153399686,4530.075421862294,125.4245781377058,4502.948700527873,157.55129947212663,,,,,,,4233.061361791561,452.18863820843944,,,,,,,3474.7338444505585,1237.7661555494415,,
2021-11-23,,,,4688.5,4682.75,4674.25,4667.5,4659.75,4666.25,4665.25,4668.25,4673.25,,,,4709.0,,,,4741.25,,4690.7001953125,0.0004746,0.0005384,0.0008387,0.0024014,0.02205689712807873,0.06575342465753424,0.3150684931506849,0.5643835616438356,0.8136986301369863,1.063013698630137,1.3123287671232877,1.5616438356164384,1.810958904109589,2.0602739726027397,,,,3.0767123287671234,,,,4.073972602739726,,0.0005,0.0006,0.001,0.0017,0.0026,0.0035,0.0041,0.0042,0.0035,,,,-0.011,,,,-0.0546,,4684.056120014264,4.443879985736203,4659.096170253771,23.65382974622935,4635.285066245744,38.96493375425598,4613.641633611916,53.858366388083596,4594.679108825072,65.07089117492797,4577.848448873509,88.40155112649063,4560.989469822179,104.26053017782124,4541.438262707975,126.8117372920251,4514.748917250117,158.5010827498827,,,,,,,4237.084029446757,471.9159705532429,,,,,,,3432.4825262844247,1308.7674737155753,,
2021-11-24,,,,4699.0,4693.25,4685.0,4679.25,4674.25,4677.5,4679.0,4684.0,4688.0,,,,4726.0,,,,4766.0,,4701.4599609375,0.0005036999999999999,0.0005556,0.0009062,0.0024277,0.02227395060823614,0.06301369863013699,0.31232876712328766,0.5616438356164384,0.810958904109589,1.0602739726027397,1.3095890410958904,1.558904109589041,1.8082191780821917,2.0575342465753423,,,,3.073972602739726,,,,4.071232876712329,,0.0005,0.0006,0.001,0.0018,0.0026,0.0035,0.0041,0.0043,0.004,,,,-0.0067,,,,-0.0402,,4695.013712450029,3.9862875499711663,4669.74138496256,23.508615037439995,4645.619382288167,39.38061771183311,4624.043588568409,55.20641143159082,4604.404349503644,69.84565049635603,4587.278507598027,90.22149240197268,4570.129969314057,108.87003068594277,4551.114956239388,132.88504376061155,4527.970433930327,160.0295660696729,,,,,,,4300.829710879373,425.1702891206269,,,,,,,3645.6223397413473,1120.3776602586527,,
2021-11-26,,,,4595.75,4589.5,4580.5,4574.0,4566.5,4564.75,4566.25,4567.25,4575.25,,,,4608.25,,,,4648.25,,4594.6201171875,0.0005137,0.0005575,0.0009679,0.0025973,0.02459182529920661,0.057534246575342465,0.30684931506849317,0.5561643835616439,0.8054794520547945,1.0547945205479452,1.3041095890410959,1.5534246575342465,1.8027397260273972,2.052054794520548,,,,3.0684931506849313,,,,4.065753424657534,,0.0005,0.0006,0.0011,0.0019,0.0028,0.0037,0.0043,0.0047,0.0045,,,,-0.0047,,,,-0.0348,,4588.255902944475,7.494097055525344,4560.919300286527,28.580699713473223,4534.980405234818,45.519594765181864,4511.403400107492,62.596599892507584,4490.213188623894,76.28681137610602,4471.128553608429,93.62144639157123,4452.048189280551,114.20181071944899,4432.777202375718,134.47279762428207,4409.038122566478,166.2118774335222,,,,,,,4199.663126121664,408.5868738783356,,,,,,,3608.9380576056087,1039.3119423943913,,
2021-11-29,,,,4651.0,4645.0,4636.0,4629.5,4625.75,4627.25,4625.75,4626.75,4634.75,,,,4667.75,,,,4707.75,,4655.27001953125,0.0005169,0.0005353000000000001,0.0007718,0.0019321,0.0269567726531557,0.049315068493150684,0.29863013698630136,0.547945205479452,0.7972602739726027,1.0465753424657533,1.295890410958904,1.5452054794520549,1.7945205479452055,2.043835616438356,,,,3.0602739726027397,,,,4.057534246575343,,0.0005,0.0006,0.0009,0.0014,0.0021,0.0027,0.0032,0.0033,0.003,,,,-0.0063,,,,-0.0349,,4649.200167593428,1.7998324065720226,4618.7725536349035,26.22744636509651,4589.27579035653,46.7242096434702,4561.376836692548,68.12316330745216,4535.727229551234,90.0227704487661,4511.211741756908,116.03825824309206,4487.477860069414,138.27213993058558,4461.7780422429505,164.9719577570495,4432.821151671082,201.92884832891832,,,,,,,4204.793061074025,462.956938925975,,,,,,,3621.955024118463,1085.794975881537,,
2021-11-30,,,,4566.25,4560.25,4551.5,4545.25,4538.25,4536.75,4538.25,4539.25,4537.25,,,,4570.25,,,,4600.25,,4567.0,0.0005104,0.0005363,0.000797,0.0020048,0.02620756320921185,0.04657534246575343,0.2958904109589041,0.5452054794520548,0.7945205479452054,1.0438356164383562,1.2931506849315069,1.5424657534246575,1.7917808219178082,2.041095890410959,,,,3.0575342465753423,,,,4.054794520547945,,0.0005,0.0006,0.0009,0.0014,0.0021,0.0028,0.0033,0.0035,0.0032,,,,-0.0058,,,,-0.0337,,4561.535027158769,4.714972841231429,4532.526461511893,27.723538488106897,4504.418086233309,47.08191376669129,4477.865202192619,67.38479780738089,4453.508449231684,84.7415507683163,4430.8304536384085,105.91954636159153,4408.446687949625,129.8033120503751,4384.912003176378,154.33799682362223,4357.488640344045,179.76135965595495,,,,,,,4141.227798442664,429.0222015573363,,,,,,,3582.080135696239,1018.1698643037612,,
2021-12-01,,,,4508.5,4502.5,4494.0,4488.0,4483.0,4490.0,4483.0,4490.25,4498.25,,,,4525.0,,,,4555.0,,4513.0400390625,0.0005144,0.0005413,0.0008426999999999999,0.0020662,0.0262091210085012,0.043835616438356165,0.29315068493150687,0.5424657534246575,0.7917808219178082,1.0410958904109588,1.2904109589041095,1.5397260273972602,1.789041095890411,2.0383561643835617,,,,3.0547945205479454,,,,4.052054794520548,,0.0005,0.0006,0.0009,0.0015,0.0022,0.0028,0.0034,0.0036,0.0035,,,,-0.0035,,,,-0.0265,,4507.956819877463,0.5431801225367963,4479.286011894391,23.213988105609133,4451.502418575948,42.49758142405244,4425.604080916797,62.3959190832029,4401.631182551975,81.36881744802486,4378.75136147472,111.2486385252796,4357.293882287936,125.70611771206404,4334.1362761242635,156.11372387573647,4308.895970429539,189.35402957046063,,,,,,,4121.494056416731,403.5059435832691,,,,,,,3645.125320122261,909.8746798777388,,
2021-12-02,,,,4575.75,4569.75,4561.0,4554.75,4545.5,4552.5,4545.5,4552.75,4560.75,,,,4579.5,,,,4597.5,,4577.10009765625,0.0005233999999999999,0.0005586,0.0009616,0.0024002,0.02380595377171858,0.0410958904109589,0.29041095890410956,0.5397260273972603,0.7890410958904109,1.0383561643835617,1.2876712328767124,1.536986301369863,1.7863013698630137,2.0356164383561643,,,,3.052054794520548,,,,4.049315068493151,,0.0005,0.0006,0.0011,0.0017,0.0025,0.0033,0.0039,0.0043,0.0044,,,,-0.0013,,,,-0.0215,,4572.718346367733,3.03165363226708,4546.357522515188,23.392477484811934,4521.350068257685,39.64993174231495,4497.9562419330705,56.79375806692951,4476.952022241239,68.54797775876068,4457.823776080578,94.67622391942223,4439.1834544602325,106.3165455397675,4420.364325153555,132.385674846445,4399.815255433637,160.9347445663634,,,,,,,4239.481120696644,340.0188793033558,,,,,,,3809.9175551669528,787.5824448330472,,
2021-12-03,,,,4537.5,4531.25,4522.75,4518.0,4510.5,4517.5,4515.5,4517.75,4520.75,,,,4544.5,,,,4542.5,,4538.43017578125,0.0005233999999999999,0.0005521,0.0009858,0.0024972,0.02441279158402555,0.038356164383561646,0.2876712328767123,0.536986301369863,0.7863013698630137,1.0356164383561643,1.284931506849315,1.5342465753424657,1.7835616438356163,2.032876712328767,,,,3.0493150684931507,,,,4.046575342465753,,0.0005,0.0006,0.0011,0.0018,0.0026,0.0034,0.0041,0.0045,0.0046,,,,-0.0006,,,,-0.0199,,4534.269422587456,3.230577412544335,4507.4470137054095,23.802986294590482,4481.969302408347,40.780697591652824,4458.447926840856,59.55207315914413,4437.057761559655,73.44223844034514,4417.532039511878,99.96796048812212,4399.172016180924,116.3279838190756,4380.073410816398,137.67658918360212,4359.268261661749,161.48173833825058,,,,,,,4205.147178803773,339.3528211962266,,,,,,,3793.412941780491,749.0870582195089,,
2021-12-06,,,,4590.0,4583.25,4575.0,4567.75,4560.25,4564.25,4565.25,4567.5,4575.5,,,,4604.25,,,,4617.25,,4591.669921875,0.000516,0.0005569,0.0010205,0.0025487,0.02970607694385426,0.030136986301369864,0.27945205479452057,0.5287671232876713,0.7780821917808219,1.0273972602739727,1.2767123287671234,1.526027397260274,1.7753424657534247,2.0246575342465754,,,,3.041095890410959,,,,4.038356164383561,,0.0005,0.0006,0.0011,0.0018,0.0026,0.0034,0.0041,0.0046,0.0049,,,,0.0007,,,,-0.0157,,4587.630189534723,2.3698104652767142,4554.473889569116,28.77611043088382,4522.739174247885,52.260825752115124,4493.044587443122,74.7054125568784,4465.561963610626,94.68803638937425,4440.018231161667,124.23176883833275,4415.708073989961,149.54192601003888,4391.504551295776,175.99544870422415,4366.754102140288,208.7458978597124,,,,,,,4203.987644055661,400.2623559443391,,,,,,,3822.3975803941016,794.8524196058984,,
2021-12-07,,,,4685.0,4678.5,4670.5,4663.25,4660.75,4664.75,4660.75,4668.0,4676.0,,,,4709.75,,,,4732.75,,4686.75,0.0005304,0.0005742,0.0010459,0.0025391,0.03153014348962501,0.0273972602739726,0.27671232876712326,0.5260273972602739,0.7753424657534247,1.0246575342465754,1.273972602739726,1.5232876712328767,1.7726027397260273,2.021917808219178,,,,3.0383561643835617,,,,4.035616438356165,,0.0005,0.0006,0.0011,0.0018,0.0026,0.0034,0.0041,0.0046,0.0049,,,,0.0018,,,,-0.0118,,4682.767295224812,2.2327047751878126,4646.808437685063,31.691562314937073,4612.326019552581,58.173980447419126,4579.951166507826,83.2988334921738,4549.857387211694,110.892612788306,4521.7647378666925,142.98526213330751,4494.953751963636,165.79624803636398,4468.2772531726005,199.72274682739953,4441.070349674761,234.92965032523898,,,,,,,4281.950430090578,427.79956990942173,,,,,,,3934.8609288651533,797.8890711348467,,
2021-12-08,,,,4699.0,4692.25,4684.25,4678.75,4676.25,4680.25,4676.25,4683.5,4691.5,,,,4725.25,,,,4748.25,,4701.2099609375,0.0005268,0.0005848,0.0011569,0.0028442,0.03396473134790422,0.024657534246575342,0.273972602739726,0.5232876712328767,0.7726027397260274,1.021917808219178,1.2712328767123289,1.5205479452054795,1.7698630136986302,2.0191780821917806,,,,3.0356164383561643,,,,4.032876712328767,,0.0005,0.0006,0.0012,0.002,0.0029,0.0038,0.0046,0.0053,0.0057,,,,0.0041,,,,-0.0061,,4697.33232111262,1.6676788873801343,4658.431911331972,33.818088668028395,4621.292990983651,62.95700901634882,4586.530587929968,92.21941207003238,4554.311250433507,121.93874956649324,4524.348169675403,155.90183032459663,4495.916013606209,180.33398639379084,4468.6540963421285,214.84590365787153,4440.417431129324,251.08256887067637,,,,,,,4293.756731258921,431.4932687410792,,,,,,,3999.797728807127,748.452271192873,,
2021-12-09,,,,4667.0,4659.75,4651.75,4645.0,4642.5,4646.5,4642.5,4649.75,4657.75,,,,4691.5,,,,4714.5,,4667.4501953125,0.0005215,0.0005885,0.001198,0.0028822,0.03291877654191288,0.021917808219178082,0.27123287671232876,0.5205479452054794,0.7698630136986301,1.0191780821917809,1.2684931506849315,1.5178082191780822,1.7671232876712328,2.0164383561643837,,,,3.032876712328767,,,,4.03013698630137,,0.0005,0.0006,0.0013,0.0021,0.0029,0.0038,0.0046,0.0053,0.0059,,,,0.0062,,,,0.0009,,4664.134923421891,2.865076578109438,4626.714528417834,33.03547158216588,4591.256971996017,60.493028003983454,4558.012574804011,86.98742519598909,4526.814298526276,115.6857014737243,4498.193884676741,148.3061153232593,4471.082074028458,171.417925971542,4445.121233157077,204.62876684292314,4419.962573383568,237.78742661643173,,,,,,,4304.143531470147,387.3564685298534,,,,,,,4102.402879669962,612.0971203300378,,
2021-12-10,,,,4711.0,4703.5,4695.5,4689.5,4687.0,4691.0,4687.0,4694.25,4702.25,,,,4736.0,,,,4759.0,,4712.02001953125,0.0005285,0.0005903,0.001193,0.0028447,0.03607380683771155,0.019178082191780823,0.2684931506849315,0.5178082191780822,0.7671232876712328,1.0164383561643835,1.2657534246575342,1.515068493150685,1.7643835616438357,2.0136986301369864,,,,3.03013698630137,,,,4.027397260273973,,0.0005,0.0006,0.0012,0.0021,0.0029,0.0037,0.0045,0.0053,0.0059,,,,0.0065,,,,0.0022,,4708.806399635337,2.1936003646633253,4667.353556539926,36.1464434600739,4627.694292846823,67.80570715317663,4590.801357715559,98.69864228444112,4555.783684855161,131.21631514483943,4522.836937923779,168.16306207622074,4491.919944929909,195.08005507009057,4462.994244548553,231.25575545144693,4434.237803030194,268.0121969698057,,,,,,,4308.130317888049,427.8696821119511,,,,,,,4111.111451536537,647.8885484634629,,
2021-12-13,,,,4668.75,4659.5,4651.25,4645.5,4641.75,4647.0,4643.0,4650.25,4650.25,,,,4692.0,,,,4715.0,,4668.97021484375,0.0005255,0.0005886,0.0012091,0.0028622,0.06215358776061759,0.010958904109589041,0.2602739726027397,0.5095890410958904,0.7589041095890411,1.0082191780821919,1.2575342465753425,1.5068493150684932,1.7561643835616438,2.0054794520547947,,,,3.021917808219178,,,,4.019178082191781,,0.0005,0.0006,0.0012,0.0021,0.0029,0.0037,0.0045,0.0053,0.006,,,,0.0074,,,,0.0056,,4665.816663719642,2.933336280358162,4594.765587471318,64.73441252868179,4526.175200664396,125.07479933560444,4460.958360914374,184.54163908562623,4398.211289136562,243.5387108634377,4338.076938477636,308.92306152236415,4280.471929411636,362.52807058836424,4225.317013273375,424.93298672662513,4171.700181954358,478.5498180456416,,,,,,,3956.9664934674142,735.0335065325858,,,,,,,3719.6872650935447,995.3127349064553,,
2021-12-14,,,,4637.0,4628.0,4620.0,4612.0,4608.25,4613.5,4609.5,4616.75,4616.75,,,,4658.5,,,,4681.5,,4634.08984375,0.0005565,0.0006211,0.0012326,0.002865,0.06507753989133416,0.00821917808219178,0.25753424657534246,0.5068493150684932,0.7561643835616438,1.0054794520547945,1.2547945205479452,1.5041095890410958,1.7534246575342465,2.0027397260273974,,,,3.0191780821917806,,,,4.016438356164383,,0.0006,0.0006,0.0013,0.0021,0.0029,0.0037,0.0045,0.0053,0.0059,,,,0.0073,,,,0.0052,,4631.634647421839,5.365352578161037,4557.775333921035,70.22466607896513,4486.68540217722,133.31459782278034,4418.580281180171,193.41971881982863,4353.245135039539,255.00486496046142,4290.58725577585,322.9127442241497,4230.518469373292,378.98153062670826,4172.954930793453,443.79506920654694,4116.1678776497965,500.58212235020346,,,,,,,3892.295676209011,766.2043237909888,,,,,,,3643.5022143359784,1037.9977856640216,,
2021-12-15,,,,4709.5,4700.5,4692.75,4688.5,4684.75,4690.0,4686.0,4693.25,4701.25,4710.0,,,4735.0,,,,4758.0,,4709.85009765625,0.0006124,0.0006659,0.0012613,0.0029419,0.09462790550845446,0.005479452054794521,0.2547945205479452,0.5041095890410959,0.7534246575342466,1.0027397260273974,1.252054794520548,1.5013698630136987,1.7506849315068493,2.0,2.249315068493151,,,3.0164383561643837,,,,4.013698630136986,,0.0006,0.0007,0.0013,0.0021,0.003,0.0038,0.0046,0.0053,0.0059,0.0063,,,0.0058,,,,-0.0004,,4707.424107109716,2.0758928902841944,4598.470579402442,102.02942059755787,4493.395216907369,199.3547830926309,4392.696500786223,295.8034992137773,4296.398614471984,388.3513855280162,4203.571691138119,486.4283088618813,4114.391283581658,571.6087164183418,4028.0043829854894,665.2456170145106,3944.0190628360947,757.2309371639053,3861.2029974545076,848.7970025454924,,,,,3602.8030945219457,1132.1969054780543,,,,,,,3216.3356252537264,1541.6643747462736,,
2021-12-16,,,,4668.75,4659.25,4651.75,4649.0,4645.25,4650.5,4646.5,4653.75,4661.75,4664.5,,,4685.5,,,,4708.5,,4668.669921875,0.0005885,0.0007081,0.0014314,0.0031966,0.1767588015022011,0.0027397260273972603,0.25205479452054796,0.5013698630136987,0.7506849315068493,1.0,1.2493150684931507,1.4986301369863013,1.747945205479452,1.9972602739726026,2.2465753424657535,,,3.0136986301369864,,,,4.010958904109589,,0.0006,0.0007,0.0014,0.0023,0.0032,0.0041,0.005,0.0058,0.0067,0.0076,,,0.0105,,,,0.0144,,4666.417240046996,2.332759953003915,4466.020540774077,193.22945922592316,4275.7289373898075,376.02106261019253,4095.589341771153,553.4106582288468,3924.8000855076857,720.4499144923143,3762.8211254362245,887.6788745637755,3609.14644148899,1037.3535585110099,3462.6964293083533,1191.0535706916467,3324.178345155308,1337.5716548446921,3192.6338211361804,1471.8661788638196,,,,,2828.708636933223,1856.7913630667772,,,,,,,2434.3012083667227,2274.1987916332773,,
2021-12-17,,,,4636.46,4610.0,4602.5,4598.75,4595.0,4600.25,4596.25,4603.5,4604.5,4614.25,,,4635.25,,,,4658.25,,4620.64013671875,0.0005471,0.0006436,0.0014102,0.003161,0.0004338342683380988,0.0,0.2493150684931507,0.4986301369863014,0.7479452054794521,0.9972602739726028,1.2465753424657535,1.4958904109589042,1.7452054794520548,1.9945205479452055,2.243835616438356,,,3.010958904109589,,,,4.008219178082192,,0.0005,0.0006,0.0014,0.0023,0.0032,0.004,0.0049,0.0059,0.007,0.0082,,,0.0135,,,,0.0252,,4620.64013671875,15.819863281250036,4620.831562811188,-10.831562811187723,4622.866709605911,-20.366709605910728,4627.094081809976,-28.34408180997616,4633.404172693287,-38.404172693287364,4641.226891207995,-40.97689120799532,4651.61349562171,-55.36349562171017,4664.9300316541785,-61.43003165417849,4681.551657374259,-77.05165737425887,4701.865065730352,-87.6150657303524,,,,,4806.047118085726,-170.79711808572574,,,,,,,5102.861565642955,-444.6115656429547,,
2021-12-20,,,,,4558.5,4551.0,4546.25,4542.5,4547.75,4543.75,4551.0,4552.0,4561.75,,,4582.75,,,,4605.75,,4568.02001953125,0.0005326,0.0006547,0.0014836,0.0032707,0.01376931325739085,,0.2410958904109589,0.4904109589041096,0.7397260273972602,0.989041095890411,1.2383561643835617,1.4876712328767123,1.736986301369863,1.9863013698630136,2.2356164383561645,,,3.0027397260273974,,,,4.0,,,0.0006,0.0014,0.0024,0.0032,0.0041,0.005,0.0061,0.0073,0.0088,,,0.0159,,,,0.033,,,,4553.539249389613,4.96075061038664,4540.3940712807525,10.605928719247459,4529.763261493448,16.486738506551774,4520.517008599959,21.9829914000411,4513.64847614488,34.10152385511992,4508.813333065044,34.93666693495561,4507.570708531304,43.42929146869574,4509.69646738721,42.30353261279015,4517.55255244495,44.19744755504962,,,,,4597.339435727365,-14.589435727364616,,,,,,,4933.272701914273,-327.52270191427306,,
2021-12-21,,,,,4640.75,4633.0,4628.0,4628.5,4627.75,4623.75,4631.0,4642.0,4641.75,,,4662.75,,,,4685.75,,4649.22998046875,0.0005276,0.000672,0.0015236,0.0032751,0.01349225486733372,,0.23835616438356164,0.4876712328767123,0.736986301369863,0.9863013698630136,1.2356164383561643,1.484931506849315,1.7342465753424658,1.9835616438356165,2.232876712328767,,,3.0,,,,3.9972602739726026,,,0.0007,0.0015,0.0024,0.0032,0.0041,0.005,0.006,0.0074,0.0091,,,0.0173,,,,0.0382,,,,4635.07554400956,5.674455990440038,4622.119344910322,10.88065508967793,4611.378196705724,16.621803294276106,4602.273153377474,26.226846622525954,4595.58649715577,32.1635028442297,4590.969369890868,32.78063010913229,4589.211362875858,41.78863712414204,4593.385101832815,48.61489816718495,4603.856154047822,37.8938459521778,,,,,4702.6437270251945,-39.893727025194494,,,,,,,5131.843228075257,-446.0932280752568,,
2021-12-22,,,,,4686.0,4678.25,4672.0,4674.25,4673.5,4674.5,4681.75,4687.75,4687.5,,,4718.5,,,,4741.5,,4696.56005859375,0.0005157,0.0007578999999999999,0.0016771,0.0035443,0.01328676456070214,,0.2356164383561644,0.4849315068493151,0.7342465753424657,0.9835616438356164,1.2328767123287672,1.4821917808219178,1.7315068493150685,1.9808219178082191,2.23013698630137,,,2.9972602739726026,,,,3.9945205479452053,,,0.0007,0.0016,0.0026,0.0035,0.0044,0.0053,0.0065,0.0078,0.0095,,,0.0174,,,,0.0371,,,,4682.652344550924,3.3476554490762283,4670.018616003881,8.231383996118893,4659.851674094944,12.148325905055572,4651.568395471238,22.681604528762364,4645.384069016333,28.115930983666658,4641.290355943633,33.209644056367324,4641.692250912358,40.05774908764215,4645.792795203807,41.957204796192855,4657.064595889622,30.43540411037793,,,,,4754.819691441976,-36.31969144197592,,,,,,,5165.24634549581,-423.7463454958097,,
2021-12-23,,,,,4715.75,4708.0,4704.0,4700.75,4705.5,4706.5,4708.75,4719.75,4719.5,,,4750.5,,,,4773.5,,4725.7900390625,0.0005141,0.0007521,0.001711,0.0036035,0.01322105828110827,,0.2328767123287671,0.4821917808219178,0.7315068493150685,0.9808219178082191,1.2301369863013698,1.4794520547945205,1.7287671232876711,1.978082191780822,2.2273972602739724,,,2.9945205479452053,,,,3.9917808219178084,,,0.0007,0.0016,0.0026,0.0035,0.0044,0.0054,0.0066,0.0081,0.0099,,,0.0192,,,,0.0432,,,,4712.030353701015,3.719646298985026,4699.382758981418,8.617241018581808,4689.2158584694325,14.784141530567467,4680.945521241515,19.804478758484947,4674.787190487206,30.712809512793683,4671.423626306015,35.07637369398526,4672.005782067898,36.7442179321024,4678.160030811923,41.58996918807679,4690.960856302345,28.539143697655163,,,,,4811.162865296025,-60.6628652960253,,,,,,,5326.551952531094,-553.0519525310938,,
2021-12-27,,,,,4782.25,4774.5,4771.25,4767.25,4772.0,4773.0,4775.25,4786.25,4786.0,,,4817.0,,,,4840.0,,4791.18994140625,0.000523,0.0007861999999999999,0.0017969,0.0037565,0.01315118520487889,,0.2219178082191781,0.4712328767123288,0.7205479452054795,0.9698630136986301,1.2191780821917808,1.4684931506849315,1.7178082191780821,1.9671232876712328,2.2164383561643834,,,2.9835616438356163,,,,3.9808219178082194,,,0.0007,0.0017,0.0027,0.0036,0.0046,0.0056,0.0068,0.0083,0.0103,,,0.0204,,,,0.0466,,,,4777.969487515416,4.280512484583596,4765.405473600649,9.094526399350798,4755.245015081248,16.00498491875169,4747.012445417463,20.237554582537086,4741.499258697215,30.500741302785173,4738.354572433651,34.6454275663491,4739.201608195004,36.048391804995845,4745.685659924966,40.564340075034124,4761.007599112738,24.992400887262193,,,,,4895.939011655156,-78.93901165515581,,,,,,,5473.578337704839,-633.5783377048392,,
2021-12-28,,,,,4778.5,4770.75,4766.0,4763.0,4766.0,4767.0,4771.0,4774.0,4787.0,,,4810.0,,,,4845.0,,4786.35009765625,0.0005306999999999999,0.0007907,0.0018783,0.0039107,0.01320246782102697,,0.2191780821917808,0.4684931506849315,0.7178082191780822,0.9671232876712329,1.2164383561643837,1.4657534246575343,1.715068493150685,1.9643835616438357,2.213698630136986,,,2.9808219178082194,,,,3.978082191780822,,,0.0007,0.0017,0.0028,0.0038,0.0047,0.0058,0.0071,0.0089,0.0112,,,0.0234,,,,0.0565,,,,4773.252174915942,5.247825084057695,4760.626654997002,10.123345002997667,4750.7436337939425,15.256366206057464,4743.023452727588,19.976547272412063,4737.101303043773,28.89869695622656,4734.698001767144,32.30199823285602,4736.51667513346,34.48332486653999,4746.067783340519,27.932216659481128,4765.179833537148,21.820166462852285,,,,,4934.074733383415,-124.07473338341515,,,,,,,5686.0128825471265,-841.0128825471265,,
2021-12-29,,,,,4784.5,4776.75,4771.75,4770.0,4772.0,4774.0,4778.0,4781.0,4795.0,,,4819.0,,,,4857.0,,4793.06005859375,0.0005145,0.0008216,0.0019147,0.0039567,0.01321864897050333,,0.21643835616438356,0.4657534246575342,0.7150684931506849,0.9643835616438357,1.2136986301369863,1.463013698630137,1.7123287671232876,1.9616438356164383,2.210958904109589,,,2.978082191780822,,,,3.9753424657534246,,,0.0007,0.0017,0.0029,0.0038,0.0048,0.0058,0.0071,0.0088,0.0111,,,0.0227,,,,0.0537,,,,4780.090764800447,4.409235199553223,4767.414862181495,9.335137818505245,4757.824423181887,13.925576818112859,4749.720909091393,20.27909090860703,4744.335347000357,27.664652999643295,4741.319466883444,32.680533116556035,4743.104655620693,34.89534437930706,4751.694232915336,29.305767084663785,4770.660690147672,24.33930985232837,,,,,4930.326895374736,-111.32689537473561,,,,,,,5629.925922336087,-772.9259223360868,,
2021-12-30,,,,,4772.25,4764.25,4759.0,4756.0,4759.0,4761.0,4764.0,4767.0,4781.0,,,4805.0,,,,4843.0,,4778.72998046875,0.0005269,0.0009281000000000001,0.0020575,0.0041014,0.01320203284142489,,0.2136986301369863,0.46301369863013697,0.7123287671232876,0.9616438356164384,1.210958904109589,1.4602739726027398,1.7095890410958905,1.9589041095890412,2.208219178082192,,,2.9753424657534246,,,,3.9726027397260273,,,0.0008,0.0019,0.003,0.004,0.0049,0.006,0.0073,0.009,0.0112,,,0.0229,,,,0.0543,,,,4766.081692952512,6.16830704748827,4753.78822244025,10.461777559749862,4744.127869441433,14.872130558566823,4736.6291767602515,19.37082323974846,4730.928086967756,28.071913032244083,4728.735712881186,32.26428711881363,4730.754795894017,33.24520410598325,4739.5558905282005,27.444109471799493,4757.650193001389,23.349806998610802,,,,,4918.627805368434,-113.62780536843366,,,,,,,5626.236317224493,-783.2363172244932,,
2021-12-31,,,,,4758.5,4750.5,4746.0,4743.0,4746.0,4747.0,4750.0,4753.0,4767.0,,,4791.0,,,,4829.0,,4766.18017578125,0.0005463,0.0009125,0.0019947,0.0040353,0.0132262807569007,,0.21095890410958903,0.4602739726027397,0.7095890410958904,0.958904109589041,1.2082191780821918,1.4575342465753425,1.7068493150684931,1.9561643835616438,2.2054794520547945,,,2.9726027397260273,,,,3.96986301369863,,,0.0008,0.0018,0.0029,0.0039,0.0048,0.0059,0.0071,0.0087,0.0108,,,0.021,,,,0.0478,,,,4753.7023084006205,4.797691599379505,4741.179586831037,9.32041316896266,4731.384031115299,14.615968884701033,4723.746210315092,19.253789684908043,4717.902844964373,28.09715503562711,4715.556219748613,31.44378025138667,4716.601618760021,33.398381239979244,4724.165979817276,28.83402018272409,4740.743926968585,26.256073031415326,,,,,4877.600321300629,-86.60032130062882,,,,,,,5467.372270110506,-638.3722701105062,,
2022-01-03,,,,,4786.0,4778.0,4773.5,4770.5,4773.5,4775.5,4780.5,4784.5,4800.5,,,4827.5,,,,4867.5,,4796.56005859375,0.0005573,0.000911,0.0019336,0.0039773,0.01325356793317634,,0.20273972602739726,0.4520547945205479,0.7013698630136986,0.9506849315068493,1.2,1.4493150684931506,1.6986301369863013,1.9479452054794522,2.197260273972603,,,2.9643835616438357,,,,3.9616438356164383,,,0.0008,0.0017,0.0028,0.0038,0.0048,0.0058,0.007,0.0084,0.0101,,,0.0179,,,,0.0371,,,,4784.464821359283,1.5351786407172767,4771.573671963148,6.426328036852283,4761.5211619309075,11.97883806909249,4753.644761179772,16.855238820227896,4748.148369091807,25.35163090819333,4745.023754256231,30.47624574376914,4745.878264601955,34.62173539804462,4751.424758124913,33.07524187508716,4763.438574249502,37.06142575049762,,,,,4863.084042859686,-35.584042859685724,,,,,,,5271.790599967703,-404.2905999677032,,
2022-01-04,,,,,4784.25,4776.25,4775.0,4772.5,4775.5,4777.5,4782.5,4786.5,4802.5,,,4829.5,,,,4869.5,,4793.5400390625,0.0005497,0.0009274,0.0020027,0.0041079,0.01322625971091901,,0.2,0.44931506849315067,0.6986301369863014,0.947945205479452,1.1972602739726028,1.4465753424657535,1.6958904109589041,1.9452054794520548,2.1945205479452055,,,2.9616438356164383,,,,3.958904109589041,,,0.0008,0.0018,0.0029,0.0039,0.0049,0.006,0.0072,0.0087,0.0105,,,0.0193,,,,0.0413,,,,4781.641675709962,2.6083242900376717,4768.993115007893,7.256884992107189,4759.082749769189,15.917250230811078,4751.348170311139,21.151829688860744,4745.992066052984,29.507933947015772,4743.692577275488,33.807422724512435,4744.8001360921035,37.69986390789654,4751.520542784554,34.97945721544602,4764.946709594068,37.553290405931875,,,,,4880.547673619871,-51.04767361987069,,,,,,,5357.0338305560745,-487.53383055607446,,
2022-01-05,,,,,4692.5,4684.5,4683.25,4679.75,4682.75,4684.75,4689.75,4693.75,4709.75,,,4736.75,,,,4776.75,,4700.580078125,0.0005386,0.0009317,0.0020139,0.004056199999999999,0.01344251883420499,,0.19726027397260273,0.4465753424657534,0.6958904109589041,0.9452054794520548,1.1945205479452055,1.4438356164383561,1.6931506849315068,1.9424657534246574,2.191780821917808,,,2.958904109589041,,,,3.956164383561644,,,0.0008,0.0018,0.0029,0.0038,0.0048,0.0058,0.0071,0.0086,0.0106,,,0.0203,,,,0.0455,,,,4688.872063044127,3.627936955873338,4676.2039553541845,8.296044645815527,4666.220756549875,17.02924345012525,4657.932873477331,21.81712652266924,4652.302487470381,30.447512529619416,4648.996459217736,35.75354078226428,4650.371374386343,39.37862561365728,4656.571719977468,37.17828002253191,4671.385663915603,38.36433608439711,,,,,4796.932020568094,-60.18202056809423,,,,,,,5336.182913634864,-559.4329136348642,,
2022-01-06,,,,,4687.5,4680.0,4677.75,4674.0,4680.75,4682.75,4687.75,4691.75,4707.75,,,4734.75,,,,4774.75,,4696.0498046875,0.0005548,0.0010435,0.0021771,0.004240900000000001,0.01342505589308725,,0.19452054794520549,0.4438356164383562,0.6931506849315069,0.9424657534246575,1.1917808219178083,1.441095890410959,1.6904109589041096,1.9397260273972603,2.1890410958904107,,,2.956164383561644,,,,3.9534246575342467,,,0.0009,0.0019,0.003,0.004,0.005,0.006,0.0073,0.0089,0.0109,,,0.021,,,,0.0476,,,,4684.6223658596655,2.8776341403345214,4672.089761312053,7.91023868794673,4662.23782863228,15.51217136771993,4654.5204903643,19.479509635700197,4649.13354673201,31.616453267990437,4646.068930221053,36.68106977894695,4647.678402446081,40.071597553918764,4655.011213058886,36.738786941114085,4670.164225480953,37.585774519046936,,,,,4802.393638066071,-67.64363806607071,,,,,,,5375.382611095248,-600.6326110952477,,
2022-01-07,,,,,4667.75,4660.25,4657.5,4656.0,4662.75,4664.75,4669.75,4673.75,4689.75,,,4722.75,,,,4762.75,,4677.02978515625,0.0005786,0.0011477,0.0024342,0.0047247,0.01332209628119572,,0.1917808219178082,0.4410958904109589,0.6904109589041096,0.9397260273972603,1.189041095890411,1.4383561643835616,1.6876712328767123,1.936986301369863,2.186301369863014,,,2.9534246575342467,,,,3.9506849315068493,,,0.0009,0.0021,0.0034,0.0045,0.0055,0.0067,0.0081,0.0099,0.0122,,,0.0243,,,,0.0562,,,,4665.900865917343,1.8491340826567466,4653.935597108614,6.3144028913857255,4645.100104924557,12.399895075443055,4638.415837744238,17.58416225576184,4633.731361882177,29.018638117822775,4632.69287801766,32.057121982339595,4635.991377088971,33.758622911029306,4646.13036481902,27.619635180980367,4665.569968220033,24.180031779967067,,,,,4831.15543081556,-108.40543081556007,,,,,,,5540.364735206387,-777.6147352063872,,
2022-01-10,,,,,4662.25,4654.5,4651.25,4651.25,4652.0,4660.0,4665.0,4669.0,4685.0,,,4718.0,,,,4758.0,,4670.2900390625,0.0005949999999999999,0.0011685,0.0024318,0.0047116,0.0134615675844878,,0.18356164383561643,0.4328767123287671,0.6821917808219178,0.9315068493150684,1.180821917808219,1.4301369863013698,1.6794520547945206,1.9287671232876713,2.1780821917808217,,,2.9452054794520546,,,,3.9424657534246577,,,0.0009,0.0021,0.0033,0.0044,0.0055,0.0066,0.008,0.0097,0.0119,,,0.023,,,,0.0521,,,,4659.533587564648,2.71641243535214,4647.377205291503,7.1227947084971674,4638.026900005592,13.223099994407676,4631.034440174807,20.21555982519294,4626.58947925856,25.41052074144045,4624.68469705764,35.31530294236018,4627.647944697718,37.35205530228177,4636.528827392785,32.47117260721461,4654.432326372667,30.567673627332624,,,,,4803.351099407706,-85.35109940770599,,,,,,,5438.764239369389,-680.7642393693886,,
2022-01-11,,,,,4705.0,4697.25,4690.0,4691.0,4691.75,4698.75,4704.75,4708.75,4724.75,,,4757.75,,,,4797.75,,4713.06982421875,0.0006345000000000001,0.0012478,0.0025063,0.0047671,0.01338149251056907,,0.18082191780821918,0.4301369863013699,0.6794520547945205,0.9287671232876712,1.178082191780822,1.4273972602739726,1.6767123287671233,1.926027397260274,2.175342465753425,,,2.9424657534246577,,,,3.9397260273972603,,,0.001,0.0021,0.0034,0.0045,0.0055,0.0067,0.008,0.0097,0.0118,,,0.0224,,,,0.0499,,,,4702.529793517416,2.470206482584217,4690.254643064746,6.995356935253767,4681.214184785835,8.785815214165268,4674.352380085428,16.647619914571806,4669.511288676026,22.238711323973803,4668.334261968544,30.415738031456385,4670.734072175709,34.015927824290884,4679.76927093579,28.98072906421021,4696.883366520695,27.866633479305165,,,,,4839.813139804966,-82.06313980496634,,,,,,,5442.357753312924,-644.6077533129237,,
2022-01-12,,,,,4716.25,4708.5,4705.0,4703.75,4704.5,4711.5,4717.5,4721.5,4737.5,,,4770.5,,,,4810.5,,4726.35009765625,0.0005936,0.0012432,0.0025722,0.0049616,0.01336708096786967,,0.1780821917808219,0.4273972602739726,0.6767123287671233,0.9260273972602739,1.1753424657534246,1.4246575342465753,1.673972602739726,1.9232876712328768,2.1726027397260275,,,2.9397260273972603,,,,3.936986301369863,,,0.0009,0.0022,0.0035,0.0046,0.0057,0.007,0.0084,0.0101,0.0123,,,0.0234,,,,0.0522,,,,4715.868459889423,0.3815401105766796,4703.846015564287,4.653984435713028,4694.896556602839,10.103443397160845,4688.134292683735,15.615707316264889,4683.950178896968,20.549821103031718,4683.671660660881,27.82833933911934,4687.2145696246935,30.285430375306532,4696.745013807245,24.754986192754586,4715.405488410986,22.094511589013564,,,,,4867.825306042264,-97.32530604226395,,,,,,,5507.098659208981,-696.5986592089812,,
2022-01-13,,,,,4652.0,4644.25,4640.0,4634.75,4635.5,4642.5,4648.5,4652.5,4668.5,,,4701.5,,,,4741.5,,4659.02978515625,0.0005835,0.0013149,0.0026437,0.0049456,0.01348399807720516,,0.17534246575342466,0.4246575342465753,0.673972602739726,0.9232876712328767,1.1726027397260275,1.4219178082191781,1.6712328767123288,1.9205479452054794,2.16986301369863,,,2.936986301369863,,,,3.9342465753424656,,,0.001,0.0022,0.0035,0.0046,0.0057,0.0068,0.0082,0.0099,0.0121,,,0.0233,,,,0.0525,,,,4648.842439397945,3.1575606020551277,4636.757888339704,7.492111660296359,4627.7846889251405,12.215311074859528,4620.970462969614,13.779537030385654,4616.697803482787,18.802196517212906,4614.959674304594,27.540325695405954,4618.067994136795,30.432005863204722,4627.070681587301,25.429318412699104,4645.059304700717,23.440695299283107,,,,,4795.302001950336,-93.80200195033558,,,,,,,5431.991349777571,-690.4913497775706,,
2022-01-14,,,,,4654.75,4647.25,4643.25,4643.0,4651.5,4656.5,4664.5,4668.5,4684.5,,,4717.5,,,,4757.5,,4662.85009765625,0.0005605,0.0013671,0.0027569,0.005103,0.01350720101490847,,0.1726027397260274,0.42191780821917807,0.6712328767123288,0.9205479452054794,1.16986301369863,1.4191780821917808,1.6684931506849314,1.917808219178082,2.1671232876712327,,,2.9342465753424656,,,,3.9315068493150687,,,0.001,0.0023,0.0036,0.0048,0.0058,0.007,0.0084,0.0102,0.0126,,,0.0244,,,,0.056,,,,4652.794900727814,1.9550992721860894,4640.853774476774,6.396225523226349,4631.944836969862,11.30516303013792,4625.6248942942175,17.375105705782516,4620.9970833437,30.50291665629993,4619.9874704371,36.512529562900454,4623.285225715011,41.21477428498929,4633.3692017861995,35.13079821380052,4653.691863248606,30.80813675139416,,,,,4814.29216512015,-96.79216512014955,,,,,,,5510.677646103541,-753.1776461035406,,
2022-01-18,,,,,4571.25,4563.75,4561.0,4557.0,4565.5,4570.5,4573.5,4582.5,4593.5,,,4631.5,,,,4671.5,,4577.10986328125,0.0005724,0.0014248,0.0028516,0.0052948,0.01391981205154429,,0.16164383561643836,0.410958904109589,0.6602739726027397,0.9095890410958904,1.158904109589041,1.4082191780821918,1.6575342465753424,1.906849315068493,2.1561643835616437,,,2.9232876712328766,,,,3.9205479452054797,,,0.001,0.0023,0.0037,0.0049,0.006,0.0072,0.0087,0.0105,0.0127,,,0.024,,,,0.0535,,,,4567.560965006481,3.6890349935192717,4555.305053023472,8.444946976527717,4546.328066604614,14.671933395386077,4539.711403525245,17.28859647475474,4535.291965538755,30.208034461245006,4534.001108258016,36.49889174198415,4537.679452122213,35.82054787778725,4547.359334557488,35.14066544251182,4565.0873538227515,28.41264617724846,,,,,4713.991747497926,-82.49174749792564,,,,,,,5345.439616412444,-673.9396164124437,,
2022-01-19,,,,,4524.25,4516.75,4514.0,4511.0,4519.5,4524.5,4527.5,4536.5,4547.5,,,4585.5,,,,4625.5,,4532.759765625,0.0006027,0.0016037,0.0032721,0.0060103,0.01409231869083083,,0.1589041095890411,0.40821917808219177,0.6575342465753424,0.9068493150684932,1.1561643835616437,1.4054794520547946,1.6547945205479453,1.904109589041096,2.1534246575342464,,,2.9205479452054797,,,,3.9178082191780823,,,0.001,0.0027,0.0042,0.0055,0.0068,0.0082,0.0098,0.012,0.0148,,,0.0295,,,,0.0693,,,,4523.3395093068275,0.9104906931725054,4511.728821665026,5.021178334974138,4503.371936790033,10.628063209966967,4497.57802608849,13.421973911509667,4494.704179010285,24.79582098971514,4495.376575462909,29.123424537090614,4500.678073076532,26.8219269234678,4514.737157124825,21.76284287517501,4539.672678291564,7.827321708436102,,,,,4741.387648771282,-155.88764877128233,,,,,,,5627.268081867151,-1001.7680818671506,,
2022-01-20,,,,,4474.75,4467.25,4464.25,4466.25,4468.0,4474.5,4477.5,4486.5,4497.5,,,4535.5,,,,4575.5,,4482.72998046875,0.0006286999999999999,0.0017064,0.003326,0.005971300000000001,0.01420676455450479,,0.15616438356164383,0.4054794520547945,0.6547945205479452,0.9041095890410958,1.1534246575342466,1.4027397260273973,1.652054794520548,1.9013698630136986,2.1506849315068495,,,2.9178082191780823,,,,3.915068493150685,,,0.0011,0.0027,0.0042,0.0055,0.0067,0.008,0.0096,0.0116,0.0141,,,0.0271,,,,0.0616,,,,4473.5640684212885,1.185931578711461,4461.863370652292,5.38662934770764,4453.45347447443,10.79652552557036,4447.581041283173,18.668958716826637,4444.083869574754,23.916130425245683,4443.870612549414,30.629387450586364,4448.743087380049,28.756912619951436,4460.566642779783,25.93335722021675,4481.700787988278,15.799212011722375,,,,,4654.582507592616,-119.08250759261591,,,,,,,5396.658654436108,-821.158654436108,,
2022-01-21,,,,,4390.0,4382.0,4379.75,4380.25,4382.0,4388.5,4391.5,4400.5,4411.5,,,4449.5,,,,4489.5,,4397.93994140625,0.0006112,0.0017114,0.0033795,0.006115000000000001,0.01450923961851247,,0.15342465753424658,0.40273972602739727,0.6520547945205479,0.9013698630136986,1.1506849315068493,1.4,1.6493150684931508,1.8986301369863015,2.147945205479452,,,2.915068493150685,,,,3.9123287671232876,,,0.0011,0.0027,0.0043,0.0056,0.0069,0.0082,0.0099,0.0119,0.0145,,,0.0278,,,,0.0632,,,,4388.901325194413,1.0986748055865974,4377.072781424123,4.927218575877305,4368.760159583905,10.989840416094921,4362.763627421539,17.48637257846076,4359.60038691208,22.399613087920443,4359.264282976659,29.23571702334084,4364.63317428025,26.866825719749613,4376.206508565037,24.29349143496256,4397.852659901828,13.647340098172208,,,,,4571.675248919818,-122.17524891981793,,,,,,,5320.836344897972,-831.3363448979717,,
2022-01-24,,,,,4403.75,4395.75,4392.25,4391.25,4393.0,4399.5,4402.5,4411.5,4422.5,,,4460.5,,,,4500.5,,4410.1298828125,0.0005883,0.0016712,0.003308,0.00596,0.01461904240465478,,0.14520547945205478,0.39452054794520547,0.6438356164383562,0.8931506849315068,1.1424657534246576,1.3917808219178083,1.641095890410959,1.8904109589041096,2.1397260273972605,,,2.9068493150684933,,,,3.904109589041096,,,0.001,0.0026,0.0041,0.0054,0.0067,0.008,0.0095,0.0115,0.0141,,,0.0275,,,,0.0633,,,,4401.417205962892,2.332794037108215,4389.267609914969,6.482390085030602,4380.363039828172,11.886960171827923,4373.9659906081615,17.28400939183848,4370.4103493964085,22.589650603591508,4369.689197093815,29.810802906185017,4373.236275313831,29.263724686168644,4384.203068607177,27.296931392823353,4405.23467372452,17.26532627548022,,,,,4578.388790079127,-117.88879007912692,,,,,,,5333.245337739246,-832.7453377392458,,
2022-01-25,,,,,4349.0,4341.25,4337.75,4338.75,4340.5,4347.0,4350.0,4354.0,4365.0,,,4398.0,,,,4438.0,,4356.4501953125,0.000586,0.0016527,0.003267,0.0058052,0.01485621023962089,,0.14246575342465753,0.3917808219178082,0.6410958904109589,0.8904109589041096,1.1397260273972603,1.389041095890411,1.6383561643835616,1.8876712328767122,2.136986301369863,,,2.904109589041096,,,,3.9013698630136986,,,0.001,0.0026,0.0041,0.0053,0.0065,0.0077,0.0092,0.0112,0.0139,,,0.0281,,,,0.067,,,,4347.8588908314505,1.1411091685495194,4335.581761350079,5.668238649920568,4326.512491088358,11.23750891164218,4319.538621743765,19.21137825623464,4315.157222121022,25.342777878978268,4313.360420439159,33.63957956084141,4316.265943039388,33.73405696061218,4326.4867020803995,27.513297919600518,4347.557278357279,17.442721642721153,,,,,4527.269358798518,-129.26935879851771,,,,,,,5339.274382262019,-901.2743822620187,,
2022-01-26,,,,,4341.5,4334.0,4331.5,4334.0,4335.75,4342.25,4345.25,4349.25,4360.25,,,4393.25,,,,4433.25,,4349.93017578125,0.0005803,0.0017239,0.0033708,0.0059331,0.01489321798635492,,0.13972602739726028,0.38904109589041097,0.6383561643835617,0.8876712328767123,1.1369863013698631,1.3863013698630138,1.6356164383561644,1.884931506849315,2.1342465753424658,,,2.9013698630136986,,,,3.8986301369863012,,,0.001,0.0027,0.0042,0.0054,0.0066,0.0078,0.0094,0.0114,0.014,,,0.0281,,,,0.0666,,,,4341.494090144375,0.0059098556248500245,4329.3444379442435,4.655562055756491,4320.338310513183,11.161689486816613,4313.427953845194,20.57204615480623,4309.106259305774,26.643740694225926,4307.365462490584,34.88453750941608,4311.0219862607,34.22801373929997,4321.382251852267,27.867748147733437,4341.64559672882,18.604403271179763,,,,,4519.844328930752,-126.59432893075245,,,,,,,5321.447815355875,-888.1978153558748,,
2022-01-27,,,,,4317.75,4310.5,4308.5,4308.75,4310.5,4317.0,4320.0,4324.0,4335.0,,,4368.0,,,,4408.0,,4326.509765625,0.0005603,0.0017939,0.0035599,0.0063207,0.01493301265392296,,0.136986301369863,0.3863013698630137,0.6356164383561644,0.8849315068493151,1.1342465753424658,1.3835616438356164,1.632876712328767,1.8821917808219177,2.1315068493150684,,,2.8986301369863012,,,,3.8958904109589043,,,0.001,0.0028,0.0044,0.0057,0.007,0.0084,0.01,0.0121,0.0149,,,0.0297,,,,0.07,,,,4318.259926655948,-0.5099266559482203,4306.278865056914,4.2211349430863265,4297.640719489736,10.859280510264398,4291.303678023793,17.4463219762074,4287.75448482737,22.745515172629894,4287.579405271886,29.420594728114338,4291.7997055086435,28.200294491356544,4303.5010327871205,20.498967212879506,4326.205334130186,8.794665869813798,,,,,4515.722484492664,-147.72248449266408,,,,,,,5361.780518397354,-953.7805183973542,,
2022-01-28,,,,,4423.25,4416.0,4414.0,4411.25,4418.0,4424.5,4432.5,4436.5,4447.5,,,4480.5,,,,4530.5,,4431.85009765625,0.0005059999999999999,0.0020424,0.0041953,0.007326399999999999,0.0145144625704436,,0.13424657534246576,0.3835616438356164,0.6328767123287671,0.8821917808219178,1.1315068493150684,1.3808219178082193,1.63013698630137,1.8794520547945206,2.128767123287671,,,2.8958904109589043,,,,3.893150684931507,,,0.001,0.0032,0.0052,0.0067,0.0081,0.0096,0.0116,0.0142,0.0179,,,0.0385,,,,0.0969,,,,4423.816813050104,-0.5668130501044288,4412.658455808042,3.341544191957837,4405.801608072426,8.198391927574448,4401.402638012923,9.84736198707742,4399.800142831532,18.199857168468043,4401.877385785803,22.6226142141968,4410.8444346597735,21.65556534022653,4429.231571343812,7.268428656188007,4463.905908075051,-16.40590807505123,,,,,4750.627022093373,-270.12702209337294,,,,,,,6107.737668609025,-1577.2376686090247,,
2022-01-31,,,,,4504.25,4497.25,4495.25,4499.0,4506.25,4512.75,4520.75,4527.75,4538.75,,,4568.75,,,,4618.75,,4515.5498046875,0.0004799,0.0020156,0.004244299999999999,0.0074773,0.01435897035189766,,0.12602739726027398,0.37534246575342467,0.6246575342465753,0.873972602739726,1.1232876712328768,1.3726027397260274,1.621917808219178,1.8712328767123287,2.1205479452054794,,,2.8876712328767122,,,,3.884931506849315,,,0.0009,0.0032,0.0052,0.0068,0.0082,0.0097,0.0118,0.0146,0.0185,,,0.0404,,,,0.1032,,,,4507.897025762455,-3.647025762455087,4496.676268707245,0.5737312927549283,4489.789113130402,5.4608868695977435,4485.816899906107,13.18310009389279,4484.417711638698,21.832288361301835,4486.765380463622,25.984619536377977,4496.847127047305,23.90287295269536,4517.586879057688,10.163120942312162,4555.376593652669,-16.626593652668817,,,,,4868.203045734847,-299.45304573484736,,,,,,,6376.811882631033,-1758.0618826310329,,
2022-02-01,,,,,4535.0,4528.0,4526.25,4530.0,4540.25,4546.75,4554.75,4561.75,4572.75,,,4602.75,,,,4652.75,,4546.5400390625,0.0004993,0.0020924,0.0043877,0.007703100000000001,0.01428243901069875,,0.1232876712328767,0.3726027397260274,0.6219178082191781,0.8712328767123287,1.1205479452054794,1.36986301369863,1.6191780821917807,1.8684931506849316,2.117808219178082,,,2.884931506849315,,,,3.882191780821918,,,0.0009,0.0033,0.0053,0.007,0.0084,0.01,0.0121,0.015,0.0189,,,0.0415,,,,0.1062,,,,4539.044934043464,-4.044934043464309,4527.973216724436,0.02678327556441218,4521.212336548941,5.037663451059416,4517.78492292248,12.215077077519709,4516.669824312151,23.580175687849078,4519.946501867693,26.80349813230714,4530.502023419022,24.247976580977593,4552.639936382934,9.110063617065862,4591.219253315504,-18.46925331550392,,,,,4917.928041122176,-315.1780411221762,,,,,,,6496.139728122744,-1843.3897281227437,,
2022-02-02,,,,,4577.25,4570.25,4568.5,4570.25,4576.25,4582.75,4590.75,4597.75,4613.75,,,4638.75,,,,4684.75,,4589.3798828125,0.0005013999999999999,0.0020722,0.004317,0.0075814,0.01413788044522991,,0.12054794520547946,0.3698630136986301,0.6191780821917808,0.8684931506849315,1.1178082191780823,1.367123287671233,1.6164383561643836,1.8657534246575342,2.115068493150685,,,2.882191780821918,,,,3.8794520547945206,,,0.0009,0.0032,0.0052,0.0068,0.0083,0.0098,0.0119,0.0146,0.0185,,,0.04,,,,0.1017,,,,4582.061994163514,-4.8119941635141,4570.850971314707,-0.6009713147068396,4564.051762848648,4.448237151352259,4560.225227282137,10.024772717863016,4559.5287888914145,16.72121110858552,4562.243489213209,20.506510786791296,4572.808270465132,17.94172953486759,4593.338557729916,4.4114422700840805,4631.918266878935,-18.168266878935356,,,,,4944.542789142022,-305.79278914202223,,,,,,,6445.859313700198,-1761.109313700198,,
2022-02-03,,,,,4469.0,4462.0,4460.25,4460.75,4466.75,4473.25,4481.25,4488.25,4504.25,,,4529.25,,,,4575.25,,4477.43994140625,0.0004950999999999999,0.0021977,0.0043047,0.0074126,0.01449520040242515,,0.1178082191780822,0.36712328767123287,0.6164383561643836,0.8657534246575342,1.115068493150685,1.3643835616438356,1.6136986301369862,1.8630136986301369,2.1123287671232878,,,2.8794520547945206,,,,3.8767123287671232,,,0.0009,0.0033,0.0051,0.0067,0.0081,0.0096,0.0114,0.0138,0.0169,,,0.0336,,,,0.0796,,,,4470.27449533637,-1.2744953363699096,4459.075344441056,2.9246555589443233,4451.58351768084,8.666482319160423,4447.324680512134,13.425319487865636,4445.624504133791,21.12549586620935,4447.635072286364,25.614927713635552,4455.1321366774355,26.117863322564517,4471.6446587828505,16.605341217149544,4500.241980660394,4.008019339606108,,,,,4730.650861536003,-201.4008615360026,,,,,,,5762.9184440349045,-1187.6684440349045,,
2022-02-04,,,,,4492.5,4486.0,4485.5,4490.75,4499.75,4506.25,4519.25,4526.25,4542.25,,,4577.25,,,,4633.25,,4500.52978515625,0.0004898,0.0022962,0.0044949,0.0076993,0.01426028092499134,,0.11506849315068493,0.3643835616438356,0.6136986301369863,0.863013698630137,1.1123287671232878,1.3616438356164384,1.610958904109589,1.8602739726027397,2.1095890410958904,,,2.8767123287671232,,,,3.873972602739726,,,0.0008,0.0034,0.0053,0.0069,0.0084,0.0099,0.0118,0.0143,0.0175,,,0.035,,,,0.0834,,,,4493.564515986655,-1.0645159866553513,4482.754996687173,3.245003312827066,4475.849686369395,9.650313630604614,4472.0329174601175,18.71708253988254,4471.288225925823,28.4617740741769,4473.888630866304,32.361369133695916,4482.727635742889,36.522364257110894,4500.862334213354,25.38766578664581,4531.393897191671,10.856102808328615,,,,,4777.213016108077,-199.96301610807677,,,,,,,5882.845052390589,-1249.5950523905894,,
2022-02-07,,,,,4475.75,4469.25,4468.5,4470.75,4477.75,4484.25,4497.25,4504.25,4520.25,,,4555.25,,,,4605.25,,4483.8701171875,0.0005409,0.0026402,0.0052196,0.0086407,0.01441353021983507,,0.10684931506849316,0.3561643835616438,0.6054794520547945,0.8547945205479452,1.104109589041096,1.3534246575342466,1.6027397260273972,1.8520547945205479,2.1013698630136988,,,2.8684931506849316,,,,3.8657534246575342,,,0.0008,0.0038,0.0061,0.0078,0.0093,0.0109,0.013,0.0161,0.0203,,,0.0452,,,,0.1177,,,,4477.352637248731,-1.6026372487312983,4466.952360303819,2.2976396961812497,4461.356497595195,7.143502404805076,4458.593375197663,12.15662480233732,4458.625974963547,19.124025036452622,4462.598592945783,21.65140705421709,4473.723313347351,23.526686652649005,4497.897086301218,6.3529136987817765,4539.678475400964,-19.42847540096409,,,,,4897.8548162319885,-342.6048162319885,,,,,,,6684.333890808119,-2079.0838908081187,,
2022-02-08,,,,,4512.5,4506.0,4505.5,4507.0,4513.75,4526.25,4539.25,4546.25,4562.25,,,4597.25,,,,4647.25,,4521.5400390625,0.0005853,0.002678,0.0052725,0.0086793,0.01430480763000642,,0.10410958904109589,0.35342465753424657,0.6027397260273972,0.852054794520548,1.1013698630136985,1.3506849315068492,1.6,1.8493150684931507,2.0986301369863014,,,2.8657534246575342,,,,3.863013698630137,,,0.0009,0.0038,0.0061,0.0078,0.0093,0.0109,0.013,0.0161,0.0205,,,0.046,,,,0.1211,,,,4515.234318947752,-2.7343189477523993,4504.7842306274115,1.215769372588511,4499.234579737779,6.265420262220687,4496.5489380101735,10.451061989826485,4496.685222536036,17.064777463963765,4500.794019818833,25.455980181167433,4512.1103017742,27.139698225800203,4536.5759375322805,9.674062467719523,4580.710283485262,-18.460283485262153,,,,,4951.463841904449,-354.2138419044486,,,,,,,6830.541434948815,-2183.2914349488146,,
2022-02-09,,,,,4577.75,4571.25,4570.5,4573.0,4580.75,4593.25,4606.25,4613.25,4629.25,,,4664.25,,,,4714.25,,4587.18017578125,0.0005677999999999999,0.0027365,0.005356,0.0088609,0.01396969748281686,,0.10136986301369863,0.3506849315068493,0.6,0.8493150684931506,1.0986301369863014,1.347945205479452,1.5972602739726027,1.8465753424657534,2.095890410958904,,,2.863013698630137,,,,3.8602739726027395,,,0.0008,0.0039,0.0062,0.0079,0.0095,0.0111,0.0133,0.0163,0.0205,,,0.0447,,,,0.1151,,,,4581.060328342377,-3.3103283423770336,4571.010074393473,0.2399256065273221,4565.845342620454,4.654657379545824,4563.593716958507,9.406283041493225,4564.7098399940905,16.040160005909456,4569.470343155541,23.77965684445917,4582.275978886744,23.97402111325573,4606.9617054592445,6.288294540755487,4650.395607796241,-21.145607796241165,,,,,5009.052480538137,-344.8024805381374,,,,,,,6777.824424711916,-2063.5744247119164,,
2022-02-10,,,,,4497.5,4492.25,4494.0,4496.75,4507.5,4520.25,4533.25,4548.25,4564.25,,,4599.25,,,,4654.25,,4504.080078125,0.0005704999999999999,0.0029972,0.005537100000000001,0.008974900000000001,0.01409331027806179,,0.09863013698630137,0.34794520547945207,0.5972602739726027,0.8465753424657534,1.095890410958904,1.3452054794520547,1.5945205479452054,1.8438356164383563,2.0931506849315067,,,2.8602739726027395,,,,3.8575342465753426,,,0.0008,0.0041,0.0063,0.008,0.0096,0.0112,0.0132,0.0159,0.0193,,,0.0382,,,,0.091,,,,4498.178553738793,-0.6785537387931981,4488.446027914794,3.8039720852057144,4483.163947245812,10.836052754188131,4480.905846105017,15.84415389498281,4481.9557135250225,25.544286474977525,4486.583832913751,33.666167086248606,4497.669026322107,35.58097367789287,4519.109263702088,29.140736297911644,4553.435742127754,10.814257872246344,,,,,4825.601581832899,-226.35158183289877,,,,,,,6059.661008998987,-1405.4110089989872,,
2022-02-11,,,,,4409.5,4403.75,4405.5,4408.5,4419.25,4432.0,4445.0,4460.0,4476.0,,,4511.0,,,,4566.0,,4418.64013671875,0.0009919,0.0037486,0.0065962,0.0104738,0.01435968324281561,,0.0958904109589041,0.3452054794520548,0.5945205479452055,0.8438356164383561,1.093150684931507,1.3424657534246576,1.5917808219178082,1.841095890410959,2.0904109589041098,,,2.8575342465753426,,,,3.8547945205479452,,,0.0012,0.005,0.0074,0.0094,0.0111,0.013,0.0152,0.0181,0.0219,,,0.0423,,,,0.0988,,,,4413.06782680714,-3.5678268071396815,4404.3864881038935,-0.6364881038934982,4400.395013461186,5.104986538814046,4400.186075910803,8.313924089196917,4402.923105064122,16.326894935878045,4410.582024906886,21.417975093114364,4424.554464821631,20.445535178369028,4449.1731467165955,10.826853283404489,4488.8401421914,-12.840142191400446,,,,,4785.891884925629,-274.8918849256288,,,,,,,6118.592324466202,-1552.5923244662017,,
2022-02-14,,,,,4394.0,4388.5,4391.25,4395.0,4407.0,4417.0,4430.0,4440.0,4462.0,,,4499.0,,,,4549.0,,4401.669921875,0.0009452000000000001,0.0037579,0.0068838,0.0110207,0.0144712998422126,,0.08767123287671233,0.336986301369863,0.5863013698630137,0.8356164383561644,1.084931506849315,1.3342465753424657,1.5835616438356164,1.832876712328767,2.0821917808219177,,,2.8493150684931505,,,,3.8465753424657536,,,0.001,0.005,0.0077,0.0098,0.0116,0.0136,0.0161,0.0194,0.0241,,,0.0503,,,,0.1261,,,,4396.474418239545,-2.47441823954523,4387.643515391082,0.8564846089184357,4384.229835478328,7.020164521672086,4384.521867514775,10.478132485224705,4387.979334952432,19.0206650475684,4396.555826905559,20.444173094440885,4413.037128633505,16.962871366495165,4441.613433513486,-1.6134335134856883,4490.808700245058,-28.80870024505839,,,,,4874.76184946509,-375.76184946508965,,,,,,,6762.361762296689,-2213.3617622966894,,
2022-02-15,,,,,4464.5,4458.75,4459.75,4461.75,4473.75,4483.75,4496.75,4506.75,4528.75,,,4565.75,,,,4615.75,,4471.06982421875,0.0007092,0.0037989,0.0069945,0.0113048,0.01415604842004722,,0.08493150684931507,0.33424657534246577,0.5835616438356165,0.8328767123287671,1.082191780821918,1.3315068493150686,1.5808219178082192,1.83013698630137,2.0794520547945203,,,2.8465753424657536,,,,3.8438356164383563,,,0.0007,0.0051,0.0078,0.01,0.0119,0.014,0.0165,0.0197,0.024,,,0.0472,,,,0.112,,,,4465.9630144391485,-1.4630144391485373,4457.556567554066,1.193432445934377,4454.516691149058,5.233308850942194,4455.620078464594,6.129921535405629,4460.167124582538,13.582875417461764,4470.140923893423,13.60907610657705,4487.667523674683,9.082476325316748,4516.665069780745,-9.915069780745398,4563.535899517063,-34.78589951706272,,,,,4912.042347551367,-346.29234755136713,,,,,,,6512.502429966145,-1896.7524299661454,,
2022-02-16,,,,,4470.0,4464.0,4465.5,4465.75,4477.75,4487.75,4500.75,4510.75,4532.75,,,4569.75,,,,4619.75,,4475.009765625,0.0008029000000000001,0.0037696,0.006756499999999999,0.0110066,0.01403494180786289,,0.0821917808219178,0.3315068493150685,0.5808219178082191,0.8301369863013699,1.0794520547945206,1.3287671232876712,1.5780821917808219,1.8273972602739725,2.0767123287671234,,,2.8438356164383563,,,,3.841095890410959,,,0.0008,0.0049,0.0075,0.0097,0.0116,0.0137,0.016,0.0189,0.0225,,,0.0405,,,,0.0879,,,,4470.14448134089,-0.14448134088979714,4461.4786109579045,2.5213890420955067,4458.056445724327,7.4435542756727955,4458.934956209786,6.815043790214077,4463.263081083081,14.486918916919421,4473.018562423995,14.731437576005192,4488.908414228671,11.841585771328937,4514.971741287872,-4.221741287871737,4554.373703168957,-21.623703168957036,,,,,4824.80736221754,-255.05736221753978,,,,,,,5943.102512102777,-1323.352512102777,,
2022-02-17,,,,,4374.5,4367.75,4368.5,4368.75,4380.75,4390.75,4403.75,4413.75,4435.75,,,4472.75,,,,4522.75,,4380.259765625,0.0013254,0.0039223,0.0067701,0.0107961,0.01422319067843232,,0.07945205479452055,0.3287671232876712,0.5780821917808219,0.8273972602739726,1.0767123287671232,1.326027397260274,1.5753424657534247,1.8246575342465754,2.073972602739726,,,2.841095890410959,,,,3.8383561643835615,,,0.0013,0.0049,0.0075,0.0095,0.0114,0.0133,0.0156,0.0185,0.0223,,,0.0425,,,,0.0984,,,,4375.764536735427,-1.2645367354271002,4366.854130519663,0.8958694803368417,4363.268677036811,5.231322963189086,4363.175311835486,5.5746881645136455,4366.965025434102,13.784974565897755,4374.900836971308,15.849163028691692,4389.770623902884,13.979376097116074,4414.575774844037,-0.8257748440373689,4454.251846369913,-18.501846369913437,,,,,4746.678719853671,-273.9287198536713,,,,,,,6050.909581595888,-1528.159581595888,,
2022-02-18,,,,,4343.5,4336.5,4336.5,4336.75,4348.75,4358.75,4366.75,4376.75,4398.75,,,4430.75,,,,4480.75,,4348.8701171875,0.0013149,0.0037065,0.0064875,0.0103977,0.01420385775928573,,0.07671232876712329,0.32602739726027397,0.5753424657534246,0.8246575342465754,1.073972602739726,1.3232876712328767,1.5726027397260274,1.821917808219178,2.0712328767123287,,,2.8383561643835615,,,,3.835616438356164,,,0.0012,0.0047,0.0072,0.0092,0.0109,0.0128,0.015,0.018,0.0219,,,0.0436,,,,0.105,,,,4344.534037889343,-1.0340378893433808,4335.415919610773,1.0840803892269832,4331.3810978209885,5.118902179011457,4330.961614310178,5.788385689821553,4333.466570977437,15.283429022562814,4340.798687336404,17.951312663595672,4354.318379789541,12.431620210459187,4379.052283460712,-2.3022834607118057,4418.748764324488,-19.998764324487638,,,,,4727.293262311974,-296.5432623119741,,,,,,,6160.606582632379,-1679.8565826323793,,
2022-02-22,,,,,4300.0,4293.0,4293.5,4300.0,4313.75,4323.75,4331.75,4341.75,4363.75,,,4395.75,,,,4445.75,,4304.759765625,0.0014032,0.003669,0.006357199999999999,0.0101628,0.01570251204894544,,0.06575342465753424,0.3150684931506849,0.5643835616438356,0.8136986301369863,1.063013698630137,1.3123287671232877,1.5616438356164384,1.810958904109589,2.0602739726027397,,,2.8273972602739725,,,,3.824657534246575,,,0.0012,0.0045,0.0069,0.0089,0.0106,0.0124,0.0146,0.0174,0.0212,,,0.0422,,,,0.1018,,,,4300.656747086763,-0.6567470867630618,4289.592646177158,3.4073538228421967,4283.42678373529,10.073216264710027,4280.9979059607585,19.002094039241456,4281.473784719602,32.27621528039799,4286.143386817612,37.60661318238817,4297.354503429688,34.39549657031239,4318.01330627497,23.73669372502991,4353.794066239388,9.955933760612425,,,,,4639.65614860524,-243.90614860523965,,,,,,,5983.554196942294,-1537.8041969422939,,
2022-02-23,,,,,4222.0,4215.0,4215.25,4221.5,4234.25,4244.25,4252.25,4262.25,4284.25,,,4316.25,,,,4366.25,,4225.5,0.0015426,0.0038658,0.0066906,0.0106862,0.01604873203874801,,0.06301369863013699,0.31232876712328766,0.5616438356164384,0.810958904109589,1.0602739726027397,1.3095890410958904,1.558904109589041,1.8082191780821917,2.0575342465753423,,,2.824657534246575,,,,3.8219178082191783,,,0.0013,0.0046,0.0073,0.0093,0.0111,0.013,0.0153,0.0183,0.0224,,,0.0451,,,,0.1101,,,,4221.5747622412555,0.4252377587445153,4210.417572487084,4.582427512916183,4204.788208560132,10.461791439867739,4202.437241861188,19.06275813881166,4203.386816532212,30.863183467788076,4208.662961601818,35.5870383981819,4220.570867468719,31.67913253128063,4242.736164396565,19.513835603434927,4281.081002333813,3.1689976661873516,,,,,4586.868191299985,-270.6181912999846,,,,,,,6053.240889978489,-1686.9908899784887,,
2022-02-24,,,,,4284.0,4276.0,4275.5,4280.25,4289.0,4299.25,4307.25,4317.25,4339.25,,,4371.25,,,,4421.25,,4288.7001953125,0.0019041,0.0042617,0.0070483,0.0110483,0.01579145637363991,,0.06027397260273973,0.3095890410958904,0.5589041095890411,0.8082191780821918,1.0575342465753426,1.3068493150684932,1.5561643835616439,1.8054794520547945,2.0547945205479454,,,2.8219178082191783,,,,3.819178082191781,,,0.0016,0.005,0.0076,0.0096,0.0115,0.0134,0.0156,0.0185,0.0224,,,0.0433,,,,0.102,,,,4285.033314944926,-1.0333149449261327,4274.395913517214,1.6040864827864425,4269.110380044449,6.3896199555510975,4267.292915144172,12.957084855827816,4269.280620823458,19.719379176542134,4275.317758632993,23.93224136700701,4287.422620641725,19.82737935827481,4309.724246409721,7.525753590279237,4347.334512262779,-8.084512262778844,,,,,4634.881124781199,-263.6311247811991,,,,,,,5960.947724243059,-1539.6977242430594,,
2022-02-25,,,,,4380.0,4372.5,4372.5,4378.25,4387.0,4397.25,4405.25,4415.25,4437.25,,,4469.25,,,,4519.25,,4384.64990234375,0.0019497,0.0037661,0.006343,0.0101537,0.01536710431840019,,0.057534246575342465,0.30684931506849317,0.5561643835616439,0.8054794520547945,1.0547945205479452,1.3041095890410959,1.5534246575342465,1.8027397260273972,2.052054794520548,,,2.819178082191781,,,,3.8164383561643835,,,0.0017,0.0044,0.0069,0.0088,0.0105,0.0123,0.0145,0.0174,0.0213,,,0.0436,,,,0.1078,,,,4381.203490893838,-1.2034908938376248,4369.919266090479,2.580733909520859,4364.050679346714,8.449320653286122,4361.517796383748,16.732203616252264,4362.197690585586,24.802309414413685,4367.147031289451,30.10296871054925,4378.747837108096,26.502162891903936,4400.748167820884,14.501832179115809,4438.357652082044,-1.1076520820442965,,,,,4747.904408345136,-278.6544083451363,,,,,,,6239.338900006832,-1720.0889000068319,,
2022-02-28,,,,,4368.0,4360.0,4358.5,4360.0,4369.0,4377.0,4387.0,4396.0,4412.0,,,4434.0,,,,4484.0,,4373.93994140625,0.0022257,0.00411,0.0068487,0.010859,0.01541327846258852,,0.049315068493150684,0.29863013698630136,0.547945205479452,0.7972602739726027,1.0465753424657533,1.295890410958904,1.5452054794520549,1.7945205479452055,2.043835616438356,,,2.8109589041095893,,,,3.808219178082192,,,0.0018,0.0047,0.0073,0.0094,0.0112,0.013,0.0153,0.0184,0.0227,,,0.0472,,,,0.1185,,,,4371.004527057043,-3.004527057042651,4359.968722202341,0.03127779765873129,4354.538172403679,3.9618275963212,4353.020810604637,6.979189395363392,4354.695455434082,14.30454456591815,4360.282491648795,16.717508351204742,4373.174400516543,13.825599483457154,4397.446029301663,-1.4460293016627475,4439.567902042472,-27.56790204247227,,,,,4782.748394909125,-348.7483949091247,,,,,,,6476.893655702243,-1992.8936557022434,,
2022-03-01,,,,,4303.75,4295.25,4293.0,4295.5,4299.5,4307.5,4312.5,4316.5,4327.5,,,4344.5,,,,4384.5,,4306.259765625,0.0022096,0.0038252,0.0062249,0.0096421,0.01568124565555059,,0.04657534246575343,0.2958904109589041,0.5452054794520548,0.7945205479452054,1.0438356164383562,1.2931506849315069,1.5424657534246575,1.7917808219178082,2.041095890410959,,,2.808219178082192,,,,3.8054794520547945,,,0.0019,0.0043,0.0066,0.0084,0.0099,0.0115,0.0134,0.0162,0.0201,,,0.043,,,,0.1109,,,,4303.496609761042,0.25339023895776336,4291.782389674087,3.467610325912574,4284.991544054695,8.008455945305286,4281.419546167049,14.080453832951207,4280.351162041637,19.1488379583634,4283.038736655411,24.461263344588588,4291.1337707850935,21.366229214906525,4310.264269401489,6.2357305985105995,4345.274031160412,-17.77403116041205,,,,,4649.625940349884,-305.12594034988433,,,,,,,6186.82936560984,-1802.3293656098404,,
2022-03-02,,,,,4381.75,4374.0,4373.0,4377.0,4387.5,4395.5,4407.5,4416.5,4432.5,,,4459.5,,,,4499.5,,4386.5400390625,0.0021763,0.0037075,0.005707299999999999,0.0085577,0.01539653185854468,,0.043835616438356165,0.29315068493150687,0.5424657534246575,0.7917808219178082,1.0410958904109588,1.2904109589041095,1.5397260273972602,1.789041095890411,2.0383561643835617,,,2.8054794520547945,,,,3.802739726027397,,,0.0018,0.0041,0.006,0.0075,0.0088,0.0101,0.0117,0.0139,0.0168,,,0.0337,,,,0.0826,,,,4383.926385963714,-2.176385963713983,4372.0376604448475,1.962339555152539,4364.237432637935,8.762567362065056,4359.199536029848,17.800463970152123,4356.51814677368,30.9818532263198,4356.661563334937,38.838436665063455,4361.644320638943,45.8556793610569,4374.811413264905,41.68858673509476,4399.106878999281,33.393121000718565,,,,,4617.67242537096,-158.1724253709599,,,,,,,5663.817123574317,-1164.3171235743166,,
2022-03-03,,,,,4359.25,4351.5,4351.5,4357.0,4367.5,4375.5,4387.5,4396.5,4412.5,,,4439.5,,,,4479.5,,4363.490234375,0.0024419,0.004096199999999999,0.0065245,0.0098697,0.01537305061933023,,0.0410958904109589,0.29041095890410956,0.5397260273972603,0.7890410958904109,1.0383561643835617,1.2876712328767124,1.536986301369863,1.7863013698630137,2.0356164383561643,,,2.802739726027397,,,,3.8,,,0.002,0.0045,0.0069,0.0086,0.0101,0.0116,0.0135,0.0163,0.0203,,,0.0444,,,,0.1169,,,,4361.092817501398,-1.8428175013978034,4349.733576905229,1.7664230947711985,4343.581002358919,7.91899764108075,4340.233004351852,16.766995648147713,4339.664083395008,27.835916604992235,4342.341856486768,33.15814351323206,4350.946451314347,36.55354868565337,4370.7213342937575,25.778665706242464,4407.473526225409,5.026473774591068,,,,,4733.321773641211,-293.8217736412107,,,,,,,6417.79536245683,-1938.29536245683,,
2022-03-04,,,,,4327.25,4319.25,4319.25,4325.5,4336.0,4344.0,4356.0,4365.0,4381.0,,,4408.0,,,,4448.0,,4328.8701171875,0.0024395,0.0040935,0.0066806,0.0103147,0.01546132383414058,,0.038356164383561646,0.2876712328767123,0.536986301369863,0.7863013698630137,1.0356164383561643,1.284931506849315,1.5342465753424657,1.7835616438356163,2.032876712328767,,,2.8,,,,3.797260273972603,,,0.002,0.0045,0.007,0.009,0.0105,0.0122,0.0143,0.0173,0.0216,,,0.0476,,,,0.126,,,,4326.63559132746,0.6144086725398665,4315.241573291877,4.008426708122897,4309.246013977067,10.003986022932622,4306.932859545219,18.56714045478111,4306.6853009863935,29.314699013606514,4310.767606878023,33.23239312197711,4321.1639893173615,34.836010682638516,4343.089483148076,21.910516851923603,4383.229304551768,-2.2293045517681094,,,,,4736.4829106488805,-328.48291064888053,,,,,,,6586.688304828185,-2138.688304828185,,
2022-03-07,,,,,4198.5,4190.25,4190.25,4196.5,4201.0,4209.0,4221.0,4230.0,4246.0,,,4273.0,,,,4313.0,,4201.08984375,0.0025373,0.0040793,0.0064805,0.0099081,0.01608333623083034,,0.030136986301369864,0.27945205479452057,0.5287671232876713,0.7780821917808219,1.0273972602739727,1.2767123287671234,1.526027397260274,1.7753424657534247,2.0246575342465754,,,2.791780821917808,,,,3.789041095890411,,,0.0021,0.0044,0.0067,0.0086,0.0101,0.0116,0.0136,0.0163,0.0202,,,0.0434,,,,0.1132,,,,4199.319811886324,-0.8198118863238051,4187.395936758608,2.854063241392396,4180.297342307381,9.952657692619141,4176.699442516388,19.800557483611556,4175.343853306325,25.6561466936746,4177.111786706862,31.888213293137596,4185.1993579318905,35.80064206810948,4202.706113830978,27.29388616902179,4236.251561535939,9.74843846406111,,,,,4534.007091996969,-261.0070919969694,,,,,,,6069.783931763702,-1756.7839317637017,,
2022-03-08,,,,,4168.75,4160.5,4161.25,4166.75,4175.0,4185.0,4201.0,4210.0,4231.0,,,4258.0,,,,4303.0,,4170.7001953125,0.0026203,0.004294,0.00701,0.0105362,0.01623467220351522,,0.0273972602739726,0.27671232876712326,0.5260273972602739,0.7753424657534247,1.0246575342465754,1.273972602739726,1.5232876712328767,1.7726027397260273,2.021917808219178,,,2.789041095890411,,,,3.786301369863014,,,0.0021,0.0046,0.0073,0.0092,0.0107,0.0122,0.0143,0.0175,0.0224,,,0.0532,,,,0.1494,,,,4169.085398954288,-0.3353989542883937,4157.294395651884,3.2056043481161396,4151.144386015355,10.10561398464506,4148.013953068436,18.73604693156358,4147.114497856869,27.885502143130907,4149.31753952232,35.68246047768025,4158.426975791972,42.57302420802807,4180.065255500818,29.93474449918176,4223.016657121531,7.9833428784686475,,,,,4623.637590804147,-365.6375908041473,,,,,,,6905.29146932788,-2602.29146932788,,
2022-03-09,,,,,4275.25,4266.75,4267.5,4273.0,4285.0,4297.0,4310.0,4322.0,4344.0,,,4379.0,,,,4427.0,,4277.8798828125,0.0026859,0.0043733,0.007032,0.010819,0.0156928604413454,,0.024657534246575342,0.273972602739726,0.5232876712328767,0.7726027397260274,1.021917808219178,1.2712328767123289,1.5205479452054795,1.7698630136986302,2.0191780821917806,,,2.786301369863014,,,,3.7835616438356166,,,0.0021,0.0046,0.0073,0.0093,0.011,0.0127,0.0148,0.0178,0.0222,,,0.048,,,,0.126,,,,4276.44632137336,-1.1963213733597513,4264.898543644475,1.8514563555254426,4259.133142874594,8.366857125405659,4256.802922678974,16.197077321025972,4257.413493463869,27.58650653613131,4261.6350866344055,35.364913365594475,4272.076014998479,37.92398500152103,4293.863372654636,28.136627345364104,4334.458140332392,9.54185966760815,,,,,4680.827729603927,-301.82772960392685,,,,,,,6493.563104720288,-2066.563104720288,,
2022-03-10,,,,,4257.25,4248.0,4248.25,4254.0,4266.0,4278.0,4291.0,4303.0,4325.0,,,4360.0,,,,4408.0,,4259.52001953125,0.0029832,0.004647,0.0074516,0.0114372,0.01569500597820304,,0.021917808219178082,0.27123287671232876,0.5205479452054794,0.7698630136986301,1.0191780821917809,1.2684931506849315,1.5178082191780822,1.7671232876712328,2.0164383561643837,,,2.7835616438356166,,,,3.780821917808219,,,0.0024,0.0049,0.0077,0.0098,0.0116,0.0133,0.0156,0.0189,0.0236,,,0.0522,,,,0.1393,,,,4258.278987334909,-1.0289873349092886,4247.06655358135,0.9334464186504192,4241.829654819577,6.420345180423283,4240.2326388571655,13.767361142834488,4241.779786442934,24.220213557066018,4246.599027601235,31.40097239876468,4258.90583738816,32.09416261184015,4283.7127650696675,19.287234930332488,4327.960503148498,-2.960503148497992,,,,,4715.101220556133,-355.10122055613283,,,,,,,6797.024568789848,-2389.0245687898478,,
2022-03-11,,,,,4201.5,4192.5,4192.5,4199.75,4211.0,4223.0,4236.0,4248.0,4270.0,,,4305.0,,,,4353.0,,4204.31005859375,0.0030116,0.0047802,0.0077693,0.0119064,0.01587046281046391,,0.019178082191780823,0.2684931506849315,0.5178082191780822,0.7671232876712328,1.0164383561643835,1.2657534246575342,1.515068493150685,1.7643835616438357,2.0136986301369864,,,2.780821917808219,,,,3.778082191780822,,,0.0024,0.005,0.008,0.0102,0.012,0.0138,0.0162,0.0197,0.0248,,,0.0565,,,,0.1539,,,,4203.2240673252745,-1.7240673252745182,4192.057060636717,0.4429393632826759,4187.210720932573,5.289279067426833,4186.061264362513,13.688735637487298,4187.802430163682,23.197569836317598,4193.306267682522,29.693732317477952,4206.409674513671,29.590325486328766,4232.813813285901,15.186186714098767,4280.59320947813,-10.59320947813012,,,,,4707.202163574039,-402.20216357403933,,,,,,,7082.288854002751,-2729.2888540027507,,
2022-03-14,,,,,4172.0,4163.5,4164.0,4170.25,4181.5,4196.5,4216.0,4228.0,4255.0,,,4290.0,,,,4343.0,,4173.10986328125,0.0030427,0.0047982,0.0077517,0.0119451,0.01584444423090394,,0.010958904109589041,0.2602739726027397,0.5095890410958904,0.7589041095890411,1.0082191780821919,1.2575342465753425,1.5068493150684932,1.7561643835616438,2.0054794520547947,,,2.7726027397260276,,,,3.76986301369863,,,0.0023,0.0049,0.0079,0.0102,0.012,0.0139,0.0162,0.0196,0.0245,,,0.0542,,,,0.1452,,,,4172.490485098869,-0.49048509886870306,4161.239449363985,2.2605506360150684,4156.249589750588,7.750410249412198,4155.272195496694,14.977804503306288,4156.966019822777,24.533980177223384,4162.918218707044,33.58178129295629,4175.346285091629,40.6537149083706,4200.724043391019,27.275956608980778,4246.1813267245225,8.818673275477522,,,,,4641.354526457393,-351.35452645739315,,,,,,,6795.864420701994,-2452.8644207019943,,
2022-03-15,,,,,4262.0,4253.75,4254.25,4259.0,4270.5,4285.5,4305.0,4317.0,4344.0,,,4379.0,,,,4442.0,,4262.4501953125,0.0032857,0.0051508,0.008299299999999999,0.012577,0.01553395727080025,,0.00821917808219178,0.25753424657534246,0.5068493150684932,0.7561643835616438,1.0054794520547945,1.2547945205479452,1.5041095890410958,1.7534246575342465,2.0027397260273974,,,2.76986301369863,,,,3.767123287671233,,,0.0025,0.0052,0.0084,0.0108,0.0126,0.0145,0.0169,0.0205,0.0259,,,0.0596,,,,0.1645,,,,4261.993590233246,0.006409766753677104,4251.121414037598,2.6285859624022123,4247.065682357468,7.184317642531823,4247.219392710213,11.78060728978744,4249.894352568641,20.605647431359102,4256.923661577804,28.576338422196386,4271.21716138035,33.78283861964974,4299.727892696529,17.272107303470875,4351.8656740202005,-7.8656740202004585,,,,,4815.794611931318,-436.7946119313183,,,,,,,7470.91593529378,-3028.9159352937804,,
2022-03-16,,,,,4358.0,4349.5,4350.25,4357.5,4373.5,4388.5,4403.5,4421.5,4447.5,,,4492.5,,,,4554.5,,4357.85986328125,0.0033498,0.0053975,0.008251399999999999,0.0125014,0.01518621823219004,,0.005479452054794521,0.2547945205479452,0.5041095890410959,0.7534246575342466,1.0027397260273974,1.252054794520548,1.5013698630136987,1.7506849315068493,2.0,,,2.767123287671233,,,,3.7643835616438355,,,0.0024,0.0055,0.0083,0.0106,0.0125,0.0145,0.0168,0.0198,0.0238,,,0.0464,,,,0.1121,,,,4357.5545559094635,0.4454440905365118,4347.1179464408815,2.3820535591185035,4342.758178112208,7.491821887791957,4342.827831049251,14.672168950749437,4346.137423723404,27.362576276595973,4354.1172729361,34.38272706390035,4368.431250666142,35.06874933385825,4393.202052027796,28.297947972204383,4433.585582907888,13.914417092111762,,,,,4750.992113473929,-258.49211347392884,,,,,,,6276.432380572825,-1721.9323805728254,,
2022-03-17,,,,,4410.25,4402.0,4403.0,4409.5,4425.5,4440.5,4455.5,4473.5,4499.5,,,4544.5,,,,4606.5,,4411.669921875,0.0032979,0.005495,0.0086801,0.0133186,0.01498015806804395,,0.0027397260273972603,0.25205479452054796,0.5013698630136987,0.7506849315068493,1.0,1.2493150684931507,1.4986301369863013,1.747945205479452,1.9972602739726026,,,2.7643835616438355,,,,3.7616438356164386,,,0.0022,0.0055,0.0087,0.0112,0.0133,0.0154,0.0179,0.0213,0.026,,,0.0533,,,,0.1342,,,,4411.515453787667,-1.2654537876669565,4401.140736334487,0.8592636655130264,4397.800822395226,5.199177604774377,4399.168638049753,10.331361950246901,4404.2638424964625,21.23615750353747,4413.98451523728,26.515484762720007,4431.016641854392,24.48335814560778,4460.674653881712,12.825346118287598,4509.844966344909,-10.344966344909153,,,,,4904.651428645481,-360.15142864548125,,,,,,,6908.2466757957545,-2301.7466757957545,,
2022-03-18,,,,,4409.3501,4453.5,4454.75,4462.0,4478.0,4493.0,4508.0,4526.0,4552.0,4565.0,,4597.0,,,,4659.0,,4463.1201171875,0.0030658,0.005160400000000001,0.008459,0.0134162,0.01485347076376684,,0.0,0.2493150684931507,0.4986301369863014,0.7479452054794521,0.9972602739726028,1.2465753424657535,1.4958904109589042,1.7452054794520548,1.9945205479452055,2.263013698630137,,2.7616438356164386,,,,3.758904109589041,,,0.002,0.0052,0.0084,0.0111,0.0134,0.0156,0.0183,0.0219,0.0269,0.0342,,0.0553,,,,0.1396,,,,4463.1201171875,-53.77001718750034,4452.391393183369,1.1086068166314362,4448.7813479290335,5.968652070966527,4450.607967803466,11.392032196534274,4456.655561506639,21.34443849336094,4467.275451996523,25.72454800347714,4486.189731413864,21.810268586135862,4518.344839003065,7.655160996934683,4571.654385622175,-19.65438562217514,4662.862640033886,-97.86264003388624,,,4990.554408119982,-393.5544081199823,,,,,,,7133.188580419436,-2474.188580419436,,
2022-03-21,,,,,,4452.25,4454.0,4463.0,4479.0,4499.0,4514.0,4532.0,4558.0,4576.0,,4618.0,,,,4680.0,,4461.18017578125,0.0030597,0.0053141,0.0086686,0.0137245,0.01501461603614278,,,0.2410958904109589,0.4904109589041096,0.7397260273972602,0.989041095890411,1.2383561643835617,1.4876712328767123,1.736986301369863,1.9863013698630136,2.254794520547945,,2.7534246575342465,,,,3.750684931506849,,,,0.0052,0.0085,0.0113,0.0136,0.0159,0.0186,0.0222,0.027,0.034,,0.0542,,,,0.134,,,,,,4450.636327234949,1.6136727650509783,4446.950166335182,7.049833664817925,4448.938579506494,14.061420493506375,4454.9428432266,24.057156773399583,4466.074188483632,32.92581151636841,4485.039116111427,28.960883888573335,4517.208695978901,14.791304021098767,4568.6599257049875,-10.659925704987472,4656.301596277608,-80.30159627760804,,,4969.440939965413,-351.44093996541324,,,,,,,6970.521419847415,-2290.521419847415,,
2022-03-22,,,,,,4505.0,4507.25,4517.5,4537.0,4557.0,4573.0,4597.0,4623.0,4641.0,,4688.0,,,,4755.0,,4511.60986328125,0.003121,0.005621399999999999,0.0092879,0.014697,0.01489936224594983,,,0.23835616438356164,0.4876712328767123,0.736986301369863,0.9863013698630136,1.2356164383561643,1.484931506849315,1.7342465753424658,1.9835616438356165,2.252054794520548,,2.750684931506849,,,,3.747945205479452,,,,0.0054,0.0091,0.0121,0.0146,0.017,0.0199,0.0238,0.029,0.0369,,0.0596,,,,0.1499,,,,,,4501.406090103791,3.59390989620897,4498.868235175043,8.381764824956917,4502.311593633434,15.188406366565687,4510.277955707266,26.7220442927337,4523.335329694414,33.66467030558579,4545.2359866706265,27.764013329373483,4581.790884573763,15.209115426237076,4639.578530592657,-16.578530592657444,4740.775290471108,-99.77529047110784,,,5101.891813059279,-413.89181305927923,,,,,,,7482.9644999442635,-2727.9644999442635,,
2022-03-23,,,,,,4447.5,4449.75,4459.5,4477.0,4497.0,4513.0,4537.0,4563.0,4571.0,,4618.0,,,,4685.0,,4456.240234375,0.0031668,0.0060743,0.0099369,0.0157676,0.01505975375369934,,,0.2356164383561644,0.4849315068493151,0.7342465753424657,0.9835616438356164,1.2328767123287672,1.4821917808219178,1.7315068493150685,1.9808219178082191,2.249315068493151,,2.747945205479452,,,,3.745205479452055,,,,0.0058,0.0097,0.0129,0.0156,0.0183,0.0214,0.0252,0.0303,0.0377,,0.0581,,,,0.1374,,,,,,4446.528429573033,0.9715704269674461,4444.672999172614,5.077000827385746,4449.179165337218,10.320834662781635,4458.608755852815,18.391244147184807,4474.077735552013,22.92226444798689,4498.3149658043385,14.685034195661501,4535.173403555057,1.8265964449428793,4592.817304139812,-29.817304139812222,4689.052145075083,-118.05214507508299,,,5015.723368797966,-397.72336879796603,,,,,,,7046.244461078781,-2361.2444610787807,,
2022-03-24,,,,,,4512.5,4515.0,4525.75,4545.25,4565.0,4586.0,4605.0,4631.0,4639.0,,4686.0,,,,4763.0,,4520.16015625,0.0030994,0.0061603,0.0099663,0.0155717,0.01478544815288232,,,0.2328767123287671,0.4821917808219178,0.7315068493150685,0.9808219178082191,1.2301369863013698,1.4794520547945205,1.7287671232876711,1.978082191780822,2.2465753424657535,,2.745205479452055,,,,3.7424657534246575,,,,0.0059,0.0097,0.0128,0.0154,0.018,0.0209,0.0246,0.0295,0.0366,,0.0562,,,,0.1323,,,,,,4510.816647975682,1.6833520243180828,4509.089573414774,5.91042658522565,4513.599981163382,12.150018836618074,4522.8855760635015,22.364423936498497,4538.069789435551,26.930210564449226,4561.235876297939,24.764123702060715,4597.508381626426,7.491618373574056,4653.660056814986,-22.660056814986092,4747.202324929145,-108.2023249291451,,,5064.416256805209,-378.41625680520883,,,,,,,7017.040948256757,-2254.0409482567566,,
2022-03-25,,,,,,4536.5,4540.0,4552.25,4573.25,4595.0,4619.0,4638.0,4669.0,4677.0,,4734.0,,,,4831.0,,4543.06005859375,0.0030404,0.0062403,0.010126,0.0158563,0.01475036729583119,,,0.23013698630136986,0.4794520547945205,0.7287671232876712,0.9780821917808219,1.2273972602739727,1.4767123287671233,1.726027397260274,1.9753424657534246,2.243835616438356,,2.7424657534246575,,,,3.73972602739726,,,,0.0059,0.0098,0.0129,0.0156,0.0183,0.0213,0.025,0.0299,0.0369,,0.0562,,,,0.1305,,,,,,4533.816185286452,2.68381471354769,4532.290056291835,7.709943708165156,4536.93793057277,15.312069427230199,4546.8369588431415,26.413041156858526,4562.8964860062515,32.10351399374849,4587.213366824389,31.786633175611314,4624.14714823337,13.85285176663001,4681.069079068235,-12.069079068234714,4774.555790663286,-97.55579066328573,,,5089.9856174114575,-355.9856174114575,,,,,,,7003.9391101584,-2172.9391101583997,,
2022-03-28,,,,,,4568.0,4571.5,4584.25,4607.0,4631.75,4656.0,4675.0,4706.25,4714.5,,4772.0,,,,4869.75,,4575.52001953125,0.0030654,0.0064113,0.0104957,0.0166318,0.01480186633483099,,,0.2219178082191781,0.4712328767123288,0.7205479452054795,0.9698630136986301,1.2191780821917808,1.4684931506849315,1.7178082191780821,1.9671232876712328,2.2356164383561645,,2.734246575342466,,,,3.7315068493150685,,,,0.0059,0.0101,0.0134,0.0163,0.0191,0.0223,0.0262,0.0312,0.0383,,0.0577,,,,0.1315,,,,,,4566.490081224273,1.5099187757268737,4565.393381599621,6.106618400379375,4570.900565754147,13.349434245853445,4582.1730110613935,24.82698893860652,4599.559546263065,32.190453736934614,4626.179269579422,29.820730420578002,4665.990629904264,9.009370095735903,4725.519530028552,-19.269530028552253,4822.310507608238,-107.81050760823837,,,5144.943732097119,-372.9437320971192,,,,,,,7072.261085222893,-2202.5110852228927,,
2022-03-29,,,,,,4625.5,4629.0,4641.5,4665.0,4690.25,4714.75,4734.0,4765.75,4774.0,,4832.25,,,,4930.5,,4631.60009765625,0.0031258,0.0065112,0.0106645,0.0171251,0.0146927723392965,,,0.2191780821917808,0.4684931506849315,0.7178082191780822,0.9671232876712329,1.2164383561643837,1.4657534246575343,1.715068493150685,1.9643835616438357,2.232876712328767,,2.7315068493150685,,,,3.728767123287671,,,,0.0059,0.0102,0.0137,0.0167,0.0198,0.0231,0.027,0.032,0.0387,,0.0567,,,,0.1236,,,,,,4622.682752223049,2.8172477769512625,4621.86160515633,7.13839484366963,4628.300701871026,13.199298128974078,4640.599861858397,24.400138141602838,4660.464072072864,29.785927927136072,4689.028061258447,25.72193874155255,4730.401772553016,3.5982274469843105,4791.772742593827,-26.022742593827388,4886.652855116685,-112.6528551166848,,,5194.734061070967,-362.4840610709671,,,,,,,6951.740722120552,-2021.2407221205522,,
2022-03-30,,,,,,4596.0,4599.5,4611.5,4633.25,4657.25,4681.75,4700.75,4731.25,4739.5,,4797.25,,,,4894.75,,4602.4501953125,0.0030552,0.006509,0.0107681,0.0171399,0.01469328887840525,,,0.21643835616438356,0.4657534246575342,0.7150684931506849,0.9643835616438357,1.2136986301369863,1.463013698630137,1.7123287671232876,1.9616438356164383,2.23013698630137,,2.728767123287671,,,,3.7260273972602738,,,,0.0058,0.0102,0.0137,0.0167,0.0197,0.023,0.027,0.0323,0.0398,,0.0603,,,,0.1394,,,,,,4593.599695128606,2.400304871393928,4592.828421653785,6.671578346215028,4599.182375592048,12.31762440795228,4611.365661429639,21.88433857036125,4630.5027673879085,26.747232612091466,4658.72425205342,23.02574794657994,4700.467389394963,0.2826106050370072,4764.187027286114,-32.937027286114244,4867.498830116486,-127.9988301164858,,,5212.392204668459,-415.14220466845927,,,,,,,7324.679759464171,-2429.929759464171,,
2022-03-31,,,,,,4530.75,4533.75,4546.0,4566.25,4587.0,4611.25,4636.75,4660.0,4668.0,,4725.0,,,,4820.0,,4530.41015625,0.003024,0.006751200000000001,0.0107915,0.0170976,0.01488716880880773,,,0.2136986301369863,0.46301369863013697,0.7123287671232876,0.9616438356164384,1.210958904109589,1.4602739726027398,1.7095890410958905,1.9589041095890412,2.2273972602739724,,2.7260273972602738,,,,3.723287671232877,,,,0.006,0.0103,0.0136,0.0166,0.0197,0.0229,0.0265,0.0307,0.0362,,0.05,,,,0.0977,,,,,,4521.814276043615,8.935723956385118,4520.798129677086,12.951870322914147,4526.25818413011,19.74181586989016,4537.878495830764,28.371504169235777,4556.891116880513,30.108883119486563,4583.731509404064,27.518490595935873,4621.251919143786,15.498080856214074,4672.939409812939,-12.93940981293872,4750.665053070939,-82.6650530709394,,,4985.486629657949,-260.4866296579494,,,,,,,6166.605170461447,-1346.6051704614474,,
2022-04-01,,,,,,4539.25,4542.5,4554.75,4576.0,4600.25,4623.75,4651.25,4674.5,4682.5,,4739.5,,,,4835.0,,4545.85986328125,0.0029328,0.006734299999999999,0.0107229,0.0168443,0.01490222715412489,,,0.21095890410958903,0.4602739726027397,0.7095890410958904,0.958904109589041,1.2082191780821918,1.4575342465753425,1.7068493150684931,1.9561643835616438,2.2246575342465755,,2.723287671232877,,,,3.7205479452054795,,,,0.0059,0.0102,0.0134,0.0164,0.0193,0.0224,0.0259,0.03,0.0354,,0.0488,,,,0.0953,,,,,,4537.235013247057,2.0149867529426047,4536.031840012574,6.468159987425679,4541.0167224205525,13.733277579447531,4552.393411260673,23.60658873932698,4570.078454610028,30.17154538997238,4595.810645417627,27.9393545823732,4631.998607411717,19.251392588283124,4682.118245495541,-7.618245495540577,4757.95247491788,-75.45247491787995,,,4985.482980344504,-245.98298034450363,,,,,,,6130.894537630865,-1295.8945376308648,,
2022-04-04,,,,,,4577.75,4581.0,4593.5,4615.0,4639.25,4662.75,4690.25,4713.5,4721.5,,4778.5,,,,4874.0,,4582.64013671875,0.0031046,0.006975400000000001,0.0111941,0.0177093,0.01495174884582153,,,0.20273972602739726,0.4520547945205479,0.7013698630136986,0.9506849315068493,1.2,1.4493150684931506,1.6986301369863013,1.9479452054794522,2.2164383561643834,,2.7150684931506848,,,,3.712328767123288,,,,0.0059,0.0105,0.0139,0.0171,0.0202,0.0235,0.0273,0.0317,0.0376,,0.0526,,,,0.1055,,,,,,4574.238020808653,3.5119791913466543,4573.427147397757,7.572852602243074,4579.260930253605,14.239069746395216,4592.008872177273,22.99112782272732,4611.592225387291,27.657774612708636,4639.768117512684,22.981882487316398,4679.7766884968205,10.473311503179502,4734.612834909239,-21.1128349092387,4818.553280170927,-97.05328017092688,,,5075.844229021883,-297.3442290218827,,,,,,,6413.596298931463,-1539.596298931463,,
2022-04-05,,,,,,4520.25,4523.75,4536.5,4558.5,4585.25,4611.75,4639.25,4669.5,4677.5,,4739.5,,,,4840.0,,4525.1201171875,0.0035848,0.0071284,0.0112635,0.017701,0.01495385589006304,,,0.2,0.44931506849315067,0.6986301369863014,0.947945205479452,1.1972602739726028,1.4465753424657535,1.6958904109589041,1.9452054794520548,2.213698630136986,,2.712328767123288,,,,3.7095890410958905,,,,0.0061,0.0105,0.014,0.0171,0.0201,0.0234,0.0272,0.0318,0.038,,0.0542,,,,0.1132,,,,,,4517.114255273657,3.1357447263426366,4516.073571580174,7.676428419826152,4522.105615742493,14.394384257507227,4534.335514667757,24.164485332243203,4553.086688072593,32.16331192740745,4580.747094268935,31.002905731064857,4620.081013833226,19.16898616677372,4675.86107929531,-6.3610792953104465,4761.969483372285,-84.46948337228514,,,5033.38423342397,-293.8842334239698,,,,,,,6514.933097663349,-1674.9330976633491,,
2022-04-06,,,,,,4475.75,4479.25,4492.0,4513.5,4540.25,4566.75,4594.25,4624.5,4632.5,,4694.5,,,,4795.0,,4481.14990234375,0.0036501,0.007344699999999999,0.0117301,0.0183068,0.01514063712339622,,,0.19726027397260273,0.4465753424657534,0.6958904109589041,0.9452054794520548,1.1945205479452055,1.4438356164383561,1.6931506849315068,1.9424657534246574,2.210958904109589,,2.7095890410958905,,,,3.706849315068493,,,,0.0062,0.0109,0.0145,0.0176,0.0207,0.024,0.0281,0.0332,0.0404,,0.06,,,,0.1346,,,,,,4473.253765599597,2.4962344004034094,4472.6716924872035,6.578307512796528,4479.152591673694,12.847408326306322,4491.578915008443,21.92108499155711,4511.0072306210495,29.24276937895047,4538.838542960597,27.911457039403103,4580.562660658908,13.687339341092411,4641.137012600291,-16.6370126002912,4738.530665102709,-106.03066510270855,,,5060.322043137141,-365.822043137141,,,,,,,6977.547859891742,-2182.5478598917416,,
2022-04-07,,,,,,4496.25,4499.75,4512.25,4533.5,4560.25,4586.75,4609.25,4639.5,4647.5,,4704.5,,,,4795.0,,4500.2099609375,0.0039847,0.0076931,0.0119517,0.0185066,0.01496641763912264,,,0.19452054794520549,0.4438356164383562,0.6931506849315069,0.9424657534246575,1.1917808219178083,1.441095890410959,1.6904109589041096,1.9397260273972603,2.208219178082192,,2.706849315068493,,,,3.7041095890410958,,,,0.0065,0.0111,0.0146,0.0178,0.0209,0.0242,0.0281,0.0328,0.0392,,0.0559,,,,0.1172,,,,,,4492.80469976931,3.445300230690009,4492.493980692372,7.2560193076278665,4499.067130877827,13.182869122172633,4512.244077884902,21.255922115097746,4532.146114810972,28.103885189028006,4560.492085851483,26.257914148516647,4601.237114287993,8.012885712007119,4658.6062598858925,-19.10625988589254,4747.589972113946,-100.0899721139458,,,5027.511313828877,-323.01131382887706,,,,,,,6571.935898627276,-1776.9358986272764,,
2022-04-08,,,,,,4483.5,4487.25,4499.75,4521.25,4548.0,4574.5,4597.0,4637.25,4655.25,,4711.75,,,,4802.75,,4488.27978515625,0.0041411,0.007838699999999999,0.0120536,0.0183335,0.01503799482327804,,,0.1917808219178082,0.4410958904109589,0.6904109589041096,0.9397260273972603,1.189041095890411,1.4383561643835616,1.6876712328767123,1.936986301369863,2.2054794520547945,,2.7041095890410958,,,,3.7013698630136984,,,,0.0066,0.0112,0.0146,0.0176,0.0206,0.0237,0.0276,0.0323,0.039,,0.0569,,,,0.1245,,,,,,4481.0225198232,2.4774801767998724,4480.687897794772,6.562102205228257,4486.922750582168,12.827249417831808,4499.098709530836,22.15129046916445,4518.061181739169,29.938818260830885,4544.549285204123,29.950714795876593,4584.449539853261,12.55046014673917,4640.888219616312,-3.638219616312199,4731.854592272685,-76.6045922726853,,,5026.223749894364,-314.4737498943641,,,,,,,6730.361615629262,-1927.611615629262,,
2022-04-11,,,,,,4409.0,4412.5,4424.75,4445.5,4471.0,4499.5,4522.0,4552.25,4580.25,,4626.75,,,,4717.75,,4412.52978515625,0.004333500000000001,0.0080029,0.0123185,0.0187754,0.01543622696307035,,,0.18356164383561643,0.4328767123287671,0.6821917808219178,0.9315068493150684,1.180821917808219,1.4301369863013698,1.6794520547945206,1.9287671232876713,2.197260273972603,,2.695890410958904,,,,3.6931506849315068,,,,0.0066,0.0113,0.0149,0.018,0.0209,0.0242,0.0281,0.0331,0.04,,0.0589,,,,0.1309,,,,,,4405.378496850666,3.6215031493338756,4404.636323660675,7.8636763393251385,4410.915934481079,13.834065518921307,4423.080259033159,22.419740966841346,4441.090326682516,29.909673317483794,4468.181793957773,31.318206042226848,4507.381436129145,14.618563870854814,4565.451788785818,-13.20178878581828,4657.231510283498,-76.98151028349821,,,4961.071478846657,-334.32147884665665,,,,,,,6758.988744730496,-2041.2387447304964,,
2022-04-12,,,,,,4393.0,4396.0,4407.25,4426.0,4448.0,4473.0,4497.0,4523.0,4545.0,,4588.0,,,,4673.0,,4397.4501953125,0.0047276,0.0081355,0.0124325,0.0188744,0.01549913755851588,,,0.18082191780821918,0.4301369863013699,0.6794520547945205,0.9287671232876712,1.178082191780822,1.4273972602739726,1.6767123287671233,1.926027397260274,2.1945205479452055,,2.6931506849315068,,,,3.6904109589041094,,,,0.0068,0.0113,0.015,0.018,0.021,0.0242,0.0282,0.0334,0.0408,,0.0614,,,,0.1413,,,,,,4390.538466782224,2.4615332177763776,4389.514670280548,6.485329719452238,4395.959096738331,11.290903261668973,4407.676106982747,18.323893017252885,4426.040269418881,21.959730581119402,4452.405264775976,20.59473522402368,4492.1011953375755,4.898804662424482,4551.70743668545,-28.707436685450375,4648.516490480875,-103.51649048087529,,,4976.081883587978,-388.08188358797815,,,,,,,6995.602611345875,-2322.6026113458747,,
2022-04-13,,,,,,4442.25,4445.5,4456.75,4476.25,4498.0,4523.0,4547.0,4573.0,4595.0,,4638.0,,,,4723.0,,4446.58984375,0.0050897,0.0084635,0.0124888,0.0184361,0.01510540409560278,,,0.1780821917808219,0.4273972602739726,0.6767123287671233,0.9260273972602739,1.1753424657534246,1.4246575342465753,1.673972602739726,1.9232876712328768,2.191780821917808,,2.6904109589041094,,,,3.6876712328767125,,,,0.0071,0.0114,0.0148,0.0176,0.0204,0.0234,0.027,0.0317,0.0384,,0.0569,,,,0.1284,,,,,,4440.2552132091205,1.994786790879516,4439.553443480938,5.946556519062142,4445.670958796473,11.079041203526685,4456.873625073307,19.376374926692733,4474.347086203168,23.652913796831854,4499.446700179087,23.553299820912798,4536.014226693276,10.985773306723786,4590.797043708368,-17.79704370836771,4679.513369793022,-84.51336979302232,,,4975.779859461362,-337.7798594613623,,,,,,,6752.620807522864,-2029.6208075228642,,
2022-04-14,,,,,,4387.5,4390.75,4402.75,4422.75,4448.0,4473.0,4498.0,4529.0,4551.0,,4599.0,,,,4689.0,,4392.58984375,0.005218899999999999,0.0085121,0.0123982,0.0180359,0.01535221316092315,,,0.17534246575342466,0.4246575342465753,0.673972602739726,0.9232876712328767,1.1726027397260275,1.4219178082191781,1.6712328767123288,1.9205479452054794,2.1890410958904107,,2.6876712328767125,,,,3.684931506849315,,,,0.0071,0.0113,0.0146,0.0172,0.0198,0.0227,0.0262,0.0307,0.0373,,0.0556,,,,0.1271,,,,,,4386.238523171617,1.2614768283829108,4385.037562488871,5.712437511128883,4390.363492208087,12.386507791912663,4400.090168592687,22.659831407312595,4415.559185207278,32.44081479272245,4438.723982125403,34.27601787459662,4472.950118826683,25.049881173316862,4523.993652796236,5.006347203763653,4608.781945924007,-57.78194592400723,,,4894.400583551843,-295.40058355184283,,,,,,,6630.6440105676975,-1941.6440105676975,,
2022-04-18,,,,,,4386.75,4390.0,4402.0,4423.0,4448.25,4473.25,4498.25,4529.25,4551.25,,4599.25,,,,4689.25,,4391.68994140625,0.0053989,0.0087343,0.0127633,0.0186264,0.01560689989587675,,,0.1643835616438356,0.4136986301369863,0.663013698630137,0.9123287671232877,1.1616438356164382,1.4109589041095891,1.6602739726027398,1.9095890410958904,2.1780821917808217,,2.6767123287671235,,,,3.673972602739726,,,,0.0071,0.0115,0.0149,0.0177,0.0204,0.0233,0.0269,0.0317,0.0385,,0.0577,,,,0.1334,,,,,,4385.552918321168,1.197081678831637,4384.234712444692,5.765287555307623,4389.632107491358,12.367892508642399,4400.08430484929,22.915695150710235,4416.210523293184,32.03947670681555,4439.619850795242,33.6301492047578,4474.809341953307,23.440658046692988,4528.74705570282,0.5029442971799654,4616.224481269882,-64.97448126988184,,,4915.4594358693175,-316.20943586931753,,,,,,,6769.875711701788,-2080.6257117017876,,
2022-04-19,,,,,,4459.25,4463.0,4476.25,4499.0,4524.25,4552.25,4578.25,4609.25,4636.25,,4686.25,,,,4784.25,,4462.2099609375,0.005711000000000001,0.008872999999999999,0.0129596,0.0189465,0.01540905246230192,,,0.16164383561643836,0.410958904109589,0.6602739726027397,0.9095890410958904,1.158904109589041,1.4082191780821918,1.6575342465753424,1.906849315068493,2.175342465753425,,2.673972602739726,,,,3.671232876712329,,,,0.0072,0.0116,0.0151,0.018,0.0207,0.0237,0.0274,0.0324,0.0397,,0.0605,,,,0.1435,,,,,,4456.292790625744,2.9572093742563084,4455.2304421589615,7.769557841038477,4461.2994984070165,14.950501592983528,4472.738441284617,26.261558715383217,4489.654953779586,34.59504622041368,4514.613689214926,37.636310785073874,4551.785422021529,26.464577978471425,4609.149394776366,0.10060522363437485,4704.33902649271,-68.08902649271022,,,5034.006100606927,-347.75610060692725,,,,,,,7141.307251621489,-2357.057251621489,,
2022-04-20,,,,,,4455.5,4459.5,4473.0,4495.75,4521.0,4549.0,4575.0,4606.0,4633.0,,4683.0,,,,4781.0,,4459.4501953125,0.005804399999999999,0.0090486,0.0133433,0.0194615,0.0154599149701911,,,0.1589041095890411,0.40821917808219177,0.6575342465753424,0.9068493150684932,1.1561643835616437,1.4054794520547946,1.6547945205479453,1.904109589041096,2.1726027397260275,,2.671232876712329,,,,3.6684931506849314,,,,0.0073,0.0119,0.0155,0.0185,0.0212,0.0242,0.0282,0.0336,0.0417,,0.0653,,,,0.1616,,,,,,4453.671623057602,1.828376942397881,4452.974314888142,6.525685111858365,4459.567735838401,13.43226416159905,4471.761411809839,23.988588190160954,4489.143676827934,31.856323172066368,4514.567966275874,34.432033724126086,4554.463343415225,20.5366565847753,4616.173862536532,-10.173862536532397,4721.066674689663,-88.06667468966316,,,5094.492007331755,-411.4920073317553,,,,,,,7622.76667730533,-2841.7666773053297,,
2022-04-21,,,,,,4390.5,4394.75,4408.75,4432.5,4458.0,4486.0,4515.0,4546.0,4575.0,,4625.0,,,,4723.0,,4393.66015625,0.0062361,0.009491300000000001,0.0138627,0.0201343,0.01562720396872123,,,0.15616438356164383,0.4054794520547945,0.6547945205479452,0.9041095890410958,1.1534246575342466,1.4027397260273973,1.652054794520548,1.9013698630136986,2.16986301369863,,2.6684931506849314,,,,3.665753424657534,,,,0.0077,0.0123,0.0161,0.0191,0.0218,0.025,0.029,0.0345,0.0428,,0.0667,,,,0.1646,,,,,,4388.22440346793,2.275596532070267,4387.736609574231,7.013390425769103,4395.020574808158,13.729425191841983,4407.476998158865,25.02300184113483,4425.054007351158,32.94599264884164,4451.807625275582,34.19237472441819,4491.807671103708,23.192328896291656,4554.185926543485,-8.185926543485039,4660.505288999801,-85.50528899980145,,,5035.183823720437,-410.18382372043743,,,,,,,7585.66411645404,-2862.6641164540397,,
2022-04-22,,,,,,4267.25,4272.25,4286.75,4310.0,4336.0,4364.0,4393.0,4424.0,4453.0,,4503.0,,,,4601.0,,4271.77978515625,0.0064601,0.0098439,0.0144991,0.0210252,0.01609992988894234,,,0.15342465753424658,0.40273972602739727,0.6520547945205479,0.9013698630136986,1.1506849315068493,1.4,1.6493150684931508,1.8986301369863015,2.1671232876712327,,2.665753424657534,,,,3.663013698630137,,,,0.0079,0.0128,0.0168,0.0199,0.0227,0.026,0.0303,0.0363,0.0455,,0.0727,,,,0.1853,,,,,,4266.408960180996,0.8410398190044361,4266.106305787925,6.143694212075388,4273.730229728613,13.019770271386733,4286.436866533303,23.563133466696854,4304.345755390499,31.654244609500893,4331.399283912198,32.60071608780163,4373.007298926999,19.992701073000717,4438.79531328913,-14.795313289129808,4552.80774068083,-99.80774068082974,,,4967.478576218761,-464.4785762187612,,,,,,,7939.20168328037,-3338.20168328037,,
2022-04-25,,,,,,4292.75,4297.25,4311.75,4334.25,4360.0,4383.0,4407.0,4438.0,4467.0,,4512.0,,,,4595.0,,4296.1201171875,0.0066877,0.0102528,0.015307,0.0219656,0.01618325328517942,,,0.14520547945205478,0.39452054794520547,0.6438356164383562,0.8931506849315068,1.1424657534246576,1.3917808219178083,1.641095890410959,1.8904109589041096,2.158904109589041,,2.6575342465753424,,,,3.654794520547945,,,,0.008,0.0133,0.0176,0.0208,0.0236,0.0268,0.0315,0.0383,0.049,,0.0821,,,,0.2232,,,,,,4291.018270381932,1.7317296180681296,4291.236047448831,6.013952551168586,4300.0406194960615,11.709380503938519,4313.87152917415,20.378470825849945,4332.6774349785155,27.32256502148448,4360.071697139143,22.928302860857002,4405.477121497734,1.5228785022663942,4479.547592092998,-41.54759209299755,4611.53386101853,-144.53386101852993,,,5118.637697152432,-606.6376971524323,,,,,,,9155.144746119533,-4560.144746119533,,
2022-04-26,,,,,,4170.5,4174.75,4188.25,4209.25,4230.0,4253.0,4277.0,4303.0,4327.0,,4372.0,,,,4450.0,,4175.2001953125,0.006882,0.0100592,0.0149229,0.021078,0.0167009147181608,,,0.14246575342465753,0.3917808219178082,0.6410958904109589,0.8904109589041096,1.1397260273972603,1.389041095890411,1.6383561643835616,1.8876712328767122,2.1561643835616437,,2.654794520547945,,,,3.652054794520548,,,,0.008,0.0129,0.0171,0.02,0.0225,0.0255,0.03,0.0369,0.0481,,0.0834,,,,0.2371,,,,,,4170.027897162902,0.4721028370977365,4168.987425211351,5.762574788648635,4176.26856502417,11.98143497582987,4187.483051816412,21.766948183588283,4202.8870271231135,27.112972876886488,4226.543836649057,26.456163350942916,4267.170437080825,9.82956291917526,4337.471351211757,-34.47135121175688,4467.656049980378,-140.65604998037816,,,4984.0094335890435,-612.0094335890435,,,,,,,9337.810885834891,-4887.810885834891,,
2022-04-27,,,,,,4180.25,4184.25,4198.0,4218.25,4245.0,4277.0,4301.0,4327.0,4351.0,,4401.0,,,,4479.0,,4183.9599609375,0.0070036,0.0102546,0.0150849,0.0209964,0.01669423190140338,,,0.13972602739726028,0.38904109589041097,0.6383561643835617,0.8876712328767123,1.1369863013698631,1.3863013698630138,1.6356164383561644,1.884931506849315,2.1534246575342464,,2.652054794520548,,,,3.649315068493151,,,,0.0081,0.013,0.0172,0.0199,0.0223,0.0252,0.0295,0.0364,0.0477,,0.0833,,,,0.2396,,,,,,4178.938718771454,1.3112812285462496,4177.951059150598,6.298940849402243,4185.311013106933,12.688986893066613,4195.883078987883,22.366921012117018,4210.712354343734,34.28764565626625,4233.587384650931,43.4126153490688,4272.5185681179555,28.48143188204449,4342.291396407863,-15.29139640786343,4472.854264205629,-121.85426420562908,,,4992.317864301364,-591.3178643013644,,,,,,,9437.692724705434,-4958.692724705434,,
2022-04-28,,,,,,4283.5,4288.25,4302.25,4324.75,4346.5,4374.0,4398.0,4424.0,4451.0,,4501.0,,,,4579.0,,4287.5,0.0074163,0.0107403,0.015189,0.0210769,0.0162691585402634,,,0.136986301369863,0.3863013698630137,0.6356164383561644,0.8849315068493151,1.1342465753424658,1.3835616438356164,1.632876712328767,1.8821917808219177,2.1506849315068495,,2.649315068493151,,,,3.6465753424657534,,,,0.0085,0.0133,0.0171,0.0199,0.0224,0.0253,0.0292,0.035,0.0439,,0.0712,,,,0.1871,,,,,,4282.939376986669,0.560623013330769,4282.585099535634,5.664900464365928,4289.764811665539,12.485188334460872,4301.298089820672,23.45191017932757,4317.4186909418895,29.08130905811049,4341.407213710033,32.59278628996708,4378.99078030203,19.009219697970366,4441.352061019302,-17.3520610193018,4550.008253259353,-99.0082532593533,,,4959.142875754372,-458.14287575437174,,,,,,,7993.680937070527,-3414.680937070527,,
2022-04-29,,,,,,4127.5,4132.25,4146.5,4169.0,4191.5,4219.0,4248.0,4279.0,4306.0,,4356.0,,,,4434.0,,4131.93017578125,0.007663,0.0111156,0.0156532,0.021815,0.01680816822516758,,,0.13424657534246576,0.3835616438356164,0.6328767123287671,0.8821917808219178,1.1315068493150684,1.3808219178082193,1.63013698630137,1.8794520547945206,2.147945205479452,,2.6465753424657534,,,,3.643835616438356,,,,0.0087,0.0137,0.0176,0.0206,0.0232,0.0262,0.0302,0.0359,0.0447,,0.0709,,,,0.1809,,,,,,4127.435042240939,0.06495775906114432,4127.007130732327,5.242869267673086,4134.001336680173,12.498663319826846,4145.775133359329,23.22486664067128,4161.922280240269,29.577719759730826,4185.863856107913,33.13614389208669,4223.124145550165,24.87585444983506,4282.884945316788,-3.8849453167877073,4387.040171311535,-81.04017131153523,,,4767.884764308098,-411.88476430809806,,,,,,,7513.251391500446,-3079.2513915004456,,
2022-05-02,,,,,,4151.0,4155.25,4168.75,4191.0,4213.5,4240.0,4262.0,4291.0,4318.0,,4368.0,,,,4446.0,,4155.3798828125,0.0079459,0.0115355,0.0162458,0.0226516,0.01692209430815372,,,0.12602739726027398,0.37534246575342467,0.6246575342465753,0.873972602739726,1.1232876712328768,1.3726027397260274,1.621917808219178,1.8712328767123287,2.1397260273972605,,2.638356164383562,,,,3.6356164383561644,,,,0.0089,0.014,0.0181,0.0213,0.024,0.0271,0.0312,0.0371,0.046,,0.0729,,,,0.1857,,,,,,4151.180901466811,-0.18090146681061015,4150.824818410584,4.425181589415843,4158.438485176801,10.311514823199104,4171.3095264555395,19.690473544460474,4188.549012401735,24.950987598264874,4213.838850688603,26.161149311396912,4252.731326212802,9.268673787198168,4315.276548493489,-24.276548493488917,4422.134966792686,-104.1349667926861,,,4816.72147420149,-448.7214742014903,,,,,,,7675.362935481105,-3229.3629354811046,,
2022-05-03,,,,,,4169.25,4173.75,4187.75,4210.0,4233.5,4260.0,4282.0,4311.0,4338.0,,4388.0,,,,4466.0,,4175.47998046875,0.0081083,0.0115555,0.0161738,0.0224238,0.01690931508190425,,,0.1232876712328767,0.3726027397260274,0.6219178082191781,0.8712328767123287,1.1205479452054794,1.36986301369863,1.6191780821917807,1.8684931506849316,2.136986301369863,,2.6356164383561644,,,,3.632876712328767,,,,0.0089,0.0139,0.018,0.021,0.0237,0.0267,0.0308,0.0365,0.0455,,0.0724,,,,0.1865,,,,,,4171.35893857371,-2.1089385737095654,4170.800726132276,2.949273867723605,4178.3132377214,9.436762278600327,4190.38768650317,19.61231349683021,4207.373600289806,26.126399710194164,4231.8583136094685,28.141686390531504,4270.45683929308,11.54316070692039,4331.155552523891,-20.155552523890947,4438.547658947256,-100.54765894725642,,,4833.068075987882,-445.06807598788237,,,,,,,7731.720149942806,-3265.7201499428056,,
2022-05-04,,,,,,4295.25,4299.5,4312.5,4335.0,4358.5,4385.0,4407.0,4436.0,4463.0,,4513.0,,,,4601.0,,4300.169921875,0.0080766,0.011807,0.0163356,0.0228002,0.01648016168261578,,,0.12054794520547946,0.3698630136986301,0.6191780821917808,0.8684931506849315,1.1178082191780823,1.367123287671233,1.6164383561643836,1.8657534246575342,2.1342465753424658,,2.632876712328767,,,,3.6301369863013697,,,,0.0089,0.0141,0.0181,0.0213,0.0242,0.0273,0.0312,0.0364,0.0439,,0.0655,,,,0.1529,,,,,,4296.242337803047,-0.9923378030471213,4296.3860028632635,3.1139971367365433,4304.485019939122,8.01498006087786,4318.208146033965,16.791853966034978,4337.437939853072,21.06206014692816,4364.251040191397,20.748959808603104,4403.713885933722,3.28611406627806,4462.994910156787,-26.994910156787228,4559.327956293098,-96.3279562930984,,,4892.570007741977,-379.57000774197695,,,,,,,7055.992384255633,-2454.9923842556327,,
2022-05-05,,,,,,4143.25,4147.0,4160.0,4181.5,4206.5,4233.0,4245.0,4274.0,4301.0,,4341.0,,,,4429.0,,4146.8701171875,0.007980000000000001,0.0120078,0.0166689,0.0232411,0.01697233233470849,,,0.1178082191780822,0.36712328767123287,0.6164383561643836,0.8657534246575342,1.115068493150685,1.3643835616438356,1.6136986301369862,1.8630136986301369,2.1315068493150684,,2.6301369863013697,,,,3.627397260273973,,,,0.0088,0.0144,0.0184,0.0216,0.0246,0.0278,0.0317,0.0369,0.0444,,0.0658,,,,0.1521,,,,,,4142.8795649709655,0.37043502903452463,4142.95581460536,4.044185394640408,4150.521255867125,9.478744132875363,4163.517542966839,17.982457033161154,4182.291210966617,24.208789033383255,4208.586961865143,24.413038134856833,4246.605161494065,-1.6051614940652144,4303.718338466465,-29.718338466464957,4396.532326361801,-95.5323263618011,,,4715.13390632504,-374.1339063250398,,,,,,,6770.0982037723525,-2341.0982037723525,,
2022-05-06,,,,,,4119.5,4123.0,4135.75,4156.5,4181.5,4208.0,4225.0,4259.0,4291.0,,4326.0,,,,4414.0,,4123.33984375,0.0078986,0.0118769,0.016304,0.0227488,0.0169045258339226,,,0.11506849315068493,0.3643835616438356,0.6136986301369863,0.863013698630137,1.1123287671232878,1.3616438356164384,1.610958904109589,1.8602739726027397,2.128767123287671,,2.627397260273973,,,,3.6246575342465754,,,,0.0087,0.0141,0.0179,0.0211,0.0241,0.0272,0.0309,0.0356,0.0421,,0.06,,,,0.1292,,,,,,4119.4489080433505,0.051091956649543135,4119.1282597887,3.871740211299766,4125.859648817917,9.890351182082668,4138.296494225173,18.203505774827136,4156.474377645759,25.025622354241023,4181.551063741739,26.4489362582608,4217.361140857701,7.638859142299225,4269.267131967778,-10.267131967778369,4350.534772346656,-59.5347723466557,,,4617.679967423712,-291.6799674237118,,,,,,,6194.712546728845,-1780.7125467288452,,
2022-05-09,,,,,,3987.5,3990.0,4001.5,4019.5,4038.5,4060.0,4082.0,4111.0,4139.0,,4183.0,,,,4277.0,,3991.239990234375,0.0078778,0.0119942,0.0165089,0.0227184,0.01757157058338192,,,0.10684931506849316,0.3561643835616438,0.6054794520547945,0.8547945205479452,1.104109589041096,1.3534246575342466,1.6027397260273972,1.8520547945205479,2.1205479452054794,,2.6191780821917807,,,,3.6164383561643834,,,,0.0085,0.0141,0.018,0.0211,0.0239,0.0269,0.0306,0.0354,0.0424,,0.0625,,,,0.1436,,,,,,3987.3731911499094,0.1268088500905833,3986.308072022351,3.691927977648902,3992.27547297489,9.224527025110092,4003.296069775088,16.2039302249118,4019.225557639433,19.27444236056681,4041.9501403107074,18.04985968929259,4075.458022393364,6.54197760663601,4125.227564003004,-14.227564003003863,4207.008529658729,-68.00852965872855,,,4489.6624228694,-306.66242286939996,,,,,,,6295.757558995831,-2018.7575589958305,,
2022-05-10,,,,,,3996.75,3999.75,4011.25,4030.0,4048.5,4070.0,4092.0,4121.0,4149.0,,4193.0,,,,4287.0,,4001.050048828125,0.0078694,0.0119738,0.0162251,0.022106,0.01760293753674427,,,0.10410958904109589,0.35342465753424657,0.6027397260273972,0.852054794520548,1.1013698630136985,1.3506849315068492,1.6,1.8493150684931507,2.117808219178082,,2.6164383561643834,,,,3.6136986301369864,,,,0.0084,0.014,0.0176,0.0205,0.0232,0.026,0.0294,0.0338,0.0399,,0.057,,,,0.1242,,,,,,3997.218422442551,-0.46842244255094556,3995.958486272232,3.7915137277677786,4001.0429646948414,10.20703530515857,4010.9386644597203,19.061335540279742,4025.7904424008784,22.70955759912158,4046.6874166159464,23.312583384053596,4077.2883151703527,14.71168482964731,4122.708336228809,-1.7083362288085482,4194.515090666283,-45.51509066628296,,,4435.484365986435,-242.48436598643457,,,,,,,5881.233374465862,-1594.2333744658617,,
2022-05-11,,,,,,3930.25,3933.25,3945.0,3963.25,3981.0,4003.0,4025.0,4054.0,4082.0,,4126.0,,,,4220.0,,3935.179931640625,0.0078385,0.0121571,0.0161765,0.0218871,0.01790032507373361,,,0.10136986301369863,0.3506849315068493,0.6,0.8493150684931506,1.0986301369863014,1.347945205479452,1.5972602739726027,1.8465753424657534,2.115068493150685,,2.6136986301369864,,,,3.610958904109589,,,,0.0083,0.0141,0.0174,0.0202,0.023,0.0258,0.0289,0.0325,0.0373,,0.0494,,,,0.0928,,,,,,3931.3521417934235,-1.1021417934234705,3929.9389446292357,3.3110553707642794,3933.9987874226435,11.001212577356455,3942.8734335173463,20.376566482653743,3957.289270994286,23.7107290057138,3977.306914931959,25.693085068041,4004.929392660394,20.070607339605885,4042.7130212637,11.28697873630017,4100.005224570077,-18.00522457007719,,,4272.876543377156,-146.87654337715594,,,,,,,5157.315823329383,-937.3158233293834,,
2022-05-12,,,,,,3927.25,3929.75,3940.5,3958.25,3976.0,3998.0,4015.0,4039.0,4067.0,,4106.0,,,,4200.0,,3930.080078125,0.007816499999999999,0.0125226,0.016877,0.0228159,0.01739157141582546,,,0.09863013698630137,0.34794520547945207,0.5972602739726027,0.8465753424657534,1.095890410958904,1.3452054794520547,1.5945205479452054,1.8438356164383563,2.1123287671232878,,2.610958904109589,,,,3.6082191780821917,,,,0.0083,0.0146,0.0181,0.0211,0.0239,0.0268,0.0301,0.0341,0.0396,,0.0541,,,,0.1088,,,,,,3926.5575433571107,0.6924566428892831,3926.2645900749844,3.485409925015574,3931.7433107164884,8.756689283511605,3942.437812009624,15.81218799037606,3958.2116758675907,17.788324132409343,3980.1363259909385,17.86367400906147,4010.531003175904,4.468996824095939,4053.040732282626,-14.040732282625868,4118.838904545176,-51.838904545175865,,,4325.3973121889785,-219.3973121889785,,,,,,,5465.641219909867,-1265.6412199098668,,
2022-05-13,,,,,,4019.75,4022.75,4035.0,4054.0,4071.0,4093.0,4110.0,4134.0,4162.0,,4201.0,,,,4295.0,,4023.889892578125,0.0079597,0.0123907,0.0164661,0.0220138,0.01687975982050479,,,0.0958904109589041,0.3452054794520548,0.5945205479452055,0.8438356164383561,1.093150684931507,1.3424657534246576,1.5917808219178082,1.841095890410959,2.1095890410958904,,2.6082191780821917,,,,3.6054794520547944,,,,0.0083,0.0143,0.0176,0.0204,0.023,0.0257,0.0288,0.0325,0.0376,,0.051,,,,0.1016,,,,,,4020.5807326214144,-0.8307326214144268,4020.3080237461327,2.441976253867324,4025.613281466272,9.386718533728072,4035.8606445492605,18.13935545073946,4050.9013604337115,20.09863956628851,4071.8194550791636,21.180544920836383,4100.969788225275,9.030211774725103,4141.290398560468,-7.29039856046802,4203.679702465675,-41.67970246567529,,,4398.405700821689,-197.4057008216887,,,,,,,5461.405394436426,-1166.405394436426,,
2022-05-16,,,,,,4004.75,4007.75,4019.75,4039.0,4061.0,4083.0,4100.0,4124.0,4147.0,,4186.0,,,,4265.0,,4008.010009765625,0.0086276,0.012678,0.0168574,0.0224904,0.01709245922456103,,,0.08767123287671233,0.336986301369863,0.5863013698630137,0.8356164383561644,1.084931506849315,1.3342465753424657,1.5835616438356164,1.832876712328767,2.1013698630136988,,2.6,,,,3.5972602739726027,,,,0.0087,0.0144,0.018,0.0208,0.0234,0.026,0.0293,0.0335,0.0396,,0.057,,,,0.127,,,,,,4005.062091832814,-0.31209183281407604,4004.375103870026,3.3748961299738767,4010.143208909526,9.606791090473962,4020.446408047955,18.553591952044826,4035.53188526392,25.468114736080224,4055.9288207101313,27.071179289868724,4086.244179170521,13.755820829479035,4130.373590457767,-6.373590457767023,4202.129955915579,-55.12995591557865,,,4446.220756939055,-260.2207569390548,,,,,,,5951.604764234279,-1686.6047642342792,,
2022-05-17,,,,,,4084.75,4088.25,4101.0,4121.75,4144.0,4166.0,4188.0,4212.0,4240.0,,4279.0,,,,4368.0,,4088.85009765625,0.0086444,0.0127408,0.0169412,0.0224107,0.01673004715159123,,,0.08493150684931507,0.33424657534246577,0.5835616438356165,0.8328767123287671,1.082191780821918,1.3315068493150686,1.5808219178082192,1.83013698630137,2.0986301369863014,,2.5972602739726027,,,,3.5945205479452054,,,,0.0087,0.0144,0.018,0.0208,0.0232,0.0258,0.029,0.0333,0.0396,,0.0581,,,,0.1341,,,,,,4086.062436221395,-1.3124362213948189,4085.6668988783845,2.5831011216155275,4091.8814502977643,9.118549702235669,4102.733872849835,19.01612715016472,4117.5795818846045,26.420418115395478,4138.529308152646,27.47069184735392,4168.934098227914,19.065901772086363,4214.744886090097,-2.74488609009677,4289.882542037005,-49.882542037004896,,,4552.662906192527,-273.66290619252686,,,,,,,6234.837324116114,-1866.8373241161144,,
2022-05-18,,,,,,3922.75,3925.5,3937.5,3957.0,3979.0,4001.0,4023.0,4047.0,4075.0,,4114.0,,,,4193.0,,3923.679931640625,0.0087161,0.013111,0.0173173,0.023165,0.01709240702666592,,,0.0821917808219178,0.3315068493150685,0.5808219178082191,0.8301369863013699,1.0794520547945206,1.3287671232876712,1.5780821917808219,1.8273972602739725,2.095890410958904,,2.5945205479452054,,,,3.591780821917808,,,,0.0087,0.0148,0.0184,0.0213,0.024,0.0269,0.0301,0.034,0.0393,,0.0534,,,,0.1068,,,,,,3920.9743619472747,1.7756380527252986,3920.699269167675,4.800730832324916,3926.6610147026195,10.838985297380532,3937.408831845329,19.591168154670868,3953.0458654639456,25.954134536054426,3975.1479940378654,25.852005962134626,4005.0538348709492,17.94616512905077,4046.8016804092504,0.1983195907496338,4110.623222590728,-35.62322259072789,,,4311.262426174287,-197.2624261742867,,,,,,,5415.363375398289,-1222.3633753982886,,
2022-05-19,,,,,,3897.75,3900.25,3911.75,3930.75,3958.0,3978.0,3997.0,4021.0,4044.0,,4083.0,,,,4157.0,,3900.7900390625,0.0090767,0.013302,0.0175737,0.0234193,0.01710948520949185,,,0.07945205479452055,0.3287671232876712,0.5780821917808219,0.8273972602739726,1.0767123287671232,1.326027397260274,1.5753424657534247,1.8246575342465754,2.0931506849315067,,2.591780821917808,,,,3.589041095890411,,,,0.009,0.0149,0.0186,0.0216,0.0242,0.027,0.0303,0.0345,0.0404,,0.0569,,,,0.1221,,,,,,3898.2775100190433,-0.5275100190433477,3897.9575103054813,2.2924896945187356,3904.1525644492676,7.597435550732371,3915.310146568913,15.439853431087158,3930.68437299279,27.31562700720997,3952.2862159364713,25.713784063528692,3982.694836755892,14.305163244107916,4026.5536668473396,-5.553666847339628,4095.667319956922,-51.6673199569218,,,4324.5470209881305,-241.5470209881305,,,,,,,5685.928162232491,-1528.9281622324906,,
2022-05-20,,,,,,3899.5,3901.75,3913.0,3931.75,3954.0,3969.0,3988.0,4012.0,4035.0,,4074.0,,,,4148.0,,3901.360107421875,0.0092242,0.0133048,0.0174448,0.0229899,0.01716715161688818,,,0.07671232876712329,0.32602739726027397,0.5753424657534246,0.8246575342465754,1.073972602739726,1.3232876712328767,1.5726027397260274,1.821917808219178,2.0904109589041098,,2.589041095890411,,,,3.5863013698630137,,,,0.0091,0.0148,0.0184,0.0212,0.0237,0.0264,0.0295,0.0336,0.0395,,0.0563,,,,0.124,,,,,,3898.9464976781323,0.5535023218676542,3898.350369797532,3.3996302024679608,3904.1283629310374,8.871637068962627,3914.3565333409915,17.39346665900848,3928.828689260105,25.171310739895034,3949.3181835979303,19.68181640206967,3977.7642251789835,10.235774821016548,4019.930190527692,-7.930190527692048,4087.8128390186826,-52.81283901868255,,,4317.350010303389,-243.35001030338935,,,,,,,5722.810485458219,-1574.8104854582189,,
2022-05-23,,,,,,3971.75,3974.25,3985.75,4005.5,4028.0,4043.0,4052.0,4072.0,4095.0,,4134.0,,,,4208.0,,3973.75,0.0096397,0.0134169,0.0174622,0.0230441,0.01688711213230545,,,0.0684931506849315,0.3178082191780822,0.5671232876712329,0.8164383561643835,1.0657534246575342,1.3150684931506849,1.5643835616438355,1.8136986301369864,2.0821917808219177,,2.580821917808219,,,,3.578082191780822,,,,0.0093,0.0147,0.0183,0.0212,0.0237,0.0264,0.0295,0.0336,0.0394,,0.056,,,,0.1229,,,,,,3971.685516820223,0.06448317977719853,3970.988876775406,3.26112322459403,3976.935368826523,8.81463117347721,3987.767060641797,17.73293935820311,4002.7078389346793,25.29216106532067,4023.7742581580583,19.225741841941726,4052.9362875101233,-0.936287510123293,4096.047052402357,-24.047052402356712,4164.459033724714,-69.45903372471366,,,4395.817987296805,-261.81798729680486,,,,,,,5806.819829189694,-1598.8198291896942,,
2022-05-24,,,,,,3940.5,3942.75,3953.0,3971.0,3991.0,4009.0,4026.0,4046.0,4069.0,,4104.0,,,,4178.0,,3941.47998046875,0.0097179,0.0135809,0.0177211,0.0232805,0.01707061761222333,,,0.06575342465753424,0.3150684931506849,0.5643835616438356,0.8136986301369863,1.063013698630137,1.3123287671232877,1.5616438356164384,1.810958904109589,2.0794520547945203,,2.578082191780822,,,,3.5753424657534247,,,,0.0093,0.0148,0.0186,0.0214,0.0239,0.0265,0.0297,0.0339,0.0401,,0.058,,,,0.1317,,,,,,3939.4666164875443,1.0333835124556572,3938.661253795225,4.088746204774907,3944.8835702529445,8.116429747055463,3955.3895615225347,15.610438477465323,3970.198166191944,20.801833808056017,3990.556648618581,18.44335138141878,4019.987847003216,6.0121529967841525,4063.4550214243404,-17.45502142434043,4134.824061108115,-65.82406110811462,,,4380.117691329155,-276.1176913291547,,,,,,,5938.137790940164,-1760.1377909401645,,
2022-05-25,,,,,,3976.75,3979.25,3989.5,4007.75,4028.0,4046.0,4063.0,4083.0,4106.0,,4141.0,,,,4215.0,,3978.72998046875,0.009753,0.013708,0.0174843,0.0227121,0.01695972672234013,,,0.06301369863013699,0.31232876712328766,0.5616438356164384,0.810958904109589,1.0602739726027397,1.3095890410958904,1.558904109589041,1.8082191780821917,2.0767123287671234,,2.5753424657534247,,,,3.5726027397260274,,,,0.0092,0.0149,0.0182,0.0209,0.0233,0.0258,0.0287,0.0321,0.0368,,0.0494,,,,0.097,,,,,,3976.7849800873983,-0.03498008739825309,3976.171239216999,3.078760783001144,3981.502496854234,7.997503145766132,3991.463947273064,16.28605272693585,4005.566804489186,22.43319551081413,4025.059900988541,20.940099011459097,4052.2189835421304,10.781016457869555,4089.1601247270005,-6.160124727000493,4146.08787165521,-40.08787165520971,,,4325.412369383105,-184.41236938310522,,,,,,,5295.803781294028,-1080.8037812940283,,
2022-05-26,,,,,,4055.75,4058.5,4069.0,4087.75,4108.0,4126.0,4143.0,4163.0,4186.0,,4221.0,,,,4295.0,,4057.840087890625,0.0103409,0.0139709,0.0175699,0.0226055,0.01663978841642713,,,0.06027397260273973,0.3095890410958904,0.5589041095890411,0.8082191780821918,1.0575342465753426,1.3068493150684932,1.5561643835616439,1.8054794520547945,2.073972602739726,,2.5726027397260274,,,,3.56986301369863,,,,0.0098,0.015,0.0182,0.0208,0.0231,0.0256,0.0283,0.0317,0.0363,,0.0488,,,,0.0968,,,,,,4056.1675425734425,-0.4175425734424607,4055.7806054707553,2.7193945292447097,4061.3801028495927,7.619897150407269,4071.506982048885,16.24301795111478,4085.657740699215,22.342259300784917,4105.635246430256,20.364753569743698,4132.142509806067,10.85749019393279,4169.690183608009,-6.690183608008738,4226.717022811387,-40.717022811387324,,,4407.846650883951,-186.84665088395104,,,,,,,5402.2298768884075,-1107.2298768884075,,
2022-05-27,,,,,,4155.75,4158.5,4169.5,4188.75,4209.0,4227.0,4244.0,4264.0,4287.0,,4322.0,,,,4396.0,,4158.240234375,0.0104505,0.013995,0.0175488,0.0224755,0.01600564635729904,,,0.057534246575342465,0.30684931506849317,0.5561643835616439,0.8054794520547945,1.0547945205479452,1.3041095890410959,1.5534246575342465,1.8027397260273972,2.0712328767123287,,2.56986301369863,,,,3.5671232876712327,,,,0.0099,0.015,0.0182,0.0207,0.023,0.0253,0.028,0.0314,0.0361,,0.0489,,,,0.0991,,,,,,4156.779768631885,-1.0297686318854176,4156.957274678958,1.5427253210418712,4163.318137458455,6.1818625415453425,4173.993158555212,14.756841444787824,4189.031535430093,19.968464569907155,4208.9483563613685,18.051643638631504,4236.444215131569,7.555784868431147,4275.2559718827615,-11.255971882761514,4334.958556992644,-47.958556992643935,,,4525.037873620253,-203.03787362025287,,,,,,,5592.910245963205,-1196.910245963205,,
2022-05-31,,,,,,4131.25,4134.5,4145.5,4165.5,4188.75,4209.0,4231.0,4251.0,4274.0,,4314.0,,,,4393.0,,4132.14990234375,0.0108077,0.014048,0.0176185,0.0225836,0.01626746660730699,,,0.04657534246575343,0.2958904109589041,0.5452054794520548,0.7945205479452054,1.0438356164383562,1.2931506849315069,1.5424657534246575,1.7917808219178082,2.0602739726027397,,2.558904109589041,,,,3.5561643835616437,,,,0.0101,0.0148,0.0181,0.0207,0.023,0.0253,0.0281,0.0316,0.0368,,0.0514,,,,0.1112,,,,,,4130.963105022773,0.28689497722734814,4130.356073914145,4.143926085855128,4136.280426331398,9.219573668601697,4146.727910131076,18.772089868924013,4161.291517977012,27.45848202298839,4180.69815677411,28.30184322588957,4208.259351648993,22.740648351006712,4247.24428151783,3.7557184821698684,4310.700729446168,-36.700729446168225,,,4520.843597645677,-206.8435976456767,,,,,,,5791.512727994881,-1398.512727994881,,
2022-06-01,,,,,,4099.0,4101.75,4113.25,4134.0,4158.0,4178.0,4200.0,4225.0,4253.0,,4288.0,,,,4367.0,,4101.22998046875,0.010879,0.0143288,0.0181233,0.0234247,0.01628630782898932,,,0.043835616438356165,0.29315068493150687,0.5424657534246575,0.7917808219178082,1.0410958904109588,1.2904109589041095,1.5397260273972602,1.789041095890411,2.0575342465753423,,2.5561643835616437,,,,3.5534246575342467,,,,0.01,0.0151,0.0186,0.0214,0.0238,0.0263,0.0292,0.033,0.0384,,0.0538,,,,0.1161,,,,,,4100.099984097503,-1.0999840975027837,4099.803956192929,1.9460438070709642,4106.380660789469,6.8693392105305975,4117.869209214833,16.130790785166937,4133.437552741803,24.5624472581967,4154.569039849561,23.430960150439205,4183.593105451685,16.406894548314995,4225.714699359457,-0.7146993594569722,4292.144978262312,-39.14497826231218,,,4513.974764034695,-225.974764034695,,,,,,,5847.225989066237,-1480.2259890662372,,
2022-06-02,,,,,,4175.25,4178.0,4189.75,4211.0,4232.0,4255.0,4277.0,4302.0,4325.0,,4365.0,,,,4444.0,,4176.81982421875,0.0112606,0.0146018,0.0185159,0.0240023,0.01576657721801098,,,0.0410958904109589,0.29041095890410956,0.5397260273972603,0.7890410958904109,1.0383561643835617,1.2876712328767124,1.536986301369863,1.7863013698630137,2.0547945205479454,,2.5534246575342467,,,,3.5506849315068494,,,,0.0104,0.0153,0.019,0.0219,0.0244,0.0269,0.03,0.034,0.0399,,0.0569,,,,0.1274,,,,,,4175.898752115219,-0.6487521152193949,4176.25390707748,1.7460929225198925,4184.115417411431,5.634582588569174,4197.082629899413,13.917370100586595,4214.431543094476,17.568456905523817,4237.130781124383,17.869218875616752,4269.201149065429,7.798850934571419,4315.100164954996,-13.100164954996217,4389.166625231682,-64.16662523168179,,,4639.3823602033235,-274.3823602033235,,,,,,,6208.536882463081,-1764.5368824630814,,
2022-06-03,,,,,,4107.0,4109.5,4121.25,4142.25,4165.0,4186.0,4209.0,4235.0,4257.0,,4297.0,,,,4374.0,,4108.5400390625,0.0114262,0.0147229,0.0187069,0.0243215,0.01597866246054059,,,0.038356164383561646,0.2876712328767123,0.536986301369863,0.7863013698630137,1.0356164383561643,1.284931506849315,1.5342465753424657,1.7835616438356163,2.052054794520548,,2.5506849315068494,,,,3.547945205479452,,,,0.0105,0.0154,0.0192,0.0221,0.0247,0.0273,0.0304,0.0345,0.0406,,0.0584,,,,0.1323,,,,,,4107.676759203259,-0.6767592032592802,4107.856169742256,1.643830257744412,4115.653200128501,5.596799871498661,4128.362997918242,13.8870020817576,4145.816295927011,19.183704072988803,4168.744398808849,17.255601191151072,4200.458271061276,8.54172893872419,4246.527928272108,-11.527928272107602,4321.454681952757,-64.4546819527568,,,4578.041150309737,-281.0411503097366,,,,,,,6207.569755190468,-1833.5697551904677,,
2022-06-06,,,,,,4120.5,4123.0,4135.0,4156.25,4179.0,4200.0,4228.0,4249.0,4276.0,,4321.0,,,,4403.0,,4121.43017578125,0.0115813,0.014811,0.0187802,0.0244669,0.01617275068396993,,,0.030136986301369864,0.27945205479452057,0.5287671232876713,0.7780821917808219,1.0273972602739727,1.2767123287671234,1.526027397260274,1.7753424657534247,2.043835616438356,,2.5424657534246577,,,,3.5397260273972604,,,,0.0105,0.0153,0.0192,0.0222,0.0247,0.0274,0.0305,0.0346,0.0406,,0.0579,,,,0.1297,,,,,,4120.725637912658,-0.22563791265838518,4120.425114616545,2.5748853834547845,4128.032672847991,6.967327152008693,4140.803820484257,15.446179515743097,4157.6961291580155,21.303870841984462,4180.932052676176,19.067947323824228,4212.5324889257745,15.467511074225513,4258.491167064695,-9.491167064695219,4332.416698635495,-56.41669863549487,,,4582.709126282226,-261.70912628222595,,,,,,,6159.8695008403065,-1756.8695008403065,,
2022-06-07,,,,,,4158.75,4161.0,4173.5,4195.0,4217.25,4238.0,4266.0,4287.0,4314.0,,4359.0,,,,4441.0,,4160.68017578125,0.0118396,0.0149627,0.0189586,0.0247775,0.01605139822179672,,,0.0273972602739726,0.27671232876712326,0.5260273972602739,0.7753424657534247,1.0246575342465754,1.273972602739726,1.5232876712328767,1.7726027397260273,2.041095890410959,,2.5397260273972604,,,,3.536986301369863,,,,0.0108,0.0154,0.0193,0.0224,0.025,0.0277,0.0309,0.0351,0.0412,,0.0588,,,,0.1318,,,,,,4160.081605458693,-1.3316054586930477,4159.93028110322,1.0697188967797047,4167.796247250903,5.703752749096566,4181.2109488287115,13.78905117128852,4199.005942565074,18.244057434925708,4222.885086450109,15.114913549890844,4255.861702190191,10.138297809809046,4303.566805014478,-16.566805014477723,4379.827203877103,-65.82720387710287,,,4637.837962422961,-278.837962422961,,,,,,,6265.634020293326,-1824.634020293326,,
2022-06-08,,,,,,4114.0,4116.0,4128.0,4150.5,4172.0,4193.0,4221.0,4242.0,4269.0,,4314.0,,,,4396.0,,4115.77001953125,0.0119944,0.015158,0.0191077,0.0247813,0.01629079418565307,,,0.024657534246575342,0.273972602739726,0.5232876712328767,0.7726027397260274,1.021917808219178,1.2712328767123289,1.5205479452054795,1.7698630136986302,2.0383561643835617,,2.536986301369863,,,,3.5342465753424657,,,,0.0109,0.0156,0.0194,0.0224,0.025,0.0276,0.0307,0.0348,0.0408,,0.0582,,,,0.1303,,,,,,4115.222972542365,-1.2229725423649143,4114.991148032472,1.0088519675282441,4122.471865186381,5.528134813618635,4135.2423277571215,15.25767224287847,4152.564246619598,19.435753380402275,4175.368324722712,17.631675277288196,4206.941209041255,14.058790958744794,4252.830241378158,-10.830241378157552,4326.610462806549,-57.61046280654864,,,4577.481805146816,-263.48180514681644,,,,,,,6158.064889440842,-1762.0648894408423,,
2022-06-09,,,,,,4016.25,4017.5,4029.25,4050.75,4073.0,4094.0,4122.0,4143.0,4170.0,,4215.0,,,,4297.0,,4017.820068359375,0.012439,0.0154112,0.0193506,0.0250923,0.01658313697296119,,,0.021917808219178082,0.27123287671232876,0.5205479452054794,0.7698630136986301,1.0191780821917809,1.2684931506849315,1.5178082191780822,1.7671232876712328,2.0356164383561643,,2.5342465753424657,,,,3.5315068493150683,,,,0.0113,0.0158,0.0196,0.0227,0.0253,0.0279,0.0311,0.0352,0.0414,,0.0593,,,,0.1341,,,,,,4017.3548526918444,-1.1048526918443713,4016.966723811797,0.5332761882032173,4024.134697801105,5.115302198894824,4036.785191817024,13.964808182975958,4053.6735514524717,19.326448547528344,4075.9133120349834,18.08668796501661,4107.330475004074,14.669524995925713,4152.1977658441865,-9.197765844186506,4226.004983000194,-56.00498300019444,,,4477.185210932073,-262.18521093207255,,,,,,,6084.539773845922,-1787.5397738459224,,
2022-06-10,,,,,,3899.0,3900.5,3913.0,3936.25,3960.5,3982.0,4010.0,4041.0,4068.0,,4123.0,,,,4215.0,,3900.860107421875,0.012577,0.0155469,0.0195957,0.0255477,0.01711458194054887,,,0.019178082191780823,0.2684931506849315,0.5178082191780822,0.7671232876712328,1.0164383561643835,1.2657534246575342,1.515068493150685,1.7643835616438357,2.032876712328767,,2.5315068493150683,,,,3.5287671232876714,,,,0.0114,0.0159,0.0199,0.023,0.0257,0.0285,0.0317,0.036,0.0423,,0.0609,,,,0.1386,,,,,,3900.432617168032,-1.4326171680318112,3899.5882172975134,0.9117827024865619,3906.490425551748,6.509574448251897,3918.511688609188,17.738311390812214,3935.050114648158,25.449885351842113,3957.4829365299856,24.517063470014364,3988.0204363447906,21.979563655209404,4033.0309512658314,7.969048734168609,4105.7807473071425,-37.78074730714252,,,4358.117311878646,-235.11731187864643,,,,,,,5988.798564028195,-1773.798564028195,,
2022-06-13,,,,,,3750.5,3753.5,3766.5,3791.0,3816.5,3842.0,3870.0,3901.0,3928.0,,3983.0,,,,4075.0,,3749.6298828125,0.0127865,0.0159718,0.0205421,0.0270909,0.01807239732803713,,,0.010958904109589041,0.2602739726027397,0.5095890410958904,0.7589041095890411,1.0082191780821919,1.2575342465753425,1.5068493150684932,1.7561643835616438,2.0246575342465754,,2.5232876712328767,,,,3.5205479452054793,,,,0.0114,0.0162,0.0207,0.0243,0.0272,0.0301,0.0338,0.0387,0.0462,,0.0689,,,,0.1666,,,,,,3749.3557117910086,1.1442882089913837,3747.8029972832815,5.6970027167185435,3754.6539908324057,11.846009167594275,3767.393151209648,23.60684879035216,3784.29558004426,32.20441995573992,3806.774563971807,35.225436028193144,3839.5541938504743,30.44580614952565,3887.952223489142,13.047776510858057,3969.364077444854,-41.36407744485405,,,4262.730001180754,-279.7300011807538,,,,,,,6325.28873635192,-2250.2887363519203,,
2022-06-14,,,,,,3736.75,3740.25,3755.25,3781.0,3807.25,3832.0,3860.0,3891.0,3918.0,,3973.0,,,,4065.0,,3735.47998046875,0.0133382,0.0167598,0.0219657,0.0294698,0.0175489637330292,,,0.00821917808219178,0.25753424657534246,0.5068493150684932,0.7561643835616438,1.0054794520547945,1.2547945205479452,1.5041095890410958,1.7534246575342465,2.021917808219178,,2.5205479452054793,,,,3.5178082191780824,,,,0.0118,0.0169,0.0221,0.0262,0.0295,0.0329,0.0371,0.0428,0.0515,,0.0783,,,,0.1943,,,,,,3735.303476647609,1.4465233523910683,3734.855720425432,5.394279574567918,3744.1065188941434,11.143481105856608,3759.9961168972873,21.003883102712734,3780.638234756396,26.611765243604168,3808.1317530572856,23.86824694271445,3846.9599779817167,13.040022018283253,3904.587362811587,-13.5873628115869,4000.9127556084945,-82.91275560849454,,,4353.596211238476,-380.5962112384759,,,,,,,6956.33369282839,-2891.3336928283898,,
2022-06-15,,,,,,3789.25,3793.5,3808.25,3832.0,3857.25,3882.0,3910.0,3936.0,3968.0,,4013.0,,,,4095.0,,3789.989990234375,0.0147739,0.0188594,0.0245756,0.0318484,0.01733403898385171,,,0.005479452054794521,0.2547945205479452,0.5041095890410959,0.7534246575342466,1.0027397260273974,1.252054794520548,1.5013698630136987,1.7506849315068493,2.0191780821917806,,2.5178082191780824,,,,3.515068493150685,,,,0.0129,0.019,0.0247,0.0288,0.0319,0.035,0.0391,0.0454,0.0555,,0.0882,,,,0.2362,,,,,,3789.897909361941,-0.6479093619409468,3791.5990981049144,1.9009018950855534,3804.0893375680757,4.1606624319242655,3822.8725472398064,9.127452760193592,3845.7523201288786,11.497679871121363,3874.7538150295663,7.24618497043366,3915.8880479873496,-5.888047987349637,3980.8606236997707,-44.86062369977071,4093.6101171508053,-125.61011715080531,,,4530.309579920381,-517.3095799203811,,,,,,,8180.000582155005,-4085.000582155005,,
2022-06-16,,,,,,3668.25,3671.25,3685.5,3708.25,3732.0,3759.0,3787.0,3813.0,3845.0,3870.0,3885.0,,,,3967.0,,3666.77001953125,0.0150914,0.019436,0.0252905,0.0320864,0.01779724648354358,,,0.0027397260273972603,0.25205479452054796,0.5013698630136987,0.7506849315068493,1.0,1.2493150684931507,1.4986301369863013,1.747945205479452,2.0164383561643837,2.265753424657534,2.515068493150685,,,,3.5123287671232877,,,,0.013,0.0195,0.0253,0.0293,0.0321,0.0349,0.0389,0.0452,0.056,0.071,0.092,,,,0.2593,,,,,,3666.721826972384,1.5281730276160488,3668.344088004759,2.9059119952407855,3680.589116524996,4.910883475004084,3698.5694679792264,9.680532020773626,3719.591775127092,12.408224872907795,3745.959897549637,13.040102450363065,3784.5855893425837,2.4144106574162834,3846.6770915016546,-33.67709150165456,3960.3985667843754,-115.39856678437536,4136.522635862399,-266.5226358623986,4419.100543131316,-534.100543131316,,,,,,,8563.836160821107,-4596.836160821107,,
2022-06-17,,,,,,3663.76,3675.75,3690.75,3713.5,3738.0,3761.0,3784.0,3808.0,3837.0,3857.0,3876.0,,,,3961.0,,3674.840087890625,0.0150684,0.0193428,0.0251372,0.0316594,0.01780279903226819,,,0.0,0.2493150684931507,0.4986301369863014,0.7479452054794521,0.9972602739726028,1.2465753424657535,1.4958904109589042,1.7452054794520548,2.0136986301369864,2.263013698630137,2.5123287671232877,,,,3.5095890410958903,,,,0.0129,0.0193,0.0251,0.029,0.0316,0.0343,0.0381,0.0444,0.0553,0.0705,0.092,,,,0.2645,,,,,,3674.840087890625,-11.080087890624782,3676.212068996182,-0.4620689961820972,3688.23573284952,2.514267150480009,3705.745714620124,7.75428537987591,3725.753147474992,12.246852525007853,3751.1956237466525,9.804376253347527,3788.1281547231524,-4.12815472315242,3849.4381365295976,-41.438136529597614,3963.064859913344,-126.06485991334421,4140.282846393325,-283.2828463933247,4427.864353856857,-551.8643538568567,,,,,,,8734.803181863012,-4773.803181863012,,
2022-06-21,,,,,,,3767.75,3783.25,3807.5,3830.5,3855.0,3879.0,3903.0,3932.0,3952.0,3971.0,,,,4056.0,,3764.7900390625,0.014985,0.0195728,0.0253576,0.0313485,0.01778091458429091,,,,0.23835616438356164,0.4876712328767123,0.736986301369863,0.9863013698630136,1.2356164383561643,1.484931506849315,1.7342465753424658,2.0027397260273974,2.252054794520548,2.5013698630136987,,,,3.4986301369863013,,,,,0.0193,0.0251,0.0289,0.0312,0.0335,0.0371,0.0431,0.0538,0.0691,0.0909,,,,0.2681,,,,,,,,3766.1534537587045,1.5965462412955276,3778.251742225902,4.998257774097965,3795.7677908531305,11.732209146869536,3814.949225629192,15.550774370808085,3838.627395132324,16.37260486767582,3874.35660576195,4.64339423804995,3933.783283426863,-30.78328342686291,4046.4054606335694,-114.40546063356942,4226.040427573997,-274.04042757399657,4520.352465286246,-549.3524652862461,,,,,,,9038.253775136423,-4982.253775136423,,
2022-06-22,,,,,,,3762.75,3778.0,3801.5,3824.5,3843.0,3863.0,3887.0,3911.0,3931.0,3950.0,,,,4030.0,,3759.889892578125,0.0150502,0.0200434,0.025807,0.0316796,0.01788092766805473,,,,0.2356164383561644,0.4849315068493151,0.7342465753424657,0.9835616438356164,1.2328767123287672,1.4821917808219178,1.7315068493150685,2.0,2.249315068493151,2.4986301369863013,,,,3.495890410958904,,,,,0.0196,0.0255,0.0292,0.0315,0.0338,0.0372,0.043,0.0531,0.0676,0.0881,,,,0.2545,,,,,,,,3761.413113235633,1.3368867643671365,3773.807358688757,4.192641311242824,3791.2685133231093,10.231486676890654,3810.593191224869,13.90680877513114,3834.4113413317523,8.588658668247717,3869.1089819381164,-6.108981938116358,3927.030407976547,-40.03040797654694,4034.279881432455,-123.27988143245511,4204.78655224642,-273.7865522464199,4480.977270633419,-530.9772706334188,,,,,,,8598.467752739165,-4568.467752739165,,
2022-06-23,,,,,,,3799.75,3815.0,3837.5,3860.5,3879.0,3899.0,3923.0,3947.0,3967.0,3981.0,,,,4051.0,,3795.72998046875,0.0149738,0.0201322,0.0256366,0.0308986,0.0177243267747984,,,,0.2328767123287671,0.4821917808219178,0.7315068493150685,0.9808219178082191,1.2301369863013698,1.4794520547945205,1.7287671232876711,1.9972602739726026,2.2465753424657535,2.495890410958904,,,,3.493150684931507,,,,,0.0196,0.0253,0.0287,0.0308,0.0328,0.0358,0.0411,0.0506,0.0641,0.0834,,,,0.2411,,,,,,,,3797.388319810586,2.3616801894140735,3809.6208621227565,5.3791378772434655,3826.327728886383,11.172271113617171,3844.7233602857627,15.776639714237263,3866.7791084675655,12.220891532434507,3898.605158376326,0.3948416236739831,3952.2610818560443,-29.261081856044257,4053.326985058995,-106.32698505899498,4212.5290404402285,-245.52904044022853,4471.822432716949,-490.82243271694915,,,,,,,8282.638950882854,-4231.638950882854,,
2022-06-24,,,,,,,3916.25,3931.5,3955.25,3977.5,3999.0,4019.0,4040.0,4064.0,4084.0,4098.0,,,,4178.0,,3911.739990234375,0.0148646,0.0200923,0.0253885,0.0299233,0.01727424263447455,,,,0.23013698630136986,0.4794520547945205,0.7287671232876712,0.9780821917808219,1.2273972602739727,1.4767123287671233,1.726027397260274,1.9945205479452055,2.243835616438356,2.493150684931507,,,,3.4904109589041097,,,,,0.0195,0.0251,0.0281,0.0298,0.0314,0.0341,0.0391,0.0483,0.0617,0.0811,,,,0.241,,,,,,,,3913.7442105251916,2.5057894748083527,3926.444703160501,5.0552968394990785,3942.723551990953,12.526448009046817,3959.958342013399,17.541657986600967,3980.1527628660924,18.847237133907583,4010.151770640158,8.848229359842207,4061.9133881986295,-21.91338819862949,4161.450934859137,-97.4509348591373,4321.775797220486,-237.7757972204863,4586.464730061796,-488.4647300617962,,,,,,,8540.99166085715,-4362.991660857149,,
2022-06-27,,,,,,,3903.75,3919.5,3943.0,3966.25,3987.0,4007.0,4028.0,4052.0,4072.0,4086.0,,,,4166.0,,3900.110107421875,0.0151829,0.0202963,0.0255329,0.0302907,0.01754943148554431,,,,0.2219178082191781,0.4712328767123288,0.7205479452054795,0.9698630136986301,1.2191780821917808,1.4684931506849315,1.7178082191780821,1.9863013698630136,2.2356164383561645,2.484931506849315,,,,3.4821917808219176,,,,,0.0195,0.0251,0.0282,0.0301,0.0318,0.0346,0.0394,0.0482,0.0609,0.0791,,,,0.2292,,,,,,,,3901.798697492864,1.9513025071360062,3914.011712886947,5.4882871130530475,3930.1556498932964,12.844350106703587,3947.8736503923856,18.37634960761443,3968.462603620239,18.53739637976105,3998.9963953966935,8.003604603306485,4049.283174883204,-21.283174883204083,4144.930625920433,-92.93062592043316,4297.012565303565,-225.01256530356477,4544.663704012687,-458.66370401268705,,,,,,,8149.957035300989,-3983.9570353009894,,
2022-06-28,,,,,,,3825.5,3840.75,3863.25,3887.25,3913.0,3938.0,3959.0,3983.0,4003.0,4022.0,,,,4102.0,,3821.550048828125,0.0152532,0.0205444,0.0257838,0.0306404,0.01801186323942372,,,,0.2191780821917808,0.4684931506849315,0.7178082191780822,0.9671232876712329,1.2164383561643837,1.4657534246575343,1.715068493150685,1.9835616438356165,2.232876712328767,2.4821917808219176,,,,3.4794520547945207,,,,,0.0197,0.0253,0.0284,0.0304,0.0322,0.035,0.0397,0.0481,0.0602,0.0775,,,,0.2191,,,,,,,,3822.9642938178613,2.5357061821387106,3834.620812391227,6.129187608773009,3850.1526705760143,13.097329423985684,3867.610860950013,19.63913904998708,3888.078613898653,24.921386101346798,3917.9028832805297,20.09711671947025,3966.3756860197777,-7.375686019777731,4056.5699891004783,-73.56998910047832,4199.044588019561,-196.04458801956116,4429.634506083811,-407.6345060838112,,,,,,,7693.167851008785,-3591.167851008785,,
2022-06-29,,,,,,,3821.25,3836.5,3859.75,3882.25,3903.0,3923.0,3939.0,3963.0,3983.0,4002.0,,,,4082.0,,3818.830078125,0.0159852,0.0207743,0.0259216,0.0307692,0.01788941094278224,,,,0.21643835616438356,0.4657534246575342,0.7150684931506849,0.9643835616438357,1.2136986301369863,1.463013698630137,1.7123287671232876,1.9808219178082191,2.23013698630137,2.4794520547945207,,,,3.4767123287671233,,,,,0.0199,0.0254,0.0286,0.0305,0.0323,0.0351,0.0399,0.0486,0.0611,0.0791,,,,0.2276,,,,,,,,3820.492274668961,0.7577253310391825,3832.21205305749,4.287946942510189,3848.190039766073,11.559960233927086,3865.556121478611,16.693878521388797,3886.2093626563556,16.79063734364445,3916.206442564671,6.793557435329149,3965.5060581879643,-26.5060581879643,4058.3493274694533,-95.34932746945333,4205.148661450907,-222.14866145090673,4444.702040687226,-442.70204068722614,,,,,,,7917.278348393011,-3835.2783483930107,,
2022-06-30,,,,,,,3789.5,3804.0,3825.75,3848.25,3869.0,3889.0,3905.0,3919.0,3939.0,3958.0,,,,4028.0,,3785.3798828125,0.0168597,0.0211654,0.0263063,0.0310883,0.01777555018049545,,,,0.2136986301369863,0.46301369863013697,0.7123287671232876,0.9616438356164384,1.210958904109589,1.4602739726027398,1.7095890410958905,1.978082191780822,2.2273972602739724,2.4767123287671233,,,,3.473972602739726,,,,,0.0203,0.0257,0.029,0.0308,0.0325,0.0353,0.0403,0.0496,0.0632,0.0829,,,,0.2467,,,,,,,,3787.4225381834763,2.077461816523737,3799.2944407796435,4.705559220356463,3815.767200988662,9.982799011338102,3833.0894735218053,15.160526478194697,3853.4812125934022,15.518787406597767,3883.4997525097847,5.500247490215315,3933.988511928647,-28.988511928646858,4031.335153325859,-112.33515332585921,4188.424053378255,-249.42405337825494,4447.938698162796,-489.93869816279584,,,,,,,8384.824912029928,-4356.824912029928,,
2022-07-01,,,,,,,3827.25,3841.25,3862.75,3885.25,3901.0,3921.0,3937.0,3951.0,3966.0,3985.0,,,,4050.0,,3825.330078125,0.0172789,0.0210954,0.0259685,0.0302622,0.01767251790173628,,,,0.21095890410958903,0.4602739726027397,0.7095890410958904,0.958904109589041,1.2082191780821918,1.4575342465753425,1.7068493150684931,1.9753424657534246,2.2246575342465755,2.473972602739726,,,,3.4712328767123286,,,,,0.0202,0.0253,0.0284,0.0301,0.0315,0.0339,0.0388,0.0481,0.062,0.0822,,,,0.2523,,,,,,,,3827.370268297117,-0.12026829711703613,3838.783386534641,2.4666134653589324,3854.5599969475707,8.190003052429347,3871.188330861391,14.061669138608977,3889.7752808616074,11.22471913839263,3916.8856828487233,4.114317151276737,3965.794394964014,-28.794394964013918,4062.300570061979,-111.30057006197922,4221.785849074446,-255.78584907444565,4487.447171264024,-502.4471712640243,,,,,,,8637.311696225059,-4587.311696225059,,
2022-07-05,,,,,,,3834.0,3847.75,3869.0,3889.0,3906.0,3924.0,3940.0,3956.0,3968.0,3988.0,,,,4045.0,,3831.389892578125,0.0173014,0.0210667,0.0256338,0.0291374,0.01767956931293974,,,,0.2,0.44931506849315067,0.6986301369863014,0.947945205479452,1.1972602739726028,1.4465753424657535,1.6958904109589041,1.9643835616438357,2.213698630136986,2.463013698630137,,,,3.4602739726027396,,,,,0.02,0.0249,0.0277,0.029,0.0299,0.032,0.0363,0.0451,0.0584,0.0781,,,,0.246,,,,,,,,3833.1684001727303,0.8315998272696561,3843.8400575504616,3.9099424495384483,3858.305928289019,10.694071710981007,3872.726502492034,16.273497507966113,3887.859191594106,18.14080840589395,3911.5871624062634,12.41283759373664,3954.3088933962167,-14.308893396216718,4043.424077276981,-87.42407727698082,4192.806820520742,-224.8068205207419,4446.174137729169,-458.17413772916916,,,,,,,8442.503411095187,-4397.503411095187,,
2022-07-06,,,,,,,3848.25,3862.75,3885.5,3907.0,3926.0,3946.0,3963.0,3982.0,3996.0,4014.0,,,,4071.0,,3845.080078125,0.0174872,0.0216599,0.0259714,0.0292959,0.01768026474379222,,,,0.19726027397260273,0.4465753424657534,0.6958904109589041,0.9452054794520548,1.1945205479452055,1.4438356164383561,1.6931506849315068,1.9616438356164383,2.210958904109589,2.4602739726027396,,,,3.4575342465753423,,,,,0.0204,0.0253,0.0278,0.0291,0.0301,0.032,0.0358,0.0432,0.0544,0.0709,,,,0.2106,,,,,,,,3847.143500595958,1.106499404042097,3858.1863485978906,4.563651402109372,3872.253572468683,13.24642753131684,3886.808662350253,20.191337649746856,3902.549502969719,23.450497030280985,3925.405951744058,20.594048255942198,3964.8731869517637,-1.8731869517637278,4042.466642171388,-60.466642171387775,4170.267802294939,-174.26780229493943,4382.983070012282,-368.98307001228204,,,,,,,7491.889390486474,-3420.8893904864744,,
2022-07-07,,,,,,,3905.0,3920.0,3943.75,3966.5,3986.0,4006.5,4026.5,4048.5,4061.5,4078.5,,,,4151.5,,3902.6201171875,0.0182433,0.0219299,0.0262758,0.0296418,0.01727869247189309,,,,0.19452054794520549,0.4438356164383562,0.6931506849315069,0.9424657534246575,1.1917808219178083,1.441095890410959,1.6904109589041096,1.9589041095890412,2.208219178082192,2.4575342465753423,,,,3.4547945205479453,,,,,0.0207,0.0255,0.0282,0.0294,0.0304,0.0323,0.0363,0.0444,0.0567,0.0748,,,,0.2299,,,,,,,,3905.218232358416,-0.21823235841611677,3916.8864356466047,3.1135643533953044,3932.2754933980123,11.474506601987741,3947.4589563444165,19.041043655583508,3964.1278754893924,21.87212451060759,3988.02171443955,18.478285560449876,4030.143483537841,-3.6434835378408934,4115.565271630722,-67.06527163072224,4257.571978908518,-196.07197890851785,4495.193593555206,-416.69359355520555,,,,,,,8135.287496069333,-3983.7874960693334,,
2022-07-08,,,,,,,3901.25,3917.25,3942.0,3964.5,3986.5,4008.5,4028.5,4051.5,4069.5,4086.5,,,,4163.5,,3899.3798828125,0.0186838,0.0224202,0.0270169,0.0307535,0.0172137746516344,,,,0.1917808219178082,0.4410958904109589,0.6904109589041096,0.9397260273972603,1.189041095890411,1.4383561643835616,1.6876712328767123,1.9561643835616438,2.2054794520547945,2.4547945205479453,,,,3.452054794520548,,,,,0.0211,0.0261,0.0291,0.0305,0.0316,0.0337,0.038,0.0465,0.0595,0.0786,,,,0.2415,,,,,,,,3902.287187531318,-1.037187531318068,3914.6941882965352,2.5558117034647694,3931.511337979129,10.488662020870834,3948.3704435338027,16.1295564661973,3966.6557099177726,19.844290082227417,3992.9511733441445,15.548826655855464,4038.5990040165534,-10.099004016553408,4129.293004803397,-77.7930048033968,4280.539004078225,-211.03900407822493,4533.562733213241,-447.0627332132408,,,,,,,8457.60363860338,-4294.103638603379,,
2022-07-11,,,,,,,3856.75,3872.25,3895.25,3917.0,3938.0,3960.0,3980.0,3997.0,4011.0,4028.0,,,,4105.0,,3854.429931640625,0.0192599,0.02276,0.0275053,0.0315337,0.01770735673841493,,,,0.18356164383561643,0.4328767123287671,0.6821917808219178,0.9315068493150684,1.180821917808219,1.4301369863013698,1.6794520547945206,1.9479452054794522,2.197260273972603,2.4465753424657533,,,,3.4438356164383563,,,,,0.0214,0.0264,0.0297,0.0312,0.0324,0.0346,0.0391,0.0481,0.0617,0.0818,,,,0.2537,,,,,,,,3857.0434565492365,-0.2934565492364527,3868.960867366203,3.2891326337971805,3886.093459943095,9.156540056905214,3903.180009888595,13.819990111404877,3921.885423758292,16.114576241708164,3948.6822369360593,11.317763063940674,3995.429317338503,-15.429317338503097,4089.514758851553,-92.51475885155287,4245.61381214661,-234.61381214661014,4508.79799962852,-480.7979996285203,,,,,,,8688.00195754199,-4583.00195754199,,
2022-07-12,,,,,,,3823.75,3838.75,3861.25,3879.0,3894.0,3911.0,3931.0,3953.0,3967.0,3984.0,,,,4056.0,,3818.800048828125,0.0194393,0.0229823,0.02769,0.0311565,0.0179378253055923,,,,0.18082191780821918,0.4301369863013699,0.6794520547945205,0.9287671232876712,1.178082191780822,1.4273972602739726,1.6767123287671233,1.9452054794520548,2.1945205479452055,2.4438356164383563,,,,3.441095890410959,,,,,0.0215,0.0266,0.0297,0.0309,0.0318,0.0337,0.0381,0.0472,0.0615,0.0827,,,,0.2666,,,,,,,,3821.260603849309,2.4893961506909363,3833.05513905003,5.694860949970007,3849.4415417713067,11.808458228693326,3865.0518284170275,13.948171582972464,3881.676046363072,12.323953636927854,3905.6926194581074,5.307380541892599,3950.1060111268753,-19.106011126875273,4042.4752600367847,-89.47526003678468,4201.889635857329,-234.88963585732927,4473.648786783738,-489.6487867837377,,,,,,,8985.45031373352,-4929.45031373352,,
2022-07-13,,,,,,,3804.5,3822.5,3846.5,3865.0,3880.0,3897.0,3917.0,3939.0,3953.0,3970.0,,,,4042.0,,3801.780029296875,0.0195858,0.0232787,0.0277251,0.0308889,0.01809621282206178,,,,0.1780821917808219,0.4273972602739726,0.6767123287671233,0.9260273972602739,1.1753424657534246,1.4246575342465753,1.673972602739726,1.9424657534246574,2.191780821917808,2.441095890410959,,,,3.4383561643835616,,,,,0.0217,0.0266,0.0295,0.0307,0.0315,0.0332,0.0371,0.0454,0.0583,0.0775,,,,0.2441,,,,,,,,3804.220681965862,0.279318034138214,3815.6227214660385,6.877278533961544,3831.232178950409,15.26782104959102,3846.4122782418312,18.587721758168755,3862.147693744732,17.852306255268104,3884.4721661288277,12.527833871172334,3924.665814866438,-7.665814866437813,4008.8565753297803,-69.8565753297803,4151.988082355688,-198.98808235568777,4395.0535992590185,-425.0535992590185,,,,,,,8269.308587418715,-4227.3085874187145,,
2022-07-14,,,,,,,3793.25,3810.25,3833.25,3855.5,3872.0,3889.0,3909.0,3928.0,3942.0,3959.0,,,,4031.0,,3790.3798828125,0.0210097,0.0248082,0.029603,0.0325391,0.01793940113222524,,,,0.17534246575342466,0.4246575342465753,0.673972602739726,0.9232876712328767,1.1726027397260275,1.4219178082191781,1.6712328767123288,1.9397260273972603,2.1890410958904107,2.4383561643835616,,,,3.4356164383561643,,,,,0.0231,0.0284,0.0314,0.0324,0.0329,0.0345,0.0388,0.0483,0.0633,0.0859,,,,0.2843,,,,,,,,3793.811244168978,-0.5612441689781917,3807.2548556771426,2.9951443228574135,3824.922944538,8.327055461999862,3841.3256933226544,14.174306677345612,3857.4605802874985,14.539419712501513,3880.694208891245,8.305791108754875,3924.8540493308683,-15.854049330868293,4020.3038760633285,-92.30387606332852,4186.070484609423,-244.07048460942315,4473.532621696602,-514.5326216966023,,,,,,,9464.794747478625,-5433.794747478625,,
2022-07-15,,,,,,,3865.0,3881.75,3905.75,3927.75,3947.0,3966.0,3986.0,4005.0,4024.0,4041.0,,,,4113.0,,3863.159912109375,0.0216253,0.025532,0.0303161,0.0331931,0.01771916238249414,,,,0.1726027397260274,0.42191780821917807,0.6712328767123288,0.9205479452054794,1.16986301369863,1.4191780821917808,1.6684931506849314,1.936986301369863,2.186301369863014,2.4356164383561643,,,,3.4328767123287673,,,,,0.0237,0.0291,0.0321,0.0331,0.0335,0.0351,0.0393,0.0486,0.0633,0.0856,,,,0.2812,,,,,,,,3867.149945814731,-2.149945814730927,3881.7545565800697,-0.004556580069674965,3900.6311355295957,5.118864470404333,3918.2466756575504,9.50332434244956,3935.1417217603325,11.85827823966747,3959.6355272563087,6.3644727436912945,4004.7972635912643,-18.797263591264255,4101.288686489566,-96.28868648956632,4267.972654777679,-243.97265477767905,4557.695680654407,-516.6956806544067,,,,,,,9544.668346471157,-5431.668346471157,,
2022-07-18,,,,,,,3833.75,3850.25,3874.5,3895.0,3915.0,3934.0,3954.0,3973.0,3992.0,4009.0,,,,4081.0,,3830.85009765625,0.0214505,0.024773,0.0293026,0.0322498,0.01823377211362423,,,,0.1643835616438356,0.4136986301369863,0.663013698630137,0.9123287671232877,1.1616438356164382,1.4109589041095891,1.6602739726027398,1.9287671232876713,2.1780821917808217,2.4273972602739726,,,,3.4246575342465753,,,,,0.0231,0.0279,0.031,0.0321,0.0326,0.0341,0.0382,0.0471,0.0612,0.0825,,,,0.2703,,,,,,,,3833.9157273996634,-0.16572739966341032,3846.199975064246,4.050024935754209,3863.4127312941373,11.087268705862698,3879.6203261745445,15.379673825455484,3895.3174434337398,19.682556566260246,3917.5769265053777,16.42307349462226,3959.9687929494266,-5.968792949426643,4050.186654133308,-77.18665413330791,4206.667270485586,-214.6672704855864,4477.596476491639,-468.5964764916389,,,,,,,9082.297984950921,-5001.297984950921,,
2022-07-19,,,,,,,3937.5,3955.0,3980.5,4001.0,4021.0,4045.0,4070.0,4089.0,4108.0,4125.0,,,,4202.0,,3936.68994140625,0.0215338,0.0247345,0.0293122,0.0321914,0.01782376252918765,,,,0.16164383561643836,0.410958904109589,0.6602739726027397,0.9095890410958904,1.158904109589041,1.4082191780821918,1.6575342465753424,1.926027397260274,2.175342465753425,2.4246575342465753,,,,3.421917808219178,,,,,0.023,0.0279,0.031,0.032,0.0325,0.034,0.038,0.0472,0.0619,0.0841,,,,0.2806,,,,,,,,3939.9851753403054,-2.4851753403054317,3953.0252558527905,1.9747441472095488,3971.0882696780122,9.411730321987761,3987.780474489741,13.21952551025879,4004.219202117885,16.780797882115166,4027.395711600096,17.604288399903908,4070.570079808644,-0.5700798086440955,4165.847315475093,-76.84731547509273,4332.831112323977,-224.83111232397732,4622.970354363107,-497.9703543631067,,,,,,,9674.939062033121,-5472.939062033121,,
2022-07-20,,,,,,,3962.5,3980.0,4005.25,4028.75,4047.0,4074.0,4096.0,4115.0,4134.0,4151.0,,,,4228.0,,3959.89990234375,0.0218011,0.0250633,0.0294495,0.0323078,0.01779045714981456,,,,0.1589041095890411,0.40821917808219177,0.6575342465753424,0.9068493150684932,1.1561643835616437,1.4054794520547946,1.6547945205479453,1.9232876712328768,2.1726027397260275,2.421917808219178,,,,3.419178082191781,,,,,0.0233,0.028,0.0311,0.0321,0.0326,0.0341,0.0379,0.0463,0.0598,0.0801,,,,0.2596,,,,,,,,3963.3682691897,-0.868269189700186,3976.4381402054,3.561859794599968,3994.706972595286,10.54302740471394,4011.620790819599,17.129209180401176,4028.2861547922857,18.713845207714257,4051.7199707818904,22.280029218109576,4093.891190463478,2.1088095365221307,4183.092477017561,-68.09247701756067,4338.327024852566,-204.32702485256596,4604.92940360975,-453.9294036097499,,,,,,,9052.207374352529,-4824.207374352529,,
2022-07-21,,,,,,,4001.25,4018.75,4044.0,4066.75,4088.0,4112.0,4134.0,4153.0,4172.0,4189.0,,,,4266.0,,3998.949951171875,0.0225742,0.0254092,0.0297621,0.0325873,0.01746989771681166,,,,0.15616438356164383,0.4054794520547945,0.6547945205479452,0.9041095890410958,1.1534246575342466,1.4027397260273973,1.652054794520548,1.9205479452054794,2.16986301369863,2.419178082191781,,,,3.4164383561643836,,,,,0.0238,0.0283,0.0314,0.0324,0.0329,0.0343,0.0382,0.047,0.061,0.0824,,,,0.2715,,,,,,,,4002.9050137838467,-1.655013783846698,4016.5494906469285,2.2005093530715385,4035.5926533749202,8.407346625079754,4053.295537068693,13.454462931306807,4070.75821164735,17.24178835265002,4094.481401955718,17.518598044282044,4138.275186129105,-4.27518612910535,4232.300893861198,-79.30089386119835,4395.081933409242,-223.08193340924208,4679.116428464542,-490.11642846454197,,,,,,,9524.905498165872,-5258.905498165872,,
2022-07-22,,,,,,,3965.0,3981.75,4006.0,4027.5,4050.0,4069.0,4086.0,4105.0,4119.0,4136.0,,,,4208.0,,3961.6298828125,0.0228461,0.0255878,0.0297918,0.0323502,0.01770278815345416,,,,0.15342465753424658,0.40273972602739727,0.6520547945205479,0.9013698630136986,1.1506849315068493,1.4,1.6493150684931508,1.917808219178082,2.1671232876712327,2.4164383561643836,,,,3.4136986301369863,,,,,0.024,0.0283,0.0313,0.0322,0.0326,0.0338,0.0375,0.0461,0.0598,0.0808,,,,0.2678,,,,,,,,3965.4592514706287,-0.45925147062871474,3978.573927252081,3.176072747919079,3996.9103666978226,9.08963330217739,4013.7375999049837,13.762400095016346,4030.1255299722743,19.874470027725692,4051.9231640926373,17.076835907362693,4093.119392337302,-7.119392337302088,4183.364944928439,-78.3649449284394,4340.047858238307,-221.04785823830662,4614.142529944748,-478.1425299447483,,,,,,,9303.69875458684,-5095.69875458684,,
2022-07-25,,,,,,,3970.0,3987.0,4011.25,4033.25,4056.0,4075.0,4092.0,4111.0,4125.0,4142.0,,,,4214.0,,3966.840087890625,0.0228609,0.0252905,0.0289335,0.0306126,0.01802798808342212,,,,0.14520547945205478,0.39452054794520547,0.6438356164383562,0.8931506849315068,1.1424657534246576,1.3917808219178083,1.641095890410959,1.9095890410958904,2.158904109589041,2.408219178082192,,,,3.4054794520547946,,,,,0.0237,0.0275,0.0301,0.0307,0.0306,0.0313,0.0344,0.0419,0.0544,0.0737,,,,0.2483,,,,,,,,3970.108551767603,-0.10855176760287577,3981.691517726633,5.30848227336719,3997.792050580664,13.457949419335819,4011.9918803342657,21.258119665734284,4024.227323785876,31.772676214124203,4040.7954323309227,34.20456766907728,4074.8660362152687,17.13396378473135,4151.856412252637,-40.8564122526368,4290.887191613469,-165.88719161346944,4535.975825381943,-393.97582538194274,,,,,,,8689.85657984118,-4475.85657984118,,
2022-07-26,,,,,,,3923.25,3939.75,3963.25,3985.25,4008.0,4027.0,4044.0,4063.0,4077.0,4094.0,,,,4166.0,,3921.050048828125,0.0232179,0.0256363,0.0294255,0.0312454,0.01834236614394417,,,,0.14246575342465753,0.3917808219178082,0.6410958904109589,0.8904109589041096,1.1397260273972603,1.389041095890411,1.6383561643835616,1.906849315068493,2.1561643835616437,2.4054794520547946,,,,3.4027397260273973,,,,,0.024,0.0279,0.0307,0.0313,0.0312,0.032,0.0352,0.0431,0.0561,0.0762,,,,0.2581,,,,,,,,3924.2117639717058,-0.96176397170575,3935.7599348918225,3.9900651081775322,3952.237664323296,11.01233567670397,3966.551616232579,18.69838376742109,3978.9328988786124,29.067101121387623,3996.1464218891892,30.85357811081076,4030.854127766163,13.145872233837053,4110.5981972437085,-47.598197243708455,4253.623265769949,-176.62326576994928,4506.563262247828,-412.5632622478279,,,,,,,8865.721404053567,-4699.721404053567,,
2022-07-27,,,,,,,4024.5,4041.25,4065.25,4086.0,4108.0,4127.0,4144.0,4163.0,4177.0,4194.0,,,,4266.0,,4023.610107421875,0.0232696,0.0257674,0.0294023,0.0311928,0.01799680944051391,,,,0.13972602739726028,0.38904109589041097,0.6383561643835617,0.8876712328767123,1.1369863013698631,1.3863013698630138,1.6356164383561644,1.904109589041096,2.1534246575342464,2.4027397260273973,,,,3.4,,,,,0.0241,0.0279,0.0306,0.0312,0.0312,0.032,0.035,0.0422,0.0543,0.0728,,,,0.2407,,,,,,,,4027.042803256243,-2.5428032562431326,4039.1419646050886,2.1080353949114397,4056.11192445101,9.138075548989946,4071.0446152712684,14.955384728731588,4084.4675745497343,23.53242545026569,4102.482090913041,24.517909086958753,4137.080038542435,6.919961457564568,4213.379526417934,-50.37952641793436,4350.782534922127,-173.78253492212662,4589.895878441171,-395.8958784411707,,,,,,,8579.45493602066,-4313.45493602066,,
2022-07-28,,,,,,,4073.5,4090.0,4114.0,4134.75,4157.0,4176.0,4193.0,4212.0,4226.0,4243.0,,,,4305.0,,4072.429931640625,0.0230739,0.0257505,0.0294486,0.0313605,0.01746272398835509,,,,0.136986301369863,0.3863013698630137,0.6356164383561644,0.8849315068493151,1.1342465753424658,1.3835616438356164,1.632876712328767,1.9013698630136986,2.1506849315068495,2.4,,,,3.3972602739726026,,,,,0.0239,0.0279,0.0306,0.0313,0.0314,0.0322,0.0352,0.0423,0.0541,0.0723,,,,0.2364,,,,,,,,4076.022660065391,-2.5226600653909372,4088.8828466749396,1.1171533250603716,4106.578190522254,7.421809477746137,4122.603567410984,12.146432589015603,4137.31970402429,19.68029597570967,4156.3188301629025,19.681169837097514,4192.103518618745,0.8964813812553984,4269.363292045749,-57.363292045749404,4406.298935963198,-180.29893596319835,4645.269168192133,-402.2691681921333,,,,,,,8567.935168262376,-4262.9351682623765,,
2022-07-29,,,,,,,4133.5,4150.5,4175.0,4197.5,4218.0,4237.0,4254.0,4273.0,4287.0,4304.0,,,,4366.0,,4130.2900390625,0.0228471,0.0254334,0.0286837,0.0300637,0.01718554595788768,,,,0.13424657534246576,0.3835616438356164,0.6328767123287671,0.8821917808219178,1.1315068493150684,1.3808219178082193,1.63013698630137,1.8986301369863015,2.147945205479452,2.3972602739726026,,,,3.3945205479452056,,,,,0.0236,0.0274,0.0296,0.0301,0.03,0.0306,0.033,0.0392,0.0496,0.0656,,,,0.2115,,,,,,,,4133.848239971718,-0.34823997171770316,4146.5037308448145,3.996269155185473,4162.868794838833,12.13120516116669,4177.615616441281,19.884383558718582,4190.614049550787,27.38595044921294,4207.508233904544,29.491766095456114,4238.152140527706,15.847859472293749,4306.5836697754485,-33.58366977544847,4428.106663766167,-141.106663766167,4638.586467701632,-334.5864677016316,,,,,,,7988.0928477648085,-3622.0928477648085,,
2022-08-01,,,,,,,4120.5,4137.5,4162.25,4184.5,4205.0,4224.0,4251.0,4270.0,4284.0,4301.0,,,,4353.0,,4118.6298828125,0.0228536,0.0255658,0.0289753,0.0306036,0.01752807938244477,,,,0.12602739726027398,0.37534246575342467,0.6246575342465753,0.873972602739726,1.1232876712328768,1.3726027397260274,1.621917808219178,1.8904109589041096,2.1397260273972605,2.389041095890411,,,,3.3863013698630136,,,,,0.0236,0.0275,0.0299,0.0306,0.0306,0.0313,0.0338,0.04,0.0504,0.0665,,,,0.2133,,,,,,,,4121.782781359229,-1.282781359229375,4134.0743273069465,3.425672693053457,4150.5828441925405,11.667155807459494,4165.952978557783,18.547021442216646,4179.552078775517,25.447921224483252,4197.226421488359,26.773578511641063,4228.774662348559,22.225337651440896,4297.363608394279,-27.363608394279254,4418.752690097286,-134.75269009728618,4629.813035763141,-328.81303576314076,,,,,,,7992.17771975864,-3639.17771975864,,
2022-08-02,,,,,,,4093.75,4111.0,4136.5,4160.0,4185.0,4209.0,4236.0,4255.0,4274.0,4296.0,,,,4358.0,,4091.18994140625,0.0228518,0.0256475,0.0290511,0.0306039,0.017760038574864,,,,0.1232876712328767,0.3726027397260274,0.6219178082191781,0.8712328767123287,1.1205479452054794,1.36986301369863,1.6191780821917807,1.8876712328767122,2.136986301369863,2.3863013698630136,,,,3.3835616438356166,,,,,0.0235,0.0275,0.03,0.0306,0.0306,0.0312,0.0336,0.0398,0.05,0.066,,,,0.2117,,,,,,,,4094.0861640380817,-0.33616403808173345,4106.064401777836,4.935598222164117,4122.451938071973,14.048061928026982,4137.213375452777,22.786624547223255,4150.478626796852,34.52137320314796,4167.210107856815,41.78989214318517,4197.47681035416,38.52318964583992,4264.990988796112,-9.990988796112106,4382.9947467355805,-108.99474673558052,4590.32557527856,-294.3255752785599,,,,,,,7885.642347955764,-3527.6423479557643,,
2022-08-03,,,,,,,4156.25,4174.0,4200.25,4225.25,4248.0,4267.0,4294.0,4313.0,4332.0,4349.0,,,,4416.0,,4155.169921875,0.0228736,0.025934,0.0293195,0.0311718,0.0175833108676999,,,,0.12054794520547946,0.3698630136986301,0.6191780821917808,0.8684931506849315,1.1178082191780823,1.367123287671233,1.6164383561643836,1.884931506849315,2.1342465753424658,2.3835616438356166,,,,3.3808219178082193,,,,,0.0236,0.0278,0.0302,0.031,0.0313,0.032,0.0344,0.04,0.0492,0.0634,,,,0.1919,,,,,,,,4158.184757788287,-1.9347577882872429,4170.9010794305195,3.0989205694804696,4187.757134877662,12.492865122338117,4203.870404578612,21.37959542138833,4219.370520154066,28.62947984593393,4237.878179708141,29.121820291858967,4269.669674159352,24.330325840647674,4334.504263101987,-21.504263101986908,4445.227877733589,-113.22787773358868,4634.647878867693,-285.6478788676932,,,,,,,7490.8854374309985,-3074.8854374309985,,
2022-08-04,,,,,,,4152.25,4169.75,4195.75,4220.0,4243.0,4262.0,4289.0,4308.0,4327.0,4344.0,,,,4411.0,,4151.93994140625,0.0229262,0.0263778,0.0300622,0.0323695,0.01746864590535266,,,,0.1178082191780822,0.36712328767123287,0.6164383561643836,0.8657534246575342,1.115068493150685,1.3643835616438356,1.6136986301369862,1.8821917808219177,2.1315068493150684,2.3808219178082193,,,,3.378082191780822,,,,,0.0237,0.0284,0.0311,0.0321,0.0326,0.0336,0.0361,0.0419,0.0512,0.0655,,,,0.1936,,,,,,,,4154.989019185865,-2.7390191858648905,4168.635797623668,1.1142023763322868,4186.975226654163,8.774773345837275,4204.867680275784,15.132319724216359,4222.587859694274,20.412140305726098,4244.334501417939,17.665498582061446,4278.665112571228,10.334887428772163,4347.322657809237,-39.32265780923717,4461.452086919784,-134.45208691978405,4654.943538084369,-310.9435380843688,,,,,,,7527.491645137241,-3116.491645137241,,
2022-08-05,,,,,,,4146.75,4165.25,4192.75,4219.5,4244.0,4266.5,4294.0,4318.0,4338.0,4355.0,,,,4427.0,,4145.18994140625,0.0229086,0.0263604,0.0298677,0.0319089,0.01727702920288307,,,,0.11506849315068493,0.3643835616438356,0.6136986301369863,0.863013698630137,1.1123287671232878,1.3616438356164384,1.610958904109589,1.8794520547945206,2.128767123287671,2.378082191780822,,,,3.3753424657534246,,,,,0.0236,0.0282,0.0308,0.0317,0.0321,0.0329,0.0352,0.0406,0.0494,0.0629,,,,0.1844,,,,,,,,4148.206974250249,-1.4569742502490044,4161.721300136692,3.5286998633082476,4179.7341348643295,13.015865135670538,4197.108488741135,22.39151125886474,4214.10245711536,29.897542884639734,4234.314855875745,32.1851441242552,4266.619302223742,27.380697776257875,4330.933107861617,-12.933107861616918,4438.564156184106,-100.56415618410574,4620.226760043187,-265.2267600431869,,,,,,,7286.66432046908,-2859.66432046908,,
2022-08-08,,,,,,,4141.75,4160.0,4187.75,4214.0,4239.0,4261.0,4289.0,4313.0,4333.0,4350.0,,,,4422.0,,4140.06005859375,0.0230339,0.026928,0.0309251,0.0334952,0.01765612717896316,,,,0.10684931506849316,0.3561643835616438,0.6054794520547945,0.8547945205479452,1.104109589041096,1.3534246575342466,1.6027397260273972,1.8712328767123287,2.1205479452054794,2.3698630136986303,,,,3.367123287671233,,,,,0.0236,0.0289,0.0319,0.0332,0.0337,0.0348,0.0374,0.0433,0.0529,0.0675,,,,0.1992,,,,,,,,4142.69024064383,-0.9402406438302933,4156.672862794049,3.3271372059507485,4175.919889926115,11.830110073885407,4195.435346275023,18.56465372497678,4214.05129768722,24.94870231278037,4237.244749729732,23.755250270268334,4273.16420297672,15.835797023280065,4343.567228474087,-30.567228474086733,4461.32861196932,-128.32861196932026,4659.151943938616,-309.15194393861566,,,,,,,7629.260316909577,-3207.2603169095773,,
2022-08-09,,,,,,,4124.5,4142.5,4170.0,4196.75,4227.0,4249.0,4277.0,4301.0,4321.0,4343.0,,,,4415.0,,4122.47021484375,0.0231199,0.0273025,0.0310896,0.0336057,0.01772958687130742,,,,0.10410958904109589,0.35342465753424657,0.6027397260273972,0.852054794520548,1.1013698630136985,1.3506849315068492,1.6,1.8684931506849316,2.117808219178082,2.367123287671233,,,,3.3643835616438356,,,,,0.0237,0.0292,0.032,0.0332,0.0339,0.0349,0.0373,0.0424,0.0504,0.0626,,,,0.1719,,,,,,,,4125.033445113214,-0.5334451132139293,4139.216328285997,3.283671714002594,4158.081937799982,11.91806220001763,4177.170861871908,19.57913812809238,4196.547469206737,30.452530793262667,4219.195072258118,29.80492774188224,4253.5979931549355,23.402006845064534,4316.949628609565,-15.94962860956457,4417.801701869752,-96.80170186975192,4584.432616319098,-241.4326163190981,,,,,,,6925.020096042502,-2510.020096042502,,
2022-08-10,,,,,,,4210.0,4227.75,4255.25,4281.75,4307.0,4334.0,4359.0,4381.0,4401.0,4423.0,,,,4490.0,,4210.240234375,0.023199,0.027428,0.0312983,0.0339548,0.01729600866191665,,,,0.10136986301369863,0.3506849315068493,0.6,0.8493150684931506,1.0986301369863014,1.347945205479452,1.5972602739726027,1.8657534246575342,2.115068493150685,2.3643835616438356,,,,3.361643835616438,,,,,0.0237,0.0293,0.0322,0.0335,0.0342,0.0354,0.0378,0.0429,0.0511,0.0634,,,,0.1736,,,,,,,,4212.974290629268,-2.9742906292676707,4228.001098161398,-0.2510981613977492,4248.0587066033795,7.191293396620495,4268.583345018254,13.166654981746433,4289.160144161155,17.839855838845324,4314.247411631295,19.75258836870489,4350.409243693245,8.590756306754884,4416.2478965225,-35.247896522500014,4522.285311156936,-121.28531115693568,4695.136699022558,-272.1366990225579,,,,,,,7120.358375729745,-2630.3583757297447,,
2022-08-11,,,,,,,4209.75,4227.5,4255.25,4282.25,4307.0,4334.0,4359.0,4381.0,4401.0,4423.0,,,,4500.0,,4207.27001953125,0.0230741,0.0271174,0.0307485,0.0331009,0.01667805825688526,,,,0.09863013698630137,0.34794520547945207,0.5972602739726027,0.8465753424657534,1.095890410958904,1.3452054794520547,1.5945205479452054,1.8630136986301369,2.1123287671232878,2.361643835616438,,,,3.3589041095890413,,,,,0.0235,0.0289,0.0315,0.0327,0.0333,0.0343,0.0365,0.0413,0.049,0.0607,,,,0.1656,,,,,,,,4210.1018297448145,-0.3518297448144949,4225.1998098883,2.300190111700431,4244.680461858109,10.569538141890916,4264.725282350983,17.524717649016566,4284.611198707057,22.388801292942844,4308.195412030268,25.804587969731983,4342.370856914531,16.629143085468968,4404.7565921831865,-23.756592183186513,4504.552505590834,-103.55250559083379,4668.221356515451,-245.22135651545068,,,,,,,6938.103789942393,-2438.1037899423927,,
2022-08-12,,,,,,,4281.0,4299.25,4327.25,4355.0,4382.0,4409.0,4434.0,4456.0,4481.0,4503.0,,,,4575.0,,4280.14990234375,0.0229665,0.0270747,0.030751,0.0333134,0.01615803443845253,,,,0.0958904109589041,0.3452054794520548,0.5945205479452055,0.8438356164383561,1.093150684931507,1.3424657534246576,1.5917808219178082,1.8602739726027397,2.1095890410958904,2.3589041095890413,,,,3.356164383561644,,,,,0.0233,0.0288,0.0316,0.0328,0.0336,0.0346,0.0369,0.0416,0.0491,0.0604,,,,0.161,,,,,,,,4283.0821498927635,-2.082149892763482,4298.869618299256,0.38038170074378286,4319.625024996948,7.624975003051986,4340.680426663826,14.319573336173562,4362.541190762784,19.458809237215974,4387.439239217469,21.56076078253136,4423.824953136713,10.175046863287207,4487.595609109045,-31.595609109044744,4588.173627731579,-107.17362773157856,4750.978454582743,-247.97845458274332,,,,,,,6959.457173247026,-2384.457173247026,,
2022-08-15,,,,,,,4298.25,4316.75,4344.75,4372.75,4399.0,4426.0,4450.0,4473.0,4498.0,4520.0,,,,4592.0,,4297.14013671875,0.0229633,0.0272636,0.0309788,0.033716,0.0164389007374895,,,,0.08767123287671233,0.336986301369863,0.5863013698630137,0.8356164383561644,1.084931506849315,1.3342465753424657,1.5835616438356164,1.8520547945205479,2.1013698630136988,2.350684931506849,,,,3.347945205479452,,,,,0.0231,0.0289,0.0317,0.0331,0.034,0.0351,0.0374,0.0419,0.0488,0.0593,,,,0.1524,,,,,,,,4299.650342662629,-1.4003426626286455,4315.222712238357,1.527287761642583,4335.76177029113,8.988229708869767,4357.384558113969,15.365441886030567,4379.79669582827,19.20330417173045,4405.475613013373,20.524386986627178,4442.169617815499,7.830382184501104,4504.626897166103,-31.626897166102935,4599.521864869286,-101.52186486928622,4752.651425390904,-232.65142539090357,,,,,,,6774.327008929002,-2182.3270089290017,,
2022-08-16,,,,,,,4307.75,4326.25,4354.5,4382.75,4409.0,4436.0,4460.0,4483.0,4508.0,4530.0,,,,4602.0,,4305.2001953125,0.0229697,0.0273671,0.0310647,0.0336269,0.0164030061799972,,,,0.08493150684931507,0.33424657534246577,0.5835616438356165,0.8328767123287671,1.082191780821918,1.3315068493150686,1.5808219178082192,1.8493150684931507,2.0986301369863014,2.347945205479452,,,,3.345205479452055,,,,,0.023,0.029,0.0318,0.0331,0.0339,0.0349,0.037,0.0415,0.0484,0.0589,,,,0.1526,,,,,,,,4307.613043121858,0.136956878141973,4323.365465150705,2.8845348492950507,4344.057133388066,10.442866611933823,4365.488854126615,17.26114587338543,4387.496287666609,21.503712333391377,4412.548941419466,23.451058580533754,4447.6853689401805,12.314631059819476,4509.723703788522,-26.72370378852156,4604.221017740376,-96.22101774037583,4756.93832690078,-226.93832690078034,,,,,,,6789.861676993014,-2187.861676993014,,
2022-08-17,,,,,,,4276.75,4295.25,4324.25,4352.5,4379.0,4406.0,4430.0,4453.0,4478.0,4510.0,,,,4582.0,,4274.0400390625,0.023011,0.0276253,0.0312125,0.0339152,0.01610531867516217,,,,0.0821917808219178,0.3315068493150685,0.5808219178082191,0.8301369863013699,1.0794520547945206,1.3287671232876712,1.5780821917808219,1.8465753424657534,2.095890410958904,2.345205479452055,,,,3.3424657534246576,,,,,0.023,0.0292,0.0319,0.0333,0.0342,0.0354,0.0374,0.0412,0.0471,0.0557,,,,0.1317,,,,,,,,4276.462764696256,0.28723530374372785,4292.633875145188,2.6161248548123694,4313.430046254916,10.819953745083694,4335.484921189052,17.01507881094767,4358.342680055388,20.657319944612027,4385.0352436215235,20.964756378476523,4420.108672321236,9.891327678764355,4476.75630297188,-23.75630297188036,4560.904596539814,-82.90459653981361,4689.9278029254465,-179.92780292544649,,,,,,,6289.809527852041,-1707.8095278520414,,
2022-08-18,,,,,,,4286.5,4304.75,4333.5,4361.25,4388.0,4415.0,4439.0,4462.0,4487.0,4519.0,,,,4591.0,,4283.740234375,0.022998,0.0279967,0.0317175,0.0345883,0.01575201723450092,,,,0.07945205479452055,0.3287671232876712,0.5780821917808219,0.8273972602739726,1.0767123287671232,1.326027397260274,1.5753424657534247,1.8438356164383563,2.0931506849315067,2.3424657534246576,,,,3.33972602739726,,,,,0.0229,0.0296,0.0324,0.0338,0.0349,0.0362,0.0382,0.042,0.0475,0.0558,,,,0.1271,,,,,,,,4286.173755306169,0.32624469383063115,4303.287545163964,1.4624548360361587,4325.165549010721,8.334450989278594,4348.1886931549325,13.06130684506752,4372.974248341359,15.02575165864073,4401.481108627913,13.518891372086728,4437.93764886343,1.0623511365702143,4496.159014663433,-34.15901466343257,4578.080595730199,-91.0805957301991,4705.055376284332,-186.05537628433194,,,,,,,6213.337993733821,-1622.3379937338213,,
2022-08-19,,,,,,,4231.5,4249.75,4277.5,4304.75,4324.0,4359.0,4388.0,4416.0,4436.0,4463.0,,,,4545.0,,4228.47998046875,0.0231337,0.0278144,0.0313427,0.0340138,0.01599586162987364,,,,0.07671232876712329,0.32602739726027397,0.5753424657534246,0.8246575342465754,1.073972602739726,1.3232876712328767,1.5726027397260274,1.841095890410959,2.0904109589041098,2.33972602739726,,,,3.336986301369863,,,,,0.0229,0.0293,0.0319,0.0333,0.0343,0.0354,0.0374,0.041,0.0464,0.0545,,,,0.1248,,,,,,,,4230.720114200929,0.779885799071053,4246.8609048515955,2.8890951484045218,4267.349514811234,10.150485188765742,4289.252922693905,15.49707730609498,4312.426457706522,11.573542293477658,4338.461719956574,20.53828004342631,4373.234049275164,14.76595072483633,4427.6882237644995,-11.688223764499526,4505.954434816013,-69.95443481601342,4627.106471190576,-164.10647119057558,,,,,,,6079.488140849342,-1534.488140849342,,
2022-08-22,,,,,,,4141.25,4159.0,4186.75,4214.5,4234.0,4269.0,4298.0,4326.0,4346.0,4373.0,,,,4455.0,,4137.990234375,0.0237172,0.0281199,0.0315598,0.0342433,0.0164274264370469,,,,0.0684931506849315,0.3178082191780822,0.5671232876712329,0.8164383561643835,1.0657534246575342,1.3150684931506849,1.5643835616438355,1.832876712328767,2.0821917808219177,2.3315068493150686,,,,3.328767123287671,,,,,0.0233,0.0294,0.0321,0.0335,0.0345,0.0356,0.0375,0.0411,0.0465,0.0545,,,,0.1244,,,,,,,,4139.938545109089,1.3114548909106816,4155.085517131554,3.9144828684457025,4174.933795363601,11.816204636398652,4196.072309011426,18.427690988573886,4218.4641930068055,15.535806993194456,4243.648806586827,25.35119341317295,4276.674865291875,21.325134708125006,4329.4131638507615,-3.4131638507615207,4405.382482696907,-59.38248269690666,4522.100893778993,-149.10089377899294,,,,,,,5927.6377179905985,-1472.6377179905985,,
2022-08-23,,,,,,,4130.5,4148.0,4175.5,4202.75,4223.0,4258.0,4287.0,4315.0,4335.0,4362.0,,,,4444.0,,4128.72998046875,0.0237861,0.028399,0.0321017,0.034933,0.01657038560277066,,,,0.06575342465753424,0.3150684931506849,0.5643835616438356,0.8136986301369863,1.063013698630137,1.3123287671232877,1.5616438356164384,1.83013698630137,2.0794520547945203,2.328767123287671,,,,3.326027397260274,,,,,0.0233,0.0297,0.0327,0.0342,0.0352,0.0363,0.0384,0.0423,0.0484,0.0574,,,,0.1372,,,,,,,,4130.557327905716,-0.05732790571619262,4145.844787899451,2.1552121005488516,4166.4865975607845,9.013402439215497,4188.384262339052,14.36573766094807,4211.3084039792575,11.691596020742509,4237.025921167096,20.974078832903615,4271.905290804916,15.094709195083851,4327.796702631036,-12.796702631036169,4411.249602783337,-76.24960278333674,4540.569808074542,-178.56980807454238,,,,,,,6166.844317876698,-1722.8443178766984,,
2022-08-24,,,,,,,4142.75,4160.5,4188.5,4216.0,4239.0,4271.0,4300.0,4328.0,4348.0,4375.0,,,,4457.0,,4140.77001953125,0.0237641,0.028496,0.031958,0.0346801,0.01660512303018914,,,,0.06301369863013699,0.31232876712328766,0.5616438356164384,0.810958904109589,1.0602739726027397,1.3095890410958904,1.558904109589041,1.8273972602739725,2.0767123287671234,2.326027397260274,,,,3.3232876712328765,,,,,0.0231,0.0297,0.0324,0.0339,0.0349,0.0361,0.0379,0.0412,0.0461,0.0532,,,,0.1152,,,,,,,,4142.465043659496,0.2849563405043227,4157.740062197927,2.759937802073182,4177.666599495149,10.833400504850943,4199.255300117459,16.744699882540772,4221.8750224383275,17.124977561672495,4247.84605057853,23.153949421470315,4280.536862194589,19.463137805410952,4331.120897901613,-3.120897901612807,4402.330854130355,-54.330854130354965,4508.671092126507,-133.67109212650666,,,,,,,5746.212284843691,-1289.2122848436911,,
2022-08-25,,,,,,,4201.0,4219.25,4247.5,4275.25,4300.0,4330.0,4359.0,4387.0,4407.0,4434.0,,,,4516.0,,4199.1201171875,0.0244045,0.0289338,0.0324648,0.0352338,0.0164423647514075,,,,0.06027397260273973,0.3095890410958904,0.5589041095890411,0.8082191780821918,1.0575342465753426,1.3068493150684932,1.5561643835616439,1.8246575342465754,2.073972602739726,2.3232876712328765,,,,3.3205479452054796,,,,,0.0237,0.0301,0.033,0.0344,0.0355,0.0366,0.0385,0.0421,0.0475,0.0556,,,,0.1262,,,,,,,,4200.957409449245,0.04259055075544893,4216.91265363573,2.337346364270161,4238.1596822606,9.340317739400234,4260.509323472374,14.74067652762642,4284.6081860248905,15.391813975109471,4311.2073791214425,18.7926208785575,4345.758508005524,13.241491994475837,4400.382218100507,-13.382218100507089,4478.497864260303,-71.49786426030278,4599.048612073939,-165.04861207393878,,,,,,,6045.598566619876,-1529.5985666198758,,
2022-08-26,,,,,,,4059.5,4076.75,4103.5,4130.5,4156.0,4186.0,4215.0,4243.0,4263.0,4290.0,,,,4372.0,,4057.659912109375,0.0245933,0.0290628,0.0325148,0.0351904,0.01706430634540765,,,,0.057534246575342465,0.30684931506849317,0.5561643835616439,0.8054794520547945,1.0547945205479452,1.3041095890410959,1.5534246575342465,1.821917808219178,2.0712328767123287,2.3205479452054796,,,,3.317808219178082,,,,,0.0238,0.0302,0.033,0.0344,0.0354,0.0365,0.0384,0.0418,0.0471,0.0549,,,,0.1235,,,,,,,,4059.232694202691,0.2673057973088362,4074.048040538677,2.7019594613229856,4093.7822423129223,9.717757687077665,4114.71665914315,15.783340856850373,4136.900435337543,19.09956466245694,4161.8209446661585,24.17905533384146,4194.3979927689625,20.602007231037533,4244.707156558725,-1.7071565587248188,4318.108016971017,-55.108016971016696,4430.028299930492,-140.0282999304918,,,,,,,5776.163167071995,-1404.1631670719953,,
2022-08-29,,,,,,,4031.25,4048.5,4075.75,4102.75,4129.0,4159.0,4188.0,4216.0,4236.0,4263.0,,,,4345.0,,4030.610107421875,0.0245529,0.0290271,0.0325922,0.0354028,0.01748240464910802,,,,0.049315068493150684,0.29863013698630136,0.547945205479452,0.7972602739726027,1.0465753424657533,1.295890410958904,1.5452054794520549,1.8136986301369864,2.063013698630137,2.3123287671232875,,,,3.3095890410958906,,,,,0.0236,0.03,0.033,0.0346,0.0356,0.0367,0.0386,0.0423,0.0478,0.056,,,,0.1285,,,,,,,,4031.8262841536744,-0.5762841536743508,4045.7052531172417,2.794746882758318,4065.027661984996,10.72233801500397,4085.9936188320216,16.75638116797836,4107.765408729459,21.234591270541387,4132.2483497510475,26.7516502489525,4164.302439039139,23.697560960860756,4216.179535319073,-0.17953531907278375,4290.757841797707,-54.75784179770744,4406.069841425475,-143.0698414254748,,,,,,,5820.233451392632,-1475.2334513926317,,
2022-08-30,,,,,,,3987.5,4004.5,4031.25,4058.75,4080.0,4110.0,4139.0,4167.0,4187.0,4214.0,,,,4301.0,,3986.159912109375,0.0251208,0.0294666,0.0330729,0.0358281,0.01757659085352054,,,,0.04657534246575343,0.2958904109589041,0.5452054794520548,0.7945205479452054,1.0438356164383562,1.2931506849315069,1.5424657534246575,1.810958904109589,2.0602739726027397,2.3095890410958906,,,,3.3068493150684932,,,,,0.0241,0.0304,0.0335,0.035,0.036,0.0371,0.039,0.0428,0.0487,0.0576,,,,0.1375,,,,,,,,3987.371211140612,0.12878885938789608,4001.3134240286454,3.186575971354614,4020.916530659806,10.333469340193915,4041.7250605003037,17.024939499696302,4063.559647985225,16.440352014774817,4088.078475784962,21.921524215038062,4120.082610933317,18.917389066683427,4172.464618433751,-5.464618433750729,4250.136453942563,-63.136453942563094,4372.198476977719,-158.1984769777191,,,,,,,5926.281691241712,-1625.281691241712,,
2022-08-31,,,,,,,3956.5,3973.25,4000.25,4027.75,4049.0,4079.0,4108.0,4136.0,4166.0,4193.0,,,,4290.0,,3955.0,0.0252223,0.0297467,0.0334931,0.0363983,0.01719640464572231,,,,0.043835616438356165,0.29315068493150687,0.5424657534246575,0.7917808219178082,1.0410958904109588,1.2904109589041095,1.5397260273972602,1.8082191780821917,2.0575342465753423,2.3068493150684932,,,,3.304109589041096,,,,,0.0241,0.0307,0.0339,0.0355,0.0366,0.0377,0.0397,0.0436,0.0497,0.0588,,,,0.1402,,,,,,,,3956.1970565003667,0.30294349963332934,3970.6872456258084,2.562754374191627,3990.9996152348094,9.250384765190574,4012.7349328827113,15.015067117288709,4035.7074091253885,13.292590874611506,4061.0382412263693,17.961758773630663,4094.440069113165,13.55993088683499,4148.40568736116,-12.405687361159835,4228.544575211811,-62.54457521181121,4353.385536585724,-160.38553658572437,,,,,,,5938.1519183971795,-1648.1519183971795,,
2022-09-01,,,,,,,3968.75,3985.25,4012.25,4039.75,4065.0,4091.0,4120.0,4148.0,4178.0,4205.0,,,,4302.0,,3966.85009765625,0.0259548,0.0302071,0.0337883,0.0365464,0.01666017456353768,,,,0.0410958904109589,0.29041095890410956,0.5397260273972603,0.7890410958904109,1.0383561643835617,1.2876712328767124,1.536986301369863,1.8054794520547945,2.0547945205479454,2.304109589041096,,,,3.3013698630136985,,,,,0.0248,0.031,0.0341,0.0357,0.0367,0.0378,0.0397,0.0434,0.0493,0.0582,,,,0.1381,,,,,,,,3968.1772840353915,0.5727159646085056,3983.4042621259614,1.8457378740386048,4004.365260478816,7.884739521184201,4026.894801417192,12.855198582808043,4050.2590002873867,14.740999712613302,4076.3154261636705,14.684573836329491,4109.840621648791,10.159378351208943,4163.0607413234,-15.06074132340018,4242.023890174774,-64.02389017477435,4365.290170009619,-160.29017000961903,,,,,,,5923.278719586629,-1621.2787195866294,,
2022-09-02,,,,,,,3924.5,3940.5,3966.25,3992.5,4019.0,4045.0,4074.0,4102.0,4122.0,4149.0,,,,4246.0,,3924.260009765625,0.0262365,0.0304686,0.0341229,0.0370132,0.01672225611684182,,,,0.038356164383561646,0.2876712328767123,0.536986301369863,0.7863013698630137,1.0356164383561643,1.284931506849315,1.5342465753424657,1.8027397260273972,2.052054794520548,2.3013698630136985,,,,3.2986301369863016,,,,,0.025,0.0312,0.0345,0.0361,0.0371,0.0383,0.0403,0.0441,0.0502,0.0593,,,,0.1413,,,,,,,,3925.506169968443,-1.0061699684429186,3940.6379693160306,-0.13796931603064877,3961.9019717218985,4.348028278101538,3984.510812435967,7.989187564032818,4007.9557666556298,11.044233344370241,4034.5861196287965,10.413880371203504,4068.8152907313324,5.184709268667575,4122.800837929336,-20.800837929336012,4203.325365723041,-81.3253657230407,4328.257073434733,-179.25707343473277,,,,,,,5918.681481008175,-1672.681481008175,,
2022-09-06,,,,,,,3910.5,3926.75,3953.25,3980.25,4006.0,4032.0,4061.0,4089.0,4109.0,4136.0,,,,4233.0,,3908.18994140625,0.0265367,0.0302112,0.0337003,0.0363514,0.01729058011515526,,,,0.0273972602739726,0.27671232876712326,0.5260273972602739,0.7753424657534247,1.0246575342465754,1.273972602739726,1.5232876712328767,1.7917808219178082,2.041095890410959,2.2904109589041095,,,,3.287671232876712,,,,,0.0252,0.0307,0.0339,0.0356,0.0364,0.0374,0.0392,0.0432,0.0495,0.0592,,,,0.1481,,,,,,,,3909.0369240003824,1.4630759996175584,3922.7184203102997,4.031579689700266,3942.485437544327,10.764562455673058,3964.0665581700678,16.183441829932235,3985.4688032200634,20.531196779936636,4009.6068183140064,22.393181685993568,4040.824217588828,20.175782411171895,4093.9011337253064,-4.9011337253064085,4173.758090859543,-64.75809085954279,4301.931598594155,-165.93159859415482,,,,,,,6008.245062354219,-1775.245062354219,,
2022-09-07,,,,,,,3980.0,3996.75,4023.75,4050.75,4076.0,4102.0,4131.0,4159.0,4179.0,4206.0,,,,4303.0,,3979.8701171875,0.026834,0.0306459,0.0342,0.0368367,0.01706494885516394,,,,0.024657534246575342,0.273972602739726,0.5232876712328767,0.7726027397260274,1.021917808219178,1.2712328767123289,1.5205479452054795,1.789041095890411,2.0383561643835617,2.287671232876712,,,,3.2849315068493152,,,,,0.0254,0.0311,0.0344,0.036,0.0369,0.0378,0.0397,0.0436,0.05,0.0598,,,,0.1501,,,,,,,,3980.688151352823,-0.6881513528228425,3995.2030516936416,1.5469483063584448,4016.1366308457623,7.613369154237716,4038.5206827561938,12.229317243806236,4061.3644024834553,14.635597516544749,4086.170664390495,15.829335609505051,4119.232523887692,11.767476112308032,4173.360063064653,-14.360063064653332,4256.224711570184,-77.2247115701839,4388.611684273727,-182.6116842737274,,,,,,,6161.130083987415,-1858.1300839874148,,
2022-09-08,,,,,,,4005.5,4022.25,4049.75,4076.75,4105.0,4133.0,4162.0,4190.0,4210.0,4237.0,,,,4334.0,,4006.179931640625,0.027475,0.031338,0.0348191,0.0371345,0.01667639560731904,,,,0.021917808219178082,0.27123287671232876,0.5205479452054794,0.7698630136986301,1.0191780821917809,1.2684931506849315,1.5178082191780822,1.7863013698630137,2.0356164383561643,2.2849315068493152,,,,3.282191780821918,,,,,0.026,0.0317,0.035,0.0365,0.0372,0.0379,0.0396,0.0434,0.0497,0.0596,,,,0.1512,,,,,,,,4006.9986900750005,-1.498690075000468,4022.5380020460047,-0.288002046004749,4044.5749570543485,5.175042945651512,4067.7890121656797,8.960987834320349,4090.8605835057965,14.139416494203488,4115.49923923428,17.50076076571986,4148.022799813956,13.977200186043774,4202.058662360386,-12.058662360385824,4284.747156798405,-74.74715679840483,4419.009817648298,-182.00981764829794,,,,,,,6229.963166085154,-1895.9631660851537,,
2022-09-09,,,,,,,4067.25,4085.5,4114.25,4143.25,4170.0,4198.0,4227.0,4255.0,4275.0,4302.0,,,,4399.0,,4067.360107421875,0.0277883,0.0315875,0.0349856,0.0372099,0.01630141862160945,,,,0.019178082191780823,0.2684931506849315,0.5178082191780822,0.7671232876712328,1.0164383561643835,1.2657534246575342,1.515068493150685,1.7835616438356163,2.032876712328767,2.282191780821918,,,,3.2794520547945205,,,,,0.0262,0.0319,0.0351,0.0366,0.0372,0.038,0.0396,0.0433,0.0494,0.0589,,,,0.1483,,,,,,,,4068.1323113049257,-0.882311304925679,4084.430389332656,1.0696106673440227,4107.145356387642,7.104643612357904,4131.190744324812,12.05925567518807,4154.683642649207,15.316357350792714,4180.61857669364,17.381423306360375,4213.4977125093865,13.502287490613526,4268.010531294376,-13.010531294376051,4350.450931093041,-75.45093109304071,4482.640629671637,-180.64062967163682,,,,,,,6270.6322424920345,-1871.6322424920345,,
2022-09-12,,,,,,,4110.75,4130.0,4159.0,4188.5,4215.0,4243.0,4272.0,4300.0,4320.0,4347.0,,,,4444.0,,4110.41015625,0.0280624,0.0318154,0.0352891,0.0375461,0.01662998211127025,,,,0.010958904109589041,0.2602739726027397,0.5095890410958904,0.7589041095890411,1.0082191780821919,1.2575342465753425,1.5068493150684932,1.7753424657534247,2.0246575342465754,2.2739726027397262,,,,3.271232876712329,,,,,0.0263,0.032,0.0354,0.0369,0.0376,0.0383,0.0399,0.0436,0.05,0.06,,,,0.1541,,,,,,,,4110.845770999644,-0.09577099964371882,4126.886439239539,3.1135607604610414,4149.914840432218,9.085159567782284,4174.129435489566,14.370564510433724,4198.239171233376,16.7608287666244,4223.962243742116,19.03775625788421,4257.095961985044,14.904038014956313,4312.008635609252,-12.008635609252451,4397.71758815879,-77.71758815879002,4536.451283100052,-189.45128310005202,,,,,,,6444.449774689547,-2000.4497746895468,,
2022-09-13,,,,,,,3931.25,3950.25,3979.75,4010.75,4038.0,4066.0,4100.0,4133.0,4153.0,4185.0,,,,4287.0,,3932.68994140625,0.0284538,0.0320642,0.0355775,0.0378167,0.0174823845501931,,,,0.00821917808219178,0.25753424657534246,0.5068493150684932,0.7561643835616438,1.0054794520547945,1.2547945205479452,1.5041095890410958,1.7726027397260273,2.021917808219178,2.271232876712329,,,,3.2684931506849315,,,,,0.0268,0.0322,0.0356,0.0372,0.0378,0.0385,0.0401,0.044,0.0507,0.0613,,,,0.1616,,,,,,,,3932.9911306861604,-1.7411306861604317,3947.6242616119243,2.6257383880756606,3968.969765803279,10.780234196720812,3991.764699643538,18.985300356462176,4013.8569021679755,24.143097832024523,4037.7856848633187,28.214315136681307,4068.779297178888,31.2207028211119,4121.960307532667,11.039692467333225,4205.894288351467,-52.89428835146737,4344.208870458497,-159.20887045849668,,,,,,,6298.875303433425,-2011.875303433425,,
2022-09-14,,,,,,,3947.5,3965.5,3995.5,4026.75,4054.0,4082.0,4118.0,4154.0,4169.0,4201.0,,,,4303.0,,3946.010009765625,0.0292196,0.0334041,0.0375262,0.0402021,0.01649626174728353,,,,0.005479452054794521,0.2547945205479452,0.5041095890410959,0.7534246575342466,1.0027397260273974,1.252054794520548,1.5013698630136987,1.7698630136986302,2.0191780821917806,2.2684931506849315,,,,3.265753424657534,,,,,0.0272,0.0335,0.0376,0.0394,0.0402,0.041,0.0429,0.0475,0.0553,0.0677,,,,0.1851,,,,,,,,3946.2414524885085,1.2585475114915425,3963.143024917445,2.356975082554982,3988.214117488194,7.285882511805994,4014.6942213528746,12.055778647125408,4040.9249924174856,13.075007582514445,4068.949944394852,13.050055605147918,4105.5787565647925,12.421243435207543,4168.5877688383325,-14.587768838332522,4267.621311319708,-98.62131131970818,4432.041325732482,-231.0413257324817,,,,,,,6843.66344679231,-2540.6634467923104,,
2022-09-15,,,,,,,3902.0,3919.25,3949.5,3981.25,4008.0,4036.0,4072.0,4108.0,4123.0,4155.0,,,,4257.0,,3901.35009765625,0.0301842,0.0344483,0.0386109,0.04123789999999999,0.01647677239920434,,,,0.0027397260273972603,0.25205479452054796,0.5013698630136987,0.7506849315068493,1.0,1.2493150684931507,1.4986301369863013,1.7671232876712328,2.0164383561643837,2.265753424657534,,,,3.263013698630137,,,,,0.028,0.0345,0.0386,0.0405,0.0412,0.042,0.0438,0.0484,0.0563,0.0688,,,,0.188,,,,,,,,3901.473267121392,0.5267328786080725,3919.1136284582235,0.1363715417764979,3944.8644419096627,4.635558090337327,3972.34478813411,8.905211865890124,3999.0062778424663,8.993722157533739,4027.7553068260395,8.244693173960513,4064.41606989076,7.5839301092401,4127.760264475988,-19.76026447598815,4227.554763075355,-104.55476307535537,4392.393101740999,-237.39310174099865,,,,,,,6827.819118285008,-2570.819118285008,,
2022-09-16,,,,,,,3871.24,3890.0,3919.25,3950.5,3979.0,4007.0,4043.0,4079.0,4094.0,4126.0,,,,4228.0,,3873.330078125,0.0302438,0.0344668,0.0387122,0.0416214,0.01670409188823425,,,,0.0,0.2493150684931507,0.4986301369863014,0.7479452054794521,0.9972602739726028,1.2465753424657535,1.4958904109589042,1.7643835616438357,2.0136986301369864,2.263013698630137,,,,3.26027397260274,,,,,0.028,0.0345,0.0387,0.0407,0.0416,0.0425,0.0445,0.0492,0.0571,0.0696,,,,0.1882,,,,,,,,3873.330078125,-2.0900781250002183,3890.5534025950365,-0.5534025950364594,3916.045897146696,3.2041028533039935,3943.4747337115978,7.025266288402236,3970.6996859579126,8.300314042087393,3999.9072179113564,7.092782088643617,4037.7768455218193,5.2231544781807315,4101.898307688283,-22.89830768828324,4201.576479683535,-107.57647968353467,4365.875696819118,-239.87569681911828,,,,,,,6774.992555627087,-2546.9925556270873,,
2022-09-19,,,,,,,,3917.25,3947.0,3979.25,4007.0,4035.0,4071.0,4107.0,4122.0,4154.0,,,,4256.0,,3899.889892578125,0.030465,0.0346723,0.0388408,0.0417634,0.01727268753757646,,,,,0.2410958904109589,0.4904109589041096,0.7397260273972602,0.989041095890411,1.2383561643835617,1.4876712328767123,1.7561643835616438,2.0054794520547947,2.254794520547945,,,,3.252054794520548,,,,,,0.0345,0.0387,0.0408,0.0417,0.0426,0.0445,0.049,0.0565,0.0684,,,,0.1808,,,,,,,,,,3916.121513932109,1.1284860678911173,3941.0867451365366,5.913254863463408,3968.3567234622083,10.893276537791735,3995.2571134258533,11.742886574146723,4024.1453526536825,10.854647346317506,4061.0989306554748,9.90106934452524,4123.353119035523,-16.353119035523378,4219.083351494074,-97.08335149407412,4376.415034863092,-222.41503486309193,,,,,,,6637.584389878749,-2381.584389878749,,
2022-09-20,,,,,,,,3872.75,3902.25,3933.0,3962.0,3990.0,4026.0,4062.0,4077.0,4109.0,,,,4211.0,,3855.929931640625,0.0307555,0.0348945,0.0390236,0.0420883,0.01763004057506331,,,,,0.23835616438356164,0.4876712328767123,0.736986301369863,0.9863013698630136,1.2356164383561643,1.484931506849315,1.7534246575342465,2.0027397260273974,2.252054794520548,,,,3.249315068493151,,,,,,0.0346,0.0389,0.041,0.042,0.043,0.045,0.0494,0.0566,0.068,,,,0.1757,,,,,,,,,,3871.558347513449,1.1916524865509928,3896.1346749072413,6.115325092758667,3922.9171395064623,10.082860493537737,3949.734374510544,12.265625489455942,3978.7183476572927,11.281652342707275,4015.8728475415323,10.127152458467663,4076.824740531602,-14.824740531601947,4168.927844787736,-91.92784478773592,4319.104607327347,-210.10460732734737,,,,,,,6444.527405301131,-2233.527405301131,,
2022-09-21,,,,,,,,3806.25,3835.75,3866.5,3896.0,3928.0,3963.0,3995.0,4024.0,4044.0,,,,4141.0,,3789.929931640625,0.0307528,0.0349902,0.0391096,0.0422101,0.01784002117508525,,,,,0.2356164383561644,0.4849315068493151,0.7342465753424657,0.9835616438356164,1.2328767123287672,1.4821917808219178,1.7506849315068493,2.0,2.249315068493151,,,,3.2465753424657535,,,,,,0.0347,0.0389,0.0411,0.0422,0.0432,0.0451,0.0494,0.0564,0.0674,,,,0.171,,,,,,,,,,3805.0153268657814,1.2346731342186104,3828.833465096779,6.916534903220963,3855.212354703732,11.287645296267783,3881.8314755554516,14.168524444548439,3910.2967198516444,17.70328014835559,3946.195885047298,16.804114952702093,4005.222404132586,-10.22240413258578,4093.7748429074923,-69.77484290749226,4236.864700981424,-192.864700981424,,,,,,,6231.349621081212,-2090.349621081212,,
2022-09-22,,,,,,,,3772.0,3801.25,3832.5,3862.0,3894.0,3929.0,3961.0,3990.0,4010.0,,,,4107.0,,3757.989990234375,0.0306364,0.0353962,0.0395724,0.04269949999999999,0.01803385669394766,,,,,0.2328767123287671,0.4821917808219178,0.7315068493150685,0.9808219178082191,1.2301369863013698,1.4794520547945205,1.747945205479452,1.9972602739726026,2.2465753424657535,,,,3.243835616438356,,,,,,0.035,0.0394,0.0415,0.0426,0.0437,0.0456,0.0496,0.0561,0.0662,,,,0.1606,,,,,,,,,,3772.867253446831,-0.8672534468310005,3796.907106922255,4.342893077744975,3823.055155737636,9.444844262363858,3849.638505399223,12.36149460077695,3878.5334662738624,15.46653372613764,3914.4194302034325,14.580569796567488,3971.167476872312,-10.167476872311909,4054.844070569784,-64.84407056978398,4187.454817709526,-177.45481770952574,,,,,,,5967.6031880544115,-1860.6031880544115,,
2022-09-23,,,,,,,,3709.0,3737.5,3768.25,3798.25,3830.0,3865.0,3897.0,3926.0,3946.0,,,,4043.0,,3693.22998046875,0.0303184,0.0351903,0.0396693,0.0432954,0.01847875975358232,,,,,0.23013698630136986,0.4794520547945205,0.7287671232876712,0.9780821917808219,1.2273972602739727,1.4767123287671233,1.7452054794520548,1.9945205479452055,2.243835616438356,,,,3.241095890410959,,,,,,0.0347,0.0394,0.0418,0.0432,0.0445,0.0466,0.051,0.058,0.0688,,,,0.1687,,,,,,,,,,3707.042971080089,1.9570289199109538,3730.462200256548,7.037799743452069,3756.535645487511,11.71435451248908,3783.61844932793,14.631550672069807,3813.089708529538,16.910291470462198,3849.827687497717,15.172312502283148,3908.9064528768417,-11.90645287684174,3996.1337627337034,-70.1337627337034,4134.696796878262,-188.69679687826192,,,,,,,6009.748213318619,-1966.7482133186186,,
2022-09-26,,,,,,,,3670.0,3697.75,3728.0,3758.0,3790.0,3825.0,3857.0,3886.0,3906.0,,,,4003.0,,3655.0400390625,0.0303544,0.035432,0.039931,0.0437816,0.01935598866883908,,,,,0.2219178082191781,0.4712328767123288,0.7205479452054795,0.9698630136986301,1.2191780821917808,1.4684931506849315,1.736986301369863,1.9863013698630136,2.2356164383561645,,,,3.232876712328767,,,,,,0.0347,0.0396,0.0421,0.0436,0.0451,0.0473,0.0514,0.0579,0.0678,,,,0.1582,,,,,,,,,,3667.5070638703814,2.492936129618556,3690.0746619457877,7.675338054212261,3715.432897771647,12.567102228353178,3742.0007101698848,15.99928983011523,3771.5783793456103,18.4216206543897,3808.1466871944567,16.853312805543283,3864.247845350755,-7.247845350755142,3945.860561273828,-59.8605612738279,4073.1199399964166,-167.11993999641663,,,,,,,5725.744694486049,-1722.7446944860494,,
2022-09-27,,,,,,,,3661.0,3688.25,3717.0,3746.25,3780.0,3815.0,3847.0,3876.0,3896.0,,,,3993.0,,3647.2900390625,0.0304685,0.0356455,0.04010329999999999,0.0438748,0.01934999149893234,,,,,0.2191780821917808,0.4684931506849315,0.7178082191780822,0.9671232876712329,1.2164383561643837,1.4657534246575343,1.7342465753424658,1.9835616438356165,2.232876712328767,,,,3.23013698630137,,,,,,0.0348,0.0397,0.0422,0.0437,0.0451,0.0473,0.0513,0.0576,0.0671,,,,0.1541,,,,,,,,,,3659.6618045663304,1.3381954336696253,3682.229003864447,6.020996135553105,3707.605908723756,9.394091276244126,3734.201088571946,12.048911428053998,3763.3432885131506,16.656711486849417,3799.814529315908,15.185470684091797,3855.0872110964583,-8.087211096458304,3934.782812317322,-58.78281231732217,4057.65134098179,-161.65134098178987,,,,,,,5636.399207024459,-1643.3992070244594,,
2022-09-28,,,,,,,,3732.0,3759.5,3788.0,3816.25,3845.0,3880.0,3912.0,3936.0,3956.0,,,,4053.0,,3719.0400390625,0.0303409,0.035532,0.0398129,0.0432615,0.0189333923712065,,,,,0.21643835616438356,0.4657534246575342,0.7150684931506849,0.9643835616438357,1.2136986301369863,1.463013698630137,1.7315068493150685,1.9808219178082191,2.23013698630137,,,,3.2273972602739724,,,,,,0.0346,0.0394,0.0417,0.0431,0.0444,0.0463,0.0501,0.0559,0.0649,,,,0.1473,,,,,,,,,,3731.672168592185,0.3278314078152107,3754.6608950522727,4.8391049477272645,3780.080345312215,7.919654687785169,3806.7334534912898,9.516546508710235,3835.7859983683547,9.21400163164526,3870.962959423571,9.037040576428808,3925.2528735729843,-13.2528735729843,4001.582258725019,-65.58225872501907,4120.511939390225,-164.51193939022505,,,,,,,5628.008326562491,-1575.0083265624908,,
2022-09-29,,,,,,,,3654.25,3680.75,3709.0,3737.0,3766.0,3801.0,3833.0,3857.0,3877.0,,,,3974.0,,3640.469970703125,0.0301962,0.0355891,0.0393799,0.0421171,0.01889111895867897,,,,,0.2136986301369863,0.46301369863013697,0.7123287671232876,0.9616438356164384,1.210958904109589,1.4602739726027398,1.7287671232876711,1.978082191780822,2.2273972602739724,,,,3.2246575342465755,,,,,,0.0346,0.039,0.0408,0.042,0.043,0.0445,0.0474,0.0519,0.0586,,,,0.1208,,,,,,,,,,3652.7114415344995,1.5385584655005005,3674.5235335733937,6.226466426606294,3697.7299796839693,11.270020316030696,3722.27596275709,14.724037242910072,3748.3196653110335,17.680334688966468,3779.1864764444,21.813523555600113,3824.386271123287,8.61372887671314,3886.103815674771,-29.103815674770885,3977.1291462604495,-100.12914626044949,,,,,,,5056.800783932585,-1082.8007839325846,,
2022-09-30,,,,,,,,3601.5,3628.0,3656.0,3684.0,3713.0,3748.0,3780.0,3804.0,3824.0,,,,3921.0,,3585.6201171875,0.0304205,0.0359329,0.0399102,0.0426941,0.01921039766078664,,,,,0.21095890410958903,0.4602739726027397,0.7095890410958904,0.958904109589041,1.2082191780821918,1.4575342465753425,1.726027397260274,1.9753424657534246,2.2246575342465755,,,,3.221917808219178,,,,,,0.0348,0.0395,0.0414,0.0425,0.0435,0.0451,0.0482,0.0531,0.0607,,,,0.1309,,,,,,,,,,3597.431792925191,4.0682070748089245,3619.26226355193,8.737736448069882,3642.524310700124,13.475689299876194,3666.5968021600825,17.40319783991754,3692.4071811304802,20.59281886951976,3723.5086775139725,24.491322486027457,3769.5976908821353,10.402309117864661,3833.871028799064,-29.87102879906388,3932.327898238406,-108.32789823840585,,,,,,,5138.628182947102,-1217.6281829471018,,
2022-10-03,,,,,,,,3690.25,3717.75,3746.0,3773.5,3803.0,3838.0,3870.0,3894.0,3914.0,,,,4011.0,,3678.429931640625,0.0310233,0.0359736,0.0397888,0.04242149999999999,0.01944556508563037,,,,,0.20273972602739726,0.4520547945205479,0.7013698630136986,0.9506849315068493,1.2,1.4493150684931506,1.7178082191780821,1.9671232876712328,2.2164383561643834,,,,3.213698630136986,,,,,,0.0347,0.0393,0.0412,0.0423,0.0431,0.0446,0.0477,0.0528,0.0607,,,,0.1359,,,,,,,,,,3689.8237477888742,0.42625221112575673,3711.5935200279005,6.1564799720995325,3734.9854282269885,11.01457177301154,3759.227104735241,14.272895264758972,3784.339375073671,18.660624926329092,3815.0078167673673,22.99218323263267,3861.368725235213,8.631274764787122,3927.8739419148837,-33.873941914883744,4030.634968768289,-116.63496876828913,,,,,,,5348.0685128515215,-1337.0685128515215,,
2022-10-04,,,,,,,,3803.25,3832.25,3862.0,3890.75,3920.0,3955.0,3987.0,4011.0,4031.0,,,,4128.0,,3790.929931640625,0.0310804,0.0361234,0.0397601,0.0420033,0.01871493308484756,,,,,0.2,0.44931506849315067,0.6986301369863014,0.947945205479452,1.1972602739726028,1.4465753424657535,1.715068493150685,1.9643835616438357,2.213698630136986,,,,3.210958904109589,,,,,,0.0348,0.0393,0.041,0.0419,0.0426,0.0438,0.0466,0.0513,0.0586,,,,0.1289,,,,,,,,,,3803.1450415161253,0.10495848387472506,3826.1555808694557,6.094419130544338,3850.4128368363595,11.587163163640525,3875.169975805547,15.580024194453017,3900.9027289215687,19.097271078431277,3931.0194442293237,23.980555770676347,3976.6356718529823,10.364328147017659,4041.520260727963,-30.520260727962977,4140.8656970252205,-109.86569702522047,,,,,,,5400.065457507852,-1272.0654575078524,,
2022-10-05,,,,,,,,3794.0,3823.0,3853.0,3883.0,3911.0,3946.0,3978.0,4002.0,4022.0,,,,4119.0,,3783.280029296875,0.0312571,0.0366548,0.0401857,0.0424175,0.01851838315539318,,,,,0.19726027397260273,0.4465753424657534,0.6958904109589041,0.9452054794520548,1.1945205479452055,1.4438356164383561,1.7123287671232876,1.9616438356164383,2.210958904109589,,,,3.208219178082192,,,,,,0.0352,0.0398,0.0413,0.0423,0.043,0.0443,0.0467,0.0505,0.0565,,,,0.1122,,,,,,,,,,3795.7498729043605,-1.7498729043604726,3819.407138842801,3.5928611571989677,3843.736247559988,9.263752440012013,3869.2855613894194,13.7144386105806,3895.551107606341,15.448892393659207,3926.7644147174133,19.235585282586726,3970.3234272998197,7.676572700180259,4028.2333595436735,-26.233359543673487,4114.705071291842,-92.7050712918417,,,,,,,5109.709359470067,-990.7093594700673,,
2022-10-06,,,,,,,,3756.75,3785.5,3815.75,3846.25,3874.0,3909.0,3941.0,3965.0,3985.0,,,,4082.0,,3744.52001953125,0.0326831,0.0372191,0.04082810000000001,0.04311499999999999,0.01770695548426384,,,,,0.19452054794520549,0.4438356164383562,0.6931506849315069,0.9424657534246575,1.1917808219178083,1.441095890410959,1.7095890410958905,1.9589041095890412,2.208219178082192,,,,3.2054794520547945,,,,,,0.0359,0.0403,0.0421,0.043,0.0436,0.0449,0.0479,0.0529,0.061,,,,0.1393,,,,,,,,,,3757.795055815922,-1.0450558159218417,3782.2574520726794,3.2425479273206292,3808.3708474199493,7.379152580050686,3834.8536458190247,11.396354180975322,3861.8729150431186,12.12708495688139,3894.1725891187375,14.827410881262495,3942.878897354076,-1.8788973540758889,4011.7728169311813,-46.772816931181296,4120.168144305256,-135.16814430525574,,,,,,,5529.279118861627,-1447.2791188616266,,
2022-10-07,,,,,,,,3653.25,3681.75,3711.75,3742.0,3772.5,3807.5,3840.0,3870.0,3900.0,,,,3997.0,,3639.659912109375,0.0327413,0.0373895,0.0409752,0.043322,0.01827548692710338,,,,,0.1917808219178082,0.4410958904109589,0.6904109589041096,0.9397260273972603,1.189041095890411,1.4383561643835616,1.7068493150684931,1.9561643835616438,2.2054794520547945,,,,3.202739726027397,,,,,,0.0359,0.0404,0.0422,0.0432,0.0439,0.0452,0.048,0.0528,0.0603,,,,0.1331,,,,,,,,,,3651.9829357588715,1.267064241128537,3675.353352336642,6.396647663358181,3700.2781502079947,11.471849792005287,3725.915003531809,16.084996468191093,3752.2619531720475,20.23804682795253,3783.3780928401593,24.121907159840703,3829.0836217878214,10.916378212178643,3893.9570199300547,-23.957019930054685,3993.126254779648,-93.1262547796482,,,,,,,5257.4350570805345,-1260.4350570805345,,
2022-10-11,,,,,,,,3599.25,3627.0,3657.0,3687.0,3718.0,3752.0,3784.0,3814.0,3844.0,,,,3941.0,,3588.840087890625,0.0328944,0.0378424,0.0417138,0.0444085,0.01953428898392196,,,,,0.18082191780821918,0.4301369863013699,0.6794520547945205,0.9287671232876712,1.178082191780822,1.4273972602739726,1.6958904109589041,1.9452054794520548,2.1945205479452055,,,,3.191780821917808,,,,,,0.036,0.041,0.0431,0.0442,0.045,0.0465,0.0495,0.0545,0.0624,,,,0.138,,,,,,,,,,3599.5412847572575,-0.29128475725747194,3622.130002369633,4.869997630366925,3646.766285644921,10.233714355078973,3672.004713766208,14.99528623379183,3698.139131297898,19.860868702101925,3729.6702951372386,22.329704862761446,3775.9334247416355,8.066575258364537,3841.4294412607,-27.42944126070006,3942.8299962129363,-98.8299962129363,,,,,,,5238.030869662659,-1297.030869662659,,
2022-10-12,,,,,,,,3588.5,3616.5,3646.0,3675.25,3707.0,3741.0,3773.0,3803.0,3833.0,,,,3930.0,,3577.030029296875,0.0330238,0.038271,0.0419869,0.04458719999999999,0.01976121557815274,,,,,0.1780821917808219,0.4273972602739726,0.6767123287671233,0.9260273972602739,1.1753424657534246,1.4246575342465753,1.6931506849315068,1.9424657534246574,2.191780821917808,,,,3.1890410958904107,,,,,,0.0362,0.0413,0.0432,0.0443,0.0452,0.0466,0.0492,0.0534,0.0599,,,,0.1212,,,,,,,,,,3587.5169654091087,0.9830345908912932,3610.110830344318,6.389169655682053,3634.2187725273366,11.781227472663431,3659.2435364403473,16.00646355965273,3685.595593193274,21.404406806726,3716.450075110897,24.54992488910284,3759.8428200724375,13.157179927562538,3818.566315428127,-15.566315428126927,3905.9782858439494,-72.97828584394938,,,,,,,4943.261359443553,-1013.2613594435534,,
2022-10-13,,,,,,,,3681.75,3711.75,3744.25,3777.0,3802.0,3836.0,3868.0,3898.0,3928.0,,,,4025.0,,3669.909912109375,0.0337566,0.0386361,0.0423993,0.0447309,0.01887842875485692,,,,,0.17534246575342466,0.4246575342465753,0.673972602739726,0.9232876712328767,1.1726027397260275,1.4219178082191781,1.6904109589041096,1.9397260273972603,2.1890410958904107,,,,3.186301369863014,,,,,,0.0366,0.0416,0.0436,0.0445,0.0452,0.0464,0.0493,0.0542,0.0622,,,,0.14,,,,,,,,,,3681.3313205846953,0.4186794153047231,3705.491842965565,6.258157034435044,3731.5689542144814,12.681045785518563,3757.7606024054553,19.239397594544698,3784.94691318321,17.0530868167898,3816.3731212815032,19.626878718496755,3863.5717214603924,4.428278539607618,3930.1645126444087,-32.16451264440866,4034.9738239435233,-106.97382394352326,,,,,,,5398.369389349672,-1373.369389349672,,
2022-10-14,,,,,,,,3597.5,3626.5,3658.75,3691.5,3722.0,3758.0,3793.0,3823.0,3853.0,,,,3950.0,,3583.070068359375,0.0341566,0.0392854,0.0435433,0.04644300000000001,0.01939937653205105,,,,,0.1726027397260274,0.42191780821917807,0.6712328767123288,0.9205479452054794,1.16986301369863,1.4191780821917808,1.6876712328767123,1.936986301369863,2.186301369863014,,,,3.1835616438356165,,,,,,0.0371,0.0426,0.045,0.0462,0.0471,0.0486,0.052,0.0577,0.067,,,,0.1575,,,,,,,,,,3594.0337178282566,3.466282171743387,3618.316093652544,8.183906347455832,3645.1735374301616,13.57646256983844,3672.5683962091284,18.931603790871577,3701.084662672111,20.91533732788912,3734.675293733472,23.32470626652821,3785.7314894600304,7.268510539969611,3858.9988204866568,-35.99882048665677,3976.051741660735,-123.05174166073493,,,,,,,5561.522166647664,-1611.5221666476637,,
2022-10-17,,,,,,,,3689.25,3719.5,3752.25,3786.0,3816.0,3852.0,3887.0,3917.0,3947.0,,,,4044.0,,3677.949951171875,0.0346705,0.0395504,0.0439351,0.0468961,0.01982932321036503,,,,,0.1643835616438356,0.4136986301369863,0.663013698630137,0.9123287671232877,1.1616438356164382,1.4109589041095891,1.6794520547945206,1.9287671232876713,2.1780821917808217,,,,3.175342465753425,,,,,,0.0372,0.0428,0.0454,0.0466,0.0474,0.049,0.0526,0.0589,0.0691,,,,0.1705,,,,,,,,,,3688.46717561538,0.7828243846201985,3713.0678772134215,6.432122786578475,3740.8364174945586,11.413582505441354,3768.8849068040704,17.115093195929603,3797.6514082713497,18.348591728650263,3832.4877853072207,19.512214692779253,3886.0464301477678,0.9535698522322491,3965.8244102203266,-48.82441022032663,4094.6084747056407,-147.60847470564067,,,,,,,5934.522185033729,-1890.5221850337293,,
2022-10-18,,,,,,,,3732.75,3763.5,3796.25,3830.0,3860.0,3896.0,3931.0,3961.0,3991.0,,,,4088.0,,3719.97998046875,0.0347647,0.0396332,0.0439987,0.0468955,0.01984893586940551,,,,,0.16164383561643836,0.410958904109589,0.6602739726027397,0.9095890410958904,1.158904109589041,1.4082191780821918,1.6767123287671233,1.926027397260274,2.175342465753425,,,,3.1726027397260275,,,,,,0.0372,0.0428,0.0454,0.0466,0.0474,0.0489,0.0524,0.0587,0.0689,,,,0.1705,,,,,,,,,,3730.4280255644458,2.321974435554239,3755.2326130201427,8.267386979857292,3783.2710376103955,12.978962389604476,3811.606529105245,18.393470894754955,3840.671911018266,19.3280889817338,3875.321210214855,20.678789785145,3928.6547214591,2.345278540899926,4009.0187098222486,-48.01870982224864,4138.863153276999,-147.86315327699867,,,,,,,5999.488799287195,-1911.4887992871954,,
2022-10-19,,,,,,,,3707.25,3738.0,3771.0,3805.25,3835.0,3871.0,3906.0,3936.0,3966.0,,,,4063.0,,3695.159912109375,0.0349047,0.0398771,0.044052,0.0468495,0.0203039600707067,,,,,0.1589041095890411,0.40821917808219177,0.6575342465753424,0.9068493150684932,1.1561643835616437,1.4054794520547946,1.673972602739726,1.9232876712328768,2.1726027397260275,,,,3.16986301369863,,,,,,0.0373,0.0429,0.0454,0.0466,0.0474,0.0488,0.052,0.0576,0.0667,,,,0.1563,,,,,,,,,,3705.1530688639773,2.096931136022704,3729.402258064595,8.597741935404883,3756.641488668785,14.35851133121514,3784.3357542518934,20.914245748106623,3812.7522654761956,22.24773452380441,3846.156854060458,24.843145939541955,3896.513324462896,9.48667553710402,3969.955339812378,-33.95533981237804,4087.052274360488,-121.0522743604879,,,,,,,5686.60067341027,-1623.6006734102702,,
2022-10-20,,,,,,,,3675.25,3705.75,3738.75,3773.0,3803.0,3839.0,3874.0,3904.0,3934.0,,,,4031.0,,3665.780029296875,0.0357844,0.0403748,0.0446654,0.0475199,0.02009645043562447,,,,,0.15616438356164383,0.4054794520547945,0.6547945205479452,0.9041095890410958,1.1534246575342466,1.4027397260273973,1.6712328767123288,1.9205479452054794,2.16986301369863,,,,3.1671232876712327,,,,,,0.0379,0.0434,0.0461,0.0472,0.048,0.0494,0.0529,0.0592,0.0695,,,,0.1727,,,,,,,,,,3675.9861067577267,-0.7361067577267022,3700.5825574129453,5.167442587054666,3728.7316158924987,10.018384107501333,3756.718074643789,16.281925356211104,3785.6809824064326,17.319017593567423,3819.602645804809,19.39735419519093,3872.3575794021995,1.6424205978005375,3951.6822979677227,-47.68229796772266,4080.5838539765236,-146.58385397652364,,,,,,,5943.840066283118,-1912.8400662831182,,
2022-10-21,,,,,,,,3764.0,3794.75,3827.25,3861.0,3891.0,3927.0,3962.0,3992.0,4022.0,,,,4119.0,,3752.75,0.0359757,0.0406,0.0449396,0.0479414,0.01984544429323259,,,,,0.15342465753424658,0.40273972602739727,0.6520547945205479,0.9013698630136986,1.1506849315068493,1.4,1.6684931506849314,1.917808219178082,2.1671232876712327,,,,3.164383561643836,,,,,,0.038,0.0436,0.0464,0.0476,0.0485,0.0499,0.0535,0.0597,0.07,,,,0.1719,,,,,,,,,,3763.2173174132945,0.782682586705505,3788.8244815917765,5.925518408223525,3818.294778616443,8.955221383556818,3847.817192904687,13.18280709531291,3878.549602764587,12.45039723541322,3914.021188784965,12.978811215034966,3969.5045969266084,-7.5045969266084285,4050.832028134441,-58.83202813444086,4183.633010052533,-161.63301005253288,,,,,,,6071.75591667739,-1952.75591667739,,
2022-10-24,,,,,,,,3809.25,3841.0,3875.0,3909.75,3937.0,3973.0,4008.0,4038.0,4068.0,,,,4165.0,,3797.340087890625,0.0362737,0.040455,0.04453,0.0473848,0.02073088899782633,,,,,0.14520547945205478,0.39452054794520547,0.6438356164383562,0.8931506849315068,1.1424657534246576,1.3917808219178083,1.6602739726027398,1.9095890410958904,2.158904109589041,,,,3.1561643835616437,,,,,,0.0379,0.0431,0.0458,0.0471,0.0478,0.0492,0.0525,0.0584,0.0681,,,,0.1656,,,,,,,,,,3806.8188533837424,2.4311466162575925,3831.000202944827,9.999797055173076,3859.1279231211083,15.872076878891676,3887.834949029813,21.915050970187167,3916.60958220194,20.390417798059843,3950.821798288205,22.178201711794827,4003.008778118111,4.991221881889032,4080.5564597949897,-42.55645979498968,4206.227701729002,-138.22770172900164,,,,,,,5998.632779549004,-1833.6327795490042,,
2022-10-25,,,,,,,,3870.25,3902.0,3936.5,3972.0,4005.0,4041.0,4076.0,4105.0,4135.0,,,,4232.0,,3859.110107421875,0.0364614,0.0405391,0.0444628,0.04717030000000001,0.02085119508187981,,,,,0.14246575342465753,0.3917808219178082,0.6410958904109589,0.8904109589041096,1.1397260273972603,1.389041095890411,1.6575342465753424,1.906849315068493,2.1561643835616437,,,,3.1534246575342464,,,,,,0.038,0.0431,0.0457,0.0469,0.0476,0.0489,0.052,0.0577,0.0669,,,,0.1602,,,,,,,,,,3868.549893080965,1.700106919035079,3892.895673779788,9.104326220211988,3921.0798252503273,15.420174749672697,3949.6649642741677,22.335035725832313,3978.571852798998,26.428147201002048,4012.4320651176945,28.567934882305508,4063.5900256441855,12.409974355814484,4140.024613868214,-35.024613868214146,4261.944058091354,-126.94405809135424,,,,,,,5988.629405699581,-1756.6294056995812,,
2022-10-26,,,,,,,,3841.0,3872.5,3906.0,3940.25,3976.0,4012.0,4047.0,4076.0,4106.0,,,,4203.0,,3830.60009765625,0.0366853,0.0407731,0.0445188,0.0470996,0.02135680579212542,,,,,0.13972602739726028,0.38904109589041097,0.6383561643835617,0.8876712328767123,1.1369863013698631,1.3863013698630138,1.6547945205479453,1.904109589041096,2.1534246575342464,,,,3.1506849315068495,,,,,,0.0382,0.0432,0.0457,0.0468,0.0475,0.0487,0.0516,0.0568,0.0652,,,,0.1501,,,,,,,,,,3839.6257733563752,1.3742266436247519,3863.290859728479,9.209140271520937,3890.5911103079848,15.408889692015237,3918.0993085658934,22.150691434106648,3946.171735504206,29.828264495793974,3978.58958939486,33.41041060513999,4027.185506295532,19.814493704468077,4098.041597045751,-22.041597045750677,4209.881457154795,-103.88145715479459,,,,,,,5746.843320981419,-1543.8433209814193,,
2022-10-27,,,,,,,,3819.5,3850.25,3883.0,3917.0,3953.0,3989.0,4024.0,4053.0,4083.0,,,,4180.0,,3807.300048828125,0.0372872,0.0409421,0.0445297,0.0469673,0.0217065371628478,,,,,0.136986301369863,0.3863013698630137,0.6356164383561644,0.8849315068493151,1.1342465753424658,1.3835616438356164,1.652054794520548,1.9013698630136986,2.1506849315068495,,,,3.147945205479452,,,,,,0.0385,0.0432,0.0456,0.0467,0.0473,0.0484,0.0513,0.0565,0.0651,,,,0.1522,,,,,,,,,,3816.068727168786,3.431272831213846,3839.0434863091523,11.206513690847714,3865.563113682232,17.436886317767858,3892.446156707568,24.553843292431793,3919.4431373040484,33.55686269595162,3950.5402458010676,38.45975419893239,3998.0642700270923,25.935729972907666,4067.6910585591654,-14.691058559165413,4179.727094368634,-96.72709436863443,,,,,,,5741.419962770259,-1561.4199627702592,,
2022-10-28,,,,,,,,3911.25,3943.5,3978.0,4010.0,4046.0,4082.0,4117.0,4146.0,4176.0,,,,4273.0,,3901.06005859375,0.0374401,0.0408839,0.0443438,0.0465067,0.02084861100620627,,,,,0.13424657534246576,0.3835616438356164,0.6328767123287671,0.8821917808219178,1.1315068493150684,1.3808219178082193,1.6493150684931508,1.8986301369863015,2.147945205479452,,,,3.1452054794520548,,,,,,0.0385,0.043,0.0454,0.0463,0.0468,0.0477,0.0505,0.0556,0.0643,,,,0.1536,,,,,,,,,,3910.3151220336877,0.9348779663123423,3934.3463225354085,9.15367746459151,3962.1481030053624,15.851896994637627,3989.641320616348,20.35867938365209,4017.309903886167,28.69009611383308,4048.414457718179,33.585542281820835,4096.581349790073,20.418650209927364,4167.133379900855,-21.13337990085529,4282.682342206803,-106.68234220680279,,,,,,,5922.618836836795,-1649.6188368367948,,
2022-10-31,,,,,,,,3883.0,3915.0,3949.75,3984.75,4021.0,4057.0,4092.0,4121.0,4151.0,,,,4248.0,,3871.97998046875,0.0376059,0.0410874,0.0446313,0.04688030000000001,0.02210049211905238,,,,,0.12602739726027398,0.37534246575342467,0.6246575342465753,0.873972602739726,1.1232876712328768,1.3726027397260274,1.641095890410959,1.8904109589041096,2.1397260273972605,,,,3.136986301369863,,,,,,0.0385,0.0431,0.0456,0.0466,0.0471,0.0481,0.0509,0.0561,0.0649,,,,0.1557,,,,,,,,,,3879.9908149911794,3.009185008820623,3902.6195460507483,12.38045394925166,3929.23654525768,20.513454742319936,3955.780384703491,28.96961529650889,3982.252595887962,38.74740411203811,4012.6545097453413,44.34549025465867,4059.3739129804408,32.626087019559236,4129.015667351006,-8.015667351006414,4243.3167679818725,-92.31676798187254,,,,,,,5887.70233222559,-1639.70233222559,,
2022-11-01,,,,,,,,3866.0,3898.25,3933.0,3969.75,4005.25,4041.0,4080.5,4113.5,4140.5,,,,4231.5,,3856.10009765625,0.0378625,0.0414091,0.0451515,0.0476941,0.02273765606631144,,,,,0.1232876712328767,0.3726027397260274,0.6219178082191781,0.8712328767123287,1.1205479452054794,1.36986301369863,1.6383561643835616,1.8876712328767122,2.136986301369863,,,,3.1342465753424658,,,,,,0.0387,0.0435,0.0462,0.0474,0.048,0.0491,0.0521,0.0576,0.0668,,,,0.1616,,,,,,,,,,3863.6962212009635,2.303778799036536,3886.0469844516165,12.203015548383519,3912.7794759271887,20.22052407281126,3939.8512949493484,29.898705050651643,3966.8169723997094,38.43302760029064,3997.8996481734075,43.10035182659249,4046.135841818815,34.36415818118485,4118.400991223751,-4.90099122375068,4236.836832438414,-96.3368324384137,,,,,,,5958.895596257908,-1727.3955962579084,,
2022-11-02,,,,,,,,3768.75,3799.75,3833.75,3870.0,3906.0,3942.0,3981.0,4014.0,4041.0,,,,4132.0,,3759.68994140625,0.0378215,0.0416569,0.0453205,0.048013,0.02375872902754418,,,,,0.12054794520547946,0.3698630136986301,0.6191780821917808,0.8684931506849315,1.1178082191780823,1.367123287671233,1.6356164383561644,1.884931506849315,2.1342465753424658,,,,3.1315068493150684,,,,,,0.0387,0.0437,0.0463,0.0476,0.0484,0.0496,0.0524,0.0573,0.0653,,,,0.1463,,,,,,,,,,3766.467769596696,2.2822304033038563,3787.52219236452,12.227807635480076,3812.532065574029,21.21793442597118,3838.349560107195,31.650439892805025,3864.687043500838,41.31295649916183,3894.8871074619224,47.11289253807763,3940.007493563092,40.992506436908116,4005.06371815476,8.936281845240046,4108.244494286083,-67.24449428608295,,,,,,,5518.3302356319,-1386.3302356319,,
2022-11-03,,,,,,,,3727.75,3758.5,3792.75,3828.25,3865.0,3901.0,3940.0,3973.0,4000.0,,,,4091.0,,3719.889892578125,0.0379387,0.0418419,0.04554,0.04828909999999999,0.02349317786477614,,,,,0.1178082191780822,0.36712328767123287,0.6164383561643836,0.8657534246575342,1.115068493150685,1.3643835616438356,1.632876712328767,1.8821917808219177,2.1315068493150684,,,,3.128767123287671,,,,,,0.0388,0.0439,0.0466,0.0478,0.0487,0.0499,0.0527,0.0575,0.0655,,,,0.1458,,,,,,,,,,3726.6039081751674,1.146091824832638,3747.8632916997767,10.63670830022329,3773.254910788085,19.495089211915,3798.999655728196,29.250344271803897,3825.9293391578585,39.07066084214148,3856.357569444845,44.64243055515499,3901.5940827197524,38.40591728024765,3965.7755311287674,7.224468871232602,4068.327161676582,-68.32716167658191,,,,,,,5454.078258397247,-1363.0782583972468,,
2022-11-04,,,,,,,,3779.5,3810.25,3844.5,3879.5,3916.0,3952.0,3991.0,4024.0,4051.0,,,,4142.0,,3770.550048828125,0.0380666,0.0420653,0.0459928,0.04935100000000001,0.02185324393866866,,,,,0.11506849315068493,0.3643835616438356,0.6136986301369863,0.863013698630137,1.1123287671232878,1.3616438356164384,1.63013698630137,1.8794520547945206,2.128767123287671,,,,3.126027397260274,,,,,,0.0389,0.0442,0.0471,0.0487,0.0499,0.0514,0.0544,0.0595,0.0675,,,,0.1466,,,,,,,,,,3777.953409299957,1.546590700042998,3801.378191405895,8.871808594105005,3829.425500122764,15.074499877236121,3858.930260984662,20.5697390153382,3890.0348091376536,25.96519086234639,3925.340309827438,26.659690172562023,3976.0010910488336,14.998908951166413,4047.0012120982706,-23.00121209827057,4155.331489333066,-104.3314893330662,,,,,,,5568.817144457017,-1426.817144457017,,
2022-11-07,,,,,,,,3815.25,3846.75,3881.75,3914.75,3952.0,3988.0,4027.0,4060.0,4087.0,,,,4178.0,,3806.800048828125,0.0380132,0.04210270000000001,0.0459875,0.049295,0.02321157386241539,,,,,0.10684931506849316,0.3561643835616438,0.6054794520547945,0.8547945205479452,1.104109589041096,1.3534246575342466,1.621917808219178,1.8712328767123287,2.1205479452054794,,,,3.117808219178082,,,,,,0.0386,0.0441,0.047,0.0486,0.0498,0.0512,0.0542,0.0589,0.0666,,,,0.1417,,,,,,,,,,3813.06450110088,2.1854988991199207,3835.227163910726,11.522836089273824,3862.027703226828,19.72229677317182,3890.3177635822926,24.432236417707372,3920.211044746212,31.788955253788117,3953.768521247138,34.23147875286213,4003.0222336580523,23.9777663419477,4069.704166094199,-9.704166094199081,4173.671866706561,-86.67186670656065,,,,,,,5508.063684224564,-1330.063684224564,,
2022-11-08,,,,,,,,3835.25,3867.0,3902.0,3935.25,3972.0,4008.0,4052.0,4080.0,4115.0,,,,4248.0,,3828.110107421875,0.0379885,0.04220189999999999,0.0460478,0.0492878,0.02349633716519458,,,,,0.10410958904109589,0.35342465753424657,0.6027397260273972,0.852054794520548,1.1013698630136985,1.3506849315068492,1.6191780821917807,1.8684931506849316,2.117808219178082,,,,3.115068493150685,,,,,,0.0385,0.0441,0.047,0.0486,0.0497,0.0512,0.054,0.0586,0.0658,,,,0.1374,,,,,,,,,,3834.094384349087,1.1556156509132052,3856.0875422363138,10.912457763686234,3882.727335293741,19.272664706259093,3910.8742140019604,24.375785998039646,3940.1987311586677,31.80126884133233,3974.06760896645,33.932391033550175,4021.930853604562,30.06914639543811,4087.617125797332,-7.617125797331937,4186.907027387756,-71.90702738775599,,,,,,,5458.581449529938,-1210.5814495299383,,
2022-11-09,,,,,,,,3755.5,3786.0,3818.25,3854.0,3891.0,3927.0,3971.0,3999.0,4034.0,,,,4167.0,,3748.570068359375,0.037958,0.04257590000000001,0.0462225,0.04917589999999999,0.02241362773587593,,,,,0.10136986301369863,0.3506849315068493,0.6,0.8493150684931506,1.0986301369863014,1.347945205479452,1.6164383561643836,1.8657534246575342,2.115068493150685,,,,3.1123287671232878,,,,,,0.0385,0.0445,0.0471,0.0485,0.0496,0.0509,0.0534,0.0572,0.0631,,,,0.1209,,,,,,,,,,3754.687748294159,0.8122517058409358,3777.71681560401,8.283184395989792,3804.506463406229,13.743536593770841,3832.5485559420295,21.451444057970548,3862.220279458446,28.77972054155407,3895.3071007272533,31.692899272746672,3941.1084365000943,29.891563499905715,3999.931537475387,-0.9315374753869037,4085.4378861353125,-51.43788613531251,,,,,,,5093.149603082018,-926.1496030820181,,
2022-11-10,,,,,,,,3961.0,3993.5,4028.75,4060.0,4097.0,4133.0,4162.0,4190.0,4210.0,,,,4331.0,,3956.3701171875,0.0379425,0.04265310000000001,0.0462164,0.0490852,0.02113412049457533,,,,,0.09863013698630137,0.34794520547945207,0.5972602739726027,0.8465753424657534,1.095890410958904,1.3452054794520547,1.6136986301369862,1.8630136986301369,2.1123287671232878,,,,3.1095890410958904,,,,,,0.0384,0.0445,0.047,0.0484,0.0495,0.0508,0.0531,0.0566,0.0621,,,,0.1148,,,,,,,,,,3963.113302507091,-2.1133025070907934,3988.6666956636845,4.83330433631545,4017.965299540918,10.78470045908216,4048.755658538543,11.244341461457225,4081.2889725715263,15.711027428473699,4117.448483882002,15.55151611799829,4165.808039117531,-3.808039117530825,4226.610565796869,-36.610565796869196,4313.977677725098,-103.97767772509815,,,,,,,5294.080768281618,-963.0807682816176,,
2022-11-14,,,,,,,,3966.0,3999.0,4034.75,4069.0,4107.0,4141.0,4177.0,4205.0,4230.0,,,,4335.0,,3957.25,0.0381087,0.04225399999999999,0.0452692,0.0472082,0.02125630962158062,,,,,0.08767123287671233,0.336986301369863,0.5863013698630137,0.8356164383561644,1.084931506849315,1.3342465753424657,1.6027397260273972,1.8520547945205479,2.1013698630136988,,,,3.0986301369863014,,,,,,0.0382,0.0437,0.0458,0.0468,0.0474,0.0482,0.05,0.053,0.0579,,,,0.1084,,,,,,,,,,3963.132761139977,2.867238860023008,3987.293005006657,11.70699499334296,4014.6065150562717,20.143484943728254,4042.624327750484,26.3756722495159,4071.100894714813,35.899105285187034,4102.099296461767,38.90070353823285,4143.819694623154,33.18030537684626,4196.875809222096,8.124190777904005,4274.004826706021,-44.00482670602105,,,,,,,5183.9919429739,-848.9919429739002,,
2022-11-15,,,,,,,,3999.5,4033.0,4068.5,4103.0,4141.0,4175.0,4211.0,4239.0,4264.0,,,,4369.0,,3991.72998046875,0.0386387,0.04247049999999999,0.0455974,0.0478369,0.02098762184936185,,,,,0.08493150684931507,0.33424657534246577,0.5835616438356165,0.8328767123287671,1.082191780821918,1.3315068493150686,1.6,1.8493150684931507,2.0986301369863014,,,,3.095890410958904,,,,,,0.0387,0.0439,0.0462,0.0473,0.0481,0.049,0.051,0.0544,0.06,,,,0.1167,,,,,,,,,,3997.7394144005098,1.7605855994902413,4022.417539771327,10.582460228672971,4050.894386201863,17.6056137981368,4080.174197645676,22.82580235432397,4110.5856356845225,30.414364315477542,4143.427688536652,31.572311463348342,4188.088903937915,22.911096062084653,4246.158663694259,-7.158663694259303,4332.294323314446,-68.29432331444605,,,,,,,5368.452810195648,-999.4528101956485,,
2022-11-16,,,,,,,,3968.5,4001.75,4036.75,4071.0,4109.0,4143.0,4179.0,4207.0,4232.0,,,,4337.0,,3958.7900390625,0.0387447,0.0426902,0.0454599,0.0474937,0.01893816442066761,,,,,0.0821917808219178,0.3315068493150685,0.5808219178082191,0.8301369863013699,1.0794520547945206,1.3287671232876712,1.5972602739726027,1.8465753424657534,2.095890410958904,,,,3.0931506849315067,,,,,,0.0387,0.044,0.0459,0.047,0.0477,0.0486,0.0502,0.0527,0.0567,,,,0.0952,,,,,,,,,,3965.2253700988012,3.2746299011987503,3991.817348574952,9.93265142504788,4021.272753761513,15.477246238487169,4052.093254279135,18.90674572086482,4083.626556102856,25.37344389714417,4117.936155908654,25.063844091346255,4161.483914771672,17.51608522832794,4213.451754662217,-6.451754662217354,4284.839529444997,-52.839529444997424,,,,,,,5011.963637114769,-674.963637114769,,
2022-11-17,,,,,,,,3955.25,3988.5,4024.0,4058.0,4096.0,4130.0,4166.0,4194.0,4219.0,,,,4324.0,,3946.56005859375,0.039106,0.0428446,0.0457366,0.0477408,0.01681515889724098,,,,,0.07945205479452055,0.3287671232876712,0.5780821917808219,0.8273972602739726,1.0767123287671232,1.326027397260274,1.5945205479452054,1.8438356164383563,2.0931506849315067,,,,3.0904109589041098,,,,,,0.039,0.0441,0.0462,0.0473,0.0479,0.0488,0.0505,0.0535,0.0584,,,,0.1081,,,,,,,,,,3953.5225228545182,1.727477145481771,3982.121378462087,6.3786215379132045,4014.172329607962,9.827670392037817,4047.3704645914363,10.629535408563697,4080.884523501872,15.115476498127919,4117.544966523805,12.45503347619524,4164.330421438064,1.6695785619358503,4222.743962622972,-28.743962622971594,4305.475853640566,-86.47585364056613,,,,,,,5232.828748575624,-908.8287485756236,,
2022-11-18,,,,,,,,3974.0,4007.5,4043.75,4078.0,4116.0,4150.0,4186.0,4214.0,4239.0,,,,4344.0,,3965.340087890625,0.0393153,0.04300709999999999,0.0460452,0.0483892,0.01695089250394774,,,,,0.07671232876712329,0.32602739726027397,0.5753424657534246,0.8246575342465754,1.073972602739726,1.3232876712328767,1.5917808219178082,1.841095890410959,2.0904109589041098,,,,3.0876712328767124,,,,,,0.0392,0.0442,0.0466,0.0478,0.0486,0.0496,0.0515,0.0547,0.0599,,,,0.1119,,,,,,,,,,3972.113833417645,1.8861665823551448,4000.72493914475,6.7750608552501035,4033.5626371503636,10.187362849636429,4067.5122541788865,10.487745821113549,4102.439916292665,13.560083707335252,4140.414010264754,9.585989735245676,4189.520258568208,-3.5202585682081917,4250.732625573688,-36.73262557368798,4337.824299247957,-98.82429924795724,,,,,,,5316.223865951307,-972.2238659513068,,
2022-11-21,,,,,,,,3958.0,3991.5,4027.75,4067.0,4105.0,4144.0,4180.0,4208.0,4233.0,,,,4338.0,,3949.93994140625,0.0395079,0.0431983,0.0462649,0.0486304,0.01735541325106679,,,,,0.0684931506849315,0.3178082191780822,0.5671232876712329,0.8164383561643835,1.0657534246575342,1.3150684931506849,1.5835616438356164,1.832876712328767,2.0821917808219177,,,,3.0794520547945203,,,,,,0.0392,0.0443,0.0468,0.048,0.0488,0.0498,0.0517,0.0549,0.0601,,,,0.1128,,,,,,,,,,3955.8542830342517,2.1457169657483064,3983.909347099302,7.590652900697933,4016.4526389145976,11.297361085402372,4050.011781476643,16.988218523356863,4084.5540313690976,20.44596863090237,4122.118490360155,21.881509639844808,4170.713583611995,9.286416388004909,4231.324111576013,-23.32411157601291,4317.613423314581,-84.61342331458127,,,,,,,5299.526107457529,-961.5261074575292,,
2022-11-22,,,,,,,,4010.25,4044.25,4081.25,4120.0,4158.0,4197.0,4233.0,4261.0,4286.0,,,,4391.0,,4003.580078125,0.0401895,0.0435881,0.046574,0.0490469,0.01740062922199031,,,,,0.06575342465753424,0.3150684931506849,0.5643835616438356,0.8136986301369863,1.063013698630137,1.3123287671232877,1.5808219178082192,1.83013698630137,2.0794520547945203,,,,3.0767123287671234,,,,,,0.0398,0.0446,0.0471,0.0484,0.0493,0.0503,0.0522,0.0554,0.0606,,,,0.1122,,,,,,,,,,4009.4810368494436,0.7689631505563739,4038.036847867118,6.213152132881987,4071.2530103238946,9.996989676105386,4105.851395464744,14.1486045352558,4141.667350704851,16.332649295149167,4180.219558241087,16.780441758913184,4229.994058349959,3.005941650040768,4291.915060051204,-30.91506005120391,4379.874192008709,-93.87419200870863,,,,,,,5359.439363188437,-968.4393631884368,,
2022-11-23,,,,,,,,4033.0,4067.25,4103.75,4143.0,4181.0,4220.0,4257.0,4286.0,4315.0,,,,4422.0,,4027.260009765625,0.04055329999999999,0.0439355,0.0469789,0.0492327,0.01726743111047747,,,,,0.06301369863013699,0.31232876712328766,0.5616438356164384,0.810958904109589,1.0602739726027397,1.3095890410958904,1.5780821917808219,1.8273972602739725,2.0767123287671234,,,,3.073972602739726,,,,,,0.0401,0.0449,0.0474,0.0487,0.0494,0.0503,0.0522,0.0556,0.0613,,,,0.1203,,,,,,,,,,4033.058459264631,-0.05845926463098294,4062.16747734533,5.082522654669901,4095.9964374343094,7.753562565690572,4131.236546209116,11.763453790884341,4166.830074987546,14.16992501245386,4205.298747241692,14.701252758308328,4255.5019036752,1.498096324799917,4319.480229490302,-33.48022949030201,4412.887446963368,-97.88744696336835,,,,,,,5527.886422285324,-1105.8864222853244,,
2022-11-25,,,,,,,,4032.5,4066.5,4103.0,4143.0,4180.0,4220.0,4257.0,4286.0,4315.0,,,,4422.0,,4026.1201171875,0.040807,0.0441062,0.0471451,0.0493152,0.01841738867428971,,,,,0.057534246575342465,0.30684931506849317,0.5561643835616439,0.8054794520547945,1.0547945205479452,1.3041095890410959,1.5726027397260274,1.821917808219178,2.0712328767123287,,,,3.0684931506849313,,,,,,0.0403,0.045,0.0476,0.0488,0.0494,0.0503,0.0521,0.0556,0.0614,,,,0.1229,,,,,,,,,,4031.1921928268557,1.3078071731442833,4059.0949019938594,7.4050980061406335,4091.998539519738,11.001460480261812,4125.865150549292,17.134849450708316,4159.868448423977,20.131551576023412,4197.048672646117,22.951327353883244,4245.130362675163,11.86963732483673,4308.314773691745,-22.31477369174536,4400.992835245291,-85.99283524529073,,,,,,,5547.83265767582,-1125.83265767582,,
2022-11-28,,,,,,,,3970.25,4003.5,4039.5,4077.5,4115.5,4151.5,4188.5,4217.5,4244.5,,,,4351.5,,3963.93994140625,0.0408646,0.0439903,0.0469559,0.0491153,0.02160608472585451,,,,,0.049315068493150684,0.29863013698630136,0.547945205479452,0.7972602739726027,1.0465753424657533,1.295890410958904,1.5643835616438355,1.8136986301369864,2.063013698630137,,,,3.0602739726027397,,,,,,0.0402,0.0447,0.0473,0.0486,0.0492,0.05,0.0519,0.0552,0.0609,,,,0.1213,,,,,,,,,,3967.5763835702983,2.673616429701724,3991.371892163556,12.128107836444087,4020.142392525735,19.357607474265023,4050.1731837846687,27.32681621533129,4080.0840009548992,35.41599904510076,4112.511316740896,38.98868325910371,4156.318757396415,32.181242603584906,4212.969331419023,4.530668580977363,4298.655721126107,-54.15572112610698,,,,,,,5378.0677720421845,-1026.5677720421845,,
2022-11-29,,,,,,,,3962.0,3995.0,4030.25,4068.0,4106.0,4142.0,4179.0,4208.0,4235.0,,,,4342.0,,3957.6298828125,0.0412396,0.0440441,0.0469226,0.0489291,0.02099355870920231,,,,,0.04657534246575343,0.2958904109589041,0.5452054794520548,0.7945205479452054,1.0438356164383562,1.2931506849315069,1.5616438356164384,1.810958904109589,2.0602739726027397,,,,3.0575342465753423,,,,,,0.0406,0.0447,0.0473,0.0485,0.049,0.0497,0.0515,0.0549,0.0609,,,,0.1251,,,,,,,,,,3961.245548898363,0.7544511016371871,3985.488304224263,9.511695775736825,4014.800861668324,15.44913833167584,4045.0736760573195,22.926323942680483,4075.035476534061,30.964523465938782,4107.304959712702,34.69504028729807,4150.735417720481,28.264582279519345,4208.256813536883,-0.25681353688287345,4296.769812359087,-61.769812359087155,,,,,,,5440.953608467506,-1098.9536084675055,,
2022-11-30,,,,,,,,4081.25,4115.25,4152.0,4189.0,4227.0,4263.0,4300.0,4329.0,4356.0,,,,4463.0,,4080.110107421875,0.0412942,0.0441261,0.04695000000000001,0.0489701,0.01507038067138176,,,,,0.043835616438356165,0.29315068493150687,0.5424657534246575,0.7917808219178082,1.0410958904109588,1.2904109589041095,1.558904109589041,1.8082191780821917,2.0575342465753423,,,,3.0547945205479454,,,,,,0.0406,0.0447,0.0473,0.0485,0.0491,0.0498,0.0515,0.0548,0.0604,,,,0.1208,,,,,,,,,,4084.6787414921596,-3.4287414921595882,4115.704071859445,-0.454071859445321,4152.071805446874,-0.07180544687435031,4189.5482279680045,-0.5482279680045394,4227.251727102529,-0.2517271025290029,4267.121407859737,-4.121407859736792,4318.5265100965025,-18.526510096502534,4384.01001800965,-55.010018009649684,4478.961534928917,-122.96153492891699,,,,,,,5635.614752627147,-1172.614752627147,,
2022-12-01,,,,,,,,4081.75,4115.5,4151.5,4190.5,4227.0,4263.0,4300.0,4329.0,4351.0,,,,4443.0,,4076.570068359375,0.04181219999999999,0.0445087,0.0472323,0.0491925,0.0124508837451253,,,,,0.0410958904109589,0.29041095890410956,0.5397260273972603,0.7890410958904109,1.0383561643835617,1.2876712328767124,1.5561643835616439,1.8054794520547945,2.0547945205479454,,,,3.052054794520548,,,,,,0.0411,0.0451,0.0475,0.0487,0.0493,0.05,0.0516,0.0548,0.0602,,,,0.1187,,,,,,,,,,4081.372489271764,0.37751072823584764,4115.406550665504,0.09344933449574455,4154.420240566857,-2.9202405668565916,4194.851784170119,-4.351784170118663,4235.572374561064,-8.572374561063953,4278.518830921753,-15.518830921752851,4332.645934452317,-32.645934452317306,4400.4923154780245,-71.49231547802447,4496.820483291354,-145.82048329135432,,,,,,,5638.026483568506,-1195.0264835685057,,
2022-12-02,,,,,,,,4075.5,4109.0,4145.25,4184.0,4219.5,4258.0,4293.0,4318.0,4342.0,,,,4433.0,,4071.699951171875,0.0418849,0.0443224,0.0467061,0.0481458,0.01120475315083377,,,,,0.038356164383561646,0.2876712328767123,0.536986301369863,0.7863013698630137,1.0356164383561643,1.284931506849315,1.5534246575342465,1.8027397260273972,2.052054794520548,,,,3.0493150684931507,,,,,,0.0412,0.0448,0.0469,0.0478,0.0482,0.0486,0.05,0.0527,0.0577,,,,0.1123,,,,,,,,,,4076.387148428299,-0.8871484282990423,4111.241194659691,-2.2411946596912458,4150.498507234867,-5.2485072348672475,4190.56463830274,-6.564638302739695,4230.725436944949,-11.225436944949251,4272.123120373146,-14.123120373145866,4324.627820953664,-31.627820953664013,4387.965678054253,-69.96567805425275,4479.32060783937,-137.3206078393696,,,,,,,5541.869231408922,-1108.8692314089221,,
2022-12-05,,,,,,,,4003.25,4036.0,4072.0,4111.0,4147.0,4185.0,4220.0,4245.0,4269.0,,,,4360.0,,3998.840087890625,0.0421714,0.0444848,0.0469422,0.0484342,0.01413457598918997,,,,,0.030136986301369864,0.27945205479452057,0.5287671232876713,0.7780821917808219,1.0273972602739727,1.2767123287671234,1.5452054794520549,1.7945205479452055,2.043835616438356,,,,3.041095890410959,,,,,,0.0414,0.0448,0.0471,0.0481,0.0485,0.0489,0.0503,0.0532,0.0585,,,,0.1177,,,,,,,,,,4002.1272759856693,1.1227240143307426,4033.2554619423227,2.744538057677346,4069.155049934183,2.844950065817102,4105.929845496237,5.070154503762751,4142.548936466186,4.4510635338137945,4180.328309898358,4.671690101641616,4228.669279329739,-8.669279329738856,4289.233506411327,-44.23350641132674,4378.385174433886,-109.38517443388628,,,,,,,5479.18696766802,-1119.1869676680199,,
2022-12-06,,,,,,,,3945.0,3976.5,4011.5,4053.5,4090.5,4125.0,4160.0,4185.0,4209.0,,,,4305.0,,3941.260009765625,0.0422537,0.0446019,0.0471964,0.0488418,0.01454532303323196,,,,,0.0273972602739726,0.27671232876712326,0.5260273972602739,0.7753424657534247,1.0246575342465754,1.273972602739726,1.5424657534246575,1.7917808219178082,2.041095890410959,,,,3.0383561643835617,,,,,,0.0414,0.0449,0.0474,0.0485,0.0489,0.0493,0.0508,0.0539,0.0595,,,,0.1223,,,,,,,,,,3944.1608374374896,0.8391625625104098,3974.5040974700455,1.995902529954492,4009.966679091485,1.5333209085151793,4046.397481713686,7.10251828631408,4082.4702156008916,8.029784399108394,4119.686127816293,5.313872183706735,4167.940668064733,-7.940668064732563,4229.210899438056,-44.210899438056,4320.008103348717,-111.00810334871676,,,,,,,5467.916010848567,-1162.9160108485667,,
2022-12-07,,,,,,,,3936.75,3967.75,4002.5,4039.0,4076.5,4111.0,4146.0,4166.0,4190.0,,,,4281.0,,3933.919921875,0.04233609999999999,0.0446962,0.04728309999999999,0.0489474,0.01609162563647077,,,,,0.024657534246575342,0.273972602739726,0.5232876712328767,0.7726027397260274,1.021917808219178,1.2712328767123289,1.5397260273972602,1.789041095890411,2.0383561643835617,,,,3.0356164383561643,,,,,,0.0415,0.045,0.0475,0.0486,0.049,0.0495,0.0509,0.054,0.0595,,,,0.1211,,,,,,,,,,3936.3853258475156,0.36467415248444013,3965.2006810357148,2.5493189642852485,3999.1105721896192,3.3894278103807665,4033.9757312454253,5.024268754574678,4068.4659753234823,8.034024676517674,4104.591348333168,6.4086516668321565,4150.512100511438,-4.512100511437893,4209.972030052273,-43.97203005227311,4297.863728112778,-107.86372811277761,,,,,,,5410.824649034039,-1129.8246490340389,,
2022-12-08,,,,,,,,3965.75,3997.25,4032.75,4069.0,4101.0,4141.0,4176.0,4196.0,4220.0,,,,4311.0,,3963.510009765625,0.0428291,0.044917,0.0471956,0.0484531,0.01133859253269741,,,,,0.021917808219178082,0.27123287671232876,0.5205479452054794,0.7698630136986301,1.0191780821917809,1.2684931506849315,1.536986301369863,1.7863013698630137,2.0356164383561643,,,,3.032876712328767,,,,,,0.042,0.0452,0.0473,0.0482,0.0485,0.0488,0.05,0.0527,0.0577,,,,0.1153,,,,,,,,,,3966.17450597246,-0.4245059724598832,4000.079859258573,-2.829859258572924,4038.404287238201,-5.65428723820105,4077.5985849776725,-8.598584977672544,4116.503305617037,-15.503305617036858,4156.400925087103,-15.400925087103133,4206.1681389120995,-30.168138912099494,4267.439239384341,-71.43923938434091,4355.781494813955,-135.78149481395485,,,,,,,5432.677631086282,-1121.6776310862824,,
2022-12-09,,,,,,,,3936.25,3968.25,4003.75,4040.0,4077.0,4117.0,4152.0,4172.0,4196.0,,,,4287.0,,3934.3798828125,0.0429771,0.0449566,0.04724370000000001,0.0485511,0.01006442867585513,,,,,0.019178082191780823,0.2684931506849315,0.5178082191780822,0.7671232876712328,1.0164383561643835,1.2657534246575342,1.5342465753424657,1.7835616438356163,2.032876712328767,,,,3.03013698630137,,,,,,0.0422,0.0452,0.0474,0.0483,0.0486,0.0489,0.0501,0.0529,0.058,,,,0.1169,,,,,,,,,,3936.805383076307,-0.5553830763069527,3971.6711057115417,-3.4211057115417134,4011.1819359689066,-7.4319359689066005,4051.4898452345315,-11.489845234531458,4091.543620120761,-14.543620120760806,4132.6115211628385,-15.611521162838471,4183.623418235583,-31.623418235582903,4246.746504086979,-74.74650408697926,4337.07598966748,-141.07598966747992,,,,,,,5438.3716957922725,-1151.3716957922725,,
2022-12-12,,,,,,,,3991.75,4025.0,4061.5,4097.0,4134.0,4174.0,4209.0,4229.0,4253.0,,,,4344.0,,3990.56005859375,0.0431708,0.04508060000000001,0.0473878,0.0487096,0.01607512455848263,,,,,0.010958904109589041,0.2602739726027397,0.5095890410958904,0.7589041095890411,1.0082191780821919,1.2575342465753425,1.526027397260274,1.7753424657534247,2.0246575342465754,,,,3.021917808219178,,,,,,0.0423,0.0452,0.0475,0.0485,0.0487,0.049,0.0502,0.053,0.0582,,,,0.1185,,,,,,,,,,3991.707093993074,0.04290600692593216,4020.925233140992,4.074766859007923,4054.978391729844,6.521608270155866,4089.9754101127774,7.024589887222646,4124.004311898947,9.99568810105302,4159.2540573004935,14.745942699506486,4203.87652382109,5.123476178910096,4260.923351733497,-31.92335173349693,4345.844204000858,-92.84420400085764,,,,,,,5438.216412261546,-1094.2164122615459,,
2022-12-13,,,,,,,,4022.25,4055.25,4091.0,4127.0,4164.0,4204.0,4239.0,4259.0,4283.0,,,,4374.0,,4019.64990234375,0.0433561,0.0452789,0.04763779999999999,0.0490157,0.01688347699810773,,,,,0.00821917808219178,0.25753424657534246,0.5068493150684932,0.7561643835616438,1.0054794520547945,1.2547945205479452,1.5232876712328767,1.7726027397260273,2.021917808219178,,,,3.0191780821917806,,,,,,0.0425,0.0454,0.0477,0.0487,0.049,0.0493,0.0506,0.0534,0.0587,,,,0.1202,,,,,,,,,,4020.4963157263787,1.7536842736212748,4049.278799790192,5.971200209808103,4082.9270419662616,8.07295803373836,4117.529433240295,9.470566759705434,4151.573063303037,12.426936696962912,4186.5243765738005,17.47562342619949,4231.492525260087,7.50747473991305,4288.444580670116,-29.44458067011601,4374.290706356212,-91.29070635621156,,,,,,,5491.084580435768,-1117.0845804357677,,
2022-12-14,,,,,,,,3998.0,4030.75,4066.25,4102.0,4139.0,4174.0,4204.0,4224.0,4248.0,4273.0,,,4339.0,,3995.320068359375,0.0432572,0.0449881,0.0469193,0.0478177,-0.01193577715529138,,,,,0.005479452054794521,0.2547945205479452,0.5041095890410959,0.7534246575342466,1.0027397260273974,1.252054794520548,1.5205479452054795,1.7698630136986302,2.0191780821917806,2.2684931506849315,,,3.0164383561643837,,,,,,0.0424,0.045,0.0469,0.0477,0.0478,0.0479,0.0488,0.0511,0.0554,0.0625,,,0.1068,,,,,,,,,,3996.509773241919,1.4902267580810076,4053.70232270104,-22.952322701039975,4115.594819156596,-49.344819156595804,4178.928016340541,-76.92801634054103,4241.950258267289,-102.95025826728943,4306.137647685721,-132.13764768572128,4381.869038113681,-177.8690381136812,4466.8719838786,-242.87198387860008,4577.196160478288,-329.1961604782882,4730.262718043342,-457.2627180433419,,,,,5716.077656034308,-1377.0776560343083,,
2022-12-15,,,,,,,,3897.0,3927.25,3961.75,3996.0,4029.0,4062.0,4094.0,4117.0,4138.0,4160.0,,,4226.0,,3895.75,0.0432456,0.0450907,0.0469484,0.0477241,-0.05153051402169004,,,,,0.0027397260273972603,0.25205479452054796,0.5013698630136987,0.7506849315068493,1.0,1.2493150684931507,1.5178082191780822,1.7671232876712328,2.0164383561643837,2.265753424657534,,,3.0136986301369864,,,,,,0.0423,0.0451,0.047,0.0477,0.0477,0.0478,0.0486,0.0507,0.0546,0.0612,,,0.1023,,,,,,,,,,3896.7516088047155,0.24839119528451192,3991.8005696537675,-64.55056965376752,4093.0337598214546,-131.28375982145462,4197.029725835785,-201.02972583578503,4302.157879928877,-273.15787992887726,4410.470280190091,-348.4702801900912,4535.181625621257,-441.1816256212569,4667.110471130688,-550.110471130688,4825.3914188403205,-687.3914188403205,5029.425503393423,-869.4255033934232,,,,,6193.40505258847,-1967.4050525884704,,
2022-12-16,,,,,,,,3871.47,3879.0,3912.75,3947.0,3979.0,4012.0,4044.0,4067.0,4088.0,4110.0,,,4176.0,,3852.360107421875,0.0432102,0.0450553,0.0471028,0.0481063,-0.0002115671807167605,,,,,0.0,0.2493150684931507,0.4986301369863014,0.7479452054794521,0.9972602739726028,1.2465753424657535,1.515068493150685,1.7643835616438357,2.0136986301369864,2.263013698630137,,,3.010958904109589,,,,,,0.0423,0.045,0.0471,0.048,0.0481,0.0483,0.0492,0.0515,0.056,0.0633,,,0.1091,,,,,,,,,,3852.360107421875,19.1098925781248,3896.029276935615,-17.029276935615144,3944.3214959635006,-31.571495963500638,3993.8096941301096,-46.80969413010962,4042.50755807179,-63.507558071789845,4092.513376793041,-80.51337679304106,4151.824532575911,-107.82453257591078,4220.379337783647,-153.37933778364732,4314.058598582797,-226.05859858279655,4447.817480068099,-337.81748006809903,,,,,5353.864367895664,-1177.8643678956641,,
2022-12-19,,,,,,,,,3845.5,3878.75,3913.0,3945.0,3978.0,4005.0,4033.0,4054.0,4076.0,,,4142.0,,3817.659912109375,0.0432105,0.045075,0.0469961,0.0479031,0.0174161521754415,,,,,,0.2410958904109589,0.4904109589041096,0.7397260273972602,0.989041095890411,1.2383561643835617,1.5068493150684932,1.7561643835616438,2.0054794520547947,2.254794520547945,,,3.0027397260273974,,,,,,,0.045,0.0469,0.0478,0.0479,0.048,0.0488,0.0509,0.0549,0.0614,,,0.1025,,,,,,,,,,,,3843.1333053214503,2.3666946785497203,3873.2612349435367,5.488765056463308,3904.4361048803507,8.56389511964926,3934.51422608758,10.485773912419972,3965.0217593999073,12.978240600092704,4002.5368638607306,2.463136139269409,4048.881974910988,-15.881974910987992,4115.707424871409,-61.707424871408875,4215.685389724037,-139.68538972403712,,,,,4928.9318256945935,-786.9318256945935,,
2022-12-20,,,,,,,,,3849.25,3882.75,3917.0,3949.0,3982.0,4012.0,4037.0,4058.0,4080.0,,,4146.0,,3821.6201171875,0.0432063,0.0452356,0.0471297,0.0479303,0.01740796352623112,,,,,,0.23835616438356164,0.4876712328767123,0.736986301369863,0.9863013698630136,1.2356164383561643,1.5041095890410958,1.7534246575342465,2.0027397260273974,2.252054794520548,,,3.0,,,,,,,0.0451,0.0471,0.0478,0.0479,0.048,0.0488,0.0507,0.0544,0.0606,,,0.0995,,,,,,,,,,,,3846.9284117740854,2.3215882259146383,3877.3595715891593,5.390428410840741,3908.184569528886,8.815430471113814,3938.2985285749596,10.701471425040381,3968.842419949516,13.15758005048383,4006.3937009445476,5.606299055452382,4051.3474310334186,-14.347431033418616,4115.498085126085,-57.49808512608524,4212.032372328564,-132.03237232856372,,,,,4888.8180004827855,-742.8180004827855,,
2022-12-21,,,,,,,,,3905.75,3939.25,3972.5,4006.0,4039.0,4069.5,4093.0,4115.0,4139.0,,,4206.0,,3878.43994140625,0.04323349999999999,0.0453078,0.04731399999999999,0.0481402,0.0170569533318063,,,,,,0.2356164383561644,0.4849315068493151,0.7342465753424657,0.9835616438356164,1.2328767123287672,1.5013698630136987,1.7506849315068493,2.0,2.249315068493151,,,2.9972602739726026,,,,,,,0.0451,0.0472,0.048,0.0481,0.0482,0.049,0.051,0.0551,0.0618,,,0.1043,,,,,,,,,,,,3904.1512050400916,1.598794959908446,3935.5486834785684,3.701316521431636,3967.5660532822485,4.933946717751496,3998.6857548089965,7.314245191003465,4030.2504999026874,8.749500097312648,4068.9758074431375,0.5241925568625447,4115.896105992691,-22.896105992691446,4185.051832459836,-70.05183245983608,4289.088351606777,-150.088351606777,,,,,5037.566427479729,-831.5664274797291,,
2022-12-22,,,,,,,,,3849.25,3882.25,3916.0,3948.0,3980.5,4011.5,4034.0,4056.0,4079.0,,,4144.0,,3822.389892578125,0.0432336,0.04541070000000001,0.0471758,0.0477593,0.01735365324708146,,,,,,0.2328767123287671,0.4821917808219178,0.7315068493150685,0.9808219178082191,1.2301369863013698,1.4986301369863013,1.747945205479452,1.9972602739726026,2.2465753424657535,,,2.9945205479452053,,,,,,,0.0452,0.0471,0.0477,0.0478,0.0478,0.0483,0.05,0.0532,0.0586,,,0.0928,,,,,,,,,,,,3847.257739311447,1.9922606885529603,3877.6112128332693,4.638787166730708,3908.190244687774,7.809755312226116,3938.257228009896,9.742771990103847,3968.2652345123374,12.234765487662571,4003.8363188080643,7.663681191935666,4046.854362077068,-12.85436207706789,4106.086305188653,-50.08630518865266,4193.5132995589,-114.51329955890014,,,,,4791.298637335539,-647.2986373355388,,
2022-12-23,,,,,,,,,3869.75,3903.0,3937.0,3969.0,4001.0,4032.0,4055.0,4077.0,4100.0,,,4165.0,,3844.820068359375,0.043225,0.04549660000000001,0.0473552,0.0480104,0.01727053205473633,,,,,,0.23013698630136986,0.4794520547945205,0.7287671232876712,0.9780821917808219,1.2273972602739727,1.4958904109589042,1.7452054794520548,1.9945205479452055,2.243835616438356,,,2.9917808219178084,,,,,,,0.0453,0.0473,0.0479,0.048,0.048,0.0486,0.0503,0.0537,0.0593,,,0.0949,,,,,,,,,,,,3869.7016957829237,0.048304217076292844,3900.5770187138423,2.4229812861576647,3931.608205765531,5.3917942344692165,3962.1339284856344,6.866071514365558,3992.605679902604,8.394320097395848,4029.2983587695308,2.7016412304692494,4072.9600252178334,-17.96002521783339,4134.581557060984,-57.58155706098387,4225.0623695029935,-125.06236950299353,,,,,4849.992502207064,-684.9925022070638,,
2022-12-27,,,,,,,,,3855.0,3888.75,3923.0,3957.0,3991.0,4024.0,4049.0,4073.0,4098.0,,,4169.0,,3829.25,0.0432245,0.0456074,0.0475765,0.0483579,0.01745443461975723,,,,,,0.2191780821917808,0.4684931506849315,0.7178082191780822,0.9671232876712329,1.2164383561643837,1.484931506849315,1.7342465753424658,1.9835616438356165,2.232876712328767,,,2.9808219178082194,,,,,,,0.0452,0.0474,0.0482,0.0484,0.0484,0.0491,0.0508,0.0542,0.0599,,,0.0963,,,,,,,,,,,,3852.60745989667,2.392540103329793,3883.3502743846057,5.399725615394345,3914.698758811553,8.301241188446966,3945.5846299610125,11.415370038987476,3976.1433192918653,14.856680708134718,4013.487076784449,10.512923215550927,4057.221558421029,-8.22155842102893,4118.776097978405,-45.77609797840523,4209.924340022459,-111.92434002245864,,,,,4843.771006664749,-674.7710066647487,,
2022-12-28,,,,,,,,,3807.5,3840.5,3874.0,3907.5,3940.5,3974.0,3998.0,4022.0,4048.0,,,4117.0,,3783.219970703125,0.0432304,0.0458023,0.04791400000000001,0.048916,0.01770901468330745,,,,,,0.21643835616438356,0.4657534246575342,0.7150684931506849,0.9643835616438357,1.2136986301369863,1.4821917808219178,1.7315068493150685,1.9808219178082191,2.23013698630137,,,2.978082191780822,,,,,,,0.0453,0.0477,0.0486,0.0489,0.0491,0.0498,0.0517,0.0551,0.0609,,,0.0971,,,,,,,,,,,,3805.879997769953,1.6200022300467936,3836.4363246190474,4.063675380952645,3867.7179706175657,6.2820293824343025,3898.748345724055,8.75165427594493,3930.1385786288006,10.361421371199413,3967.5171093887866,6.482890611213406,4012.566714603602,-14.566714603602122,4074.061340881989,-52.061340881989054,4165.754055411826,-117.7540554118259,,,,,4792.289972050889,-675.2899720508894,,
2022-12-29,,,,,,,,,3871.75,3905.5,3940.0,3974.0,4008.5,4042.5,4068.5,4092.5,4117.5,,,4189.0,,3849.280029296875,0.0433407,0.04592769999999999,0.0478703,0.0487542,0.01732460805623673,,,,,,0.2136986301369863,0.46301369863013697,0.7123287671232876,0.9616438356164384,1.210958904109589,1.4794520547945205,1.7287671232876711,1.978082191780822,2.2273972602739724,,,2.9753424657534246,,,,,,,0.0454,0.0477,0.0485,0.0487,0.0489,0.0496,0.0511,0.0541,0.0589,,,0.0895,,,,,,,,,,,,3872.4438682274345,-0.6938682274344501,3903.7996497332024,1.7003502667976136,3935.7176995498035,4.282300450196544,3967.1901672853824,6.809832714617642,3999.31312434045,9.186875659549969,4037.541714923791,4.958285076208995,4080.730075995282,-12.230075995281823,4139.731262680427,-47.23126268042688,4222.768854479843,-105.26885447984296,,,,,4771.365985678021,-582.3659856780214,,
2022-12-30,,,,,,,,,3861.0,3894.75,3929.0,3964.0,3998.25,4031.0,4058.0,4081.0,4107.0,,,4176.0,,3839.5,0.0435806,0.0458745,0.0478131,0.0487193,0.01735274087027701,,,,,,0.21095890410958903,0.4602739726027397,0.7095890410958904,0.958904109589041,1.2082191780821918,1.4767123287671233,1.726027397260274,1.9753424657534246,2.2246575342465755,,,2.9726027397260273,,,,,,,0.0454,0.0476,0.0485,0.0487,0.0488,0.0495,0.0512,0.0545,0.0598,,,0.094,,,,,,,,,,,,3862.2849675319653,-1.2849675319653215,3893.3274434115197,1.4225565884803473,3925.304404552389,3.69559544761114,3956.6636811207964,7.336318879203645,3988.189351813981,10.06064818601908,4026.1653772397713,4.83462276022874,4070.4902484639565,-12.490248463956505,4131.831240072665,-50.83124007266542,4219.736834538169,-112.7368345381692,,,,,4821.97696300301,-645.9769630030096,,
2023-01-03,,,,,,,,,3846.0,3879.25,3913.0,3948.0,3982.0,4015.0,4042.0,4065.0,4091.0,,,4160.0,,3824.139892578125,0.043597,0.0460284,0.0480829,0.049126,0.01759392527283588,,,,,,0.2,0.44931506849315067,0.6986301369863014,0.947945205479452,1.1972602739726028,1.4657534246575343,1.715068493150685,1.9643835616438357,2.213698630136986,,,2.9616438356164383,,,,,,,0.0454,0.0478,0.0488,0.0491,0.0493,0.05,0.0517,0.055,0.0605,,,0.095,,,,,,,,,,,,3845.4660010759258,0.5339989240742398,3876.39509234067,2.8549076593299105,3908.4273529572133,4.572647042786684,3940.0744134277456,7.92558657225436,3972.0963413876907,9.9036586123093,4010.1670239873656,4.83297601263439,4054.5018492348204,-12.501849234820384,4115.718630123517,-50.71863012351696,4205.169896913268,-114.16989691326762,,,,,4809.450331355413,-649.4503313554133,,
2023-01-04,,,,,,,,,3874.5,3908.0,3941.75,3977.0,4006.0,4039.0,4066.0,4089.0,4115.0,,,4184.0,,3852.969970703125,0.0436388,0.0460419,0.04801739999999999,0.0489302,0.01746456586418896,,,,,,0.19726027397260273,0.4465753424657534,0.6958904109589041,0.9452054794520548,1.1945205479452055,1.463013698630137,1.7123287671232876,1.9616438356164383,2.210958904109589,,,2.958904109589041,,,,,,,0.0454,0.0477,0.0487,0.0489,0.049,0.0497,0.0513,0.0544,0.0597,,,0.0932,,,,,,,,,,,,3874.260567322603,0.2394326773969624,3905.347122799706,2.652877200293915,3937.6366604548816,4.113339545118379,3969.1708400042235,7.829159995776536,4000.878635738106,5.121364261894087,4039.032380833317,-0.032380833316892677,4082.7944128593144,-16.794412859314434,4142.495725932578,-53.49572593257835,4230.09766329401,-115.09766329401009,,,,,4820.791658969332,-636.7916589693323,,
2023-01-05,,,,,,,,,3829.0,3862.5,3896.5,3932.0,3961.0,3994.0,4021.0,4044.0,4070.0,,,4139.0,,3808.10009765625,0.0439661,0.0462549,0.0481427,0.0489416,0.01755587379398165,,,,,,0.19452054794520549,0.4438356164383562,0.6931506849315069,0.9424657534246575,1.1917808219178083,1.4602739726027398,1.7095890410958905,1.9589041095890412,2.208219178082192,,,2.956164383561644,,,,,,,0.0456,0.0479,0.0487,0.0489,0.049,0.0496,0.0511,0.0542,0.0593,,,0.0923,,,,,,,,,,,,3828.9306537389643,0.06934626103566188,3859.7337587963334,2.7662412036665955,3891.2014856390742,5.298514360925765,3922.2723550143974,9.727644985602637,3953.5144175643795,7.485582435620472,3990.5282124254973,3.4717875745027413,4032.8651282356705,-11.865128235670454,4091.50442358833,-47.504423588330155,4175.819317630149,-105.81931763014927,,,,,4749.723123240557,-610.7231232405566,,
2023-01-06,,,,,,,,,3915.5,3949.25,3983.75,4019.0,4048.0,4081.0,4108.0,4131.0,4157.0,,,4226.0,,3895.080078125,0.0441291,0.0465554,0.0486308,0.049714,0.01719164010128361,,,,,,0.1917808219178082,0.4410958904109589,0.6904109589041096,0.9397260273972603,1.189041095890411,1.4575342465753425,1.7068493150684931,1.9561643835616438,2.2054794520547945,,,2.9534246575342467,,,,,,,0.0458,0.0483,0.0493,0.0497,0.0499,0.0506,0.0523,0.0556,0.061,,,0.0956,,,,,,,,,,,,3916.509302763211,-1.0093027632110534,3948.8958493659684,0.35415063403161184,3982.3902400942675,1.359759905732517,4015.9068613546174,3.0931386453826235,4049.5502372494057,-1.5502372494056544,4089.4401048172226,-8.440104817222618,4135.626871718193,-27.626871718192888,4199.003788695291,-68.0037886952914,4290.197099855278,-133.19709985527788,,,,,4910.066187232153,-684.0661872321534,,
2023-01-09,,,,,,,,,3913.75,3947.5,3981.25,4017.0,4046.0,4079.0,4101.0,4129.0,4155.0,,,4224.0,,3892.090087890625,0.04433049999999999,0.0463503,0.048269,0.0491436,0.01715348308054487,,,,,,0.18356164383561643,0.4328767123287671,0.6821917808219178,0.9315068493150684,1.180821917808219,1.4493150684931506,1.6986301369863013,1.9479452054794522,2.197260273972603,,,2.9452054794520546,,,,,,,0.0456,0.0479,0.0489,0.0491,0.0492,0.0498,0.0514,0.0548,0.0604,,,0.0969,,,,,,,,,,,,3912.4665268933054,1.2834731066946006,3944.2379306140097,3.262069385990344,3977.301299716171,3.948700283829112,4009.653025700886,7.346974299114208,4042.193703677256,3.806296322743947,4080.670854005431,-1.6708540054310106,4125.216390534328,-24.21639053432773,4188.23608473278,-59.23608473278,4280.073424102584,-125.07342410258389,,,,,4922.498316816199,-698.4983168161989,,
2023-01-10,,,,,,,,,3940.75,3975.0,4009.75,4045.0,4074.0,4107.0,4129.0,4157.0,4183.0,,,4252.0,,3919.25,0.0442951,0.0462539,0.0480203,0.0485311,0.01707771846210266,,,,,,0.18082191780821918,0.4301369863013699,0.6794520547945205,0.9287671232876712,1.178082191780822,1.4465753424657535,1.6958904109589041,1.9452054794520548,2.1945205479452055,,,2.9424657534246577,,,,,,,0.0455,0.0477,0.0485,0.0486,0.0485,0.0488,0.0503,0.0535,0.0589,,,0.0951,,,,,,,,,,,,3939.4443302121017,1.305669787898296,3971.214966816763,3.7850331832369193,4003.825354417162,5.924645582837911,4035.6895031662557,9.31049683374431,4067.051701441171,6.94829855882881,4103.28954163543,3.710458364569604,4146.4048503099675,-17.404850309967514,4206.9971643979015,-49.99716439790154,4295.981991020181,-112.98199102018134,,,,,4930.686364616341,-678.686364616341,,
2023-01-11,,,,,,,,,3990.0,4024.5,4060.0,4095.0,4124.0,4157.0,4179.0,4202.0,4233.0,,,4302.0,,3969.610107421875,0.0443445,0.0463402,0.0481214,0.04868629999999999,0.01689734644052949,,,,,,0.1780821917808219,0.4273972602739726,0.6767123287671233,0.9260273972602739,1.1753424657534246,1.4438356164383561,1.6931506849315068,1.9424657534246574,2.191780821917808,,,2.9397260273972603,,,,,,,0.0455,0.0478,0.0486,0.0487,0.0486,0.049,0.0505,0.0536,0.0589,,,0.0943,,,,,,,,,,,,3989.8813890126485,0.11861098735153064,4022.387330310769,2.1126696892310974,4055.6925278695267,4.307472130473343,4088.2541006397846,6.74589936021539,4120.313922186849,3.6860778131513143,4157.936155707102,-0.9361557071024436,4202.006864500891,-23.006864500891425,4262.950506749902,-60.95050674990216,4352.404672762575,-119.40467276257459,,,,,4983.888827797168,-681.8888277971682,,
2023-01-12,,,,,,,,,4003.5,4038.25,4073.25,4108.0,4137.0,4170.0,4192.0,4210.0,4246.0,,,4315.0,,3983.169921875,0.0447804,0.0465755,0.04823520000000001,0.04867009999999999,0.01677441920086405,,,,,,0.17534246575342466,0.4246575342465753,0.673972602739726,0.9232876712328767,1.1726027397260275,1.441095890410959,1.6904109589041096,1.9397260273972603,2.1890410958904107,,,2.936986301369863,,,,,,,0.0458,0.0479,0.0487,0.0487,0.0486,0.0489,0.0503,0.0533,0.0585,,,0.0935,,,,,,,,,,,,4003.493608207306,0.00639179269410306,4036.167800081693,2.0821999183071966,4069.8043695759143,3.4456304240857207,4102.327354997236,5.672645002763602,4134.62538528237,2.374614717629811,4171.91017947159,-1.9101794715897995,4215.423134754147,-23.423134754147213,4275.613431369866,-65.6134313698658,4364.121793168183,-118.1217931681831,,,,,4989.920335680736,-674.9203356807357,,
2023-01-13,,,,,,,,,4018.25,4053.0,4088.5,4123.0,4152.0,4185.0,4207.0,4225.0,4261.0,,,4330.0,,3999.090087890625,0.04482820000000001,0.046319,0.0479159,0.0482233,0.01674530546881722,,,,,,0.1726027397260274,0.42191780821917807,0.6712328767123288,0.9205479452054794,1.16986301369863,1.4383561643835616,1.6876712328767123,1.936986301369863,2.186301369863014,,,2.9342465753424656,,,,,,,0.0456,0.0475,0.0483,0.0483,0.0481,0.0483,0.0497,0.0529,0.0586,,,0.0969,,,,,,,,,,,,4019.0568333962196,-0.8068333962196448,4051.3202292337633,1.679770766236743,4084.696403001549,3.803596998451212,4116.957692443245,6.042307556755077,4148.503034758055,3.496965241944963,4184.778379434787,0.22162056521301565,4227.8075422521115,-20.80754225211149,4289.190434617516,-64.19043461751608,4382.300580588196,-121.30058058819577,,,,,5059.463728339569,-729.4637283395687,,
2023-01-17,,,,,,,,,4009.5,4044.5,4080.0,4114.5,4143.0,4176.0,4198.0,4216.0,4252.0,,,4321.0,,3990.969970703125,0.0448219,0.04632990000000001,0.04798040000000001,0.048395,0.01690594768022904,,,,,,0.16164383561643836,0.410958904109589,0.6602739726027397,0.9095890410958904,1.158904109589041,1.4273972602739726,1.6767123287671233,1.926027397260274,2.175342465753425,,,2.9232876712328766,,,,,,,0.0455,0.0475,0.0484,0.0485,0.0483,0.0485,0.05,0.0531,0.0588,,,0.0969,,,,,,,,,,,,4009.459138641284,0.04086135871602892,4041.464797905641,3.0352020943591924,4074.8299054306526,5.170094569347384,4107.324755645288,7.175244354712049,4138.845971090095,4.1540289099048096,4175.071840694263,0.928159305736699,4218.685165394914,-20.685165394914293,4279.1099748607185,-63.10997486071847,4371.7710991943195,-119.7710991943195,,,,,5042.388752869156,-721.3887528691557,,
2023-01-18,,,,,,,,,3945.75,3979.75,4015.0,4049.5,4078.0,4111.0,4133.0,4151.0,4187.0,,,4256.0,,3928.860107421875,0.0448827,0.0463904,0.0480054,0.0484406,0.01720656589544161,,,,,,0.1589041095890411,0.40821917808219177,0.6575342465753424,0.9068493150684932,1.1561643835616437,1.4246575342465753,1.673972602739726,1.9232876712328768,2.1726027397260275,,,2.9205479452054797,,,,,,,0.0456,0.0475,0.0484,0.0485,0.0483,0.0486,0.05,0.053,0.0584,,,0.0947,,,,,,,,,,,,3946.6265189446744,-0.8765189446744444,3977.7474652686265,2.0025347313735438,4010.276076671162,4.723923328837827,4041.9520828153554,7.547917184644575,4072.668582130224,5.331417869776033,4108.566676732574,2.4333232674262035,4150.565728397028,-17.56572839702767,4208.854015650954,-57.85401565095435,4296.695773751837,-109.6957737518369,,,,,4926.715922227495,-670.715922227495,,
2023-01-19,,,,,,,,,3915.5,3949.25,3984.5,4019.5,4048.0,4081.0,4097.0,4121.0,4157.0,,,4226.0,,3898.85009765625,0.04511560000000001,0.04653470000000001,0.0479682,0.0480515,0.0172319179934367,,,,,,0.15616438356164383,0.4054794520547945,0.6547945205479452,0.9041095890410958,1.1534246575342466,1.4219178082191781,1.6712328767123288,1.9205479452054794,2.16986301369863,,,2.9178082191780823,,,,,,,0.0458,0.0476,0.0483,0.0482,0.0478,0.0479,0.0491,0.0519,0.0569,,,0.092,,,,,,,,,,,,3916.282961400842,-0.7829614008419412,3947.1559075117093,2.0940924882906984,3978.977484183875,5.522515816125178,4009.554760265904,9.945239734096049,4038.7677877776496,9.232212222350427,4072.630702305674,8.369297694326178,4112.127972033505,-15.127972033505102,4167.279298895096,-46.27929889509596,4249.307238208031,-92.30723820803087,,,,,4849.330174765908,-623.3301747659079,,
2023-01-20,,,,,,,,,3988.5,4023.0,4058.25,4092.75,4121.0,4154.0,4170.0,4194.0,4230.0,,,4299.0,,3972.610107421875,0.0452038,0.0465863,0.0480453,0.04817879999999999,0.01693480561143459,,,,,,0.15342465753424658,0.40273972602739727,0.6520547945205479,0.9013698630136986,1.1506849315068493,1.4191780821917808,1.6684931506849314,1.917808219178082,2.1671232876712327,,,2.915068493150685,,,,,,,0.0458,0.0476,0.0484,0.0483,0.048,0.0481,0.0492,0.0521,0.0573,,,0.0931,,,,,,,,,,,,3990.2423524557394,-1.7423524557393648,4021.9764194590293,1.02358054097067,4054.9581516082894,3.291848391710573,4086.5250072198364,6.224992780163575,4117.184629962306,3.815370037694265,4152.258060620527,1.7419393794725693,4192.333886315657,-22.333886315656855,4249.763929037163,-55.7639290371626,4335.7720411861565,-105.77204118615646,,,,,4960.220001498978,-661.2200014989776,,
2023-01-23,,,,,,,,,4036.5,4071.5,4106.5,4140.75,4169.0,4202.0,4223.0,4247.0,4283.0,,,4352.0,,4019.81005859375,0.045301,0.0465947,0.0481096,0.0484049,0.01689646151457238,,,,,,0.14520547945205478,0.39452054794520547,0.6438356164383562,0.8931506849315068,1.1424657534246576,1.4109589041095891,1.6602739726027398,1.9095890410958904,2.158904109589041,,,2.9068493150684933,,,,,,,0.0458,0.0476,0.0485,0.0485,0.0483,0.0484,0.0496,0.0526,0.0579,,,0.0945,,,,,,,,,,,,4036.71646198337,-0.21646198337020905,4068.7988344925393,2.7011655074607006,4102.440892052627,4.059107947373377,4134.892681509589,5.857318490410762,4166.649016805847,2.350983194152832,4202.522123047686,-0.5221230476863639,4244.107227781153,-21.107227781152687,4303.435848725874,-56.435848725874166,4391.8799065535795,-108.87990655357953,,,,,5037.029105574443,-685.0291055744428,,
2023-01-24,,,,,,,,,4032.75,4067.5,4103.0,4137.25,4165.0,4198.0,4219.0,4243.0,4279.0,,,4348.0,,4016.949951171875,0.0453436,0.0466591,0.0481919,0.0485099,0.0169611890913481,,,,,,0.14246575342465753,0.3917808219178082,0.6410958904109589,0.8904109589041096,1.1397260273972603,1.4082191780821918,1.6575342465753424,1.906849315068493,2.1561643835616437,,,2.904109589041096,,,,,,,0.0458,0.0476,0.0486,0.0486,0.0484,0.0485,0.0498,0.0527,0.058,,,0.0945,,,,,,,,,,,,4033.487712257073,-0.7377122570728716,4065.4587674972827,2.041232502717321,4099.259746173244,3.7402538267560885,4131.722705606247,5.5272943937534365,4163.493589936982,1.5064100630179382,4199.378148388208,-1.3781483882075918,4241.658505596537,-22.658505596536997,4300.242528762862,-57.242528762862094,4388.595825783584,-109.59582578358368,,,,,5031.429307598298,-683.4293075982978,,
2023-01-25,,,,,,,,,4032.0,4066.75,4102.0,4136.25,4164.0,4197.0,4218.0,4242.0,4278.0,,,4347.0,,4016.219970703125,0.04538039999999999,0.0466931,0.0482458,0.04858660000000001,0.01699228352894287,,,,,,0.13972602739726028,0.38904109589041097,0.6383561643835617,0.8876712328767123,1.1369863013698631,1.4054794520547946,1.6547945205479453,1.904109589041096,2.1534246575342464,,,2.9013698630136986,,,,,,,0.0458,0.0477,0.0486,0.0487,0.0485,0.0486,0.0499,0.0528,0.0582,,,0.095,,,,,,,,,,,,4032.418589625017,-0.41858962501692076,4064.487741220538,2.2622587794621722,4098.0782123284735,3.9217876715265447,4130.866462741055,5.383537258944671,4162.704555185008,1.2954448149921518,4198.658840051288,-1.65884005128828,4240.989706590051,-22.989706590051355,4299.6041948994725,-57.60419489947253,4388.901057668403,-110.90105766840315,,,,,5036.2934861874,-689.2934861874,,
2023-01-26,,,,,,,,,4075.5,4111.0,4147.0,4181.25,4214.0,4247.0,4268.0,4292.0,4328.0,,,4397.0,,4060.429931640625,0.0455338,0.046702,0.0481764,0.0483021,0.01678630749317151,,,,,,0.136986301369863,0.3863013698630137,0.6356164383561644,0.8849315068493151,1.1342465753424658,1.4027397260273973,1.652054794520548,1.9013698630136986,2.1506849315068495,,,2.8986301369863012,,,,,,,0.0459,0.0476,0.0485,0.0485,0.0481,0.0481,0.0493,0.0523,0.0578,,,0.0963,,,,,,,,,,,,4076.6559797998593,-1.155979799859324,4109.051544542309,1.948455457691125,4143.109557627333,3.8904423726671666,4175.997735011152,5.252264988847855,4207.237729052124,6.76227094787555,4242.75924512642,4.240754873580045,4284.49745057937,-16.497450579369797,4344.077951716717,-52.0779517167166,4434.861529036324,-106.8615290363241,,,,,5112.914776231647,-715.914776231647,,
2023-01-27,,,,,,,,,4084.25,4120.0,4156.0,4192.25,4224.0,4256.0,4277.0,4301.0,4337.0,,,4406.0,,4070.56005859375,0.0456144,0.04675989999999999,0.04823769999999999,0.0483591,0.01680021004254156,,,,,,0.13424657534246576,0.3835616438356164,0.6328767123287671,0.8821917808219178,1.1315068493150684,1.4,1.6493150684931508,1.8986301369863015,2.147945205479452,,,2.8958904109589043,,,,,,,0.046,0.0476,0.0486,0.0485,0.0482,0.0482,0.0494,0.0524,0.0579,,,0.0967,,,,,,,,,,,,4086.5478546260633,-2.2978546260633266,4118.933269171909,1.06673082809084,4153.311396944527,2.6886030554733225,4186.001116205953,6.248883794047288,4217.783166077086,6.216833922913793,4253.49204182942,2.507958170580423,4295.413911449349,-18.413911449349143,4355.203907183578,-54.20390718357794,4446.248439484311,-109.24843948431135,,,,,5130.2871490872885,-724.2871490872885,,
2023-01-30,,,,,,,,,4032.5,4068.0,4103.75,4140.25,4172.0,4204.0,4225.0,4249.0,4285.0,,,4354.0,,4017.77001953125,0.0456776,0.0468165,0.0482664,0.0484476,0.01707533825932264,,,,,,0.12602739726027398,0.37534246575342467,0.6246575342465753,0.873972602739726,1.1232876712328768,1.3917808219178083,1.641095890410959,1.8904109589041096,2.1397260273972605,,,2.8876712328767122,,,,,,,0.046,0.0476,0.0486,0.0486,0.0483,0.0483,0.0494,0.0522,0.0575,,,0.0941,,,,,,,,,,,,4032.4427228774966,0.05727712250336481,4064.0671326904453,3.9328673095546947,4097.672561820795,6.077438179205274,4130.005414043012,10.244585956987976,4161.190889326842,10.809110673158102,4196.223325680979,7.776674319021367,4236.658617917207,-11.658617917207266,4293.606572683486,-44.606572683485865,4380.770964020895,-95.77096402089501,,,,,5018.589545218311,-664.5895452183113,,
2023-01-31,,,,,,,,,4090.0,4125.5,4161.75,4198.25,4230.0,4262.0,4283.0,4307.0,4343.0,,,4412.0,,4076.60009765625,0.0457248,0.0468549,0.04835829999999999,0.0486977,0.01686466738704826,,,,,,0.1232876712328767,0.3726027397260274,0.6219178082191781,0.8712328767123287,1.1205479452054794,1.389041095890411,1.6383561643835616,1.8876712328767122,2.136986301369863,,,2.884931506849315,,,,,,,0.046,0.0477,0.0487,0.0488,0.0486,0.0487,0.0499,0.0527,0.058,,,0.0946,,,,,,,,,,,,4091.269687543326,-1.2696875433261994,4123.707597651845,1.79240234815461,4158.116851710355,3.6331482896448506,4191.6164340605865,6.633565939413529,4224.176342876679,5.823657123321027,4260.914961539554,1.0850384604464125,4303.320665462935,-20.320665462934812,4361.903994908312,-54.90399490831169,4451.178862066974,-108.17886206697403,,,,,5101.448106480076,-689.4481064800757,,
2023-02-01,,,,,,,,,4132.25,4168.25,4204.5,4241.0,4273.0,4305.0,4326.0,4350.0,4386.0,,,4455.0,,4119.2099609375,0.0457172,0.046843,0.0482884,0.0484728,0.0167119513038697,,,,,,0.12054794520547946,0.3698630136986301,0.6191780821917808,0.8684931506849315,1.1178082191780823,1.3863013698630138,1.6356164383561644,1.884931506849315,2.1342465753424658,,,2.882191780821918,,,,,,,0.046,0.0476,0.0486,0.0486,0.0483,0.0483,0.0494,0.0522,0.0573,,,0.0937,,,,,,,,,,,,4133.779005365654,-1.5290053656535747,4166.539081359945,1.7109186400548424,4201.349439298574,3.150560701426002,4234.8840121250505,6.1159878749494965,4267.255021351655,5.744978648344841,4303.600264072448,1.3997359275517738,4345.437732948782,-19.43773294878156,4404.179291208198,-54.179291208198265,4491.947241648757,-105.94724164875697,,,,,5142.584165662995,-687.5841656629946,,
2023-02-02,,,,,,,,,4191.5,4228.25,4265.5,4302.0,4336.0,4366.0,4387.0,4411.0,4447.0,,,4516.0,,4179.759765625,0.0456713,0.0469729,0.0483454,0.0483992,0.01658589357289179,,,,,,0.1178082191780822,0.36712328767123287,0.6164383561643836,0.8657534246575342,1.115068493150685,1.3835616438356164,1.632876712328767,1.8821917808219177,2.1315068493150684,,,2.8794520547945206,,,,,,,0.046,0.0477,0.0486,0.0486,0.0482,0.0482,0.0491,0.0516,0.0562,,,0.0892,,,,,,,,,,,,4194.268691192782,-2.768691192782171,4227.777687385976,0.4723126140243039,4263.065471245263,2.434528754736675,4297.227704193222,4.772295806777947,4329.7320875821,6.267912417900334,4366.6400128951855,-0.640012895185464,4407.666009249913,-20.66600924991326,4464.499151304626,-53.49915130462614,4548.017900222528,-101.01790022252771,,,,,5151.781671640608,-635.7816716406078,,
2023-02-03,,,,,,,,,4147.75,4184.75,4222.75,4261.0,4296.0,4329.0,4355.0,4379.0,4415.0,,,4484.0,,4136.47998046875,0.0456702,0.04692179999999999,0.0481482,0.0479047,0.01672896225463558,,,,,,0.11506849315068493,0.3643835616438356,0.6136986301369863,0.863013698630137,1.1123287671232878,1.3808219178082193,1.63013698630137,1.8794520547945206,2.128767123287671,,,2.8767123287671232,,,,,,,0.0459,0.0476,0.0483,0.0482,0.0477,0.0475,0.0482,0.0505,0.0548,,,0.0867,,,,,,,,,,,,4150.388097193972,-2.638097193971589,4183.273519142697,1.476480857302704,4217.406149386231,5.343850613769064,4250.366083809346,10.633916190654418,4281.464637768916,14.535362231084036,4316.023547581372,12.97645241862756,4354.22780603289,0.7721939671100699,4407.537864565171,-28.53786456517082,4485.677545855799,-70.6775458557986,,,,,5058.812271774853,-574.8122717748529,,
2023-02-06,,,,,,,,,4123.5,4160.5,4199.75,4239.0,4277.0,4311.0,4339.0,4365.0,4401.0,,,4470.0,,4111.080078125,0.0456598,0.04707099999999999,0.0487069,0.0490158,0.01688999028103858,,,,,,0.10684931506849316,0.3561643835616438,0.6054794520547945,0.8547945205479452,1.104109589041096,1.3726027397260274,1.621917808219178,1.8712328767123287,2.1205479452054794,,,2.8684931506849316,,,,,,,0.0459,0.0479,0.0491,0.0492,0.0489,0.0489,0.05,0.0529,0.0582,,,0.0956,,,,,,,,,,,,4123.842962015279,-0.34296201527922676,4156.737233695808,3.762766304192155,4192.043340188168,7.7066598118317415,4226.204064893203,12.795935106796605,4258.974252081457,18.025747918542947,4295.735617464359,15.264382535640834,4337.887598254787,1.112401745212992,4397.643814509116,-32.643814509116055,4487.454627686297,-86.45462768629659,,,,,5152.411772962599,-682.4117729625987,,
2023-02-07,,,,,,,,,4175.75,4213.5,4253.5,4294.0,4332.0,4364.0,4392.0,4418.0,4454.0,,,4523.0,,4164.0,0.0456545,0.0472335,0.0493219,0.0503191,0.01670361674558534,,,,,,0.10410958904109589,0.35342465753424657,0.6027397260273972,0.852054794520548,1.1013698630136985,1.36986301369863,1.6191780821917807,1.8684931506849316,2.117808219178082,,,2.8657534246575342,,,,,,,0.0459,0.0482,0.0498,0.0503,0.0503,0.0507,0.0523,0.0558,0.062,,,0.105,,,,,,,,,,,,4176.676247846401,-0.9262478464006563,4210.610921736506,2.8890782634944117,4247.899628542707,5.600371457292567,4284.920977330512,9.07902266948804,4320.962570906513,11.037429093486935,4362.50545855503,1.4945414449703094,4411.05122612603,-19.051226126030087,4479.571860825829,-61.57186082582939,4583.2355630004895,-129.2355630004895,,,,,5362.937218129894,-839.9372181298941,,
2023-02-08,,,,,,,,,4130.5,4167.75,4207.0,4247.0,4285.0,4317.0,4345.0,4371.0,4407.0,,,4476.0,,4117.85986328125,0.0456113,0.0472794,0.0494159,0.0504513,0.01687143808885621,,,,,,0.10136986301369863,0.3506849315068493,0.6,0.8493150684931506,1.0986301369863014,1.367123287671233,1.6164383561643836,1.8657534246575342,2.115068493150685,,,2.863013698630137,,,,,,,0.0458,0.0482,0.0499,0.0504,0.0505,0.0509,0.0524,0.0559,0.0621,,,0.1051,,,,,,,,,,,,4129.953145934032,0.5468540659676364,4163.349973622691,4.400026377308677,4200.278005510669,6.721994489331337,4236.806877500719,10.193122499281344,4272.840930526449,12.159069473551426,4313.953707611833,3.0462923881668758,4361.270037521304,-16.270037521304403,4428.900020193442,-57.90002019344229,4531.237513742034,-124.23751374203403,,,,,5301.199730052122,-825.1997300521216,,
2023-02-09,,,,,,,,,4091.75,4129.0,4168.0,4207.5,4245.5,4278.0,4311.0,4332.0,4368.0,,,4437.0,,4081.5,0.0455999,0.0475312,0.0496519,0.0507465,0.01691593967095193,,,,,,0.09863013698630137,0.34794520547945207,0.5972602739726027,0.8465753424657534,1.095890410958904,1.3643835616438356,1.6136986301369862,1.8630136986301369,2.1123287671232878,,,2.8602739726027395,,,,,,,0.0458,0.0485,0.0501,0.0507,0.0508,0.0512,0.0527,0.0558,0.0614,,,0.0998,,,,,,,,,,,,4093.144113899,-1.3941138989998763,4126.601101395247,2.3988986047534127,4163.200331127932,4.799668872067741,4199.919340038711,7.580659961288802,4235.90832111309,9.591678886909904,4276.954437378203,1.0455626217972167,4324.122618556894,-13.12261855689394,4388.142886785529,-56.1428867855293,4483.614495753164,-115.61449575316419,,,,,5173.428845976988,-736.4288459769878,,
2023-02-10,,,,,,,,,4099.75,4136.75,4175.75,4215.75,4254.75,4292.0,4320.0,4346.0,4377.0,,,4446.0,,4090.4599609375,0.0456153,0.0475583,0.0495919,0.0506501,0.01669502099695735,,,,,,0.0958904109589041,0.3452054794520548,0.5945205479452055,0.8438356164383561,1.093150684931507,1.3616438356164384,1.610958904109589,1.8602739726027397,2.1095890410958904,,,2.8575342465753426,,,,,,,0.0458,0.0485,0.05,0.0506,0.0507,0.0511,0.0525,0.0554,0.0606,,,0.096,,,,,,,,,,,,4101.8919234285195,-2.141923428519476,4135.617600794555,1.1323992054449263,4172.260261007734,3.4897389922662114,4209.179150163876,6.570849836123671,4245.374297910563,9.375702089437254,4286.646609619446,5.353390380553719,4333.336386434121,-13.336386434120868,4395.842855157398,-49.842855157397935,4487.42430709696,-110.42430709695964,,,,,5130.864261620437,-684.864261620437,,
2023-02-13,,,,,,,,,4147.25,4185.0,4224.75,4265.75,4305.75,4341.0,4369.0,4395.0,4426.0,,,4495.0,,4137.2900390625,0.0456247,0.04760830000000001,0.0497567,0.0509713,0.01762938770917351,,,,,,0.08767123287671233,0.336986301369863,0.5863013698630137,0.8356164383561644,1.084931506849315,1.3534246575342466,1.6027397260273972,1.8520547945205479,2.1013698630136988,,,2.8493150684931505,,,,,,,0.0457,0.0485,0.0502,0.0508,0.051,0.0515,0.0529,0.056,0.0613,,,0.098,,,,,,,,,,,,4147.484387488646,-0.23438748864555237,4180.55480846415,4.445191535850427,4217.055721312249,7.694278687750739,4253.571157551513,12.178842448486648,4289.824496716567,15.92550328343259,4331.3631833378995,9.6368166621005,4377.906337845724,-8.90633784572401,4442.00330733375,-47.003307333749945,4534.927524793374,-108.92752479337378,,,,,5201.9949187276825,-706.9949187276825,,
2023-02-14,,,,,,,,,4145.5,4183.5,4223.75,4265.25,4306.0,4348.0,4384.0,4415.0,4446.0,,,4515.0,,4136.1298828125,0.0456175,0.0476868,0.0499157,0.0512961,0.01755912836009171,,,,,,0.08493150684931507,0.33424657534246577,0.5835616438356165,0.8328767123287671,1.082191780821918,1.3506849315068492,1.6,1.8493150684931507,2.0986301369863014,,,2.8465753424657536,,,,,,,0.0456,0.0486,0.0504,0.0511,0.0514,0.0519,0.0534,0.0565,0.0619,,,0.0982,,,,,,,,,,,,4145.992036297505,-0.49203629750536493,4179.266884851197,4.233115148803336,4216.161903892821,7.588096107178899,4253.303395780829,11.946604219170695,4290.41237426996,15.58762573003969,4332.497811937988,15.502188062011555,4380.250586747428,3.749413252571685,4444.97604796967,-29.976047969669708,4539.494350179176,-93.49435017917585,,,,,5203.392707139769,-688.3927071397693,,
2023-02-15,,,,,,,,,4158.25,4196.25,4236.5,4278.0,4318.75,4361.0,4397.0,4428.0,4459.0,,,4528.0,,4147.60009765625,0.0456391,0.0477494,0.05008,0.0516592,0.01725529606800997,,,,,,0.0821917808219178,0.3315068493150685,0.5808219178082191,0.8301369863013699,1.0794520547945206,1.347945205479452,1.5972602739726027,1.8465753424657534,2.095890410958904,,,2.8438356164383563,,,,,,,0.0456,0.0486,0.0506,0.0514,0.0518,0.0524,0.054,0.0572,0.0627,,,0.0996,,,,,,,,,,,,4157.274032942073,0.9759670579269368,4190.922435146154,5.327564853845615,4228.71097313503,7.7890268649698555,4266.844917259419,11.155082740580838,4305.181205608098,13.568794391901974,4348.813339684667,12.186660315333029,4398.311569683945,-1.311569683944981,4465.096303326918,-37.09630332691813,4562.072411307249,-103.07241130724924,,,,,5242.008252030407,-714.0082520304068,,
2023-02-16,,,,,,,,,4099.75,4137.5,4177.5,4218.75,4259.75,4302.0,4338.0,4369.0,4400.0,,,4469.0,,4090.409912109375,0.0456327,0.0480364,0.0502844,0.0519136,0.01744143878948546,,,,,,0.07945205479452055,0.3287671232876712,0.5780821917808219,0.8273972602739726,1.0767123287671232,1.3452054794520547,1.5945205479452054,1.8438356164383563,2.0931506849315067,,,2.841095890410959,,,,,,,0.0456,0.0489,0.0507,0.0516,0.0521,0.0528,0.0542,0.0569,0.0614,,,0.0912,,,,,,,,,,,,4099.571448907942,0.1785510920581146,4132.934670948697,4.565329051302797,4169.813747738924,7.6862522610763335,4207.665109410417,11.084890589582756,4245.936840854483,13.813159145516693,4289.669620038213,12.330379961787003,4337.323571145184,0.6764288548156401,4399.101381442162,-30.101381442162165,4484.634868759114,-84.6348687591144,,,,,5044.0046156529825,-575.0046156529825,,
2023-02-17,,,,,,,,,4087.5,4125.0,4165.25,4206.25,4246.75,4289.0,4325.0,4356.0,4387.0,,,4456.0,,4079.090087890625,0.045635,0.0481094,0.05035129999999999,0.0518677,0.01732186598109208,,,,,,0.07671232876712329,0.32602739726027397,0.5753424657534246,0.8246575342465754,1.073972602739726,1.3424657534246576,1.5917808219178082,1.841095890410959,2.0904109589041098,,,2.8383561643835615,,,,,,,0.0455,0.049,0.0508,0.0516,0.052,0.0526,0.054,0.0567,0.0612,,,0.0911,,,,,,,,,,,,4087.917027726253,-0.41702772625285434,4121.436985562394,3.563014437606398,4158.420597189375,6.829402810624742,4196.041862922974,10.20813707702564,4233.873570446837,12.87642955316278,4276.922173808838,12.077826191161876,4324.331215553559,0.6687844464413502,4385.803584355852,-29.803584355851854,4470.933743971172,-83.93374397117168,,,,,5029.308841225418,-573.3088412254183,,
2023-02-21,,,,,,,,,4005.75,4042.5,4082.25,4123.25,4163.75,4206.0,4242.0,4273.0,4304.0,,,4373.0,,3997.340087890625,0.04560819999999999,0.04827969999999999,0.05065699999999999,0.05222839999999999,0.01793376352165244,,,,,,0.06575342465753424,0.3150684931506849,0.5643835616438356,0.8136986301369863,1.063013698630137,1.3315068493150686,1.5808219178082192,1.83013698630137,2.0794520547945203,,,2.8273972602739725,,,,,,,0.0453,0.0491,0.051,0.0519,0.0523,0.053,0.0544,0.0571,0.0617,,,0.0929,,,,,,,,,,,,4004.5394720842396,1.2105279157603945,4036.785314779454,5.714685220546016,4072.6390404407375,9.610959559262483,4109.360589153299,13.88941084670114,4146.070184205801,17.679815794199385,4188.405430331321,17.59456966867856,4234.5445912221585,7.455408777841512,4294.386651027241,-21.386651027240987,4378.205565810529,-74.20556581052915,,,,,4941.10254492241,-568.1025449224098,,
2023-02-22,,,,,,,,,3999.0,4035.5,4075.5,4116.25,4156.75,4199.0,4235.0,4266.0,4297.0,,,4366.0,,3991.050048828125,0.0457455,0.0484658,0.0509536,0.0526483,0.01797621057198893,,,,,,0.06301369863013699,0.31232876712328766,0.5616438356164384,0.810958904109589,1.0602739726027397,1.3287671232876712,1.5780821917808219,1.8273972602739725,2.0767123287671234,,,2.824657534246575,,,,,,,0.0454,0.0493,0.0513,0.0523,0.0528,0.0535,0.0549,0.0578,0.0627,,,0.0955,,,,,,,,,,,,3997.9528428088624,1.0471571911375577,4030.2873935207685,5.212606479231454,4066.4503430431137,9.049656956886338,4103.7022294957005,12.547770504299478,4141.164895440915,15.585104559085266,4183.95599766765,15.044002332349919,4230.512486668903,4.487513331097034,4292.323737755146,-26.323737755145885,4379.492330119512,-82.49233011951219,,,,,4968.075403241492,-602.0754032414916,,
2023-02-23,,,,,,,,,4018.75,4055.5,4095.5,4136.0,4176.75,4219.0,4255.0,4286.0,4317.0,,,4386.0,,4012.320068359375,0.0460482,0.0487333,0.0510905,0.0526923,0.01781682303311366,,,,,,0.06027397260273973,0.3095890410958904,0.5589041095890411,0.8082191780821918,1.0575342465753426,1.326027397260274,1.5753424657534247,1.8246575342465754,2.073972602739726,,,2.8219178082191783,,,,,,,0.0456,0.0495,0.0514,0.0523,0.0528,0.0535,0.0548,0.0574,0.0619,,,0.0917,,,,,,,,,,,,4019.044738368209,-0.29473836820898214,4051.869619531377,3.630380468623116,4088.341637775772,7.158362224227858,4125.716120216499,10.283879783501106,4163.539493803245,13.210506196754977,4206.733748847739,12.266251152261248,4253.026358462149,1.9736415378511083,4312.834681955853,-26.83468195585283,4396.448016567538,-79.4480165675377,,,,,4942.453646596677,-556.4536465966767,,
2023-02-24,,,,,,,,,3975.75,4012.25,4051.75,4093.0,4134.0,4176.0,4211.0,4242.0,4272.0,,,4341.0,,3970.0400390625,0.0461761,0.0489047,0.0512926,0.0529065,0.0180071167510637,,,,,,0.057534246575342465,0.30684931506849317,0.5561643835616439,0.8054794520547945,1.0547945205479452,1.3232876712328767,1.5726027397260274,1.821917808219178,2.0712328767123287,,,2.819178082191781,,,,,,,0.0457,0.0496,0.0516,0.0525,0.053,0.0537,0.055,0.0577,0.0621,,,0.0922,,,,,,,,,,,,3976.3705026643793,-0.6205026643792735,4008.7137715472295,3.5362284527705015,4044.910180753544,6.839819246456045,4081.88743781361,11.112562186389823,4119.313328222208,14.686671777792071,4162.051627587174,13.948372412825847,4207.847732768223,3.152267231776932,4267.778144310002,-25.778144310002062,4349.682306602652,-77.6823066026518,,,,,4893.653347470932,-552.6533474709322,,
2023-02-27,,,,,,,,,3988.0,4024.5,4063.75,4105.75,4148.0,4190.0,4225.0,4257.0,4282.5,,,4352.0,,3982.239990234375,0.0466517,0.0490629,0.0515606,0.0533373,0.01797821291404146,,,,,,0.049315068493150684,0.29863013698630136,0.547945205479452,0.7972602739726027,1.0465753424657533,1.3150684931506849,1.5643835616438355,1.8136986301369864,2.063013698630137,,,2.8109589041095893,,,,,,,0.0461,0.0497,0.0519,0.0529,0.0534,0.0541,0.0556,0.0586,0.0638,,,0.099,,,,,,,,,,,,3987.7665028583488,0.2334971416512417,4020.1433219303935,4.35667806960646,4056.951190383407,6.798809616593189,4094.6704019185586,11.079598081441418,4132.638403177371,15.361596822628599,4175.9717959202135,14.02820407978652,4223.648710724676,1.351289275324234,4286.712628742202,-29.71262874220156,4377.0520377587445,-94.55203775874452,,,,,5000.777430413598,-648.7774304135983,,
2023-02-28,,,,,,,,,3975.5,4011.75,4052.0,4092.75,4135.0,4177.0,4212.0,4244.0,4269.0,,,4339.0,,3970.14990234375,0.0466078,0.0489392,0.0514972,0.0533455,0.01796766951726398,,,,,,0.04657534246575343,0.2958904109589041,0.5452054794520548,0.7945205479452054,1.0438356164383562,1.3123287671232877,1.5616438356164384,1.810958904109589,2.0602739726027397,,,2.808219178082192,,,,,,,0.0461,0.0495,0.0518,0.0529,0.0534,0.0541,0.0557,0.0589,0.0643,,,0.1015,,,,,,,,,,,,3975.3552917710026,0.14470822899738778,4007.365195924367,4.384804075632928,4044.0611601658616,7.9388398341384345,4081.8826145178787,10.867385482121335,4119.737226263668,15.262773736331837,4162.939142654685,14.060857345314616,4211.118604001103,0.8813959988965507,4275.626413451565,-31.626413451564986,4367.807414338461,-98.80741433846106,,,,,5019.754083808292,-680.7540838082923,,
2023-03-01,,,,,,,,,3956.5,3992.75,4033.0,4073.75,4116.0,4158.0,4193.0,4225.0,4250.0,,,4320.0,,3951.389892578125,0.0466414,0.049056,0.0515671,0.0534352,0.01804419651000888,,,,,,0.043835616438356165,0.29315068493150687,0.5424657534246575,0.7917808219178082,1.0410958904109588,1.3095890410958904,1.558904109589041,1.8082191780821917,2.0575342465753423,,,2.8054794520547945,,,,,,,0.046,0.0496,0.0519,0.053,0.0535,0.0543,0.0558,0.0587,0.0638,,,0.0981,,,,,,,,,,,,3956.23513057384,0.26486942616020315,3988.1122313431442,4.637768656855769,4024.6300858382606,8.369914161739416,4062.28134475423,11.468655245770151,4099.97255532289,16.027444677109997,4143.527969461845,14.472030538155195,4190.940055876644,2.0599441233562175,4252.8187233916115,-27.818723391611456,4341.463578011995,-91.4635780119952,,,,,4946.411183853757,-626.4111838537574,,
2023-03-02,,,,,,,,,3984.75,4021.0,4061.0,4102.25,4144.0,4186.0,4221.0,4253.0,4278.0,,,4348.0,,3981.35009765625,0.0469844,0.0492926,0.0518706,0.0538448,0.01777237280290885,,,,,,0.0410958904109589,0.29041095890410956,0.5397260273972603,0.7890410958904109,1.0383561643835617,1.3068493150684932,1.5561643835616439,1.8054794520547945,2.0547945205479454,,,2.802739726027397,,,,,,,0.0464,0.0498,0.0522,0.0533,0.0539,0.0547,0.0563,0.0594,0.0648,,,0.1012,,,,,,,,,,,,3986.036824154015,-1.2868241540149938,4018.5540795117467,2.4459204882532504,4056.0211012392956,4.978898760704396,4094.5373848415707,7.712615158429344,4133.540595239923,10.459404760076723,4178.1970536076515,7.802946392348531,4227.354161068094,-6.354161068094072,4292.111520761285,-39.11152076128474,4385.2783122648925,-107.27831226489252,,,,,5030.135425381029,-682.1354253810287,,
2023-03-03,,,,,,,,,4049.75,4086.75,4128.0,4170.5,4212.75,4252.0,4289.0,4321.0,4346.0,,,4416.0,,4045.639892578125,0.0470788,0.0493983,0.0520289,0.05403579999999999,0.01743372926535687,,,,,,0.038356164383561646,0.2876712328767123,0.536986301369863,0.7863013698630137,1.0356164383561643,1.3041095890410959,1.5534246575342465,1.8027397260273972,2.052054794520548,,,2.8,,,,,,,0.0464,0.0499,0.0523,0.0535,0.0541,0.0549,0.0565,0.0597,0.0652,,,0.1027,,,,,,,,,,,,4050.1372381572337,-0.38723815723369626,4083.601597846122,3.1484021538781235,4122.098759205363,5.901240794636578,4162.0123261153,8.487673884699689,4202.2156595291835,10.53434047081646,4248.219076955437,3.780923044562769,4298.7584124039195,-9.758412403919465,4365.945681464145,-44.94568146414531,4462.275047648369,-116.27504764836885,,,,,5136.56870551314,-720.5687055131402,,
2023-03-06,,,,,,,,,4052.5,4089.75,4131.25,4174.25,4216.25,4255.0,4292.0,4324.0,4349.0,,,4419.0,,4048.419921875,0.0472431,0.0494168,0.0519877,0.05380989999999999,0.01755163159237955,,,,,,0.030136986301369864,0.27945205479452057,0.5287671232876713,0.7780821917808219,1.0273972602739727,1.295890410958904,1.5452054794520549,1.7945205479452055,2.043835616438356,,,2.791780821917808,,,,,,,0.0465,0.0498,0.0522,0.0534,0.0539,0.0545,0.056,0.0592,0.0648,,,0.1036,,,,,,,,,,,,4051.9533716423125,0.5466283576874957,4085.068656148103,4.681343851897054,4123.2742983402895,7.975701659710467,4162.9320233259,11.317976674099555,4202.463396648479,13.78660335152108,4246.97811626313,8.021883736870222,4296.227412970056,-4.227412970056321,4362.58824385582,-38.58824385582011,4458.866387044915,-109.86638704491543,,,,,5147.724883765086,-728.7248837650859,,
2023-03-07,,,,,,,,,3989.75,4027.0,4068.25,4111.0,4153.0,4202.0,4239.0,4271.0,4296.0,,,4366.0,,3986.3701171875,0.0473354,0.0495659,0.0521501,0.0538796,0.01786199806904179,,,,,,0.0273972602739726,0.27671232876712326,0.5260273972602739,0.7753424657534247,1.0246575342465754,1.2931506849315069,1.5424657534246575,1.7917808219178082,2.041095890410959,,,2.789041095890411,,,,,,,0.0466,0.0499,0.0523,0.0535,0.0539,0.0545,0.056,0.0591,0.0647,,,0.1043,,,,,,,,,,,,3989.5099917920497,0.24000820795026812,4021.867640328589,5.132359671410995,4059.2425991995574,9.00740080044261,4098.056053818073,12.943946181926549,4136.324873879189,16.675126120811,4179.783826530582,22.21617346941821,4227.909376502837,11.090623497162596,4292.076003376476,-21.076003376476365,4386.281919330408,-90.28191933040762,,,,,5073.141299294897,-707.1412992948972,,
2023-03-08,,,,,,,,,3995.0,4032.75,4075.0,4118.75,4162.0,4210.0,4247.0,4279.0,4304.0,,,4374.0,,3992.010009765625,0.0477646,0.05040219999999999,0.053152,0.0550783,0.01778941907294005,,,,,,0.024657534246575342,0.273972602739726,0.5232876712328767,0.7726027397260274,1.021917808219178,1.2904109589041095,1.5397260273972602,1.789041095890411,2.0383561643835617,,,2.786301369863014,,,,,,,0.0468,0.0507,0.0533,0.0546,0.0551,0.0558,0.0573,0.0605,0.066,,,0.104,,,,,,,,,,,,3994.8666334532845,0.13336654671547876,4028.1671193877964,4.582880612203553,4066.8840440597864,8.115955940213553,4107.172442599146,11.577557400853948,4147.157720552438,14.84227944756185,4192.6967224579075,17.303277542092474,4242.405043676072,4.5949563239282725,4308.999964565177,-29.999964565176924,4404.228934075446,-100.22893407544598,,,,,5075.898358097262,-701.8983580972617,,
2023-03-09,,,,,,,,,3920.0,3956.25,3996.5,4038.25,4081.0,4123.0,4159.0,4189.0,4226.5,,,4295.0,,3918.320068359375,0.0484703,0.0510713,0.05389,0.0557989,0.01797074341214892,,,,,,0.021917808219178082,0.27123287671232876,0.5205479452054794,0.7698630136986301,1.0191780821917809,1.2876712328767124,1.536986301369863,1.7863013698630137,2.0356164383561643,,,2.7835616438356166,,,,,,,0.0475,0.0514,0.0541,0.0553,0.0558,0.0565,0.058,0.0613,0.0671,,,0.1078,,,,,,,,,,,,3920.8568909323935,-0.8568909323935259,3954.0094763226043,2.240523677395686,3992.7092808703887,3.7907191296112615,4032.5600480639832,5.689951936016769,4072.3399361509028,8.660063849097241,4117.62286893722,5.377131062779881,4166.962807799746,-7.96280779974586,4233.639895163794,-44.63989516379388,4330.449426474826,-103.9494264748264,,,,,5031.450342851373,-736.4503428513726,,
2023-03-10,,,,,,,,,3862.75,3897.5,3934.5,3969.5,4006.0,4043.0,4069.0,4099.0,4136.5,,,4205.0,,3861.590087890625,0.04860299999999999,0.0511987,0.0539145,0.0555892,0.01819917448154192,,,,,,0.019178082191780823,0.2684931506849315,0.5178082191780822,0.7671232876712328,1.0164383561643835,1.284931506849315,1.5342465753424657,1.7835616438356163,2.032876712328767,,,2.780821917808219,,,,,,,0.0476,0.0515,0.054,0.0552,0.0556,0.0561,0.0575,0.0607,0.0663,,,0.1061,,,,,,,,,,,,3863.7680650244974,-1.0180650244974458,3896.271546264777,1.2284537352229563,3933.843745649177,0.6562543508230192,3972.7686057368837,-3.2686057368837282,4011.216942173808,-5.216942173808093,4054.303880317892,-11.30388031789198,4101.59611986082,-32.59611986082018,4165.689802474413,-66.68980247441323,4258.266218864375,-121.76621886437533,,,,,4930.870678696218,-725.8706786962184,,
2023-03-13,,,,,,,,,3856.75,3888.75,3919.25,3942.0,3972.0,4009.0,4024.0,4054.0,4091.5,,,4160.0,,3855.760009765625,0.0482709,0.0503274,0.0522223,0.0527559,0.01838527111678387,,,,,,0.010958904109589041,0.2602739726027397,0.5095890410958904,0.7589041095890411,1.0082191780821919,1.2767123287671234,1.526027397260274,1.7753424657534247,2.0246575342465754,,,2.7726027397260276,,,,,,,0.0473,0.0504,0.0523,0.0528,0.0528,0.0527,0.0534,0.0555,0.0597,,,0.0912,,,,,,,,,,,,3856.9819924619237,-0.23199246192370993,3888.0227477831163,0.7272522168836986,3922.9766332038544,-3.7266332038543624,3957.7893160413855,-15.789316041385518,3991.8936860702725,-19.89368607027245,4028.4358501469974,-19.43585014699738,4067.3902284114592,-43.39022841145925,4118.37838896576,-64.37838896575977,4192.160836585722,-100.66083658572188,,,,,4718.327782587183,-558.3277825871828,,
2023-03-14,,,,,,,,,3920.5,3954.25,3986.25,4012.0,4042.0,4074.0,4094.0,4124.0,4161.5,,,4230.0,,3919.2900390625,0.0465951,0.0474285,0.04701139999999999,0.0451086,0.0178217064565374,,,,,,0.00821917808219178,0.25753424657534246,0.5068493150684932,0.7561643835616438,1.0054794520547945,1.273972602739726,1.5232876712328767,1.7726027397260273,2.021917808219178,,,2.76986301369863,,,,,,,0.0461,0.0474,0.047,0.046,0.0451,0.0441,0.0431,0.0422,0.0414,,,0.0394,,,,,,,,,,,,3920.2010832961637,0.2989167038363121,3949.2589292291927,4.991070770807255,3977.6831354079304,8.566864592069578,4003.69604959742,8.303950402580085,4028.2751769996844,13.72482300031561,4052.7203659830993,21.279634016900673,4073.1499264425606,20.850073557439373,4092.3670964906723,31.63290350932766,4110.66122070542,50.83877929457958,,,,,4160.68382635858,69.31617364142039,,
2023-03-15,,,,,,,,,3892.75,3925.0,3953.25,3982.0,4012.0,4044.0,4064.0,4094.0,4131.5,,,4200.0,,3891.929931640625,0.0474343,0.048773,0.0484506,0.0472867,0.01792880357517455,,,,,,0.005479452054794521,0.2547945205479452,0.5041095890410959,0.7534246575342466,1.0027397260273974,1.2712328767123289,1.5205479452054795,1.7698630136986302,2.0191780821917806,,,2.767123287671233,,,,,,,0.0467,0.0488,0.0484,0.0477,0.0473,0.0468,0.046,0.0448,0.0429,,,0.0306,,,,,,,,,,,,3892.543544284394,0.20645571560589815,3922.6638346863015,2.3361653136985296,3952.174695728682,1.0753042713181458,3980.213712476511,1.7862875234891362,4008.2583746676582,3.741625332341755,4037.425252526908,6.574747473091975,4061.647831219723,2.352168780277225,4081.4956318299023,12.504368170097678,4093.1975165039034,38.302483496096556,,,,,4030.8123192391795,169.1876807608205,,
2023-03-16,,,,,,,,,3960.5,3994.5,4027.75,4057.0,4090.0,4124.0,4144.0,4174.0,4206.5,4231.0,,4275.0,,3960.280029296875,0.0469112,0.0473006,0.0448457,0.04166470000000001,0.01748952394688525,,,,,,0.0027397260273972603,0.25205479452054796,0.5013698630136987,0.7506849315068493,1.0,1.2684931506849315,1.5178082191780822,1.7671232876712328,2.0164383561643837,2.265753424657534,,2.7643835616438355,,,,,,,0.0466,0.0473,0.0448,0.0428,0.0417,0.0404,0.0383,0.0342,0.0273,0.0165,,-0.0199,,,,,,,,,,,,3960.5958929526723,-0.09589295267232956,3990.1491479880538,4.350852011946245,4014.879710290134,12.870289709866029,4036.245508169406,20.754491830593906,4057.3303711631756,32.66962883682436,4077.061544207841,46.93845579215895,4087.3672099512105,56.6327900487895,4078.9687887586574,95.03121124134259,4039.4031965753193,167.09680342468073,3951.410959090896,279.5890409091039,,,3571.3931289108696,703.6068710891304,,
2023-03-17,,,,,,,,,3957.05,3947.0,3976.5,4007.0,4040.0,4074.0,4094.0,4124.0,4156.5,4181.0,,4225.0,,3916.639892578125,0.0475617,0.04853780000000001,0.0474882,0.0451342,0.01771138551161437,,,,,,0.0,0.2493150684931507,0.4986301369863014,0.7479452054794521,0.9972602739726028,1.2657534246575342,1.515068493150685,1.7643835616438357,2.0136986301369864,2.263013698630137,,2.7616438356164386,,,,,,,0.0469,0.0485,0.0475,0.0462,0.0451,0.0441,0.0427,0.0406,0.0376,0.0332,,0.0192,,,,,,,,,,,,3916.639892578125,40.41010742187518,3946.8199609531903,0.18003904680972482,3975.249911247773,1.2500887522269295,4000.9908325329484,6.009167467051611,4025.091699717873,14.90830028212713,4049.6708050933667,24.329194906633347,4067.7644707321047,26.235529267895345,4078.047871764104,45.952128235896,4076.6835061102006,79.8164938897994,4056.356117962241,124.64388203775889,,,3932.7744313656885,292.22556863431146,,
2023-03-20,,,,,,,,,,3983.0,4014.0,4042.0,4070.0,4104.0,4124.0,4154.0,4186.0,4211.0,,4255.0,,3951.570068359375,0.0475106,0.048169,0.0471415,0.0447911,0.01782507278260622,,,,,,,0.2410958904109589,0.4904109589041096,0.7397260273972602,0.989041095890411,1.2575342465753425,1.5068493150684932,1.7561643835616438,2.0054794520547947,2.254794520547945,,2.7534246575342465,,,,,,,,0.0482,0.0472,0.0459,0.0448,0.0437,0.0424,0.0406,0.0381,0.0346,,0.0238,,,,,,,,,,,,,,3980.6147044343993,2.3852955656006998,4008.9075461542707,5.092453845729324,4034.4933901658524,7.506609834147639,4058.41416344886,11.585836551139892,4082.263413072367,21.736586927633198,4100.642619297925,23.357380702074806,4112.822373098026,41.17762690197378,4115.555979794305,70.44402020569487,4103.896956834675,107.10304316532529,,,4017.1170657116027,237.88293428839734,,
2023-03-21,,,,,,,,,,4035.75,4069.25,4100.0,4135.0,4164.0,4184.0,4214.0,4246.0,4271.0,,4315.0,,4002.8701171875,0.0475918,0.0482369,0.0467054,0.0441923,0.0175649621455082,,,,,,,0.23835616438356164,0.4876712328767123,0.736986301369863,0.9863013698630136,1.2547945205479452,1.5041095890410958,1.7534246575342465,2.0027397260273974,2.252054794520548,,2.750684931506849,,,,,,,,0.0482,0.0468,0.0452,0.0442,0.0432,0.0416,0.039,0.0348,0.0284,,0.007,,,,,,,,,,,,,,4032.2062520154655,3.543747984534548,4060.348145536251,8.901854463748805,4085.2310097698673,14.768990230132658,4109.419622383168,25.580377616832266,4133.722522375829,30.277477624171297,4150.226719792191,33.773280207808966,4156.179891315914,57.820108684086335,4143.450637947799,102.5493620522011,4101.745980909853,169.25401909014727,,,3888.2172066283447,426.7827933716553,,
2023-03-22,,,,,,,,,,3970.5,4003.25,4034.75,4070.0,4099.0,4119.0,4149.0,4181.0,4206.0,,4250.0,,3936.969970703125,0.0477555,0.0487979,0.0484981,0.0469548,0.01781986379850056,,,,,,,0.2356164383561644,0.4849315068493151,0.7342465753424657,0.9835616438356164,1.252054794520548,1.5013698630136987,1.7506849315068493,2.0,2.249315068493151,,2.747945205479452,,,,,,,,0.0487,0.0485,0.0478,0.047,0.0462,0.0454,0.0445,0.0435,0.0423,,0.0392,,,,,,,,,,,,,,3965.7193047266924,4.780695273307629,3995.9811723631956,7.268827636804417,4024.5946463195396,10.155353680460394,4051.599928590709,18.40007140929083,4079.379404376039,19.62059562396098,4103.4142447177765,15.585755282223545,4125.2222490563645,23.77775094363551,4144.456494704811,36.54350529518888,4159.832977021273,46.16702297872689,,,4175.202362730448,74.79763726955207,,
2023-03-23,,,,,,,,,,3978.0,4009.5,4040.75,4071.0,4095.0,4115.0,4135.0,4167.0,4192.0,,4236.0,,3948.719970703125,0.0479236,0.0489779,0.04883,0.0472096,0.01772138538784576,,,,,,,0.2328767123287671,0.4821917808219178,0.7315068493150685,0.9808219178082191,1.2493150684931507,1.4986301369863013,1.747945205479452,1.9972602739726026,2.2465753424657535,,2.745205479452055,,,,,,,,0.0489,0.0489,0.0481,0.0473,0.0464,0.0456,0.045,0.0446,0.0445,,0.0455,,,,,,,,,,,,,,3977.4950694187696,0.5049305812303828,4008.5338060179397,0.9661939820603038,4037.451326041567,3.298673958433028,4064.955605789058,6.044394210941846,4092.762188109739,2.2378118902611277,4117.191270351128,-2.1912703511279688,4141.5619196661155,-6.5619196661155,4166.494594757989,0.5054052420109656,4193.566828969428,-1.566828969427661,,,4261.620441960876,-25.620441960875723,,
2023-03-24,,,,,,,,,,4001.25,4033.0,4062.0,4094.0,4118.0,4138.0,4158.0,4190.0,4215.0,,4259.0,,3970.989990234375,0.04805570000000001,0.0487636,0.047946,0.0454444,0.01767881527500328,,,,,,,0.23013698630136986,0.4794520547945205,0.7287671232876712,0.9780821917808219,1.2465753424657535,1.4958904109589042,1.7452054794520548,1.9945205479452055,2.243835616438356,,2.7424657534246575,,,,,,,,0.0487,0.0481,0.0468,0.0456,0.0442,0.043,0.0415,0.0399,0.038,,0.0332,,,,,,,,,,,,,,3999.4408081847955,1.8091918152044855,4029.3333117872403,3.666688212759709,4056.1651927216826,5.834807278317385,4080.928944526275,13.07105547372521,4104.467794390024,13.53220560997579,4124.286969034039,13.71303096596057,4139.55499752108,18.445002478920287,4150.94509048739,39.05490951260981,4156.248354380849,58.75164561915062,,,4143.6695044525695,115.33049554743047,,
2023-03-27,,,,,,,,,,4007.25,4041.0,4073.5,4105.0,4133.0,4157.0,4178.0,4201.0,4226.0,,4270.0,,3977.530029296875,0.0479116,0.0480694,0.0465984,0.04333910000000001,0.0178516680212037,,,,,,,0.2219178082191781,0.4712328767123288,0.7205479452054795,0.9698630136986301,1.2383561643835617,1.4876712328767123,1.736986301369863,1.9863013698630136,2.2356164383561645,,2.734246575342466,,,,,,,,0.0481,0.0468,0.0451,0.0435,0.0419,0.0402,0.0381,0.0355,0.0322,,0.0225,,,,,,,,,,,,,,4004.3195843062313,2.9304156937687367,4032.1609041155148,8.839095884485232,4056.3954562463555,17.10454375364452,4077.7134383658167,27.286561634183272,4097.7638854741845,35.23611452581554,4111.993722740205,45.00627725979484,4119.913245679638,58.08675432036216,4119.434666092077,81.56533390792265,4107.187130902277,118.8128690977228,,,4028.4058089381724,241.5941910618276,,
2023-03-28,,,,,,,,,,4001.5,4035.25,4067.5,4100.0,4129.0,4153.0,4175.0,4195.0,4219.0,,4263.0,,3971.27001953125,0.0480883,0.0489116,0.0483681,0.0460093,0.01791391854084627,,,,,,,0.2191780821917808,0.4684931506849315,0.7178082191780822,0.9671232876712329,1.2356164383561643,1.484931506849315,1.7342465753424658,1.9835616438356165,2.232876712328767,,2.7315068493150685,,,,,,,,0.0488,0.0485,0.0474,0.0462,0.0449,0.0437,0.0427,0.0418,0.0411,,0.0406,,,,,,,,,,,,,,3998.2449398840067,3.255060115993274,4028.585482210428,6.6645177895720735,4056.219163925425,11.280836074574836,4081.408199491777,18.59180050822306,4105.922294544546,23.077705455453724,4126.280981306564,26.719018693435828,4145.6978114689655,29.302188531034517,4163.955495222214,31.044504777785733,4182.284419288611,36.71558071138861,,,4225.143119167194,37.85688083280638,,
2023-03-29,,,,,,,,,,4057.5,4092.25,4125.75,4159.0,4191.0,4216.0,4239.0,4262.0,4287.0,,4330.0,,4027.81005859375,0.04807019999999999,0.04898329999999999,0.0486464,0.046642,0.01773123672688312,,,,,,,0.21643835616438356,0.4657534246575342,0.7150684931506849,0.9643835616438357,1.2328767123287672,1.4821917808219178,1.7315068493150685,1.9808219178082191,2.23013698630137,,2.728767123287671,,,,,,,,0.0489,0.0488,0.0478,0.0468,0.0457,0.0447,0.0439,0.0433,0.043,,0.0438,,,,,,,,,,,,,,4055.0739914445744,2.4260085554255966,4086.517749342822,5.732250657178156,4115.350652424092,10.399347575907996,4142.320988295052,16.679011704947698,4169.119470631797,21.880529368202588,4192.074411692782,23.925588307218277,4214.5137008133315,24.486299186668475,4237.061494306668,24.938505693332445,4261.305727216045,25.694272783955057,,,4324.767590520735,5.232409479264788,,
2023-03-30,,,,,,,,,,4080.0,4115.0,4148.5,4183.0,4215.0,4240.5,4263.5,4287.0,4312.0,,4355.0,,4050.830078125,0.0480341,0.0489012,0.0486581,0.0469477,0.01751010253010451,,,,,,,0.2136986301369863,0.46301369863013697,0.7123287671232876,0.9616438356164384,1.2301369863013698,1.4794520547945205,1.7287671232876711,1.978082191780822,2.2273972602739724,,2.7260273972602738,,,,,,,,0.0488,0.0488,0.048,0.0471,0.0461,0.0453,0.0446,0.0442,0.044,,0.045,,,,,,,,,,,,,,4078.007151812737,1.9928481872630073,4109.944270127546,5.055729872454322,4139.77173048752,8.728269512480438,4167.751826857297,15.248173142703308,4195.830558272837,19.169441727162848,4220.846239339933,19.653760660066837,4245.051458350987,18.44854164901335,4270.438984218744,16.561015781256174,4297.0353985558095,14.96460144419052,,,4366.0557681574255,-11.055768157425518,,
2023-03-31,,,,,,,,,,4137.75,4173.5,4207.5,4242.0,4273.0,4298.5,4322.0,4346.0,4371.0,,4415.0,,4109.31005859375,0.0480247,0.0490855,0.0489968,0.0473451,0.0172769747070976,,,,,,,0.21095890410958903,0.4602739726027397,0.7095890410958904,0.958904109589041,1.2273972602739727,1.4767123287671233,1.726027397260274,1.9753424657534246,2.2246575342465755,,2.723287671232877,,,,,,,,0.0489,0.0491,0.0484,0.0475,0.0465,0.0458,0.0452,0.045,0.0453,,0.0478,,,,,,,,,,,,,,4136.81556317485,0.934436825150442,4169.943371460806,3.5566285391942074,4201.071883705991,6.42811629400876,4230.144395886146,11.855604113853587,4259.379134747465,13.620865252534713,4286.092370782914,12.407629217085741,4312.212235500674,9.787764499325931,4340.621821105102,5.378178894898156,4373.645097353096,-2.6450973530963893,,,4465.486307852948,-50.4863078529479,,
2023-04-03,,,,,,,,,,4153.75,4190.25,4224.5,4258.25,4289.0,4314.5,4338.0,4362.0,4387.0,,4431.0,,4124.509765625,0.0481043,0.0492063,0.04920099999999999,0.0475019,0.01740645076663941,,,,,,,0.20273972602739726,0.4520547945205479,0.7013698630136986,0.9506849315068493,1.2191780821917808,1.4684931506849315,1.7178082191780821,1.9671232876712328,2.2164383561643834,,2.7150684931506848,,,,,,,,0.049,0.0493,0.0486,0.0477,0.0467,0.0459,0.0454,0.0455,0.0463,,0.0507,,,,,,,,,,,,,,4151.013144046028,2.7368559539718262,4184.40617360485,5.843826395150245,4215.741028099469,8.758971900530923,4245.021093634808,13.228906365192415,4274.4747152012405,14.525284798759458,4300.751392668946,13.74860733105379,4327.69348215867,10.306517841329878,4358.860382163153,3.13961783684681,4397.287786889539,-10.287786889539348,,,4514.712167571261,-83.71216757126058,,
2023-04-04,,,,,,,,,,4129.0,4163.75,4195.0,4227.25,4258.0,4284.0,4307.0,4331.0,4356.0,,4400.0,,4100.60009765625,0.0482805,0.0493736,0.0494064,0.04737300000000001,0.01744504014771402,,,,,,,0.2,0.44931506849315067,0.6986301369863014,0.947945205479452,1.2164383561643837,1.4657534246575343,1.715068493150685,1.9643835616438357,2.213698630136986,,2.712328767123288,,,,,,,,0.0491,0.0495,0.0488,0.0476,0.0464,0.0454,0.0451,0.0455,0.0472,,0.055,,,,,,,,,,,,,,4126.643316666326,2.3566833336735726,4160.0874877597025,3.662512240297474,4191.416938215198,3.5830617848023394,4219.508187017028,7.741812982972078,4247.6048189044595,10.395181095540465,4272.112375428439,11.887624571560991,4299.778366100961,7.2216338990392615,4332.930185015704,-1.93018501570441,4379.794660595011,-23.79466059501101,,,4540.3074328048415,-140.30743280484148,,
2023-04-05,,,,,,,,,,4117.25,4151.75,4183.0,4215.25,4246.0,4272.0,4295.0,4329.0,4344.0,,4388.0,,4090.3798828125,0.0482963,0.049167,0.04873039999999999,0.0461536,0.01736966867200472,,,,,,,0.19726027397260273,0.4465753424657534,0.6958904109589041,0.9452054794520548,1.2136986301369863,1.463013698630137,1.7123287671232876,1.9616438356164383,2.210958904109589,,2.7095890410958905,,,,,,,,0.049,0.0489,0.0478,0.0465,0.045,0.0437,0.0428,0.0424,0.0426,,0.0458,,,,,,,,,,,,,,4115.981216580551,1.2687834194493917,4148.382565979988,3.367434020012297,4177.922119730367,5.0778802696331695,4204.56985886694,10.680141133059806,4229.876269443584,16.123730556416376,4251.022244140385,20.977755859615172,4272.430779684433,22.56922031556678,4296.232353601344,32.767646398656325,4325.038630831292,18.96136916870819,,,4417.934860728034,-29.934860728034437,,
2023-04-06,,,,,,,,,,4132.0,4167.0,4199.0,4230.75,4261.0,4287.0,4310.0,4344.0,4359.0,,4403.0,,4105.02001953125,0.0483289,0.0489486,0.0481084,0.0448844,0.01707213176898211,,,,,,,0.19452054794520549,0.4438356164383562,0.6931506849315069,0.9424657534246575,1.210958904109589,1.4602739726027398,1.7095890410958905,1.9589041095890412,2.208219178082192,,2.706849315068493,,,,,,,,0.0488,0.0484,0.0469,0.0453,0.0435,0.0419,0.0406,0.0396,0.0391,,0.04,,,,,,,,,,,,,,4130.433404694407,1.5665953055931823,4162.496620713436,4.503379286564268,4190.775611942144,8.224388057856231,4215.694804766466,15.055195233533595,4238.518009603907,22.48199039609335,4256.580377051137,30.419622948863434,4273.501888125725,36.49811187427531,4290.23089605416,53.76910394583956,4309.633996212936,49.36600378706407,,,4367.858766201218,35.141233798782196,,
2023-04-10,,,,,,,,,,4136.25,4173.0,4205.5,4242.0,4272.0,4298.0,4321.0,4355.0,4370.0,,4414.0,,4109.10986328125,0.048553,0.0495866,0.0493518,0.0469974,0.01729098285438274,,,,,,,0.18356164383561643,0.4328767123287671,0.6821917808219178,0.9315068493150684,1.2,1.4493150684931506,1.6986301369863013,1.9479452054794522,2.197260273972603,,2.695890410958904,,,,,,,,0.0493,0.0496,0.0486,0.0474,0.046,0.0448,0.0441,0.0439,0.0446,,0.0492,,,,,,,,,,,,,,4133.324531973752,2.9254680262483816,4166.982896395526,6.017103604473959,4197.819320031029,7.6806799689711625,4225.988434628804,16.01156537119641,4253.138782238422,18.86121776157779,4276.246589835305,21.753410164695197,4300.559073070334,20.440926929665693,4327.713463865922,27.286536134078233,4363.224923370871,6.775076629129217,,,4478.237886383862,-64.23788638386213,,
2023-04-11,,,,,,,,,,4136.5,4173.25,4207.5,4241.75,4272.0,4298.0,4321.0,4355.0,4370.0,,4414.0,,4108.93994140625,0.0487617,0.0497661,0.0497135,0.0475277,0.01736543420619024,,,,,,,0.18082191780821918,0.4301369863013699,0.6794520547945205,0.9287671232876712,1.1972602739726028,1.4465753424657535,1.6958904109589041,1.9452054794520548,2.1945205479452055,,2.6931506849315068,,,,,,,,0.0494,0.0499,0.0491,0.0479,0.0465,0.0455,0.045,0.0454,0.0468,,0.0544,,,,,,,,,,,,,,4132.810256403899,3.689743596100925,4166.845995036666,6.404004963334046,4198.4994572883425,9.000542711657545,4227.135488892566,14.614511107433827,4254.7956357288995,17.20436427110053,4279.618382237973,18.381617762027417,4306.0898656084,14.910134391599968,4339.234996283459,15.765003716541287,4383.11576295492,-13.115762954919774,,,4539.8988845304375,-125.8988845304375,,
2023-04-12,,,,,,,,,,4119.0,4155.25,4188.75,4222.75,4254.0,4280.0,4303.0,4337.0,4352.0,,4396.0,,4091.949951171875,0.0488117,0.0498987,0.0498536,0.0476552,0.01748823535468071,,,,,,,0.1780821917808219,0.4273972602739726,0.6767123287671233,0.9260273972602739,1.1945205479452055,1.4438356164383561,1.6931506849315068,1.9424657534246574,2.191780821917808,,2.6904109589041094,,,,,,,,0.0495,0.05,0.0492,0.048,0.0467,0.0456,0.0451,0.0454,0.0467,,0.0539,,,,,,,,,,,,,,4115.343650591397,3.6563494086030914,4149.206272262061,6.043727737938752,4180.71113150345,8.038868496550094,4209.21574763149,13.534252368510352,4237.255069079083,16.744930920916886,4261.453861729904,18.54613827009598,4287.794487821671,15.205512178328718,4319.930283552941,17.069716447059363,4362.5092271928825,-10.509227192882463,,,4513.0997695790875,-117.09976957908748,,
2023-04-13,,,,,,,,,,4172.75,4209.5,4243.75,4278.0,4309.0,4335.0,4358.0,4392.0,4407.0,,4451.0,,4146.22021484375,0.0488952,0.0498632,0.0496063,0.04716020000000001,0.01709212579350309,,,,,,,0.17534246575342466,0.4246575342465753,0.673972602739726,0.9232876712328767,1.1917808219178083,1.441095890410959,1.6904109589041096,1.9397260273972603,2.1890410958904107,,2.6876712328767125,,,,,,,,0.0495,0.0498,0.0489,0.0476,0.0461,0.0449,0.0442,0.0441,0.0449,,0.0501,,,,,,,,,,,,,,4169.848082905587,2.9019170944129655,4204.211549813325,5.288450186674709,4236.0649622836045,7.685037716395527,4264.669436084721,13.330563915278617,4292.065801205564,16.93419879443627,4315.749219460112,19.250780539888183,4340.634672167666,17.365327832333605,4369.222187604399,22.77781239560136,4406.451455997547,0.5485440024531272,,,4530.8585257853965,-79.85852578539652,,
2023-04-14,,,,,,,,,,4163.75,4201.75,4238.0,4272.75,4303.0,4329.0,4352.0,4386.0,4401.0,,4445.0,,4137.64013671875,0.0489306,0.0498188,0.0494302,0.04684269999999999,0.01718390333956157,,,,,,,0.1726027397260274,0.42191780821917807,0.6712328767123288,0.9205479452054794,1.189041095890411,1.4383561643835616,1.6876712328767123,1.936986301369863,2.186301369863014,,2.684931506849315,,,,,,,,0.0495,0.0497,0.0486,0.0473,0.0458,0.0445,0.0436,0.0433,0.0437,,0.0476,,,,,,,,,,,,,,4160.783745348693,2.966254651307281,4194.796087462047,6.953912537953329,4225.819163922206,12.180836077794083,4253.954074709457,18.795925290542982,4280.84887395726,22.151126042739634,4303.445091746203,25.554908253797294,4326.276738395984,25.723261604016443,4352.333471520574,33.66652847942623,4384.597311752714,16.402688247286278,,,4489.721828495151,-44.721828495151385,,
2023-04-17,,,,,,,,,,4176.75,4215.25,4252.25,4288.75,4322.0,4344.0,4367.0,4401.0,4416.0,,4460.0,,4151.31982421875,0.0491745,0.0502785,0.05021080000000001,0.0479827,0.01731180539013656,,,,,,,0.1643835616438356,0.4136986301369863,0.663013698630137,0.9123287671232877,1.180821917808219,1.4301369863013698,1.6794520547945206,1.9287671232876713,2.1780821917808217,,2.6767123287671235,,,,,,,,0.0498,0.0504,0.0496,0.0484,0.0471,0.046,0.0454,0.0455,0.0467,,0.0533,,,,,,,,,,,,,,4173.549357967291,3.2006420327088563,4208.536044813615,6.713955186384737,4241.147328333718,11.102671666281822,4270.747916000548,18.002083999452225,4299.939129638509,22.060870361490743,4325.182611461805,18.81738853819479,4351.841503974923,15.158496025076602,4383.268928116585,17.731071883415098,4425.7343387107985,-9.73433871079851,,,4571.111343907461,-111.11134390746065,,
2023-04-18,,,,,,,,,,4180.0,4218.75,4255.75,4295.25,4328.0,4352.0,4375.0,4409.0,4424.0,,4468.0,,4154.8701171875,0.049384,0.0504845,0.0506809,0.0487069,0.01740308556622734,,,,,,,0.16164383561643836,0.410958904109589,0.6602739726027397,0.9095890410958904,1.178082191780822,1.4273972602739726,1.6767123287671233,1.926027397260274,2.175342465753425,,2.673972602739726,,,,,,,,0.05,0.0508,0.0502,0.0492,0.0478,0.0469,0.0466,0.0474,0.0496,,0.06,,,,,,,,,,,,,,4176.820280842601,3.179719157398722,4212.287830545045,6.462169454955074,4245.824873599806,9.92512640019413,4276.792416917888,18.45758308211225,4306.352387552437,21.647612447563006,4333.540967692279,18.459032307720918,4363.33203985333,11.667960146670339,4401.987077269844,7.0129227301558785,4456.307390056158,-32.3073900561576,,,4656.127763070463,-188.1277630704626,,
2023-04-19,,,,,,,,,,4178.5,4217.5,4255.25,4294.5,4328.0,4352.0,4375.0,4409.0,4424.0,,4468.0,,4154.52001953125,0.04945960000000001,0.050555,0.0507839,0.0488293,0.01742406455130466,,,,,,,0.1589041095890411,0.40821917808219177,0.6575342465753424,0.9068493150684932,1.1753424657534246,1.4246575342465753,1.673972602739726,1.9232876712328768,2.1726027397260275,,2.671232876712329,,,,,,,,0.05,0.0509,0.0504,0.0493,0.048,0.047,0.0468,0.0477,0.05,,0.061,,,,,,,,,,,,,,4176.081442422885,2.41855757711528,4211.683385129327,5.81661487067322,4245.5853833091005,9.664616690899493,4276.365955463544,18.134044536455804,4306.536988624725,21.46301137527462,4333.313457876125,18.68654212387537,4363.922958710039,11.077041289961016,4403.616945257011,5.383054742988861,4459.2093274476665,-35.20932744766651,,,4667.38227705222,-199.38227705222016,,
2023-04-20,,,,,,,,,,4152.5,4191.0,4227.25,4263.5,4297.0,4321.0,4344.0,4381.0,4396.0,,4440.0,,4129.7900390625,0.049643,0.050706,0.0509964,0.04928009999999999,0.0174476481248232,,,,,,,0.15616438356164383,0.4054794520547945,0.6547945205479452,0.9041095890410958,1.1726027397260275,1.4219178082191781,1.6712328767123288,1.9205479452054794,2.16986301369863,,2.6684931506849314,,,,,,,,0.0502,0.0511,0.0507,0.0497,0.0485,0.0477,0.0475,0.0485,0.0508,,0.0615,,,,,,,,,,,,,,4150.966997402839,1.5330025971607029,4186.528645041997,4.471354958002848,4220.695924558665,6.554075441335044,4251.98625671217,11.513743287830039,4282.935506779416,14.064493220584154,4311.314842912733,9.685157087266816,4342.503591355167,1.496408644832627,4383.572793980379,-2.572793980379174,4439.743490809568,-43.74349080956836,,,4644.947022525321,-204.9470225253208,,
2023-04-21,,,,,,,,,,4156.75,4195.25,4232.0,4267.75,4301.0,4325.0,4348.0,4385.0,4400.0,,4444.0,,4133.52001953125,0.0497052,0.0506775,0.0508834,0.0488247,0.01748240366679375,,,,,,,0.15342465753424658,0.40273972602739727,0.6520547945205479,0.9013698630136986,1.16986301369863,1.4191780821917808,1.6684931506849314,1.917808219178082,2.1671232876712327,,2.665753424657534,,,,,,,,0.0502,0.051,0.0505,0.0493,0.0479,0.0469,0.0467,0.0477,0.0503,,0.0623,,,,,,,,,,,,,,4154.3211560662385,2.4288439337615273,4189.696162980307,5.553837019692764,4223.476613471423,8.523386528577248,4253.783283826204,13.966716173796158,4283.257292768061,17.742707231938766,4309.742497130232,15.25750286976836,4340.018923255747,7.981076744253187,4380.140946996566,4.859053003434383,4438.201053441949,-38.201053441948716,,,4658.073775788873,-214.0737757888728,,
2023-04-24,,,,,,,,,,4159.5,4198.25,4235.0,4271.0,4304.0,4328.0,4351.0,4388.0,4403.0,,4447.0,,4137.0400390625,0.0497744,0.0506803,0.0508837,0.0487728,0.01769506118010252,,,,,,,0.14520547945205478,0.39452054794520547,0.6438356164383562,0.8931506849315068,1.1616438356164382,1.4109589041095891,1.6602739726027398,1.9095890410958904,2.158904109589041,,2.6575342465753424,,,,,,,,0.0502,0.051,0.0505,0.0494,0.0479,0.0469,0.0466,0.0476,0.0504,,0.063,,,,,,,,,,,,,,4156.612588447979,2.887411552021149,4191.757296139373,6.492703860627444,4225.34770187246,9.652298127540234,4255.8642421500335,15.135757849966467,4284.774592014365,19.225407985634774,4311.076039915342,16.923960084657665,4340.4181149370515,10.581885062948459,4380.166376468188,7.833623531812009,4439.7026014216,-36.702601421599866,,,4666.363115578174,-219.36311557817407,,
2023-04-25,,,,,,,,,,4093.25,4129.75,4164.0,4196.0,4229.0,4248.0,4269.0,4306.0,4321.0,,4365.0,,4071.6298828125,0.0499648,0.0507877,0.050907,0.04863000000000001,0.01801521150385254,,,,,,,0.14246575342465753,0.3917808219178082,0.6410958904109589,0.8904109589041096,1.158904109589041,1.4082191780821918,1.6575342465753424,1.906849315068493,2.1561643835616437,,2.654794520547945,,,,,,,,0.0503,0.051,0.0505,0.0493,0.0477,0.0466,0.0463,0.0472,0.0499,,0.0624,,,,,,,,,,,,,,4090.4003838098397,2.8496161901603045,4124.588220399457,5.161779600543014,4157.314223016535,6.685776983465075,4186.645013493136,9.354986506864407,4214.138600304032,14.86139969596843,4238.87129272835,9.128707271649546,4267.065640968712,1.9343590312882952,4304.643724216384,1.3562757836161836,4361.3961641265305,-40.39616412653049,,,4580.810168616735,-215.8101686167347,,
2023-04-26,,,,,,,,,,4076.0,4112.75,4147.25,4179.75,4212.0,4231.0,4252.0,4289.0,4304.0,,4348.0,,4055.989990234375,0.0498221,0.0504542,0.0502735,0.0474481,0.01822609910637599,,,,,,,0.13972602739726028,0.38904109589041097,0.6383561643835617,0.8876712328767123,1.1561643835616437,1.4054794520547946,1.6547945205479453,1.904109589041096,2.1534246575342464,,2.652054794520548,,,,,,,,0.0501,0.0505,0.0497,0.0482,0.0464,0.045,0.0443,0.0449,0.0472,,0.0587,,,,,,,,,,,,,,4074.0940866120045,1.905913387995497,4107.237544220193,5.512455779807169,4138.305303484876,8.944696515123724,4165.3560908026775,14.3939091973225,4190.28377828142,21.716221718579618,4211.525636232225,19.474363767774776,4234.823906512448,17.176093487551952,4267.315021442531,21.68497855746864,4317.11739995427,-13.117399954269786,,,4515.580731558371,-167.58073155837064,,
2023-04-27,,,,,,,,,,4153.75,4192.0,4229.0,4264.25,4297.0,4316.0,4337.0,4374.0,4389.0,,4433.0,,4135.35009765625,0.04993210000000001,0.0504345,0.0502131,0.0472626,0.01787478126463099,,,,,,,0.136986301369863,0.3863013698630137,0.6356164383561644,0.8849315068493151,1.1534246575342466,1.4027397260273973,1.652054794520548,1.9013698630136986,2.1506849315068495,,2.649315068493151,,,,,,,,0.0501,0.0505,0.0496,0.0481,0.0462,0.0447,0.044,0.0447,0.0471,,0.0595,,,,,,,,,,,,,,4153.64559529527,0.10440470472985908,4187.798417477056,4.201582522943681,4219.586182987693,9.413817012306936,4247.4518573833075,16.79814261669253,4272.687402408828,24.312597591171652,4293.923105112678,22.07689488732194,4317.740723001869,19.2592769981311,4351.7438693420345,22.256130657965514,4403.616914866192,-14.616914866192019,,,4617.485583870182,-184.48558387018238,,
2023-04-28,,,,,,,,,,4188.5,4226.75,4263.75,4299.25,4332.0,4351.0,4372.0,4409.0,4424.0,,4468.0,,4169.47998046875,0.050187,0.0508132,0.05079570000000001,0.0480908,0.01765203363742413,,,,,,,0.13424657534246576,0.3835616438356164,0.6328767123287671,0.8821917808219178,1.1506849315068493,1.4,1.6493150684931508,1.8986301369863015,2.147945205479452,,2.6465753424657534,,,,,,,,0.0504,0.051,0.0503,0.0489,0.0471,0.0457,0.0452,0.0462,0.0491,,0.063,,,,,,,,,,,,,,4187.850626906537,0.6493730934626001,4223.15434483715,3.5956551628496527,4256.526536740923,7.223463259077107,4286.017680437607,13.232319562393059,4313.185189540422,18.81481045957844,4336.460559174464,14.539440825536076,4363.291043611059,8.70895638894126,4401.71110310476,7.288896895240214,4460.8522342102715,-36.85223421027149,,,4701.154574594465,-233.15457459446498,,
2023-05-01,,,,,,,,,,4185.75,4224.75,4262.5,4299.25,4332.0,4351.0,4372.0,4409.0,4424.0,,4468.0,,4167.8701171875,0.0503387,0.0508929,0.0508888,0.0482604,0.01787576434492237,,,,,,,0.12602739726027398,0.37534246575342467,0.6246575342465753,0.873972602739726,1.1424657534246576,1.3917808219178083,1.641095890410959,1.8904109589041096,2.1397260273972605,,2.638356164383562,,,,,,,,0.0505,0.051,0.0505,0.0491,0.0473,0.046,0.0455,0.0465,0.0494,,0.0634,,,,,,,,,,,,,,4185.041790062287,0.7082099377130362,4220.012433410167,4.737566589832568,4253.678409268227,8.82159073177263,4283.17376454836,16.07623545164006,4310.35955305588,21.640446944120413,4334.24709169455,16.752908305449637,4361.164730339894,10.83526966010595,4399.613564577788,9.386435422212344,4458.7050198947,-34.705019894699944,,,4699.773376707801,-231.7733767078007,,
2023-05-02,,,,,,,,,,4136.75,4174.25,4210.25,4244.25,4277.0,4296.0,4317.0,4354.0,4369.0,,4413.0,,4119.580078125,0.0504594,0.0511141,0.0512171,0.0488598,0.01814998834310972,,,,,,,0.1232876712328767,0.3726027397260274,0.6219178082191781,0.8712328767123287,1.1397260273972603,1.389041095890411,1.6383561643835616,1.8876712328767122,2.136986301369863,,2.6356164383561644,,,,,,,,0.0506,0.0513,0.0509,0.0496,0.048,0.0468,0.0464,0.0474,0.0503,,0.0638,,,,,,,,,,,,,,4136.094237948766,0.6557620512339781,4170.779799253619,3.470200746381124,4204.347255643048,5.902744356952098,4234.018404380853,10.231595619146901,4262.142936702141,14.857063297858986,4286.828915053137,9.17108494686272,4314.730284633528,2.2697153664721554,4353.436969008535,0.5630309914649843,4412.561544311279,-43.56154431127925,,,4646.281194499806,-233.28119449980568,,
2023-05-03,,,,,,,,,,4107.5,4144.25,4179.0,4211.25,4244.0,4263.0,4284.0,4321.0,4336.0,,4380.0,,4090.75,0.0504042,0.0505947,0.0502694,0.0475162,0.01835775186734155,,,,,,,0.12054794520547946,0.3698630136986301,0.6191780821917808,0.8684931506849315,1.1369863013698631,1.3863013698630138,1.6356164383561644,1.884931506849315,2.1342465753424658,,2.632876712328767,,,,,,,,0.0505,0.0505,0.0498,0.0484,0.0466,0.0452,0.0445,0.0449,0.047,,0.0578,,,,,,,,,,,,,,4106.631102497121,0.8688975028790082,4139.671993553736,4.578006446264226,4171.170443099753,7.829556900246644,4198.88835998042,12.361640019579681,4224.2400574577005,19.75994254229954,4245.840393322086,17.15960667791387,4269.4585593356005,14.541440664399488,4300.617629251661,20.38237074833887,4348.617364408812,-12.617364408812136,,,4538.401710464359,-158.40171046435898,,
2023-05-04,,,,,,,,,,4075.75,4112.0,4145.25,4175.0,4204.0,4223.0,4244.0,4281.0,4296.0,,4340.0,,4061.219970703125,0.0504345,0.050727,0.0502843,0.0471816,0.01837369736309744,,,,,,,0.1178082191780822,0.36712328767123287,0.6164383561643836,0.8657534246575342,1.1342465753424658,1.3835616438356164,1.632876712328767,1.8821917808219177,2.1315068493150684,,2.6301369863013697,,,,,,,,0.0505,0.0507,0.0497,0.0482,0.0462,0.0446,0.0437,0.0439,0.0457,,0.0557,,,,,,,,,,,,,,4076.619766285824,-0.869766285823971,4109.704599705407,2.295400294592582,4140.407232649762,4.842767350238319,4167.455415830734,7.5445841692662725,4191.443990392423,12.556009607576925,4211.290447234238,11.709552765762055,4232.691773128721,11.308226871278748,4261.106255205815,19.893744794185295,4304.795419332542,-8.795419332542224,,,4480.150783980462,-140.1507839804617,,
2023-05-05,,,,,,,,,,4150.25,4187.75,4222.75,4255.25,4284.0,4303.0,4324.0,4361.0,4376.0,,4420.0,,4136.25,0.05050259999999999,0.0503873,0.04945509999999999,0.045536,0.01802257425635712,,,,,,,0.11506849315068493,0.3643835616438356,0.6136986301369863,0.863013698630137,1.1315068493150684,1.3808219178082193,1.63013698630137,1.8794520547945206,2.128767123287671,,2.627397260273973,,,,,,,,0.0505,0.0501,0.0487,0.0468,0.0444,0.0424,0.041,0.0407,0.0419,,0.0503,,,,,,,,,,,,,,4151.736617231982,-1.4866172319816542,4184.880155674644,2.869844325356098,4214.859570994125,7.890429005875376,4240.261292275478,14.9887077245221,4261.56224890832,22.437751091680184,4277.849645316478,25.150354683521982,4294.116937310866,29.88306268913402,4316.352490326858,44.64750967314194,4351.92840849964,24.071591500360228,,,4502.330718877352,-82.33071887735241,,
2023-05-08,,,,,,,,,,4152.75,4190.75,4227.0,4260.75,4290.0,4309.0,4330.0,4367.0,4382.0,,4426.0,,4138.1201171875,0.0505495,0.0507218,0.0501035,0.04652129999999999,0.01822564312215962,,,,,,,0.10684931506849316,0.3561643835616438,0.6054794520547945,0.8547945205479452,1.1232876712328768,1.3726027397260274,1.621917808219178,1.8712328767123287,2.1205479452054794,,2.6191780821917807,,,,,,,,0.0506,0.0506,0.0495,0.0477,0.0455,0.0436,0.0425,0.0425,0.0442,,0.0545,,,,,,,,,,,,,,4152.459397433186,0.2906025668144139,4186.111246836674,4.638753163326328,4217.226089719637,9.773910280363452,4243.702526153821,17.047473846178946,4266.861543875541,23.13845612445857,4284.785611636452,24.214388363548096,4304.291802077642,25.708197922357613,4330.420200881572,36.57979911842813,4372.441181233908,9.558818766092372,,,4550.561387493333,-124.56138749333331,,
2023-05-09,,,,,,,,,,4134.0,4172.0,4208.25,4242.25,4272.0,4294.0,4315.0,4349.0,4364.0,,4408.0,,4119.169921875,0.050543,0.0508393,0.0503052,0.0469885,0.01828094540471608,,,,,,,0.10410958904109589,0.35342465753424657,0.6027397260273972,0.852054794520548,1.1205479452054794,1.36986301369863,1.6191780821917807,1.8684931506849316,2.117808219178082,,2.6164383561643834,,,,,,,,0.0506,0.0508,0.0498,0.0481,0.0461,0.0443,0.0433,0.0433,0.0448,,0.0541,,,,,,,,,,,,,,4133.053133164647,0.946866835352921,4166.784784520177,5.2152154798232,4198.173098537567,10.076901462432943,4225.16847699311,17.081523006890166,4249.597413668257,22.402586331742896,4268.635445336613,25.364554663387025,4289.464811644882,25.535188355118407,4316.304515511244,32.69548448875594,4357.131550451023,6.868449548976969,,,4523.8799249534395,-115.87992495343951,,
2023-05-10,,,,,,,,,,4152.0,4190.0,4225.5,4259.25,4289.0,4311.0,4332.0,4366.0,4381.0,,4425.0,,4137.64013671875,0.0505709,0.0509811,0.0505101,0.0473358,0.01824679386606564,,,,,,,0.10136986301369863,0.3506849315068493,0.6,0.8493150684931506,1.1178082191780823,1.367123287671233,1.6164383561643836,1.8657534246575342,2.115068493150685,,2.6136986301369864,,,,,,,,0.0506,0.0509,0.05,0.0484,0.0465,0.0448,0.0438,0.0438,0.0452,,0.0539,,,,,,,,,,,,,,4151.232383778156,0.7676162218440368,4185.292514296071,4.707485703928796,4217.225864129485,8.274135870515238,4244.971824334929,14.278175665071103,4270.399045129885,18.600954870114947,4290.602287745054,20.397712254945873,4312.124872768541,19.875127231459373,4339.684249467775,26.315750532225138,4380.371276476382,0.6287235236177366,,,4541.749753505428,-116.74975350542809,,
2023-05-11,,,,,,,,,,4143.75,4181.5,4216.75,4249.75,4279.0,4301.0,4322.0,4356.0,4371.0,,4415.0,,4130.6201171875,0.0505929,0.0508634,0.0502255,0.0467255,0.01800685211569989,,,,,,,0.09863013698630137,0.34794520547945207,0.5972602739726027,0.8465753424657534,1.115068493150685,1.3643835616438356,1.6136986301369862,1.8630136986301369,2.1123287671232878,,2.610958904109589,,,,,,,,0.0506,0.0508,0.0497,0.048,0.0458,0.044,0.0428,0.0426,0.0439,,0.0524,,,,,,,,,,,,,,4143.92004985478,-0.17004985477979062,4178.0213103037495,3.4786896962505125,4209.553576897701,7.196423102299377,4236.845491880086,12.904508119913771,4260.637549851593,18.362450148407333,4279.739609454447,21.260390545552582,4299.231190982421,22.76880901757886,4324.276817355013,31.72318264498699,4362.836356309078,8.163643690922072,,,4518.710388475143,-103.71038847514319,,
2023-05-12,,,,,,,,,,4138.0,4176.25,4212.25,4246.0,4275.0,4297.0,4318.0,4352.0,4367.0,,4411.0,,4124.080078125,0.05056910000000001,0.050668,0.0498547,0.0460114,0.01771980090003707,,,,,,,0.0958904109589041,0.3452054794520548,0.5945205479452055,0.8438356164383561,1.1123287671232878,1.3616438356164384,1.610958904109589,1.8602739726027397,2.1095890410958904,,2.6082191780821917,,,,,,,,0.0506,0.0505,0.0493,0.0474,0.045,0.043,0.0417,0.0413,0.0425,,0.0509,,,,,,,,,,,,,,4137.103392687578,0.8966073124220202,4171.012816185924,5.237183814076161,4202.241447144225,10.008552855774724,4228.672832541664,17.32716745833568,4251.141494370463,23.85850562953692,4268.51337473257,28.4866252674301,4286.515215721789,31.48478427821101,4309.0118737805315,42.98812621946854,4345.405239211649,21.594760788350868,,,4496.881763681877,-85.88176368187669,,
2023-05-15,,,,,,,,,,4150.0,4188.25,4224.75,4258.0,4287.0,4309.0,4330.0,4364.0,4379.0,,4423.0,,4136.27978515625,0.0506642,0.0508967,0.05028489999999999,0.0468141,0.01768697577866295,,,,,,,0.08767123287671233,0.336986301369863,0.5863013698630137,0.8356164383561644,1.104109589041096,1.3534246575342466,1.6027397260273972,1.8520547945205479,2.1013698630136988,,2.6,,,,,,,,0.0507,0.0508,0.0498,0.0481,0.046,0.0442,0.043,0.0428,0.0441,,0.053,,,,,,,,,,,,,,4148.268730246847,1.7312697531533559,4182.693499110634,5.556500889366362,4214.895047259517,9.854952740482986,4242.744740278087,15.255259721912807,4267.624984459749,19.375015540251297,4287.398599540977,21.601400459023353,4307.539979463144,22.460020536856064,4333.205109094346,30.79489090565403,4372.348654704657,6.651345295343162,,,4534.027621768605,-111.02762176860506,,
2023-05-16,,,,,,,,,,4123.0,4161.25,4197.75,4233.0,4262.0,4284.0,4305.0,4339.0,4354.0,,4398.0,,4109.89990234375,0.05067650000000001,0.0509792,0.05042169999999999,0.04703789999999999,0.01779042562640142,,,,,,,0.08493150684931507,0.33424657534246577,0.5835616438356165,0.8328767123287671,1.1013698630136985,1.3506849315068492,1.6,1.8493150684931507,2.0986301369863014,,2.5972602739726027,,,,,,,,0.0507,0.0509,0.05,0.0483,0.0462,0.0445,0.0433,0.0432,0.0445,,0.0534,,,,,,,,,,,,,,4121.403387076061,1.5966129239386646,4155.635793092675,5.614206907324842,4187.881283236693,9.86871676330702,4215.673594360773,17.326405639227232,4240.529411222746,21.470588777254306,4260.876512326453,23.12348767354706,4281.117152818816,23.882847181183934,4307.634796292283,31.365203707717228,4346.853244586299,7.146755413700703,,,4508.146107850266,-110.14610785026616,,
2023-05-17,,,,,,,,,,4171.5,4210.25,4248.0,4283.0,4312.0,4336.0,4357.0,4391.0,4406.0,,4450.0,,4158.77001953125,0.0507326,0.0511233,0.0506888,0.0475436,0.01733285745208221,,,,,,,0.0821917808219178,0.3315068493150685,0.5808219178082191,0.8301369863013699,1.0986301369863014,1.347945205479452,1.5972602739726027,1.8465753424657534,2.095890410958904,,2.5945205479452054,,,,,,,,0.0507,0.0511,0.0503,0.0488,0.0468,0.0451,0.0441,0.0441,0.0455,,0.0546,,,,,,,,,,,,,,4170.191120604498,1.3088793955021174,4205.584988920164,4.665011079836404,4239.169600533092,8.830399466907693,4268.836898624565,14.163101375434962,4295.606916028255,16.393083971745,4317.376598121019,18.623401878980985,4340.43014786502,16.569852134979556,4369.492665820226,21.50733417977426,4411.675750880404,-5.675750880403939,,,4580.965250369554,-130.96525036955427,,
2023-05-18,,,,,,,,,,4212.0,4252.0,4291.25,4329.0,4363.0,4387.0,4408.0,4442.0,4457.0,,4501.0,,4198.0498046875,0.0508212,0.0512936,0.0509376,0.0479666,0.01694902660288991,,,,,,,0.07945205479452055,0.3287671232876712,0.5780821917808219,0.8273972602739726,1.095890410958904,1.3452054794520547,1.5945205479452054,1.8438356164383563,2.0931506849315067,,2.591780821917808,,,,,,,,0.0508,0.0513,0.0506,0.0492,0.0473,0.0457,0.0447,0.0447,0.0462,,0.055,,,,,,,,,,,,,,4209.355780092677,2.644219907322622,4245.729082683267,6.2709173167331755,4280.514076417563,10.735923582436953,4311.58011210565,17.419887894349813,4340.030717905328,22.969282094672053,4363.594098009753,23.405901990247003,4387.982624127754,20.017375872245793,4418.447183338393,23.552816661606812,4463.114230118856,-6.11423011885563,,,4633.163371299665,-132.1633712996654,,
2023-05-19,,,,,,,,,,4204.75,4244.75,4284.25,4322.0,4356.0,4385.0,4406.0,4440.0,4455.0,,4499.0,,4191.97998046875,0.0509373,0.05163470000000001,0.05146530000000001,0.0487766,0.01698693533578856,,,,,,,0.07671232876712329,0.32602739726027397,0.5753424657534246,0.8246575342465754,1.093150684931507,1.3424657534246576,1.5917808219178082,1.841095890410959,2.0904109589041098,,2.589041095890411,,,,,,,,0.0509,0.0517,0.0512,0.0499,0.0482,0.0467,0.0459,0.046,0.0476,,0.0567,,,,,,,,,,,,,,4202.899824785447,1.850175214553019,4239.691815078584,5.0581849214158865,4275.313360228838,8.936639771161936,4307.316886408628,14.683113591371693,4337.480954510095,18.519045489904784,4362.572660521588,22.42733947841225,4389.417073502309,16.582926497691005,4421.986393712885,18.01360628711518,4469.01066869641,-14.010668696409994,,,4645.931673950003,-146.93167395000273,,
2023-05-22,,,,,,,,,,4205.0,4245.5,4285.5,4324.0,4358.0,4387.0,4408.0,4442.0,4457.0,,4501.0,,4192.6298828125,0.0509791,0.0515085,0.05139179999999999,0.04887349999999999,0.01702634994505945,,,,,,,0.0684931506849315,0.3178082191780822,0.5671232876712329,0.8164383561643835,1.084931506849315,1.3342465753424657,1.5835616438356164,1.832876712328767,2.0821917808219177,,2.580821917808219,,,,,,,,0.0509,0.0516,0.0512,0.05,0.0483,0.047,0.0462,0.0465,0.0483,,0.0583,,,,,,,,,,,,,,4202.3685510179075,2.631448982092479,4238.951640998909,6.54835900109083,4274.678379984718,10.821620015281951,4307.032477534987,16.967522465012735,4337.325709918879,20.6742900811214,4363.700491507128,23.29950849287161,4390.865969816669,17.13403018333065,4425.351723547888,16.64827645211244,4474.729626025586,-17.729626025586185,,,4663.881935492582,-162.88193549258176,,
2023-05-23,,,,,,,,,,4158.75,4199.25,4238.75,4277.25,4312.0,4341.0,4368.0,4402.0,4417.0,,4461.0,,4145.580078125,0.05099960000000001,0.0516617,0.0516336,0.0491373,0.01725847222643359,,,,,,,0.06575342465753424,0.3150684931506849,0.5643835616438356,0.8136986301369863,1.082191780821918,1.3315068493150686,1.5808219178082192,1.83013698630137,2.0794520547945203,,2.578082191780822,,,,,,,,0.0509,0.0518,0.0514,0.0503,0.0486,0.0472,0.0465,0.0469,0.0488,,0.0594,,,,,,,,,,,,,,4154.760440499536,3.989559500463656,4190.94259807294,8.3074019270598,4226.23549245889,12.514507541110106,4258.549337373056,18.700662626943995,4288.599698379681,23.400301620318714,4314.192092071307,26.807907928692657,4341.710406185717,26.289593814282853,4376.681468270266,25.318531729733877,4426.600110583598,-9.600110583597598,,,4621.350819611802,-160.35081961180185,,
2023-05-24,,,,,,,,,,4126.0,4166.25,4206.25,4245.25,4280.0,4311.0,4336.0,4370.0,4385.0,,4429.0,,4115.240234375,0.051108,0.0519155,0.0520017,0.0497115,0.01743162377568703,,,,,,,0.06301369863013699,0.31232876712328766,0.5616438356164384,0.810958904109589,1.0794520547945206,1.3287671232876712,1.5780821917808219,1.8273972602739725,2.0767123287671234,,2.5753424657534247,,,,,,,,0.051,0.0521,0.0518,0.0508,0.0493,0.048,0.0473,0.0477,0.0497,,0.0601,,,,,,,,,,,,,,4123.954281495392,2.0457185046079758,4160.04188941471,6.208110585290342,4195.447459694638,10.802540305361617,4228.120611321762,17.129388678237774,4259.269202206601,20.73079779339878,4285.835287370954,25.164712629046335,4313.8551264018815,22.144873598118465,4349.27672157721,20.723278422789917,4400.4611723226235,-15.461172322623497,,,4593.227306215741,-164.227306215741,,
2023-05-25,,,,,,,,,,4159.75,4201.0,4242.75,4284.25,4320.0,4351.0,4376.0,4410.0,4425.0,,4469.0,,4151.27978515625,0.0513579,0.0522528,0.0523818,0.0500248,0.01732107828866956,,,,,,,0.06027397260273973,0.3095890410958904,0.5589041095890411,0.8082191780821918,1.0767123287671232,1.326027397260274,1.5753424657534247,1.8246575342465754,2.073972602739726,,2.5726027397260274,,,,,,,,0.0512,0.0524,0.0522,0.0511,0.0496,0.0482,0.0476,0.048,0.0501,,0.0611,,,,,,,,,,,,,,4159.765430844137,-0.015430844136972155,4196.608581068961,4.39141893103897,4232.998644643286,9.751355356714157,4266.174145773569,18.075854226431147,4298.094485750222,21.905514249778207,4324.7873210675425,26.212678932457493,4354.0930766476895,21.906923352310514,4390.289605665863,19.710394334137163,4443.30848949161,-18.30848949161009,,,4646.166368138944,-177.16636813894365,,
2023-05-26,,,,,,,,,,4213.25,4255.5,4297.75,4340.0,4380.0,4412.0,4440.0,4462.0,4477.0,,4522.0,,4205.4501953125,0.0515344,0.0526374,0.0529836,0.0510171,0.01705747628994176,,,,,,,0.057534246575342465,0.30684931506849317,0.5561643835616439,0.8054794520547945,1.073972602739726,1.3232876712328767,1.5726027397260274,1.821917808219178,2.0712328767123287,,2.56986301369863,,,,,,,,0.0513,0.0529,0.0529,0.052,0.0506,0.0495,0.049,0.0496,0.0519,,0.0631,,,,,,,,,,,,,,4213.743594413929,-0.493594413928804,4251.958088118066,3.541911881933629,4290.124204866543,7.625795133457359,4325.496080288876,14.503919711123672,4359.708080436144,20.291919563856027,4389.924993811008,22.07500618899212,4422.098025614995,17.901974385004905,4462.330454842617,-0.33045484261674574,4520.164243382831,-43.164243382831046,,,4733.686701218181,-211.68670121818104,,
2023-05-30,,,,,,,,,,4215.0,4257.5,4299.5,4341.0,4381.0,4413.0,4441.0,4463.0,4478.0,,4523.0,,4205.52001953125,0.0516026,0.0527665,0.0531909,0.0516202,0.01727959098795243,,,,,,,0.04657534246575343,0.2958904109589041,0.5452054794520548,0.7945205479452054,1.063013698630137,1.3123287671232877,1.5616438356164384,1.810958904109589,2.0602739726027397,,2.558904109589041,,,,,,,,0.0513,0.053,0.0531,0.0525,0.0514,0.0504,0.05,0.0506,0.0525,,0.0622,,,,,,,,,,,,,,4212.1889994566245,2.811000543375485,4250.205264215559,7.2947357844414,4288.458893001436,11.041106998563919,4324.866580191736,16.13341980826408,4360.856202985178,20.143797014821757,4392.343090300924,20.656909699076095,4425.997061729992,15.00293827000769,4467.101856575325,-4.101856575324746,4522.032878977827,-44.03287897782684,,,4717.811241173438,-194.81124117343825,,
2023-05-31,,,,,,,,,,4190.5,4232.25,4273.75,4315.75,4352.0,4380.0,4408.0,4430.0,4445.0,,4490.0,,4179.830078125,0.0517227,0.0529282,0.0532071,0.05138499999999999,0.0170839063844452,,,,,,,0.043835616438356165,0.29315068493150687,0.5424657534246575,0.7917808219178082,1.0602739726027397,1.3095890410958904,1.558904109589041,1.8082191780821917,2.0575342465753423,,2.5561643835616437,,,,,,,,0.0514,0.0531,0.0531,0.0523,0.0511,0.0501,0.0495,0.0498,0.0513,,0.0596,,,,,,,,,,,,,,4186.122390540618,4.377609459382256,4224.195113820707,8.054886179293135,4262.296467471099,11.453532528900723,4298.018154237857,17.731845762143166,4333.3329193305,18.667080669500137,4364.519525636407,15.480474363593203,4396.479803674228,11.520196325772304,4434.560276871185,-4.560276871185124,4484.698992291192,-39.698992291191644,,,4659.689051533051,-169.6890515330506,,
2023-06-01,,,,,,,,,,4228.0,4269.75,4311.5,4352.5,4388.0,4416.0,4444.0,4466.0,4481.0,,4526.0,,4221.02001953125,0.0517424,0.0527638,0.05285280000000001,0.05062700000000001,0.01666056266080643,,,,,,,0.0410958904109589,0.29041095890410956,0.5397260273972603,0.7890410958904109,1.0575342465753426,1.3068493150684932,1.5561643835616439,1.8054794520547945,2.0547945205479454,,2.5534246575342467,,,,,,,,0.0514,0.0529,0.0528,0.0518,0.0503,0.0491,0.0483,0.0484,0.0499,,0.0582,,,,,,,,,,,,,,4227.05045442892,0.9495455710803071,4265.6780116080445,4.071988391955529,4304.160893921247,7.339106078752593,4339.69153098786,12.80846901214045,4373.885159500595,14.114840499404636,4403.810840096311,12.18915990368896,4434.048170967337,9.951829032663227,4469.970064242877,-3.970064242877015,4519.3899744928385,-38.38997449283852,,,4693.340707176765,-167.34070717676514,,
2023-06-02,,,,,,,,,,4288.0,4331.0,4374.75,4418.75,4459.5,4491.5,4519.5,4538.5,4553.5,,4599.5,,4282.3701171875,0.0514067,0.0523034,0.0524547,0.0502697,0.0163994716059201,,,,,,,0.038356164383561646,0.2876712328767123,0.536986301369863,0.7863013698630137,1.0547945205479452,1.3041095890410959,1.5534246575342465,1.8027397260273972,2.052054794520548,,2.5506849315068494,,,,,,,,0.0511,0.0524,0.0524,0.0514,0.05,0.0487,0.048,0.0483,0.0502,,0.0601,,,,,,,,,,,,,,4288.073657421827,-0.07365742182719259,4326.9501409787745,4.049859021225529,4365.961380639315,8.788619360684606,4401.861789661634,16.888210338365752,4436.866017316751,22.633982683249087,4466.611425691998,24.888574308001807,4497.832715660261,21.667284339739126,4535.861225071265,2.6387749287350744,4589.940946798626,-36.4409467986261,,,4787.330270751406,-187.8302707514058,,
2023-06-05,,,,,,,,,,4281.0,4324.0,4367.5,4411.25,4452.0,4484.0,4512.0,4531.0,4546.0,,4592.0,,4273.7900390625,0.0515002,0.0525323,0.0528773,0.0509254,0.01666166878635071,,,,,,,0.030136986301369864,0.27945205479452057,0.5287671232876713,0.7780821917808219,1.0465753424657533,1.295890410958904,1.5452054794520549,1.7945205479452055,2.043835616438356,,2.5424657534246577,,,,,,,,0.0511,0.0527,0.0528,0.052,0.0507,0.0495,0.0489,0.0495,0.0516,,0.0626,,,,,,,,,,,,,,4278.227969507923,2.7720304920767376,4317.048780929834,6.951219070166189,4356.242143244395,11.257856755604735,4392.933190623472,18.316809376528,4428.782469405593,23.217530594407435,4459.585877137213,24.414122862786826,4492.0801366155065,19.91986338449351,4533.2090608599065,-2.209060859906458,4590.134085820328,-44.13408582032844,,,4803.273498901045,-211.27349890104506,,
2023-06-06,,,,,,,,,,4289.75,4333.0,4376.75,4421.0,4461.0,4493.0,4521.0,4540.0,4555.0,,4601.0,,4283.85009765625,0.0513842,0.05238839999999999,0.0527695,0.0509477,0.01665155988939959,,,,,,,0.0273972602739726,0.27671232876712326,0.5260273972602739,0.7753424657534247,1.0438356164383562,1.2931506849315069,1.5424657534246575,1.7917808219178082,2.041095890410959,,2.5397260273972604,,,,,,,,0.051,0.0525,0.0527,0.052,0.0507,0.0496,0.0491,0.0497,0.0518,,0.0628,,,,,,,,,,,,,,4287.883325744052,1.8666742559480554,4326.556093627733,6.443906372266611,4365.857538706006,10.89246129399362,4402.881916229976,18.118083770023986,4438.840240526008,22.15975947399238,4470.317604935841,22.68239506415921,4503.715705451371,17.284294548629077,4545.181777811693,-5.181777811692882,4602.47175593539,-47.47175593539032,,,4816.5435029227365,-215.54350292273648,,
2023-06-07,,,,,,,,,,4274.25,4317.25,4361.0,4405.75,4448.0,4480.0,4508.0,4527.0,4542.0,,4588.0,,4267.52001953125,0.0513117,0.0523808,0.05277879999999999,0.0510379,0.01674507184320625,,,,,,,0.024657534246575342,0.273972602739726,0.5232876712328767,0.7726027397260274,1.0410958904109588,1.2904109589041095,1.5397260273972602,1.789041095890411,2.0383561643835617,,2.536986301369863,,,,,,,,0.0509,0.0525,0.0528,0.0521,0.0508,0.0498,0.0493,0.0498,0.0518,,0.0622,,,,,,,,,,,,,,4271.115537614767,3.134462385232837,4309.529517846467,7.720482153533339,4348.8000924285225,12.199907571477524,4385.695320417013,20.054679582986864,4421.53673200911,26.463267990890017,4453.48665950006,26.51334049993966,4486.884281968887,21.11571803111292,4527.498102776999,-0.498102776999076,4583.611826469253,-41.611826469253174,,,4789.142597183592,-201.14259718359244,,
2023-06-08,,,,,,,,,,4298.25,4341.75,4386.0,4431.0,4473.0,4505.0,4533.0,4552.0,4567.0,,4613.0,,4293.93017578125,0.0514638,0.0525059,0.0529207,0.0514618,0.01650866020373257,,,,,,,0.021917808219178082,0.27123287671232876,0.5205479452054794,0.7698630136986301,1.0383561643835617,1.2876712328767124,1.536986301369863,1.7863013698630137,2.0356164383561643,,2.5342465753424657,,,,,,,,0.051,0.0526,0.0529,0.0523,0.0513,0.0504,0.05,0.0505,0.0523,,0.0615,,,,,,,,,,,,,,4297.177505097802,1.0724949021978318,4336.170547878866,5.579452121133727,4376.047306911432,9.952693088567685,4413.892120199603,17.107879800397313,4451.887842958962,21.11215704103779,4485.470260006695,19.529739993305157,4520.7511737803725,12.248826219627517,4562.730395538519,-10.730395538518678,4618.453358160668,-51.45335816066836,,,4812.523521773152,-199.52352177315242,,
2023-06-09,,,,,,,,,,4304.75,4348.75,4393.5,4439.0,4481.0,4513.0,4545.0,4564.0,4579.0,,4625.0,,4298.85986328125,0.0514562,0.05241539999999999,0.0526715,0.0510273,0.01652998582241608,,,,,,,0.019178082191780823,0.2684931506849315,0.5178082191780822,0.7671232876712328,1.0356164383561643,1.284931506849315,1.5342465753424657,1.7835616438356163,2.032876712328767,,2.5315068493150683,,,,,,,,0.051,0.0525,0.0526,0.052,0.0509,0.0499,0.0493,0.0496,0.0511,,0.059,,,,,,,,,,,,,,4301.702644795695,3.0473552043049494,4340.578099555328,8.171900444672247,4379.9056772167105,13.594322783289499,4417.437219578253,21.562780421747448,4454.62993947174,26.370060528260183,4487.196064082153,25.80393591784741,4520.520406930268,24.47959306973189,4560.043889250727,3.9561107492727388,4611.837724225517,-32.83772422551738,,,4786.804028243535,-161.80402824353496,,
2023-06-12,,,,,,,,,,4342.75,4388.0,4433.25,4479.25,4520.0,4552.0,4584.0,4603.0,4618.0,,4664.0,,4338.93017578125,0.0514763,0.05249380000000001,0.0528611,0.05148170000000001,0.01664179736683413,,,,,,,0.010958904109589041,0.2602739726027397,0.5095890410958904,0.7589041095890411,1.0273972602739727,1.2767123287671234,1.526027397260274,1.7753424657534247,2.0246575342465754,,2.5232876712328767,,,,,,,,0.051,0.0525,0.0529,0.0523,0.0514,0.0505,0.0501,0.0504,0.0519,,0.0598,,,,,,,,,,,,,,4340.564213169994,2.1857868300057817,4379.614782408999,8.385217591000583,4419.84486545754,13.405134542459564,4457.949785390285,21.300214609715113,4496.675278038828,23.324721961172145,4530.602800480428,21.397199519571586,4566.221000765827,17.77899923417317,4606.923060045668,-3.9230600456676257,4659.9913879405,-41.99138794050032,,,4838.130448163254,-174.1304481632542,,
2023-06-13,,,,,,,,,,4371.75,4416.75,4462.5,4509.25,4554.5,4590.0,4624.0,4643.0,4658.0,,4704.0,,4369.009765625,0.0514699,0.0525432,0.0529464,0.0515873,0.01653617702742393,,,,,,,0.00821917808219178,0.25753424657534246,0.5068493150684932,0.7561643835616438,1.0246575342465754,1.273972602739726,1.5232876712328767,1.7726027397260273,2.021917808219178,,2.5205479452054793,,,,,,,,0.0509,0.0526,0.0529,0.0524,0.0515,0.0506,0.0502,0.0506,0.0521,,0.0601,,,,,,,,,,,,,,4370.243933426495,1.50606657350545,4409.776706159692,6.973293840307633,4450.281550455616,12.218449544384384,4489.113891708955,20.136108291045275,4528.371260999921,26.128739000078895,4562.783082150508,27.216917849492347,4598.895066356774,25.104933643226104,4640.945008387137,2.0549916128629775,4694.743657704604,-36.74365770460372,,,4876.0774219127425,-172.07742191274247,,
2023-06-14,,,,,,,,,,4374.25,4418.5,4464.5,4512.25,4557.5,4593.0,4627.0,4646.0,4661.0,,4707.0,,4372.58984375,0.0510188,0.0521811,0.05266949999999999,0.0515284,0.01614629301413679,,,,,,,0.005479452054794521,0.2547945205479452,0.5041095890410959,0.7534246575342466,1.021917808219178,1.2712328767123289,1.5205479452054795,1.7698630136986302,2.0191780821917806,,2.5178082191780824,,,,,,,,0.0504,0.0522,0.0527,0.0523,0.0515,0.0507,0.0504,0.0508,0.0523,,0.06,,,,,,,,,,,,,,4373.410618917855,0.8393810821453371,4412.942771939428,5.557228060572015,4453.910834158047,10.589165841953218,4493.33222187862,18.917778121380252,4533.4537123247765,24.04628767522354,4568.940242013925,24.059757986075056,4606.368851870178,20.631148129821668,4649.165724594988,-3.1657245949882054,4703.732055065897,-42.73205506589693,,,4883.0532931874,-176.0532931874004,,
2023-06-15,,,,,,,,,,4426.5,4471.25,4518.25,4566.0,4613.25,4647.0,4681.0,4700.0,4715.0,4735.0,4761.0,,4425.83984375,0.0509059,0.0521617,0.0528853,0.052194,0.01568696310528302,,,,,,,0.0027397260273972603,0.25205479452054796,0.5013698630136987,0.7506849315068493,1.0191780821917809,1.2684931506849315,1.5178082191780822,1.7671232876712328,2.0164383561643837,2.265753424657534,2.515068493150685,,,,,,,,0.0502,0.0522,0.0529,0.0527,0.0521,0.0516,0.0515,0.0522,0.054,0.0574,0.0626,,,,,,,,,,,,,,4426.258354423263,0.24164557673702802,4466.760125372068,4.489874627932295,4509.19006475888,9.059935241120002,4550.536712124569,15.463287875430979,4593.174626489379,20.07537351062092,4632.1239386894895,14.876061310510522,4673.075299847539,7.9247001524609,4720.822738676579,-20.82273867657932,4781.316527692108,-66.31652769210814,4864.536855598362,-129.5368555983623,4980.097935771297,-219.09793577129676,,
2023-06-16,,,,,,,,,,4453.3501,4453.75,4500.75,4548.75,4596.0,4630.0,4669.0,4688.0,4703.0,4723.0,4749.0,,4409.58984375,0.0507629,0.05206839999999999,0.0528937,0.0523032,0.0157944880938144,,,,,,,0.0,0.2493150684931507,0.4986301369863014,0.7479452054794521,1.0164383561643835,1.2657534246575342,1.515068493150685,1.7643835616438357,2.0136986301369864,2.263013698630137,2.5123287671232877,,,,,,,,0.0501,0.0521,0.0529,0.0528,0.0523,0.0518,0.0517,0.0525,0.0546,0.0583,0.064,,,,,,,,,,,,,,4409.58984375,43.76025624999966,4449.6844803338245,4.065519666175533,4491.935175470558,8.814824529442376,4533.343625433788,15.406374566212435,4576.283847175818,19.716152824182245,4615.202654766775,14.797345233225315,4656.113042400798,12.886957599202105,4704.616595633988,-16.616595633988254,4767.98739144716,-64.98739144716001,4854.8210147365035,-131.82101473650346,4977.31094082213,-228.31094082212985,,
2023-06-20,,,,,,,,,,,4434.75,4481.25,4529.5,4577.0,4611.0,4650.0,4669.0,4684.0,4704.0,4730.0,,4388.7099609375,0.05077130000000001,0.0522025,0.053086,0.05266580000000001,0.0162470921786928,,,,,,,,0.23835616438356164,0.4876712328767123,0.736986301369863,1.0054794520547945,1.2547945205479452,1.5041095890410958,1.7534246575342465,2.0027397260273974,2.252054794520548,2.5013698630136987,,,,,,,,,0.0521,0.0531,0.0531,0.0527,0.0523,0.0523,0.053,0.0549,0.0582,0.0635,,,,,,,,,,,,,,,,4426.375541261085,8.374458738914655,4468.297342475604,12.952657524396272,4509.541176216662,19.95882378333772,4552.5520923164395,24.447907683560516,4591.810159221888,19.18984077811183,4633.269848966025,16.730151033974835,4680.845613044978,-11.845613044977654,4741.9433416080465,-57.94334160804647,4823.576052340094,-119.57605234009407,4939.342992621262,-209.34299262126206,,
2023-06-21,,,,,,,,,,,4409.25,4455.5,4503.75,4551.0,4585.0,4624.0,4643.0,4658.0,4678.0,4704.0,,4365.68994140625,0.0508247,0.0522913,0.0531173,0.0524977,0.01629249534563514,,,,,,,,0.2356164383561644,0.4849315068493151,0.7342465753424657,1.0027397260273974,1.252054794520548,1.5013698630136987,1.7506849315068493,2.0,2.249315068493151,2.4986301369863013,,,,,,,,,0.0522,0.0531,0.053,0.0525,0.052,0.0519,0.0525,0.0543,0.0576,0.0628,,,,,,,,,,,,,,,,4402.7821033971695,6.4678966028304785,4444.313250365611,11.186749634389344,4484.9556123987495,18.79438760125049,4527.106267240899,23.893732759101113,4565.2989138193925,19.70108618060749,4605.431065013899,18.56893498610134,4651.381032702703,-8.381032702703124,4710.486757771679,-52.48675777167864,4790.763683711032,-112.76368371103217,4903.6571883998695,-199.65718839986948,,
2023-06-22,,,,,,,,,,,4423.75,4470.25,4519.5,4566.0,4600.0,4639.0,4658.0,4673.0,4693.0,4719.0,,4381.89013671875,0.05089229999999999,0.05246260000000001,0.053345,0.0527445,0.01613333141400757,,,,,,,,0.2328767123287671,0.4821917808219178,0.7315068493150685,1.0,1.2493150684931507,1.4986301369863013,1.747945205479452,1.9972602739726026,2.2465753424657535,2.495890410958904,,,,,,,,,0.0523,0.0533,0.0533,0.0527,0.0523,0.0521,0.0528,0.0546,0.058,0.0633,,,,,,,,,,,,,,,,4418.951913118196,4.798086881804011,4461.127922493701,9.12207750629932,4502.657788082654,16.842211917345594,4545.086857246947,20.913142753052853,4584.420619611682,15.579380388317986,4624.558480982923,14.441519017076644,4671.926423101895,-13.926423101895125,4731.8115390243565,-58.811539024356534,4814.04070409133,-121.04070409132964,4929.329650139822,-210.32965013982175,,
2023-06-23,,,,,,,,,,,4389.0,4435.0,4483.25,4530.0,4564.0,4603.0,4622.0,4637.0,4657.0,4683.0,,4348.330078125,0.0508367,0.052387,0.0532909,0.052836,0.01633242617833265,,,,,,,,0.23013698630136986,0.4794520547945205,0.7287671232876712,0.9972602739726028,1.2465753424657535,1.4958904109589042,1.7452054794520548,1.9945205479452055,2.243835616438356,2.493150684931507,,,,,,,,,0.0522,0.0533,0.0533,0.0528,0.0524,0.0524,0.0531,0.0548,0.0581,0.0632,,,,,,,,,,,,,,,,4384.371722007012,4.6282779929879325,4426.087719366818,8.912280633181581,4467.069647186851,16.180352813148602,4509.379423654567,20.62057634543271,4548.296783101656,15.70321689834418,4589.380369169723,13.619630830276947,4636.495740687311,-14.4957406873109,4695.085144908854,-58.08514490885409,4775.560986248089,-118.56098624808874,4887.299029021608,-204.29902902160757,,
2023-06-26,,,,,,,,,,,4370.25,4416.25,4464.0,4510.25,4546.75,4583.5,4602.5,4617.5,4640.0,4663.0,,4328.81982421875,0.0508731,0.0523471,0.05320420000000001,0.0525769,0.01665184376398898,,,,,,,,0.2219178082191781,0.4712328767123288,0.7205479452054795,0.989041095890411,1.2383561643835617,1.4876712328767123,1.736986301369863,1.9863013698630136,2.2356164383561645,2.484931506849315,,,,,,,,,0.0521,0.0532,0.0531,0.0526,0.0521,0.0519,0.0526,0.0544,0.0578,0.0632,,,,,,,,,,,,,,,,4363.0071114445955,7.242888555404534,4404.01946963284,12.2305303671601,4444.012084370512,19.98791562948827,4485.496316366694,24.753683633305627,4523.076435916427,23.673564083573183,4561.869944382789,21.630055617210928,4607.7349485256045,-5.234948525604523,4665.869296852933,-48.369296852933076,4745.925409708357,-105.92540970835671,4859.63789027761,-196.63789027760959,,
2023-06-27,,,,,,,,,,,4418.75,4465.75,4515.0,4563.25,4604.0,4638.0,4657.25,4672.5,4695.5,4718.5,,4378.41015625,0.0510536,0.0523932,0.0532433,0.0526322,0.0165573257348701,,,,,,,,0.2191780821917808,0.4684931506849315,0.7178082191780822,0.9863013698630136,1.2356164383561643,1.484931506849315,1.7342465753424658,1.9835616438356165,2.232876712328767,2.4821917808219176,,,,,,,,,0.0522,0.0532,0.0532,0.0527,0.0521,0.052,0.0527,0.0546,0.0582,0.0639,,,,,,,,,,,,,,,,4412.748656680284,6.001343319716398,4454.2224986760275,11.527501323972501,4495.100802886863,19.899197113137234,4537.305118641839,25.944881358161183,4574.982131587416,29.017868412583994,4615.0173349843735,22.98266501562648,4661.63380927193,-4.383809271929749,4721.590296014651,-49.09029601465136,4805.055717441553,-109.55571744155259,4924.384427212783,-205.8844272127826,,
2023-06-28,,,,,,,,,,,4417.5,4464.75,4513.75,4562.0,4601.0,4638.0,4644.5,4659.75,4679.75,4705.5,,4376.85986328125,0.0510249,0.0524187,0.053367,0.0529933,0.01666096428951786,,,,,,,,0.21643835616438356,0.4657534246575342,0.7150684931506849,0.9835616438356164,1.2328767123287672,1.4821917808219178,1.7315068493150685,1.9808219178082191,2.23013698630137,2.4794520547945207,,,,,,,,,0.0522,0.0533,0.0534,0.053,0.0526,0.0526,0.0534,0.0554,0.059,0.0646,,,,,,,,,,,,,,,,4410.656530692852,6.843469307147643,4452.190834739885,12.55916526011515,4493.367712729398,20.38228727060232,4536.1254509643595,25.874549035640484,4575.152087175373,25.8479128246272,4616.3303107007605,21.669689299239508,4664.335745479229,-19.835745479229445,4725.9408938365295,-66.19089383652954,4810.270841731234,-130.5208417312342,4929.285663328499,-223.78566332849914,,
2023-06-29,,,,,,,,,,,4435.75,4483.75,4534.25,4584.75,4626.75,4664.75,4681.75,4697.75,4720.75,4743.75,,4396.43994140625,0.05113,0.0524665,0.0534588,0.0529945,0.01642876999443623,,,,,,,,0.2136986301369863,0.46301369863013697,0.7123287671232876,0.9808219178082191,1.2301369863013698,1.4794520547945205,1.7287671232876711,1.978082191780822,2.2273972602739724,2.4767123287671233,,,,,,,,,0.0522,0.0534,0.0535,0.053,0.0525,0.0525,0.0534,0.0557,0.0598,0.0664,,,,,,,,,,,,,,,,4430.176264303748,5.573735696251788,4472.346858604058,11.40314139594193,4514.082762091941,20.167237908059178,4557.002100165884,27.747899834115742,4595.914071145082,30.835928854918166,4637.43199904606,27.3180009539401,4686.611169473804,-4.861169473803784,4751.578268545128,-53.828268545127685,4842.3496513624095,-121.59965136240953,4975.667192357403,-231.9171923574031,,
2023-06-30,,,,,,,,,,,4488.25,4536.75,4587.5,4638.25,4681.0,4720.0,4737.0,4753.0,4776.0,4800.0,,4450.3798828125,0.0514078,0.0526836,0.0539064,0.0539682,0.01626025048920873,,,,,,,,0.21095890410958903,0.4602739726027397,0.7095890410958904,0.9780821917808219,1.2273972602739727,1.4767123287671233,1.726027397260274,1.9753424657534246,2.2246575342465755,2.473972602739726,,,,,,,,,0.0524,0.0538,0.0542,0.054,0.0537,0.054,0.0552,0.0579,0.0626,0.0698,,,,,,,,,,,,,,,,4484.439257116383,3.810742883617422,4527.944252493395,8.805747506605258,4571.818696367365,15.681303632634808,4617.724431128369,20.52556887163064,4659.661963260986,21.33803673901366,4705.444360281704,14.555639718296334,4759.775646083715,-22.7756460837154,4831.911885892534,-78.91188589253397,4933.652235496168,-157.65223549616803,5080.68112794215,-280.68112794214994,,
2023-07-03,,,,,,,,,,,4492.25,4540.75,4591.75,4643.5,4686.0,4725.0,4742.0,4758.0,4781.0,4805.0,,4455.58984375,0.051424,0.0526874,0.0538087,0.0537154,0.01641196506250673,,,,,,,,0.20273972602739726,0.4520547945205479,0.7013698630136986,0.9698630136986301,1.2191780821917808,1.4684931506849315,1.7178082191780821,1.9671232876712328,2.2164383561643834,2.4657534246575343,,,,,,,,,0.0524,0.0537,0.054,0.0538,0.0534,0.0536,0.0546,0.057,0.0613,0.0681,,,,,,,,,,,,,,,,4488.217622447351,4.03237755264945,4531.330874029132,9.419125970867753,4574.615115671601,17.134884328398584,4620.1202125711525,23.37978742884752,4661.113900663758,24.886099336242296,4705.677823394963,19.322176605037384,4757.675329728021,-15.675329728021097,4825.918702250468,-67.91870225046841,4921.685311904424,-140.68531190442445,5061.229316475536,-256.2293164755356,,
2023-07-05,,,,,,,,,,,4483.75,4532.0,4582.75,4634.0,4677.0,4716.0,4733.0,4749.0,4772.0,4796.0,,4446.81982421875,0.05145330000000001,0.0527676,0.05381739999999999,0.0538481,0.01637176136744542,,,,,,,,0.19726027397260273,0.4465753424657534,0.6958904109589041,0.9643835616438357,1.2136986301369863,1.463013698630137,1.7123287671232876,1.9616438356164383,2.210958904109589,2.4602739726027396,,,,,,,,,0.0524,0.0537,0.054,0.0539,0.0537,0.0538,0.0547,0.0567,0.0602,0.0656,,,,,,,,,,,,,,,,4478.535674727101,5.214325272899259,4521.569035722249,10.430964277750718,4564.798280998842,17.95171900115838,4610.705171314513,23.29482868548712,4652.917427129292,24.082572870707736,4697.109033872511,18.890966127489264,4748.4570801959635,-15.4570801959635,4812.895293590771,-63.89529359077096,4899.296527089483,-127.29652708948288,5019.368598885391,-223.3685988853913,,
2023-07-06,,,,,,,,,,,4447.0,4495.0,4545.25,4597.0,4640.0,4679.0,4696.0,4712.0,4735.0,4759.0,,4411.58984375,0.0516479,0.052809,0.0538146,0.0537813,0.01643593453153322,,,,,,,,0.19452054794520549,0.4438356164383562,0.6931506849315069,0.9616438356164384,1.210958904109589,1.4602739726027398,1.7095890410958905,1.9589041095890412,2.208219178082192,2.4575342465753423,,,,,,,,,0.0525,0.0537,0.054,0.0538,0.0536,0.0537,0.0545,0.0566,0.0603,0.066,,,,,,,,,,,,,,,,4442.646844854377,4.3531551456226225,4485.160374067842,9.839625932158015,4527.965361318828,17.2846386811716,4572.984505940048,24.01549405995229,4614.665061523845,25.334938476155003,4658.301413712751,20.698586287248872,4708.215881176286,-12.21588117628562,4772.702403936764,-60.70240393676431,4860.282694795111,-125.28269479511073,4983.041868671937,-224.04186867193675,,
2023-07-07,,,,,,,,,,,4434.0,4481.75,4531.75,4583.75,4627.0,4666.0,4683.0,4699.0,4722.0,4746.0,,4398.9501953125,0.0517701,0.0529847,0.05415,0.0545445,0.01622215393141079,,,,,,,,0.1917808219178082,0.4410958904109589,0.6904109589041096,0.958904109589041,1.2082191780821918,1.4575342465753425,1.7068493150684931,1.9561643835616438,2.2054794520547945,2.4547945205479453,,,,,,,,,0.0526,0.054,0.0545,0.0546,0.0545,0.0548,0.0559,0.058,0.0618,0.0674,,,,,,,,,,,,,,,,4429.747096941175,4.252903058824813,4472.866924329317,8.883075670682956,4516.752963979448,14.997036020551604,4563.850133455655,19.89986654434506,4607.170748922985,19.829251077015215,4653.3828619093665,12.617138090633489,4707.184811974326,-24.184811974326294,4773.5499622306515,-74.54996223065154,4864.125389658116,-142.12538965811564,4987.810403573312,-241.81040357331221,,
2023-07-10,,,,,,,,,,,4444.25,4492.0,4542.5,4593.0,4636.0,4675.0,4692.0,4708.0,4731.0,4755.0,,4409.52978515625,0.0519386,0.052995,0.0540339,0.054086,0.01647898373764547,,,,,,,,0.18356164383561643,0.4328767123287671,0.6821917808219178,0.9506849315068493,1.2,1.4493150684931506,1.6986301369863013,1.9479452054794522,2.197260273972603,2.4465753424657533,,,,,,,,,0.0526,0.0538,0.0543,0.0541,0.0539,0.054,0.055,0.0571,0.061,0.0669,,,,,,,,,,,,,,,,4438.864019368378,5.38598063162226,4481.346045632462,10.653954367538063,4524.781304692897,17.71869530710319,4570.094085639201,22.905914360799216,4612.053850952612,23.946149047387735,4655.958668489135,19.041331510865348,4707.707307208422,-15.707307208422208,4772.620728333535,-64.62072833353523,4862.692610057697,-131.69261005769658,4988.458150905421,-233.45815090542055,,
2023-07-11,,,,,,,,,,,4473.5,4521.5,4572.5,4623.0,4666.0,4705.0,4722.0,4738.0,4761.0,4785.0,,4439.259765625,0.0519643,0.0530109,0.0540243,0.0538527,0.01643967918582749,,,,,,,,0.18082191780821918,0.4301369863013699,0.6794520547945205,0.947945205479452,1.1972602739726028,1.4465753424657535,1.6958904109589041,1.9452054794520548,2.1945205479452055,2.4438356164383563,,,,,,,,,0.0526,0.0538,0.0542,0.0539,0.0536,0.0536,0.0545,0.0567,0.0608,0.0672,,,,,,,,,,,,,,,,4468.381317366845,5.118682633155004,4511.1752127496175,10.324787250382542,4554.628509103826,17.871490896173782,4599.731694919725,23.26830508027524,4641.224438204102,24.775561795898284,4684.4234581901,20.576541809899936,4735.246461079715,-13.246461079715118,4800.894428104523,-62.894428104523286,4893.1549457777155,-132.1549457777155,5025.563178550411,-240.56317855041107,,
2023-07-12,,,,,,,,,,,4507.5,4555.75,4607.0,4656.5,4701.0,4740.0,4771.0,4787.0,4810.0,4834.0,,4472.16015625,0.0520222,0.0531105,0.0541106,0.0538328,0.01638274575612429,,,,,,,,0.1780821917808219,0.4273972602739726,0.6767123287671233,0.9452054794520548,1.1945205479452055,1.4438356164383561,1.6931506849315068,1.9424657534246574,2.191780821917808,2.441095890410959,,,,,,,,,0.0527,0.0539,0.0543,0.0539,0.0535,0.0535,0.0543,0.0565,0.0606,0.0671,,,,,,,,,,,,,,,,4501.177389034644,6.322610965356034,4544.44823583403,11.301764165969871,4588.396523468433,18.60347653156714,4633.59517569541,22.904824304589965,4674.90513802897,26.094861971029786,4718.366985042707,21.6330149572932,4768.687802884879,2.3121971151213074,4834.597802320695,-47.59780232069534,4927.274907733405,-117.27490773340469,5061.572618759571,-227.57261875957101,,
2023-07-13,,,,,,,,,,,4543.5,4592.25,4643.0,4692.0,4734.0,4770.0,4801.0,4817.0,4840.0,4864.0,,4510.0400390625,0.0522164,0.0530796,0.053928,0.0532653,0.01610470860925205,,,,,,,,0.17534246575342466,0.4246575342465753,0.673972602739726,0.9424657534246575,1.1917808219178083,1.441095890410959,1.6904109589041096,1.9397260273972603,2.1890410958904107,2.4383561643835616,,,,,,,,,0.0527,0.0538,0.054,0.0534,0.0528,0.0525,0.0533,0.0555,0.0598,0.0667,,,,,,,,,,,,,,,,4539.072699335794,4.427300664206086,4582.815837145958,9.43416285404237,4626.711791117152,16.288208882848267,4671.384834766535,20.615165233464722,4711.652877395131,22.347122604868673,4752.900846504088,17.099153495912105,4802.714887108922,-1.7148871089220847,4868.189506450156,-51.18950645015593,4962.734105772432,-122.73410577243158,5102.21812663136,-238.21812663136006,,
2023-07-14,,,,,,,,,,,4536.75,4586.25,4637.5,4688.0,4731.0,4766.75,4797.75,4813.75,4836.75,4860.75,,4505.419921875,0.0522994,0.0530989,0.0537554,0.0525401,0.01613642344043878,,,,,,,,0.1726027397260274,0.42191780821917807,0.6712328767123288,0.9397260273972603,1.189041095890411,1.4383561643835616,1.6876712328767123,1.936986301369863,2.186301369863014,2.4356164383561643,,,,,,,,,0.0527,0.0536,0.0536,0.0528,0.0518,0.0513,0.0518,0.0539,0.0581,0.0651,,,,,,,,,,,,,,,,4533.943418400738,2.8065815992622447,4577.200877759748,9.049122240251563,4620.15328624979,17.346713750210256,4663.353461537736,24.64653846226429,4700.5830643903255,30.41693560967451,4739.154983188325,27.595016811675123,4784.920887547066,12.829112452934169,4847.332868212467,-33.582868212466565,4938.324600778971,-101.57460077897122,5076.071273713904,-215.3212737139038,,
2023-07-17,,,,,,,,,,,4553.75,4603.25,4654.5,4704.0,4747.0,4783.0,4814.0,4830.0,4853.0,4877.0,,4522.7900390625,0.0524611,0.0532012,0.0539635,0.0529292,0.01638130402596671,,,,,,,,0.1643835616438356,0.4136986301369863,0.663013698630137,0.9315068493150684,1.180821917808219,1.4301369863013698,1.6794520547945206,1.9287671232876713,2.1780821917808217,2.4273972602739726,,,,,,,,,0.0528,0.0538,0.0539,0.0532,0.0523,0.0519,0.0525,0.0548,0.0593,0.0668,,,,,,,,,,,,,,,,4549.947541920872,3.802458079127973,4593.347825516555,9.902174483445378,4636.707287809034,17.792712190966085,4680.598265070764,23.401734929236227,4718.743951244139,28.25604875586123,4758.467532774845,24.532467225155415,4805.632593178866,8.367406821133955,4870.661631096319,-40.66163109631907,4965.974320895904,-112.97432089590438,5111.614345291784,-234.61434529178405,,
2023-07-18,,,,,,,,,,,4587.75,4637.75,4689.5,4740.0,4782.0,4818.0,4849.0,4865.0,4888.0,4912.0,,4554.97998046875,0.0525457,0.05326139999999999,0.05400439999999999,0.0530049,0.0163808659942756,,,,,,,,0.16164383561643836,0.410958904109589,0.6602739726027397,0.9287671232876712,1.178082191780822,1.4273972602739726,1.6767123287671233,1.926027397260274,2.175342465753425,2.4246575342465753,,,,,,,,,0.0529,0.0538,0.054,0.0533,0.0524,0.052,0.0526,0.0548,0.0592,0.0664,,,,,,,,,,,,,,,,4581.947969384345,5.802030615654985,4625.566555454687,12.18344454531325,4669.5376882620085,19.962311737991513,4713.875594495218,26.124405504781862,4752.423203024917,29.576796975083198,4792.555564521432,25.444435478568266,4840.1717428537895,8.82825714621049,4904.815316942925,-39.815316942925165,4999.647531175851,-111.64753117585133,5142.299771473695,-230.29977147369482,,
2023-07-19,,,,,,,,,,,4597.0,4647.5,4699.75,4750.25,4792.0,4828.0,4859.0,4875.0,4898.0,4922.0,,4565.72021484375,0.05263569999999999,0.0533352,0.0539914,0.052858,0.01641617184673935,,,,,,,,0.1589041095890411,0.40821917808219177,0.6575342465753424,0.9260273972602739,1.1753424657534246,1.4246575342465753,1.673972602739726,1.9232876712328768,2.1726027397260275,2.421917808219178,,,,,,,,,0.053,0.0538,0.0539,0.0531,0.0522,0.0517,0.0522,0.0542,0.0584,0.0653,,,,,,,,,,,,,,,,4592.339508675504,4.660491324496434,4635.931112273371,11.568887726629328,4679.649299726204,20.100700273796065,4723.483232273223,26.76676772677729,4761.841786194261,30.15821380573925,4801.093200456662,26.90679954333791,4847.56936956555,11.430630434449995,4909.860064612683,-34.860064612683345,5001.76300123491,-103.76300123491,5139.567255575905,-217.5672555759047,,
2023-07-20,,,,,,,,,,,4565.5,4615.5,4668.25,4719.0,4761.0,4797.0,4843.0,4859.0,4882.0,4906.0,,4534.8701171875,0.0529134,0.0534557,0.054126,0.053092,0.01644423269738734,,,,,,,,0.15616438356164383,0.4054794520547945,0.6547945205479452,0.9232876712328767,1.1726027397260275,1.4219178082191781,1.6712328767123288,1.9205479452054794,2.16986301369863,2.419178082191781,,,,,,,,,0.0531,0.0539,0.0541,0.0534,0.0525,0.052,0.0526,0.0547,0.0591,0.0662,,,,,,,,,,,,,,,,4560.903630012788,4.596369987211801,4604.269324421199,11.23067557880131,4648.0753614849755,20.174638515024526,4692.2736294949245,26.726370505075465,4730.711124208996,30.288875791004102,4770.035855643955,26.964144356044926,4817.3363463238875,25.663653676112517,4880.601538484458,-21.601538484457706,4974.643027933015,-92.64302793301522,5114.934044461997,-208.93404446199656,,
2023-07-21,,,,,,,,,,,4564.75,4615.0,4667.75,4718.5,4761.0,4797.0,4843.0,4859.0,4882.0,4906.0,,4536.33984375,0.0529799,0.0535121,0.05428429999999999,0.053615,0.01654892794857965,,,,,,,,0.15342465753424658,0.40273972602739727,0.6520547945205479,0.9205479452054794,1.16986301369863,1.4191780821917808,1.6684931506849314,1.917808219178082,2.1671232876712327,2.4164383561643836,,,,,,,,,0.0532,0.054,0.0544,0.0538,0.0532,0.0529,0.0535,0.0557,0.0601,0.0671,,,,,,,,,,,,,,,,4561.920345420758,2.829654579241833,4605.28022218055,9.719777819450428,4649.694219033966,18.055780966034035,4694.595168797162,23.904831202838068,4735.073355415195,25.926644584805217,4776.505106426296,20.49489357370385,4824.818394846758,18.181605153242344,4890.060779966148,-31.060779966148402,4985.3371175993125,-103.33711759931248,5125.735538997602,-219.7355389976019,,
2023-07-24,,,,,,,,,,,4583.5,4634.0,4687.0,4739.0,4781.0,4825.0,4871.0,4887.0,4910.0,4934.0,,4554.64013671875,0.05305380000000001,0.0535064,0.0542156,0.0535298,0.01675764633868465,,,,,,,,0.14520547945205478,0.39452054794520547,0.6438356164383562,0.9123287671232877,1.1616438356164382,1.4109589041095891,1.6602739726027398,1.9095890410958904,2.158904109589041,2.408219178082192,,,,,,,,,0.0532,0.054,0.0543,0.0538,0.0531,0.0528,0.0534,0.0554,0.0595,0.0661,,,,,,,,,,,,,,,,4578.805485181607,4.694514818393145,4622.054935100698,11.945064899302452,4666.072110742515,20.92788925748482,4711.193761322104,27.806238677895635,4751.039302692091,29.96069730790896,4792.253707596862,32.746292403137886,4840.329852049664,30.670147950336286,4903.442643120431,-16.442643120431057,4994.928843984073,-84.92884398407296,5129.323227194518,-195.32322719451804,,
2023-07-25,,,,,,,,,,,4596.0,4646.75,4699.75,4752.0,4794.0,4838.0,4884.0,4900.0,4923.0,4947.0,,4567.4599609375,0.0531552,0.0535736,0.05431250000000001,0.0536297,0.01678175630559159,,,,,,,,0.14246575342465753,0.3917808219178082,0.6410958904109589,0.9095890410958904,1.158904109589041,1.4082191780821918,1.6575342465753424,1.906849315068493,2.1561643835616437,2.4054794520547946,,,,,,,,,0.0533,0.054,0.0544,0.0539,0.0532,0.0529,0.0535,0.0556,0.0599,0.0669,,,,,,,,,,,,,,,,4591.284545169058,4.7154548309417805,4634.547823302403,12.20217669759677,4678.951959579007,20.798040420992947,4724.30089298706,27.69910701293975,4764.356569881847,29.643430118153447,4805.781376611635,32.218623388364904,4854.077093036732,29.92290696326836,4918.3729990026295,-18.372999002629513,5012.462265321536,-89.4622653215356,5152.673202914718,-205.67320291471788,,
2023-07-26,,,,,,,,,,,4595.25,4646.25,4699.5,4751.25,4794.0,4838.0,4884.0,4900.0,4923.0,4947.0,,4566.75,0.0531737,0.0536559,0.0544526,0.05397859999999999,0.01680901834062347,,,,,,,,0.13972602739726028,0.38904109589041097,0.6383561643835617,0.9068493150684932,1.1561643835616437,1.4054794520547946,1.6547945205479453,1.904109589041096,2.1534246575342464,2.4027397260273973,,,,,,,,,0.0533,0.0541,0.0546,0.0542,0.0536,0.0534,0.0541,0.0562,0.0603,0.0669,,,,,,,,,,,,,,,,4590.094132709531,5.155867290469359,4633.486074044276,12.763925955723607,4678.258373603728,21.241626396272295,4724.254535727151,26.99546427284895,4765.193833179632,28.806166820368162,4807.7522395399155,30.247760460084464,4857.435891240004,26.56410875999609,4922.450807453097,-22.450807453096786,5015.114960395455,-92.11496039545455,5150.827512071689,-203.82751207168894,,
2023-07-27,,,,,,,,,,,4564.25,4615.25,4668.5,4721.25,4764.0,4808.0,4854.0,4870.0,4893.0,4917.0,,4537.41015625,0.0531865,0.05369119999999999,0.05452829999999999,0.0540252,0.01683413360573386,,,,,,,,0.136986301369863,0.3863013698630137,0.6356164383561644,0.9041095890410958,1.1534246575342466,1.4027397260273973,1.652054794520548,1.9013698630136986,2.1506849315068495,2.4,,,,,,,,,0.0533,0.0542,0.0547,0.0543,0.0537,0.0534,0.0541,0.0563,0.0606,0.0676,,,,,,,,,,,,,,,,4560.13269682155,4.117303178450129,4603.380313998925,11.869686001075024,4647.942117434298,20.55788256570213,4693.739728480694,27.510271519306116,4734.5107662583805,29.4892337416195,4776.216913828827,31.783086171172727,4825.535206990984,28.46479300901592,4890.994260620396,-20.994260620395835,4985.247187722986,-92.24718772298638,5125.32777186724,-208.3277718672398,,
2023-07-28,,,,,,,,,,,4606.5,4658.0,4712.0,4765.75,4808.0,4852.0,4898.0,4914.0,4937.0,4961.0,,4582.22998046875,0.05318100000000001,0.0537191,0.05448,0.0540788,0.01650980533985792,,,,,,,,0.13424657534246576,0.3835616438356164,0.6328767123287671,0.9013698630136986,1.1506849315068493,1.4,1.6493150684931508,1.8986301369863015,2.147945205479452,2.3972602739726026,,,,,,,,,0.0533,0.0542,0.0546,0.0543,0.0538,0.0536,0.0542,0.056,0.0597,0.0656,,,,,,,,,,,,,,,,4604.917400219989,1.5825997800111509,4648.9541854547515,9.045814545248504,4694.033208616265,17.966791383734744,4741.003003870033,24.746996129966647,4783.129503009273,24.87049699072668,4826.4540526509,25.54594734910006,4876.114925252762,21.885074747237923,4939.000825151916,-25.000825151915706,5027.666432155504,-90.66643215550357,5154.487778055476,-193.48777805547616,,
2023-07-31,,,,,,,,,,,4614.5,4666.0,4720.0,4774.5,4816.0,4860.0,4906.0,4922.0,4945.0,4969.0,,4588.9599609375,0.0531784,0.0536532,0.0543313,0.0538312,0.01676554290392443,,,,,,,,0.12602739726027398,0.37534246575342467,0.6246575342465753,0.8931506849315068,1.1424657534246576,1.3917808219178083,1.641095890410959,1.8904109589041096,2.1397260273972605,2.389041095890411,,,,,,,,,0.0533,0.054,0.0544,0.0541,0.0535,0.0532,0.0537,0.0554,0.0589,0.0645,,,,,,,,,,,,,,,,4610.137822140892,4.36217785910776,4653.544016083708,12.455983916292098,4698.118256265515,21.8817437344851,4744.560036626641,29.939963373359205,4785.647189482906,30.35281051709444,4827.661500386156,32.33849961384385,4875.713224067054,30.286775932945602,4936.657147995585,-14.657147995584637,5021.906311093754,-76.90631109375408,5143.290193044936,-174.29019304493613,,
2023-08-01,,,,,,,,,,,4601.25,4653.0,4707.25,4761.5,4808.0,4852.0,4898.0,4914.0,4937.0,4961.0,,4576.72998046875,0.0531795,0.0536635,0.0543314,0.0537388,0.0168566610568339,,,,,,,,0.1232876712328767,0.3726027397260274,0.6219178082191781,0.8904109589041096,1.1397260273972603,1.389041095890411,1.6383561643835616,1.8876712328767122,2.136986301369863,2.3863013698630136,,,,,,,,,0.0533,0.054,0.0544,0.054,0.0534,0.0531,0.0535,0.0552,0.0587,0.0644,,,,,,,,,,,,,,,,4597.339559027061,3.9104409729388863,4640.510932373155,12.489067626845099,4684.84877268887,22.401227311130242,4730.626286837887,30.873713162112836,4771.373264464683,36.626735535316584,4813.036877261363,38.96312273863714,4859.90847436513,38.09152563486987,4920.274801728194,-6.274801728193779,5004.829804949477,-67.82980494947697,5126.573487769765,-165.57348776976505,,
2023-08-02,,,,,,,,,,,4537.25,4588.25,4642.0,4694.25,4741.0,4785.0,4831.0,4847.0,4870.0,4894.0,,4513.39013671875,0.0531714,0.0536941,0.0543473,0.0538124,0.01718856998225777,,,,,,,,0.12054794520547946,0.3698630136986301,0.6191780821917808,0.8876712328767123,1.1369863013698631,1.3863013698630138,1.6356164383561644,1.884931506849315,2.1342465753424658,2.3835616438356166,,,,,,,,,0.0533,0.0541,0.0544,0.0541,0.0535,0.0532,0.0536,0.0552,0.0584,0.0637,,,,,,,,,,,,,,,,4533.0804666717,4.169533328299622,4575.43024608907,12.819753910929649,4618.588164514513,23.411835485487245,4663.721707251985,30.528292748014792,4703.628174491482,37.37182550851776,4744.42981395917,40.57018604082987,4790.351055096579,40.64894490342067,4848.636379162702,-1.6363791627018145,4928.348380368405,-58.34838036840483,5042.54757199863,-148.5475719986298,,
2023-08-03,,,,,,,,,,,4521.75,4572.5,4626.0,4678.75,4726.0,4770.0,4816.0,4832.0,4855.0,4879.0,,4501.89013671875,0.053164,0.0536985,0.0543307,0.0536487,0.01716667504706257,,,,,,,,0.1178082191780822,0.36712328767123287,0.6164383561643836,0.8849315068493151,1.1342465753424658,1.3835616438356164,1.632876712328767,1.8821917808219177,2.1315068493150684,2.3808219178082193,,,,,,,,,0.0533,0.0541,0.0544,0.0539,0.0533,0.0529,0.0533,0.0549,0.0581,0.0636,,,,,,,,,,,,,,,,4521.094640545531,0.6553594544693624,4563.347352002736,9.152647997263557,4606.412657128155,19.587342871845067,4650.635214657692,28.114785342308096,4690.229143030748,35.770856969252236,4730.053895241553,39.94610475844729,4775.499633872722,40.50036612727763,4833.2479402103145,-1.247940210314482,4912.323272440701,-57.32327244070075,5028.123318274512,-149.1233182745118,,
2023-08-04,,,,,,,,,,,4498.0,4548.0,4601.25,4652.75,4701.0,4745.0,4791.0,4807.0,4830.0,4854.0,,4478.02978515625,0.0531724,0.0537058,0.0543419,0.0536235,0.0171593118985373,,,,,,,,0.11506849315068493,0.3643835616438356,0.6136986301369863,0.8821917808219178,1.1315068493150684,1.3808219178082193,1.63013698630137,1.8794520547945206,2.128767123287671,2.378082191780822,,,,,,,,,0.0533,0.0541,0.0544,0.0539,0.0533,0.0529,0.0532,0.0548,0.0581,0.0637,,,,,,,,,,,,,,,,4496.691140138031,1.3088598619688128,4538.714168297798,9.285831702201904,4581.551649585398,19.69835041460192,4625.551016918268,27.198983081731967,4664.947618980841,36.05238101915893,4704.571497744597,40.428502255403146,4749.001703538669,41.99829646133094,4806.297504828006,0.7024951719940873,4885.816229249292,-55.81622924929161,5002.11464069162,-148.11464069161957,,
2023-08-07,,,,,,,,,,,4537.75,4588.25,4641.75,4693.5,4737.25,4777.25,4819.0,4848.0,4872.0,4896.0,,4518.43994140625,0.0531583,0.05367429999999999,0.0542755,0.0533951,0.01731036619149071,,,,,,,,0.10684931506849316,0.3561643835616438,0.6054794520547945,0.873972602739726,1.1232876712328768,1.3726027397260274,1.621917808219178,1.8712328767123287,2.1205479452054794,2.3698630136986303,,,,,,,,,0.0532,0.054,0.0543,0.0538,0.053,0.0525,0.0528,0.0543,0.0577,0.0634,,,,,,,,,,,,,,,,4535.800442734668,1.9495572653322597,4577.872311468644,10.377688531356398,4620.778751276204,20.971248723795725,4664.859559930419,28.640440069581018,4703.262957941368,33.98704205863214,4742.043572984157,35.206427015842564,4786.1582668118135,32.84173318818648,4842.267038459365,5.732961540635188,4922.492183126231,-50.492183126230884,5039.933598213107,-143.93359821310696,,
2023-08-08,,,,,,,,,,,4518.5,4568.25,4621.0,4672.5,4717.25,4757.0,4799.0,4828.0,4852.0,4876.0,,4499.3798828125,0.053124,0.0536528,0.0542583,0.0531827,0.01749392752589579,,,,,,,,0.10410958904109589,0.35342465753424657,0.6027397260273972,0.8712328767123287,1.1205479452054794,1.36986301369863,1.6191780821917807,1.8684931506849316,2.117808219178082,2.367123287671233,,,,,,,,,0.0532,0.054,0.0543,0.0536,0.0528,0.0521,0.0524,0.054,0.0576,0.0637,,,,,,,,,,,,,,,,4516.136754251005,2.3632457489948138,4557.807650987281,10.442349012719205,4600.311715784804,20.68828421519629,4643.165627175464,29.33437282453633,4680.953040945397,36.29695905460267,4717.812138675692,39.18786132430796,4761.004764497417,37.995235502582545,4816.998083745751,11.001916254249409,4898.242921626729,-46.242921626729185,5019.423335236377,-143.42333523637717,,
2023-08-09,,,,,,,,,,,4485.75,4535.25,4587.75,4639.0,4684.0,4724.0,4766.0,4795.0,4819.0,4843.0,,4467.7099609375,0.05312459999999999,0.0536678,0.0542097,0.0530832,0.01745386983640205,,,,,,,,0.10136986301369863,0.3506849315068493,0.6,0.8684931506849315,1.1178082191780823,1.367123287671233,1.6164383561643836,1.8657534246575342,2.115068493150685,2.3643835616438356,,,,,,,,,0.0532,0.054,0.0542,0.0536,0.0527,0.052,0.0522,0.0536,0.0569,0.0626,,,,,,,,,,,,,,,,4483.928433541176,1.8215664588242362,4525.33741630999,9.912583690010251,4567.306493681231,20.443506318769323,4610.187971148131,28.8120288518694,4647.24410517596,36.7558948240403,4683.776754962161,40.22324503783875,4725.819295955052,40.18070404494756,4779.403416735379,15.596583264620676,4856.44763548126,-37.44763548125957,4970.988592945423,-127.98859294542308,,
2023-08-10,,,,,,,,,,,4485.75,4535.0,4587.25,4638.5,4684.0,4724.0,4766.0,4795.0,4819.0,4843.0,,4468.830078125,0.0531247,0.0536915,0.05421400000000001,0.0531174,0.01721201511837618,,,,,,,,0.09863013698630137,0.34794520547945207,0.5972602739726027,0.8657534246575342,1.115068493150685,1.3643835616438356,1.6136986301369862,1.8630136986301369,2.1123287671232878,2.361643835616438,,,,,,,,,0.0532,0.054,0.0542,0.0536,0.0527,0.0521,0.0522,0.0536,0.0567,0.0621,,,,,,,,,,,,,,,,4484.720374564621,1.0296254353788754,4526.3996753380525,8.600324661947525,4568.651573501022,18.59842649897837,4611.852727359528,26.647272640471783,4649.214035581898,34.785964418101685,4686.693110025357,37.30688997464313,4728.399202133121,37.600797866878565,4782.282586981503,12.7174130184967,4857.569710637041,-38.56971063704077,4968.589910688629,-125.58991068862906,,
2023-08-11,,,,,,,,,,,4480.75,4530.0,4582.25,4633.5,4679.0,4719.0,4761.0,4790.0,4814.0,4838.0,,4464.0498046875,0.0531048,0.0536457,0.0541508,0.0530582,0.01696908159879462,,,,,,,,0.0958904109589041,0.3452054794520548,0.5945205479452055,0.863013698630137,1.1123287671232878,1.3616438356164384,1.610958904109589,1.8602739726027397,2.1095890410958904,2.3589041095890413,,,,,,,,,0.0531,0.0539,0.0541,0.0535,0.0527,0.052,0.0521,0.0534,0.0565,0.0618,,,,,,,,,,,,,,,,4479.54281320115,1.2071867988497615,4521.325202983316,8.674797016684352,4563.6898590555265,18.56014094447346,4607.028466882924,26.471533117076433,4645.04430481776,33.95569518223965,4682.143491495302,36.85650850469756,4723.97614127939,37.023858720610406,4777.072309388484,12.927690611515573,4852.288135563261,-38.28813556326077,4961.996697117561,-123.99669711756087,,
2023-08-14,,,,,,,,,,,4506.0,4555.75,4608.0,4660.5,4705.0,4745.0,4787.0,4816.0,4840.0,4864.0,,4489.72021484375,0.0531261,0.0537183,0.0543196,0.05354440000000001,0.01709533436825842,,,,,,,,0.08767123287671233,0.336986301369863,0.5863013698630137,0.8547945205479452,1.104109589041096,1.3534246575342466,1.6027397260273972,1.8520547945205479,2.1013698630136988,2.350684931506849,,,,,,,,,0.0531,0.054,0.0544,0.0539,0.0533,0.0528,0.053,0.0543,0.0572,0.0622,,,,,,,,,,,,,,,,4503.914737601256,2.0852623987439074,4545.904663216974,9.845336783026141,4589.000128536567,18.99987146343301,4633.214081691305,27.285918308694818,4672.82729674702,32.17270325297977,4712.007140409838,32.99285959016197,4755.663486807341,31.336513192659368,4809.992217928301,6.007782071698784,4884.4911906859725,-44.49119068597247,4991.9032242004905,-127.90322420049051,,
2023-08-15,,,,,,,,,,,4454.0,4503.0,4555.0,4607.0,4652.0,4692.0,4734.0,4763.0,4787.0,4811.0,,4437.85986328125,0.0531376,0.0537648,0.0544472,0.0538196,0.0169846489356128,,,,,,,,0.08493150684931507,0.33424657534246577,0.5835616438356165,0.852054794520548,1.1013698630136985,1.3506849315068492,1.6,1.8493150684931507,2.0986301369863014,2.347945205479452,,,,,,,,,0.0531,0.0541,0.0545,0.0542,0.0536,0.0531,0.0534,0.0548,0.0579,0.063,,,,,,,,,,,,,,,,4451.493147450045,2.5068525499546013,4493.257439929677,9.742560070322725,4536.087096458279,18.91290354172088,4580.837152301225,26.162847698775295,4620.483215159377,31.516784840622677,4659.707639864312,32.292360135687886,4704.111008987022,29.888991012978295,4759.3197387725995,3.6802612274004787,4835.760640949825,-48.76064094982485,4944.193068051553,-133.19306805155338,,
2023-08-16,,,,,,,,,,,4420.0,4468.5,4520.25,4572.0,4617.0,4657.0,4699.0,4728.0,4752.0,4776.0,,4404.330078125,0.05311950000000001,0.05379229999999999,0.0544186,0.0538554,0.01673054978380127,,,,,,,,0.0821917808219178,0.3315068493150685,0.5808219178082191,0.8493150684931506,1.0986301369863014,1.347945205479452,1.5972602739726027,1.8465753424657534,2.095890410958904,2.345205479452055,,,,,,,,,0.0531,0.0541,0.0545,0.0542,0.0536,0.0533,0.0535,0.0547,0.0573,0.0617,,,,,,,,,,,,,,,,4417.515506956747,2.484493043252769,4459.231288656352,9.268711343647738,4502.016872159499,18.233127840500856,4546.7447363364945,25.255263663505502,4586.393818459342,30.606181540658326,4626.8754004201155,30.12459957988449,4670.744812854074,28.255187145926357,4724.21597616717,3.7840238328299165,4795.208965964294,-43.20896596429429,4894.199687622987,-118.19968762298686,,
2023-08-17,,,,,,,,,,,4384.5,4432.5,4483.5,4533.25,4581.0,4621.0,4663.0,4692.0,4716.0,4740.0,4762.0,4370.35986328125,0.0531398,0.0537976,0.0544112,0.0537645,0.01640151549126267,,,,,,,,0.07945205479452055,0.3287671232876712,0.5780821917808219,0.8465753424657534,1.095890410958904,1.3452054794520547,1.5945205479452054,1.8438356164383563,2.0931506849315067,2.3424657534246576,2.591780821917808,,,,,,,,0.0531,0.0541,0.0545,0.0541,0.0535,0.0531,0.0533,0.0545,0.0571,0.0617,0.0685,,,,,,,,,,,,,,,4383.121423314532,1.3785766854680332,4424.863261374885,7.636738625114958,4467.680676818061,15.819323181938671,4512.087748116055,21.16225188394492,4551.701994431051,29.29800556894861,4591.525660455913,29.474339544087343,4635.206480006049,27.793519993951122,4688.406207898762,3.5937921012382503,4758.98026389756,-42.98026389755978,4859.5969527367315,-119.59695273673151,5002.176948075846,-240.17694807584576
2023-08-18,,,,,,,,,,,4382.75,4430.25,4480.75,4530.5,4578.0,4618.0,4660.0,4689.0,4713.0,4737.0,4759.0,4369.7099609375,0.05314269999999999,0.0538317,0.0544454,0.0538338,0.01633936685864819,,,,,,,,0.07671232876712329,0.32602739726027397,0.5753424657534246,0.8438356164383561,1.093150684931507,1.3424657534246576,1.5917808219178082,1.841095890410959,2.0904109589041098,2.33972602739726,2.589041095890411,,,,,,,,0.0531,0.0541,0.0545,0.0542,0.0536,0.0532,0.0534,0.0545,0.0571,0.0614,0.068,,,,,,,,,,,,,,,4382.049906934696,0.7000930653039177,4423.837965703258,6.412034296741695,4466.709774172313,14.040225827687209,4511.568100086953,18.931899913047346,4551.369255881551,26.630744118449,4591.380650010223,26.61934998977722,4635.244931341778,24.755068658221717,4687.756084958281,1.243915041719447,4758.360188236765,-45.36018823676477,4855.568412192811,-118.56841219281068,4995.053579415549,-236.0535794155494
2023-08-21,,,,,,,,,,,4412.5,4460.75,4512.0,4563.0,4609.0,4649.0,4691.0,4720.0,4744.0,4768.0,4790.0,4399.77001953125,0.0531778,0.0537734,0.0542902,0.0535571,0.01657954703125344,,,,,,,,0.0684931506849315,0.3178082191780822,0.5671232876712329,0.8356164383561644,1.084931506849315,1.3342465753424657,1.5835616438356164,1.832876712328767,2.0821917808219177,2.3315068493150686,2.580821917808219,,,,,,,,0.0531,0.054,0.0543,0.054,0.0533,0.0529,0.0529,0.0539,0.0563,0.0604,0.0666,,,,,,,,,,,,,,,4410.789384345072,1.7106156549280058,4452.406777233518,8.343222766481631,4494.9044851700655,17.095514829934473,4539.520623320248,23.479376679752022,4578.591635362819,30.408364637180966,4618.235525511181,30.76447448881936,4660.244653347889,30.755346652111257,4711.263167069826,8.736832930174387,4779.126895488892,-35.12689548889193,4873.049673886145,-105.04967388614477,5006.044852062065,-216.04485206206482
2023-08-22,,,,,,,,,,,4399.25,4447.25,4498.25,4549.5,4596.0,4636.0,4678.0,4707.0,4731.0,4755.0,4777.0,4387.5498046875,0.053153,0.0538307,0.054469,0.05388150000000001,0.01672747121071269,,,,,,,,0.06575342465753424,0.3150684931506849,0.5643835616438356,0.8328767123287671,1.082191780821918,1.3315068493150686,1.5808219178082192,1.83013698630137,2.0794520547945203,2.328767123287671,2.578082191780822,,,,,,,,0.0531,0.0541,0.0545,0.0542,0.0537,0.0533,0.0534,0.0546,0.0572,0.0616,0.0683,,,,,,,,,,,,,,,4398.055707277042,1.1942927229583802,4439.518153436343,7.7318465636572,4482.088561497029,16.161438502970668,4526.644501180167,22.855498819832974,4566.661016923882,29.338983076117984,4606.496145448899,29.50385455110063,4649.425564791622,28.574435208378418,4702.44626828299,4.553731717010123,4772.792786388611,-41.79278638861069,4870.850731379415,-115.85073137941527,5011.469363778134,-234.4693637781338
2023-08-23,,,,,,,,,,,4447.0,4495.5,4546.75,4598.0,4644.0,4684.0,4726.0,4755.0,4779.0,4803.0,4825.0,4436.009765625,0.0531495,0.0539105,0.0545769,0.0541133,0.01662396875019238,,,,,,,,0.06301369863013699,0.31232876712328766,0.5616438356164384,0.8301369863013699,1.0794520547945206,1.3287671232876712,1.5780821917808219,1.8273972602739725,2.0767123287671234,2.326027397260274,2.5753424657534247,,,,,,,,0.0531,0.0541,0.0546,0.0544,0.054,0.0536,0.0538,0.0549,0.0573,0.0614,0.0676,,,,,,,,,,,,,,,4446.2176149398965,0.7823850601034792,4488.237625024031,7.262374975968669,4531.641676272352,15.108323727647985,4577.324017292557,20.675982707442927,4618.642841404353,25.35715859564698,4659.405223774674,24.594776225326314,4704.041833865414,21.958166134585554,4757.397550176846,-2.39755017684638,4827.01221154111,-48.012211541110446,4922.938195006096,-119.93819500609607,5058.328076057598,-233.32807605759808
2023-08-24,,,,,,,,,,,4386.0,4434.0,4485.0,4536.0,4582.0,4622.0,4664.0,4693.0,4717.0,4741.0,4763.0,4376.31005859375,0.0532024,0.053879,0.0544501,0.0537539,0.01691461849209879,,,,,,,,0.06027397260273973,0.3095890410958904,0.5589041095890411,0.8273972602739726,1.0767123287671232,1.326027397260274,1.5753424657534247,1.8246575342465754,2.073972602739726,2.3232876712328765,2.5726027397260274,,,,,,,,0.0531,0.0541,0.0545,0.0542,0.0536,0.0531,0.0532,0.0542,0.0565,0.0607,0.067,,,,,,,,,,,,,,,4385.865367866482,0.1346321335176981,4426.98206981808,7.017930181919837,4469.213941442024,15.786058557975593,4513.422520578551,22.577479421449425,4552.631964708958,29.36803529104236,4591.4171523569985,30.582847643001514,4633.756227035398,30.243772964601703,4684.405293608607,8.59470639139272,4750.761465222681,-33.76146522268118,4844.925913950842,-103.92591395084219,4978.136910284045,-215.13691028404537
2023-08-25,,,,,,,,,,,4414.25,4463.0,4515.0,4567.75,4613.0,4653.0,4695.0,4724.0,4748.0,4772.0,4794.0,4405.7099609375,0.0532883,0.05403889999999999,0.0546731,0.0541166,0.0165999565106273,,,,,,,,0.057534246575342465,0.30684931506849317,0.5561643835616439,0.8246575342465754,1.073972602739726,1.3232876712328767,1.5726027397260274,1.821917808219178,2.0712328767123287,2.3205479452054796,2.56986301369863,,,,,,,,0.0532,0.0542,0.0547,0.0545,0.054,0.0536,0.0537,0.0547,0.0571,0.0611,0.0673,,,,,,,,,,,,,,,4414.997085576566,-0.7470855765659508,4456.835413325988,6.164586674011844,4500.06258839287,14.937411607130343,4545.5829190507875,22.167080949212504,4586.274506104699,26.725493895301042,4626.789057426524,26.21094257347613,4670.401526884737,24.598473115263005,4722.3972647547525,1.6027352452474588,4791.226531945782,-43.22653194578197,4884.983474055533,-112.9834740555334,5018.813667531982,-224.813667531982
2023-08-28,,,,,,,,,,,4442.25,4491.25,4543.75,4597.0,4641.0,4681.0,4723.0,4752.0,4776.0,4800.0,4822.0,4433.31005859375,0.0533365,0.0541744,0.0549279,0.0546632,0.01690721506387946,,,,,,,,0.049315068493150684,0.29863013698630136,0.547945205479452,0.8164383561643835,1.0657534246575342,1.3150684931506849,1.5643835616438355,1.8136986301369864,2.063013698630137,2.3123287671232875,2.5616438356164384,,,,,,,,0.0532,0.0544,0.055,0.0549,0.0546,0.0543,0.0545,0.0556,0.058,0.0619,0.0679,,,,,,,,,,,,,,,4441.251818365327,0.9981816346726191,4483.2264282974675,8.023571702532536,4526.817959499052,16.93204050094755,4572.980879448925,24.019120551074593,4615.026966817339,25.97303318266131,4656.762992416912,24.23700758308769,4701.849920560388,21.150079439612455,4755.603217816634,-3.603217816634242,4825.534350335839,-49.53435033583901,4919.390336720356,-119.39033672035566,5051.93758448583,-229.93758448582957
2023-08-29,,,,,,,,,,,4506.75,4556.5,4609.75,4662.5,4706.0,4746.0,4788.0,4817.0,4841.0,4865.0,4887.0,4497.6298828125,0.0533106,0.0542245,0.0550098,0.0547989,0.01671280971665962,,,,,,,,0.04657534246575343,0.2958904109589041,0.5452054794520548,0.8136986301369863,1.063013698630137,1.3123287671232877,1.5616438356164384,1.810958904109589,2.0602739726027397,2.3095890410958906,2.558904109589041,,,,,,,,0.0531,0.0544,0.0551,0.055,0.0547,0.0545,0.0547,0.0558,0.0581,0.0619,0.0678,,,,,,,,,,,,,,,4505.258685000384,1.4913149996164066,4548.064889731239,8.435110268760582,4592.752289913346,16.99771008665357,4639.955611020354,22.5443889796461,4682.965059138141,23.03494086185856,4726.286420297652,19.713579702348397,4772.513125525163,15.48687447483735,4827.534397393995,-10.534397393995278,4897.963547880343,-56.96354788034296,4992.3882615372995,-127.38826153729951,5125.754770532581,-238.75477053258055
2023-08-30,,,,,,,,,,,4524.25,4574.0,4627.5,4680.25,4723.0,4763.0,4805.0,4834.0,4858.0,4882.0,4904.0,4514.8701171875,0.0532968,0.05409600000000001,0.0547527,0.0541867,0.01624638801822142,,,,,,,,0.043835616438356165,0.29315068493150687,0.5424657534246575,0.810958904109589,1.0602739726027397,1.3095890410958904,1.558904109589041,1.8082191780821917,2.0575342465753423,2.3068493150684932,2.5561643835616437,,,,,,,,0.0531,0.0543,0.0548,0.0546,0.0541,0.0536,0.0537,0.0547,0.057,0.061,0.0672,,,,,,,,,,,,,,,4522.169788194697,2.0802118053034064,4565.51746234099,8.482537659009722,4610.288487429662,17.211512570337618,4657.503722022066,22.74627797793437,4699.760824660692,23.23917533930762,4741.219117369036,21.780882630963788,4786.325553111868,18.67444688813157,4839.972205998656,-5.972205998656136,4909.776256474291,-51.776256474290676,5005.895203666899,-123.89520366689885,5142.9262543660125,-238.92625436601247
2023-08-31,,,,,,,,,,,4516.0,4565.75,4618.75,4672.25,4715.0,4755.0,4797.0,4826.0,4850.0,4874.0,4896.0,4507.66015625,0.0532741,0.0540122,0.054549,0.0537066,0.01562707794333261,,,,,,,,0.0410958904109589,0.29041095890410956,0.5397260273972603,0.8082191780821918,1.0575342465753426,1.3068493150684932,1.5561643835616439,1.8054794520547945,2.0547945205479454,2.304109589041096,2.5534246575342467,,,,,,,,0.0531,0.0542,0.0546,0.0542,0.0535,0.053,0.0529,0.0538,0.0559,0.0599,0.0659,,,,,,,,,,,,,,,4514.607224514053,1.3927754859469132,4558.438842493239,7.311157506761447,4603.481692724413,15.268307275587176,4650.401601966962,21.848398033038393,4691.864815222595,23.135184777404902,4733.282725638016,21.717274361983982,4776.848408569008,20.151591430992084,4829.286010969713,-3.286010969713061,4896.549562199062,-46.549562199062166,4991.7565945265815,-117.75659452658147,5125.0809770992655,-229.0809770992655
2023-09-01,,,,,,,,,,,4521.5,4571.0,4623.75,4676.75,4720.0,4760.0,4802.0,4831.0,4855.0,4879.0,4901.0,4515.77001953125,0.0532887,0.054023,0.0545324,0.0536866,0.01553403584104908,,,,,,,,0.038356164383561646,0.2876712328767123,0.536986301369863,0.8054794520547945,1.0547945205479452,1.3041095890410959,1.5534246575342465,1.8027397260273972,2.052054794520548,2.3013698630136985,2.5506849315068494,,,,,,,,0.0531,0.0542,0.0545,0.0542,0.0535,0.053,0.0529,0.0537,0.0557,0.0594,0.0652,,,,,,,,,,,,,,,4522.281420638331,-0.7814206383309283,4566.279706939228,4.720293060771837,4611.254326891291,12.495673108708615,4658.625087084119,18.124912915881396,4700.279665535408,19.72033446459227,4741.888349824893,18.11165017510666,4785.645561390055,16.354438609944737,4837.40789828511,-6.407898285109695,4903.741467856464,-48.741467856463714,4995.450145286153,-116.4501452861532,5125.653072455812,-224.65307245581243
2023-09-05,,,,,,,,,,,4502.5,4552.0,4604.75,4658.75,4705.25,4747.25,4790.25,4823.25,4847.25,4871.25,4893.25,4496.830078125,0.0532762,0.05391079999999999,0.0543212,0.0532571,0.01605364085262602,,,,,,,,0.0273972602739726,0.27671232876712326,0.5260273972602739,0.7945205479452054,1.0438356164383562,1.2931506849315069,1.5424657534246575,1.7917808219178082,2.041095890410959,2.2904109589041095,2.5397260273972604,,,,,,,,0.053,0.054,0.0543,0.0539,0.0531,0.0524,0.0522,0.0529,0.0548,0.0585,0.0643,,,,,,,,,,,,,,,4501.384204538512,1.1157954614882328,4544.296575913031,7.70342408696888,4588.216352045802,16.533647954198386,4634.101974446447,24.648025553553452,4674.1299132439035,31.120086756096498,4713.232793790255,34.01720620974538,4754.669760389904,35.580239610096214,4803.732986341115,19.517013658884935,4866.902782842486,-19.652782842485976,4955.96711138657,-84.71711138656974,5083.018385531852,-189.7683855318519
2023-09-06,,,,,,,,,,,4471.5,4520.5,4573.0,4626.0,4673.0,4715.0,4758.0,4791.0,4815.0,4839.0,4861.0,4465.47998046875,0.0532684,0.0539773,0.0545272,0.05388950000000001,0.01624267499064821,,,,,,,,0.024657534246575342,0.273972602739726,0.5232876712328767,0.7917808219178082,1.0410958904109588,1.2904109589041095,1.5397260273972602,1.789041095890411,2.0383561643835617,2.287671232876712,2.536986301369863,,,,,,,,0.053,0.0541,0.0545,0.0543,0.0538,0.0533,0.0533,0.0541,0.056,0.0595,0.065,,,,,,,,,,,,,,,4469.52908058632,1.970919413680349,4512.0363788053655,8.46362119463447,4555.777890860164,17.222109139835993,4602.086405380947,23.913594619052674,4643.542216406435,29.457783593565182,4684.203475226827,30.796524773172678,4727.681129351216,30.31887064878356,4778.396438958092,12.603561041907597,4842.4282307563735,-27.428230756373523,4929.981546830901,-90.9815468309007,5053.461088623069,-192.46108862306937
2023-09-07,,,,,,,,,,,4456.25,4505.25,4557.25,4609.75,4657.0,4699.0,4742.0,4775.0,4799.0,4823.0,4845.0,4451.14013671875,0.05329329999999999,0.0541099,0.0547601,0.0543272,0.01595897549431049,,,,,,,,0.021917808219178082,0.27123287671232876,0.5205479452054794,0.7890410958904109,1.0383561643835617,1.2876712328767124,1.536986301369863,1.7863013698630137,2.0356164383561643,2.2849315068493152,2.5342465753424657,,,,,,,,0.053,0.0542,0.0548,0.0547,0.0543,0.0539,0.0539,0.0548,0.0568,0.0602,0.0656,,,,,,,,,,,,,,,4454.755298065882,1.494701934117984,4497.548618700999,7.701381299000786,4542.051986545117,15.19801345488304,4589.3047145748615,20.445285425138536,4631.922056759719,25.077943240280547,4674.002820973081,24.997179026919184,4718.425242123839,23.57475787616113,4770.933791421529,4.0662085784706505,4837.0108390649375,-38.0108390649375,4924.624286203576,-101.62428620357605,5047.85232277661,-202.85232277660998
2023-09-08,,,,,,,,,,,4461.75,4511.25,4563.5,4616.25,4663.0,4705.0,4748.0,4781.0,4805.0,4829.0,4851.0,4457.490234375,0.0532946,0.0541047,0.0547197,0.0542392,0.01583247943085508,,,,,,,,0.019178082191780823,0.2684931506849315,0.5178082191780822,0.7863013698630137,1.0356164383561643,1.284931506849315,1.5342465753424657,1.7835616438356163,2.032876712328767,2.282191780821918,2.5315068493150683,,,,,,,,0.053,0.0542,0.0547,0.0546,0.0542,0.0538,0.0538,0.0546,0.0564,0.0598,0.0649,,,,,,,,,,,,,,,4460.668673942679,1.0813260573213483,4503.646024583686,7.603975416313915,4548.110179564327,15.389820435672846,4595.459884384581,20.79011561541938,4638.170106823583,24.82989317641659,4680.343680974601,24.65631902539917,4724.857578288,23.142421712000214,4776.6054754005245,4.394524599475517,4840.677294239456,-35.67729423945639,4927.975201171354,-98.97520117135355,5047.033496869828,-196.033496869828
2023-09-11,,,,,,,,,,,4490.25,4539.5,4592.25,4645.25,4692.0,4734.0,4777.0,4810.0,4834.0,4858.0,4880.0,4487.4599609375,0.05328330000000001,0.0540525,0.0546285,0.0540359,0.01621995061370134,,,,,,,,0.010958904109589041,0.2602739726027397,0.5095890410958904,0.7780821917808219,1.0273972602739727,1.2767123287671234,1.526027397260274,1.7753424657534247,2.0246575342465754,2.2739726027397262,2.5232876712328767,,,,,,,,0.0529,0.0541,0.0546,0.0545,0.054,0.0535,0.0535,0.0542,0.056,0.0594,0.0646,,,,,,,,,,,,,,,4489.264161922268,0.9858380777322964,4531.921502774485,7.578497225515093,4576.08982733751,16.160172662490368,4623.129497326439,22.120502673560622,4665.065853256324,26.934146743676138,4706.209138271423,27.7908617285766,4750.154805540255,26.84519445974456,4800.4728618526615,9.527138147338519,4863.837853770387,-29.837853770386573,4950.443065269434,-92.44306526943365,5070.115576874215,-190.11557687421464
2023-09-12,,,,,,,,,,,4465.0,4513.75,4566.25,4619.0,4666.0,4708.0,4751.0,4784.0,4808.0,4832.0,4854.0,4461.89990234375,0.0533356,0.0540822,0.0547121,0.0542131,0.01633559324730864,,,,,,,,0.00821917808219178,0.25753424657534246,0.5068493150684932,0.7753424657534247,1.0246575342465754,1.273972602739726,1.5232876712328767,1.7726027397260273,2.021917808219178,2.271232876712329,2.5205479452054793,,,,,,,,0.053,0.0541,0.0547,0.0546,0.0542,0.0537,0.0537,0.0545,0.0565,0.0601,0.0656,,,,,,,,,,,,,,,4463.244704246652,1.7552957533480367,4505.506387655943,8.2436123440566,4549.510458715767,16.739541284233383,4596.258862712474,22.741137287525817,4638.414995375388,27.58500462461234,4679.428059338851,28.5719406611488,4723.222985807105,27.777014192894967,4774.1931907460585,9.806809253941537,4839.366344828151,-31.36634482815134,4928.200059242257,-96.20005924225734,5051.816904297548,-197.8169042975478
2023-09-13,,,,,,,,,,,4468.75,4517.5,4569.75,4622.5,4670.0,4712.0,4755.0,4788.0,4812.0,4836.0,4858.0,4467.43994140625,0.053322,0.0540943,0.054735,0.0543164,0.01645308084757314,,,,,,,,0.005479452054794521,0.2547945205479452,0.5041095890410959,0.7726027397260274,1.021917808219178,1.2712328767123289,1.5205479452054795,1.7698630136986302,2.0191780821917806,2.2684931506849315,2.5178082191780824,,,,,,,,0.0529,0.0541,0.0547,0.0547,0.0543,0.0539,0.0539,0.0547,0.0566,0.06,0.0652,,,,,,,,,,,,,,,4468.33221911698,0.4177808830199865,4510.498832305478,7.001167694522337,4554.41076914952,15.339230850479908,4601.421138980818,21.078861019182114,4643.609462281328,26.39053771867202,4685.25001505776,26.74998494224019,4729.1967154773465,25.803284522653485,4780.319245865682,7.6807541343177945,4844.670834094978,-32.67083409497809,4931.293921527767,-95.29392152776745,5050.821575217939,-192.82157521793943
2023-09-14,,,,,,,,,,,4506.0,4555.0,4607.25,4660.75,4708.0,4750.0,4793.0,4826.0,4850.0,4874.0,4896.0,4505.10009765625,0.0533057,0.0541009,0.0547767,0.05436650000000001,0.01537200077084661,,,,,,,,0.0027397260273972603,0.25205479452054796,0.5013698630136987,0.7698630136986301,1.0191780821917809,1.2684931506849315,1.5178082191780822,1.7671232876712328,2.0164383561643837,2.265753424657534,2.515068493150685,,,,,,,,0.0529,0.0541,0.0548,0.0547,0.0543,0.054,0.054,0.0548,0.0568,0.0603,0.0658,,,,,,,,,,,,,,,4505.563319806231,0.43668019376855227,4549.292325171078,5.707674828921881,4595.04303152092,12.206968479080388,4643.587715728051,17.16228427194892,4687.431011525324,20.56898847467619,4731.344740881271,18.65525911872919,4777.130272293728,15.869727706271988,4830.182471228546,-4.182471228546092,4897.608950395842,-47.60895039584193,4987.854603653487,-113.85460365348717,5114.297158697062,-218.2971586970616
2023-09-15,,,,,,,,,,,4491.7202,4498.0,4549.5,4602.5,4650.0,4692.0,4735.0,4768.0,4792.0,4816.0,4838.0,4450.31982421875,0.05327079999999999,0.0540168,0.0546584,0.0542144,0.01556485368672058,,,,,,,,0.0,0.2493150684931507,0.4986301369863014,0.7671232876712328,1.0164383561643835,1.2657534246575342,1.515068493150685,1.7643835616438357,2.0136986301369864,2.263013698630137,2.5123287671232877,,,,,,,,0.0529,0.054,0.0547,0.0546,0.0542,0.0538,0.0538,0.0546,0.0565,0.06,0.0653,,,,,,,,,,,,,,,4450.31982421875,41.40037578124975,4493.169817286029,4.830182713971226,4538.01607006691,11.483929933089712,4585.598969750567,16.90103024943255,4628.561870916428,21.438129083571766,4670.99556290187,21.00443709813044,4715.735190083502,19.264809916498052,4767.628133984442,0.3718660155582256,4832.708189365771,-40.70818936577143,4921.106034570474,-105.10603457047364,5042.626125496206,-204.62612549620644
2023-09-18,,,,,,,,,,,,4501.5,4552.75,4606.0,4654.0,4696.0,4739.0,4772.0,4796.0,4820.0,4842.0,4453.52978515625,0.0532484,0.0539785,0.0546606,0.0544294,0.01612093972438849,,,,,,,,,0.2410958904109589,0.4904109589041096,0.7589041095890411,1.0082191780821919,1.2575342465753425,1.5068493150684932,1.7561643835616438,2.0054794520547947,2.254794520547945,2.504109589041096,,,,,,,,,0.0539,0.0546,0.0547,0.0544,0.0541,0.0542,0.055,0.0569,0.0601,0.0652,,,,,,,,,,,,,,,,,4494.279509937243,7.220490062756653,4538.368311721919,14.381688278081128,4585.846898268062,20.153101731937568,4628.767688079193,25.23231192080675,4671.3913496440355,24.608650355964528,4716.54432911884,22.455670881159676,4768.229265542109,3.7707344578911943,4833.0539679697495,-37.053967969749465,4917.797344387283,-97.79734438728337,5035.920538468712,-193.92053846871204
2023-09-19,,,,,,,,,,,,4490.0,4541.25,4594.5,4646.0,4692.0,4735.0,4768.0,4792.0,4816.0,4838.0,4443.9501953125,0.0532409,0.0539702,0.0546857,0.0545434,0.01635677673122838,,,,,,,,,0.23835616438356164,0.4876712328767123,0.7561643835616438,1.0054794520547945,1.2547945205479452,1.5041095890410958,1.7534246575342465,2.0027397260273974,2.252054794520548,2.5013698630136987,,,,,,,,,0.0539,0.0547,0.0548,0.0545,0.0543,0.0544,0.0552,0.0571,0.0604,0.0655,,,,,,,,,,,,,,,,,4483.896053234351,6.103946765649198,4527.8288928400025,13.421107159997518,4575.02910641116,19.470893588840227,4617.696057116147,28.30394288385287,4660.648554265613,31.351445734387198,4705.65436240821,29.345637591790364,4757.167033316668,10.832966683332415,4821.773161998034,-29.773161998034084,4907.336924027253,-91.33692402725319,5025.21903572939,-187.21903572939027
2023-09-20,,,,,,,,,,,,4447.0,4497.75,4551.75,4603.0,4649.0,4692.0,4725.0,4749.0,4773.0,4795.0,4402.2001953125,0.0532345,0.0539613,0.0546905,0.05458859999999999,0.01641794780260447,,,,,,,,,0.2356164383561644,0.4849315068493151,0.7534246575342466,1.0027397260273974,1.252054794520548,1.5013698630136987,1.7506849315068493,2.0,2.249315068493151,2.4986301369863013,,,,,,,,,0.0539,0.0547,0.0548,0.0546,0.0544,0.0545,0.0553,0.0572,0.0605,0.0656,,,,,,,,,,,,,,,,,4441.249909490954,5.750090509045549,4484.68668023122,13.063319768780275,4531.3614938850005,20.388506114999473,4574.013837705979,28.986162294020687,4616.607236362765,32.392763637234566,4661.231603540952,30.768396459047835,4712.293269265173,12.706730734827033,4776.311351080277,-27.311351080276836,4861.071488954743,-88.07148895474256,4977.820865944273,-182.82086594427255
2023-09-21,,,,,,,,,,,,4372.0,4421.5,4473.5,4522.0,4565.0,4614.0,4649.0,4698.0,4737.0,4759.0,4330.0,0.0531972,0.0540009,0.0547283,0.0546596,0.01675588506996332,,,,,,,,,0.2328767123287671,0.4821917808219178,0.7506849315068493,1.0,1.2493150684931507,1.4986301369863013,1.747945205479452,1.9972602739726026,2.2465753424657535,2.495890410958904,,,,,,,,,0.0539,0.0547,0.0549,0.0547,0.0545,0.0546,0.0554,0.0571,0.0601,0.0648,,,,,,,,,,,,,,,,,4367.6169560339895,4.3830439660105185,4409.95234097065,11.547659029350143,4455.778327058246,17.72167294175415,4497.454890759444,24.545109240555576,4539.068585121816,25.931414878184114,4582.670345800884,31.329654199115794,4632.586435144739,16.41356485526103,4693.343555382033,4.656444617967281,4772.84881205165,-35.848812051650384,4881.6358935165845,-122.63589351658447
2023-09-22,,,,,,,,,,,,4361.0,4410.25,4462.0,4511.0,4554.0,4597.0,4638.0,4687.0,4726.0,4748.0,4320.06005859375,0.0531751,0.05399810000000001,0.05479510000000001,0.0548563,0.01691963911414935,,,,,,,,,0.23013698630136986,0.4794520547945205,0.7479452054794521,0.9972602739726028,1.2465753424657535,1.4958904109589042,1.7452054794520548,1.9945205479452055,2.243835616438356,2.493150684931507,,,,,,,,,0.0539,0.0548,0.055,0.0549,0.0547,0.0549,0.0558,0.0576,0.0608,0.0656,,,,,,,,,,,,,,,,,4356.983035107794,4.0169648922055785,4399.237020581853,11.012979418146642,4444.873137035488,17.12686296451193,4486.826278929429,24.173721070571446,4528.385032302312,25.61496769768837,4572.608191123147,24.391808876853247,4623.368368226447,14.631631773552726,4685.193047555875,1.8069524441252725,4767.059325716518,-41.05932571651829,4877.519442640382,-129.5194426403823
2023-09-25,,,,,,,,,,,,4378.75,4427.75,4479.5,4529.0,4572.0,4615.0,4656.0,4705.0,4744.0,4766.0,4337.43994140625,0.0531745,0.0539112,0.0546926,0.0546688,0.01749260781184906,,,,,,,,,0.2219178082191781,0.4712328767123288,0.7397260273972602,0.989041095890411,1.2383561643835617,1.4876712328767123,1.736986301369863,1.9863013698630136,2.2356164383561645,2.484931506849315,,,,,,,,,0.0538,0.0546,0.0549,0.0547,0.0545,0.0546,0.0555,0.0574,0.0608,0.0659,,,,,,,,,,,,,,,,,4372.52898015754,6.221019842460009,4413.952391510501,13.797608489498998,4459.13820790483,20.36179209517013,4500.02943902503,28.970560974969885,4540.842788504259,31.15721149574074,4583.614590220981,31.385409779019028,4633.4541116762875,22.54588832371246,4695.25491690368,9.745083096319831,4778.38687976278,-34.386879762780154,4891.863686335176,-125.86368633517577
2023-09-26,,,,,,,,,,,,4314.75,4363.25,4414.0,4464.0,4507.0,4550.0,4591.0,4640.0,4679.0,4701.0,4273.52978515625,0.0531843,0.0538558,0.0546327,0.0545973,0.01763641914040019,,,,,,,,,0.2191780821917808,0.4684931506849315,0.736986301369863,0.9863013698630136,1.2356164383561643,1.484931506849315,1.7342465753424658,1.9835616438356165,2.232876712328767,2.4821917808219176,,,,,,,,,0.0537,0.0546,0.0548,0.0546,0.0544,0.0545,0.0554,0.0574,0.0609,0.0662,,,,,,,,,,,,,,,,,4307.443100036767,7.306899963233263,4348.179787132892,15.07021286710824,4392.195356680616,21.804643319384013,4432.205713062655,31.794286937344623,4472.134530173452,34.86546982654818,4513.983513148611,36.016486851389345,4562.777295289935,28.222704710065045,4624.247463577912,15.75253642208827,4706.960523062675,-27.960523062674838,4821.013880482514,-120.01388048251374
2023-09-27,,,,,,,,,,,,4313.5,4362.0,4413.25,4463.0,4506.0,4549.0,4590.0,4639.0,4678.0,4700.0,4274.509765625,0.0531608,0.0539008,0.0546749,0.05469089999999999,0.01777223419127861,,,,,,,,,0.21643835616438356,0.4657534246575342,0.7342465753424657,0.9835616438356164,1.2328767123287672,1.4821917808219178,1.7315068493150685,1.9808219178082191,2.23013698630137,2.4794520547945207,,,,,,,,,0.0538,0.0546,0.0549,0.0547,0.0545,0.0547,0.0555,0.0573,0.0605,0.0655,,,,,,,,,,,,,,,,,4307.971792252866,5.52820774713382,4348.461390299495,13.538609700504821,4392.639749265863,20.61025073413657,4432.6170026176,30.38299738240039,4472.512039387669,33.487960612331335,4514.9921673953095,34.00783260469052,4563.068464073003,26.93153592699673,4622.644232118722,16.355767881277643,4701.8600793059695,-23.86007930596952,4811.496354310229,-111.49635431022944
2023-09-28,,,,,,,,,,,,4337.5,4386.0,4437.25,4483.75,4530.0,4573.0,4614.0,4663.0,4702.0,4724.0,4299.7001953125,0.0531459,0.0539482,0.0547093,0.0547484,0.01729027826208929,,,,,,,,,0.2136986301369863,0.46301369863013697,0.7315068493150685,0.9808219178082191,1.2301369863013698,1.4794520547945205,1.7287671232876711,1.978082191780822,2.2273972602739724,2.4767123287671233,,,,,,,,,0.0538,0.0546,0.0549,0.0548,0.0546,0.0548,0.0555,0.0572,0.0601,0.0646,,,,,,,,,,,,,,,,,4333.377997131036,4.122002868964046,4374.622413088241,11.377586911758954,4419.634795840944,17.615204159055793,4460.833604742108,22.916395257891963,4501.638163691018,28.361836308981765,4545.051838379274,27.94816162072584,4593.3105139927,20.68948600729982,4652.896868489785,10.103131510214553,4729.878689622063,-27.878689622062666,4834.210704469048,-110.21070446904832
2023-09-29,,,,,,,,,,,,4325.5,4373.75,4425.25,4471.75,4518.0,4561.0,4602.0,4651.0,4690.0,4712.0,4288.0498046875,0.05318990000000001,0.053955,0.0546727,0.0546626,0.01740333870080169,,,,,,,,,0.21095890410958903,0.4602739726027397,0.7287671232876712,0.9780821917808219,1.2273972602739727,1.4767123287671233,1.726027397260274,1.9753424657534246,2.2246575342465755,2.473972602739726,,,,,,,,,0.0538,0.0546,0.0548,0.0547,0.0545,0.0546,0.0553,0.0569,0.0597,0.0641,,,,,,,,,,,,,,,,,4321.101032345853,4.3989676541468725,4362.096077966237,11.653922033762683,4406.521029270273,18.728970729726825,4447.3625666880125,24.38743331198748,4487.807966285447,30.192033714552963,4530.1760729011185,30.82392709888154,4577.9106966206555,24.08930337934453,4635.997892671754,15.002107328245984,4711.1292014885275,-21.129201488527542,4813.181496708315,-101.18149670831463
2023-10-02,,,,,,,,,,,,4324.25,4372.75,4423.75,4470.75,4517.0,4560.0,4601.0,4650.0,4689.0,4711.0,4288.39013671875,0.0532408,0.05388150000000001,0.05452600000000001,0.0543368,0.01815528991860527,,,,,,,,,0.20273972602739726,0.4520547945205479,0.7205479452054795,0.9698630136986301,1.2191780821917808,1.4684931506849315,1.7178082191780821,1.9671232876712328,2.2164383561643834,2.4657534246575343,,,,,,,,,0.0537,0.0544,0.0546,0.0544,0.0541,0.0541,0.0548,0.0564,0.0593,0.0638,,,,,,,,,,,,,,,,,4319.405287245962,4.844712754037573,4359.232448645014,13.517551354985699,4402.495608864483,21.254391135516926,4441.818242783422,28.931757216578262,4480.498917359782,36.501082640217646,4520.831619628843,39.16838037115667,4567.015769744388,33.98423025561169,4623.460556174893,26.5394438251069,4697.855446395485,-8.85544639548516,4799.251667746843,-88.25166774684294
2023-10-03,,,,,,,,,,,,4264.75,4312.75,4363.0,4409.0,4457.0,4500.0,4541.0,4590.0,4629.0,4651.0,4229.4501953125,0.0532751,0.0541429,0.0548573,0.0547767,0.01821276914086194,,,,,,,,,0.2,0.44931506849315067,0.7178082191780822,0.9671232876712329,1.2164383561643837,1.4657534246575343,1.715068493150685,1.9643835616438357,2.213698630136986,2.463013698630137,,,,,,,,,0.0539,0.0548,0.055,0.0548,0.0546,0.0547,0.0553,0.0568,0.0594,0.0635,,,,,,,,,,,,,,,,,4259.745655915579,5.004344084421064,4299.553591079934,13.19640892006555,4342.621438326345,20.378561673654985,4381.785852357002,27.214147642997887,4420.862577961219,36.13742203878064,4461.804545124328,38.19545487567211,4507.213657502099,33.78634249790139,4562.506434148462,27.493565851537824,4633.201619761653,-4.201619761653092,4728.53333438063,-77.53333438062964
2023-10-04,,,,,,,,,,,,4297.75,4345.5,4396.0,4440.0,4484.0,4527.0,4568.0,4617.0,4656.0,4678.0,4263.75,0.053304,0.05422399999999999,0.05493319999999999,0.05483660000000001,0.01836853969184665,,,,,,,,,0.19726027397260273,0.4465753424657534,0.7150684931506849,0.9643835616438357,1.2136986301369863,1.463013698630137,1.7123287671232876,1.9616438356164383,2.210958904109589,2.4602739726027396,,,,,,,,,0.054,0.0548,0.055,0.0549,0.0547,0.0547,0.0553,0.0567,0.0592,0.0631,,,,,,,,,,,,,,,,,4293.824065184027,3.9259348159730507,4333.6859849061875,11.814015093812486,4376.910270959663,19.08972904033726,4416.640744401329,23.359255598670643,4455.9687890938485,28.0312109061515,4496.514220205313,30.485779794687005,4542.092716632767,25.907283367232594,4596.714124908367,20.285875091632988,4666.576575388129,-10.576575388128731,4759.776447375568,-81.77644737556784
2023-10-05,,,,,,,,,,,,4290.75,4338.5,4388.0,4432.0,4473.0,4515.0,4556.0,4605.0,4644.0,4666.0,4258.18994140625,0.0533598,0.054062,0.0546263,0.05429750000000001,0.01772631118823985,,,,,,,,,0.19452054794520549,0.4438356164383562,0.7123287671232876,0.9616438356164384,1.210958904109589,1.4602739726027398,1.7095890410958905,1.9589041095890412,2.208219178082192,2.4575342465753423,,,,,,,,,0.0538,0.0546,0.0546,0.0544,0.054,0.0539,0.0544,0.0558,0.0583,0.0623,,,,,,,,,,,,,,,,,4288.175054952517,2.5749450474831974,4328.452249697776,10.047750302223903,4371.518199709231,16.48180029076866,4411.0431365094255,20.956863490574506,4449.403846189068,23.596153810932265,4489.16928369055,25.8307163094496,4533.712363130375,22.287636869625203,4587.920535689348,17.07946431065193,4657.31811825498,-13.318118254979709,4751.144518828788,-85.14451882878802
2023-10-06,,,,,,,,,,,,4341.5,4390.25,4441.25,4487.0,4532.0,4574.0,4613.0,4653.0,4691.0,4713.0,4308.5,0.05341070000000001,0.0540674,0.0545446,0.0539656,0.01690585553474031,,,,,,,,,0.1917808219178082,0.4410958904109589,0.7095890410958904,0.958904109589041,1.2082191780821918,1.4575342465753425,1.7068493150684931,1.9561643835616438,2.2054794520547945,2.4547945205479453,,,,,,,,,0.0539,0.0545,0.0545,0.054,0.0536,0.0534,0.0538,0.055,0.0576,0.0616,,,,,,,,,,,,,,,,,4339.1764981124425,2.3235018875575406,4380.54190056138,9.708099438619683,4424.9819909933885,16.268009006611464,4464.51034556202,22.48965443797988,4503.813060524726,28.186939475273903,4543.880038331407,30.119961668592623,4588.5430753485,24.45692465150023,4641.827861448447,11.172138551552962,4713.071954830684,-22.071954830684263,4808.113274923173,-95.11327492317287
2023-10-10,,,,,,,,,,,,4391.5,4440.5,4492.0,4536.25,4579.0,4617.0,4656.0,4696.0,4734.0,4756.0,4358.240234375,0.0534877,0.0542577,0.0548439,0.0544574,0.01763673516242083,,,,,,,,,0.18082191780821918,0.4301369863013699,0.6986301369863014,0.947945205479452,1.1972602739726028,1.4465753424657535,1.6958904109589041,1.9452054794520548,2.1945205479452055,2.4438356164383563,,,,,,,,,0.054,0.0548,0.0549,0.0545,0.0542,0.054,0.0545,0.0558,0.0583,0.0624,,,,,,,,,,,,,,,,,4386.991283121608,4.508716878392079,4428.4677977829515,12.032202217048507,4473.189101344165,18.810898655835445,4513.228337551095,23.021662448904863,4553.262934423417,25.73706557658261,4593.630004657106,23.36999534289407,4639.397075971348,16.602924028651614,4694.087564401645,1.9124355983549322,4765.034274975535,-31.034274975534572,4862.060993887009,-106.06099388700932
2023-10-11,,,,,,,,,,,,4409.75,4458.75,4510.25,4555.5,4598.0,4636.0,4675.0,4715.0,4753.0,4775.0,4376.9501953125,0.0533238,0.0539377,0.0543464,0.05356010000000001,0.01754939917664792,,,,,,,,,0.1780821917808219,0.4273972602739726,0.6958904109589041,0.9452054794520548,1.1945205479452055,1.4438356164383561,1.6931506849315068,1.9424657534246574,2.191780821917808,2.441095890410959,,,,,,,,,0.0537,0.0543,0.0542,0.0537,0.0531,0.0528,0.0531,0.0543,0.0568,0.0609,,,,,,,,,,,,,,,,,4405.218926265804,4.53107373419607,4446.2421801288865,12.507819871113497,4490.019214241086,20.230785758913953,4529.094026760574,26.405973239426203,4566.824486207883,31.175513792117272,4605.486233907535,30.51376609246472,4648.50054218788,26.499457812120454,4700.829408000038,14.170591999962198,4770.164990715208,-17.16499071520775,4865.527576048568,-90.52757604856833
2023-10-12,,,,,,,,,,,,4380.5,4429.5,4480.25,4526.0,4568.5,4609.0,4648.0,4688.0,4726.0,4748.0,4349.60986328125,0.053345,0.0539387,0.0543994,0.053692,0.01742860873051092,,,,,,,,,0.17534246575342466,0.4246575342465753,0.6931506849315069,0.9424657534246575,1.1917808219178083,1.441095890410959,1.6904109589041096,1.9397260273972603,2.1890410958904107,2.4383561643835616,,,,,,,,,0.0537,0.0543,0.0543,0.0538,0.0533,0.053,0.0533,0.0547,0.0573,0.0617,,,,,,,,,,,,,,,,,4377.36116751334,3.138832486660249,4418.250788611171,11.24921138882928,4462.2074368610965,18.04256313890346,4501.294153749552,24.705846250448303,4539.59132121072,28.908678789280202,4578.3924371231105,30.60756287688946,4621.519501231647,26.480498768352845,4675.716636390287,12.283363609712978,4746.304278196877,-20.30427819687702,4845.42797262278,-97.42797262277963
2023-10-13,,,,,,,,,,,,4357.25,4405.5,4456.0,4501.75,4544.25,4584.75,4623.75,4663.75,4701.75,4723.75,4327.77978515625,0.0533533,0.0540283,0.0546408,0.0541705,0.0176448937045343,,,,,,,,,0.1726027397260274,0.42191780821917807,0.6904109589041096,0.9397260273972603,1.189041095890411,1.4383561643835616,1.6876712328767123,1.936986301369863,2.186301369863014,2.4356164383561643,,,,,,,,,0.0537,0.0545,0.0547,0.0543,0.0538,0.0537,0.0541,0.0557,0.0587,0.0634,,,,,,,,,,,,,,,,,4354.796446132347,2.453553867652772,4395.601951187551,9.898048812448906,4439.926890859908,16.07310914009213,4479.45065044297,22.299349557029927,4517.887719978149,26.362280021850893,4558.140445039031,26.609554960969035,4602.40453997368,21.345460026320325,4658.841809010772,4.9081909892283875,4734.203485223562,-32.453485223561984,4837.976466382311,-114.22646638231072
2023-10-16,,,,,,,,,,,,4401.0,4450.25,4502.0,4547.75,4592.0,4630.75,4669.75,4709.75,4747.75,4769.75,4373.6298828125,0.0533472,0.0539504,0.0544913,0.05393410000000001,0.0181596051322918,,,,,,,,,0.1643835616438356,0.4136986301369863,0.6821917808219178,0.9315068493150684,1.180821917808219,1.4301369863013698,1.6794520547945206,1.9287671232876713,2.1780821917808217,2.4273972602739726,,,,,,,,,0.0537,0.0544,0.0545,0.0541,0.0536,0.0533,0.0538,0.0552,0.058,0.0625,,,,,,,,,,,,,,,,,4399.256537113138,1.7434628868622895,4439.695987567384,10.554012432616219,4483.412251587742,18.587748412258406,4522.532050247577,25.21794975242301,4560.544827729674,31.45517227032633,4599.045948721837,31.704051278163206,4643.412903983796,26.33709601620376,4697.524167139218,12.225832860782248,4770.108045508597,-22.35804550859666,4870.638581876177,-100.88858187617734
2023-10-17,,,,,,,,,,,,4401.75,4451.25,4503.25,4550.5,4596.0,4638.0,4677.0,4717.0,4755.0,4777.0,4373.2001953125,0.0533351,0.0539681,0.0545477,0.0540357,0.01849028747877413,,,,,,,,,0.16164383561643836,0.410958904109589,0.6794520547945205,0.9287671232876712,1.178082191780822,1.4273972602739726,1.6767123287671233,1.926027397260274,2.175342465753425,2.4246575342465753,,,,,,,,,0.0536,0.0544,0.0546,0.0542,0.0537,0.0535,0.0539,0.0554,0.0582,0.0629,,,,,,,,,,,,,,,,,4398.08984196939,3.6601580306096366,4438.215882146189,13.03411785381104,4481.82293864207,21.427061357930143,4520.673821159193,29.826178840807188,4558.415050844647,37.58494915535266,4597.293767574743,40.70623242525744,4640.708055581265,36.2919444187346,4695.404050869048,21.59594913095225,4767.763252872143,-12.763252872143312,4870.386976823817,-93.38697682381735
2023-10-18,,,,,,,,,,,,4342.25,4390.5,4441.75,4487.75,4532.75,4574.75,4613.75,4653.75,4691.75,4713.75,4314.60009765625,0.0533911,0.0541582,0.0548826,0.0545809,0.01898899363526388,,,,,,,,,0.1589041095890411,0.40821917808219177,0.6767123287671233,0.9260273972602739,1.1753424657534246,1.4246575342465753,1.673972602739726,1.9232876712328768,2.1726027397260275,2.421917808219178,,,,,,,,,0.0538,0.0547,0.055,0.0547,0.0543,0.0542,0.0548,0.0564,0.0594,0.0643,,,,,,,,,,,,,,,,,4338.5329237309,3.717076269100289,4377.958678679735,12.541321320264615,4421.034572896729,20.715427103271395,4459.666615123539,28.083384876461423,4497.434703226503,35.31529677349681,4536.556610731779,38.193389268220926,4581.155626610704,32.59437338929638,4636.486086069095,17.26391393090489,4710.536019563825,-18.786019563824993,4815.039150737681,-101.28915073768076
2023-10-19,,,,,,,,,,,,4303.0,4350.5,4400.25,4445.0,4488.75,4530.75,4569.75,4609.75,4647.75,4669.75,4278.0,0.0533866,0.0541193,0.0548951,0.0546961,0.01905575240110563,,,,,,,,,0.15616438356164383,0.4054794520547945,0.673972602739726,0.9232876712328767,1.1726027397260275,1.4219178082191781,1.6712328767123288,1.9205479452054794,2.16986301369863,2.419178082191781,,,,,,,,,0.0537,0.0547,0.055,0.0548,0.0545,0.0544,0.055,0.0567,0.0599,0.0651,,,,,,,,,,,,,,,,,4301.207547305994,1.7924526940059877,4340.278951758484,10.221048241515746,4382.90194168996,17.34805831003996,4421.539036499801,23.460963500198886,4459.548967264887,29.201032735112676,4498.491983069038,32.258016930962185,4542.860224029951,26.889775970049413,4598.743863423953,11.006136576046629,4674.452449816946,-26.702449816945773,4782.076398924628,-112.32639892462794
2023-10-20,,,,,,,,,,,,4248.5,4295.25,4343.75,4387.0,4428.75,4470.75,4509.75,4549.75,4587.75,4609.75,4224.16015625,0.0533165,0.0539847,0.0546948,0.0543835,0.01942599589547532,,,,,,,,,0.15342465753424658,0.40273972602739727,0.6712328767123288,0.9205479452054794,1.16986301369863,1.4191780821917808,1.6684931506849314,1.917808219178082,2.1671232876712327,2.4164383561643836,,,,,,,,,0.0536,0.0545,0.0548,0.0545,0.0541,0.054,0.0545,0.0562,0.0593,0.0644,,,,,,,,,,,,,,,,,4246.366161357186,2.1338386428142258,4284.252779232334,10.997220767665567,4325.659680344257,18.09031965574286,4362.7725615652025,24.227438434797477,4399.031030814659,29.71896918534094,4436.594733638301,34.15526636169943,4478.737492850677,31.012507149323028,4532.82764424305,16.92235575695031,4605.412970161564,-17.662970161563862,4709.102651437802,-99.3526514378018
2023-10-23,,,,,,,,,,,,4241.75,4288.25,4337.0,4380.5,4422.0,4464.0,4503.0,4543.0,4581.0,4603.0,4217.0400390625,0.0532444,0.0537822,0.0543909,0.0538011,0.0205837527341238,,,,,,,,,0.14520547945205478,0.39452054794520547,0.663013698630137,0.9123287671232877,1.1616438356164382,1.4109589041095891,1.6602739726027398,1.9095890410958904,2.158904109589041,2.408219178082192,,,,,,,,,0.0534,0.0542,0.0544,0.054,0.0534,0.0532,0.0536,0.0552,0.0584,0.0637,,,,,,,,,,,,,,,,,4237.18260453516,4.567395464840047,4273.340200010342,14.909799989657586,4312.65664239561,24.343357604389894,4347.583063355882,32.91693664411832,4380.900341757065,41.09965824293522,4415.643841539873,48.35615846012661,4454.654414482667,48.34558551733335,4505.217978622155,37.78202137784501,4575.770596925766,5.229403074234142,4678.449927299609,-75.44992729960904
2023-10-24,,,,,,,,,,,,4271.25,4318.25,4367.5,4411.75,4454.0,4496.0,4535.0,4575.0,4613.0,4635.0,4247.68017578125,0.0532491,0.053796,0.0544552,0.0538411,0.02073985233579448,,,,,,,,,0.14246575342465753,0.3917808219178082,0.6602739726027397,0.9095890410958904,1.158904109589041,1.4082191780821918,1.6575342465753424,1.906849315068493,2.1561643835616437,2.4054794520547946,,,,,,,,,0.0534,0.0542,0.0545,0.0541,0.0535,0.0532,0.0537,0.0554,0.0589,0.0646,,,,,,,,,,,,,,,,,4267.490482528561,3.759517471438812,4303.729778452185,14.5202215478148,4343.428180883438,24.071819116562438,4378.547365392812,33.202634607187974,4412.047479048361,41.95252095163869,4446.352047507595,49.64795249240524,4486.1979730997,48.80202690030001,4537.901460189055,37.09853981094511,4611.958223662207,1.0417763377927258,4720.3251120103905,-85.32511201039051
2023-10-25,,,,,,,,,,,,4209.75,4255.75,4304.0,4347.75,4389.5,4432.0,4471.0,4511.0,4549.0,4571.0,4186.77001953125,0.0532605,0.0538749,0.0545583,0.0539586,0.02140715231820791,,,,,,,,,0.13972602739726028,0.38904109589041097,0.6575342465753424,0.9068493150684932,1.1561643835616437,1.4054794520547946,1.6547945205479453,1.904109589041096,2.1534246575342464,2.4027397260273973,,,,,,,,,0.0535,0.0543,0.0546,0.0542,0.0536,0.0533,0.0538,0.0555,0.059,0.0646,,,,,,,,,,,,,,,,,4205.586516247078,4.16348375292182,4240.691000451886,15.058999548114116,4279.15257011606,24.847429883940094,4313.146696486572,34.60330351342782,4345.538915259834,43.96108474016637,4378.710612514011,53.28938748598921,4417.319504187301,53.68049581269861,4467.57643242271,43.42356757728976,4539.799841953445,9.200158046554861,4644.625428370835,-73.62542837083492
2023-10-26,,,,,,,,,,,,4156.5,4201.5,4248.75,4290.75,4330.75,4374.0,4413.0,4453.0,4491.0,4513.0,4137.22998046875,0.0532686,0.0538998,0.0545691,0.0540349,0.02192066199561976,,,,,,,,,0.136986301369863,0.3863013698630137,0.6547945205479452,0.9041095890410958,1.1534246575342466,1.4027397260273973,1.652054794520548,1.9013698630136986,2.1506849315068495,2.4,,,,,,,,,0.0535,0.0543,0.0546,0.0542,0.0537,0.0534,0.0539,0.0555,0.0587,0.064,,,,,,,,,,,,,,,,,4155.16614291186,1.3338570881396663,4189.304206661276,12.195793338723888,4226.713448411307,22.036551588693328,4259.750268193342,30.99973180665802,4291.694095774941,39.05590422505884,4324.012519062931,49.98748093706945,4361.683452211808,51.31654778819211,4409.993512445629,43.00648755437123,4477.779360564269,13.220639435730845,4576.877002075429,-63.87700207542912
2023-10-27,,,,,,,,,,,,4137.75,4182.5,4229.0,4271.5,4310.5,4355.0,4394.0,4434.0,4472.0,4494.0,4117.3701171875,0.0532412,0.0538321,0.0544063,0.05372950000000001,0.02228920785728035,,,,,,,,,0.13424657534246576,0.3835616438356164,0.6520547945205479,0.9013698630136986,1.1506849315068493,1.4,1.6493150684931508,1.8986301369863015,2.147945205479452,2.3972602739726026,,,,,,,,,0.0534,0.0542,0.0544,0.054,0.0534,0.053,0.0534,0.0548,0.0578,0.0628,,,,,,,,,,,,,,,,,4134.602345017941,3.1476549820590662,4168.07539945229,14.424600547709815,4204.488455125286,24.511544874713763,4236.755613507675,34.74438649232525,4267.436766856442,43.063233143558136,4298.257669627038,56.74233037296199,4334.152705270264,59.84729472973595,4379.526476764503,54.47352323549694,4443.711160164442,28.288839835558065,4537.288337625616,-43.288337625615895
2023-10-30,,,,,,,,,,,,4185.75,4231.25,4278.75,4322.0,4362.25,4405.0,4444.0,4484.0,4522.0,4544.0,4166.81982421875,0.0532008,0.0537712,0.0543449,0.0535922,0.02271041738864886,,,,,,,,,0.12602739726027398,0.37534246575342467,0.6438356164383562,0.8931506849315068,1.1424657534246576,1.3917808219178083,1.641095890410959,1.8904109589041096,2.1397260273972605,2.389041095890411,,,,,,,,,0.0534,0.0541,0.0543,0.0539,0.0532,0.0528,0.0531,0.0546,0.0577,0.0628,,,,,,,,,,,,,,,,,4182.9671574573,2.7828425426996546,4216.202983676524,15.047016323475873,4252.434366923204,26.315633076796075,4284.526781302597,37.473218697403354,4314.521459429548,47.728540570452424,4345.023715412452,59.976284587548435,4379.897542151445,64.10245784855488,4425.740146508862,58.25985349113762,4490.756770760795,31.243229239204993,4585.635834315753,-41.63583431575262
2023-10-31,,,,,,,,,,,,4212.25,4258.0,4306.5,4350.75,4392.0,4433.0,4472.0,4512.0,4550.0,4572.0,4193.7998046875,0.0531959,0.0538275,0.0544273,0.0536741,0.02257932449727956,,,,,,,,,0.1232876712328767,0.3726027397260274,0.6410958904109589,0.8904109589041096,1.1397260273972603,1.389041095890411,1.6383561643835616,1.8876712328767122,2.136986301369863,2.3863013698630136,,,,,,,,,0.0534,0.0542,0.0544,0.054,0.0533,0.0529,0.0532,0.0547,0.0578,0.0629,,,,,,,,,,,,,,,,,4209.765758803669,2.4842411963309132,4243.503171998293,14.4968280017074,4280.232377351972,26.26762264802801,4312.787778608466,37.9622213915336,4343.238860692453,48.76113930754673,4374.20094474377,58.79905525622962,4409.5593774928,62.440622507199805,4455.950851040453,56.04914895954698,4521.633392885449,28.36660711455079,4617.366314659847,-45.366314659847376
2023-11-01,,,,,,,,,,,,4256.0,4301.75,4350.0,4393.75,4433.5,4475.0,4514.0,4554.0,4592.0,4614.0,4237.85986328125,0.0532271,0.05391899999999999,0.0545367,0.0539369,0.02280914368664661,,,,,,,,,0.12054794520547946,0.3698630136986301,0.6383561643835617,0.8876712328767123,1.1369863013698631,1.3863013698630138,1.6356164383561644,1.884931506849315,2.1342465753424658,2.3835616438356166,,,,,,,,,0.0534,0.0543,0.0546,0.0542,0.0536,0.0533,0.0536,0.055,0.0578,0.0625,,,,,,,,,,,,,,,,,4253.5165207359205,2.483479264079506,4287.50807387141,14.241926128590421,4324.741118887123,25.258881112877134,4357.607432443837,36.14256755616316,4388.849739533162,44.65026046683761,4420.831976988631,54.16802301136886,4456.752774222219,57.24722577778084,4502.964474023514,51.03552597648559,4566.456438968988,25.54356103101236,4658.362517582253,-44.36251758225262
2023-11-02,,,,,,,,,,,,4335.75,4382.75,4432.25,4476.25,4517.75,4557.0,4596.0,4636.0,4674.0,4696.0,4317.77978515625,0.05329710000000001,0.053927,0.0544491,0.0536341,0.02236420700800935,,,,,,,,,0.1178082191780822,0.36712328767123287,0.6356164383561644,0.8849315068493151,1.1342465753424658,1.3835616438356164,1.632876712328767,1.8821917808219177,2.1315068493150684,2.3808219178082193,,,,,,,,,0.0534,0.0543,0.0544,0.0539,0.0533,0.0528,0.053,0.0543,0.057,0.0617,,,,,,,,,,,,,,,,,4333.59565628181,2.1543437181899208,4368.7009734665835,14.049026533416509,4406.6017234947185,25.6482765052815,4439.973235276788,36.27676472321218,4471.975014679034,45.77498532096615,4503.483134716083,53.51686528391656,4539.2681765314155,56.73182346858448,4585.2774600330595,50.72253996694053,4648.607728391121,25.392271608879128,4741.686383925508,-45.68638392550838
2023-11-03,,,,,,,,,,,,4376.0,4423.75,4473.25,4516.0,4555.0,4597.0,4636.0,4676.0,4714.0,4736.0,4358.33984375,0.0532176,0.05380169999999999,0.0542589,0.053259,0.02237034899266701,,,,,,,,,0.11506849315068493,0.3643835616438356,0.6328767123287671,0.8821917808219178,1.1315068493150684,1.3808219178082193,1.63013698630137,1.8794520547945206,2.128767123287671,2.378082191780822,,,,,,,,,0.0533,0.0541,0.0542,0.0536,0.0529,0.0523,0.0524,0.0536,0.0564,0.0611,,,,,,,,,,,,,,,,,4373.878934377391,2.1210656226094216,4409.0223622206795,14.727637779320503,4447.025563311203,26.22443668879714,4480.083821930568,35.916178069432135,4511.527212715552,43.472787284447804,4542.232962826543,54.76703717345663,4576.99953401054,59.00046598946028,4621.807428250844,54.19257174915583,4685.780125214764,28.219874785236243,4778.819303815718,-42.81930381571783
2023-11-06,,,,,,,,,,,,4384.25,4431.75,4481.5,4525.5,4566.5,4606.0,4645.0,4685.0,4723.0,4745.0,4365.97998046875,0.05323439999999999,0.05368059999999999,0.0539819,0.0526278,0.02377996386110301,,,,,,,,,0.10684931506849316,0.3561643835616438,0.6246575342465753,0.873972602739726,1.1232876712328768,1.3726027397260274,1.621917808219178,1.8712328767123287,2.1205479452054794,2.3698630136986303,,,,,,,,,0.0533,0.0539,0.0538,0.0531,0.0522,0.0514,0.0514,0.0524,0.0551,0.0598,,,,,,,,,,,,,,,,,4379.772876808608,4.477123191391911,4413.068960762417,18.68103923758281,4448.624354402193,32.875645597807306,4479.303569420571,46.196430579429034,4507.607608413631,58.89239158636883,4534.6776931322565,71.32230686774346,4566.011657750031,78.98834224996881,4606.173299169258,78.82670083074208,4665.79534192614,57.20465807385972,4755.040551725967,-10.040551725966907
2023-11-07,,,,,,,,,,,,4396.0,4444.0,4494.0,4538.5,4579.0,4618.5,4657.5,4697.5,4735.5,4757.5,4378.3798828125,0.0532197,0.05365669999999999,0.05393220000000001,0.05261619999999999,0.0241598136608726,,,,,,,,,0.10410958904109589,0.35342465753424657,0.6219178082191781,0.8712328767123287,1.1205479452054794,1.36986301369863,1.6191780821917807,1.8684931506849316,2.117808219178082,2.367123287671233,,,,,,,,,0.0533,0.0538,0.0538,0.0531,0.0522,0.0515,0.0514,0.0523,0.0548,0.0592,,,,,,,,,,,,,,,,,4391.68306192399,4.316938076010047,4424.486997184859,19.51300281514068,4459.838372014444,34.16162798555615,4490.178284539527,48.32171546047266,4518.134282978475,60.86571702152469,4545.469743740174,73.03025625982627,4575.8179922636255,81.68200773637454,4614.753767116609,82.7462328833908,4671.913845066804,63.58615493319576,4757.028493711252,0.4715062887480599
2023-11-08,,,,,,,,,,,,4399.5,4447.75,4497.75,4542.0,4583.25,4622.0,4661.0,4701.0,4739.0,4761.0,4382.77978515625,0.0532133,0.0536908,0.0539707,0.052749,0.02441806153458636,,,,,,,,,0.10136986301369863,0.3506849315068493,0.6191780821917808,0.8684931506849315,1.1178082191780823,1.367123287671233,1.6164383561643836,1.8657534246575342,2.115068493150685,2.3643835616438356,,,,,,,,,0.0533,0.0539,0.0539,0.0532,0.0523,0.0517,0.0516,0.0525,0.0547,0.0588,,,,,,,,,,,,,,,,,4395.630306803938,3.869693196062144,4428.327834469818,19.4221655301817,4463.520245173553,34.22975482644688,4493.7165268966455,48.28347310335448,4521.527309990874,61.72269000912638,4549.334464086249,72.66553591375123,4579.643264091857,81.35673590814258,4618.533128795672,82.46687120432762,4672.674244689344,66.32575531065595,4753.947223347957,7.052776652042667
2023-11-09,,,,,,,,,,,,4362.25,4410.0,4460.25,4504.75,4547.0,4584.5,4623.5,4663.5,4701.5,4723.5,4347.35009765625,0.0532119,0.0537103,0.0539896,0.0528136,0.02322987578852295,,,,,,,,,0.09863013698630137,0.34794520547945207,0.6164383561643836,0.8657534246575342,1.115068493150685,1.3643835616438356,1.6136986301369862,1.8630136986301369,2.1123287671232878,2.361643835616438,,,,,,,,,0.0533,0.0539,0.0539,0.0533,0.0524,0.0518,0.0517,0.0525,0.0547,0.0585,,,,,,,,,,,,,,,,,4360.262696326587,1.9873036734134075,4393.991366831951,16.00863316804862,4430.324037209964,29.925962790035555,4462.012063177871,42.737936822129086,4491.079845618026,55.92015438197359,4520.158657093715,64.34134290628481,4551.735946788201,71.76405321179936,4590.996619309489,72.50338069051122,4646.163081436342,55.3369185636584,4724.973525930025,-1.4735259300250618
2023-11-10,,,,,,,,,,,,4430.5,4478.75,4530.0,4575.75,4618.75,4661.25,4700.25,4740.25,4778.25,4800.25,4415.240234375,0.053223,0.0537764,0.0541447,0.0531645,0.02206107429869692,,,,,,,,,0.0958904109589041,0.3452054794520548,0.6136986301369863,0.863013698630137,1.1123287671232878,1.3616438356164384,1.610958904109589,1.8602739726027397,2.1095890410958904,2.3589041095890413,,,,,,,,,0.0533,0.054,0.0541,0.0536,0.0528,0.0523,0.0523,0.0532,0.0554,0.0593,,,,,,,,,,,,,,,,,4428.485974756608,2.0140252433920978,4464.189781523409,14.560218476591217,4502.912864605233,27.087135394766847,4537.067012148325,38.682987851674625,4568.815756708412,49.934243291588245,4600.830784778043,60.41921522195662,4635.64761679711,64.60238320289045,4678.554425684447,61.69557431555313,4736.950991996705,41.29900800329506,4820.633257568525,-20.38325756852464
2023-11-13,,,,,,,,,,,,4425.25,4473.75,4525.0,4570.75,4613.75,4656.25,4695.25,4735.25,4773.25,4795.25,4411.5498046875,0.0532291,0.0537972,0.0541924,0.0533418,0.02348603486010952,,,,,,,,,0.08767123287671233,0.336986301369863,0.6054794520547945,0.8547945205479452,1.104109589041096,1.3534246575342466,1.6027397260273972,1.8520547945205479,2.1013698630136988,2.350684931506849,,,,,,,,,0.0532,0.054,0.0542,0.0537,0.0531,0.0526,0.0526,0.0534,0.0555,0.0592,,,,,,,,,,,,,,,,,4423.057138573718,2.192861426282434,4457.146867898758,16.60313210124241,4494.357549566257,30.64245043374285,4526.969763127002,43.7802368729981,4558.178628845374,55.57137115462592,4588.850769258869,67.39923074113085,4622.280351363475,72.96964863652465,4662.857044359135,72.39295564086478,4718.539099622803,54.710900377196594,4797.900071354762,-2.6500713547620762
2023-11-14,,,,,,,,,,,,4511.0,4560.0,4610.75,4655.25,4696.25,4741.25,4780.25,4820.25,4858.25,4880.25,4495.7001953125,0.0532953,0.05390209999999999,0.0543478,0.0534833,0.02148959808826066,,,,,,,,,0.08493150684931507,0.33424657534246577,0.6027397260273972,0.852054794520548,1.1013698630136985,1.3506849315068492,1.6,1.8493150684931507,2.0986301369863014,2.347945205479452,,,,,,,,,0.0533,0.0541,0.0543,0.0539,0.0532,0.0527,0.0527,0.0537,0.0559,0.0599,,,,,,,,,,,,,,,,,4507.862674982667,3.1373250173328415,4544.970981907714,15.029018092285696,4585.492706644352,25.257293355647562,4621.581054654203,33.6689453457966,4655.485998576638,40.76400142336206,4689.269659444704,51.9803405552957,4725.900245234719,54.34975476528143,4771.633072182535,48.616927817464784,4832.365669038157,25.88433096184326,4919.992208378039,-39.74220837803932
2023-11-15,,,,,,,,,,,,4519.25,4568.75,4620.0,4665.75,4709.0,4750.25,4789.25,4829.25,4867.25,4889.25,4502.8798828125,0.05329589999999999,0.0536937,0.0538077,0.052294,0.01984438159404209,,,,,,,,,0.0821917808219178,0.3315068493150685,0.6,0.8493150684931506,1.0986301369863014,1.347945205479452,1.5972602739726027,1.8465753424657534,2.095890410958904,2.345205479452055,,,,,,,,,0.0533,0.0538,0.0537,0.0529,0.0519,0.0511,0.0507,0.0513,0.0532,0.0568,,,,,,,,,,,,,,,,,4515.27883706244,3.9711629375597113,4553.852992291396,14.897007708604178,4595.2838937260185,24.716106273981495,4631.087866419848,34.66213358015193,4664.284444723258,44.715555276741725,4696.643135348809,53.606864651191245,4730.361466426466,58.888533573534005,4772.175761405248,57.07423859475239,4828.939540892113,38.310459107887255,4910.548688856035,-21.29868885603537
2023-11-16,,,,,,,,,,,,4523.25,4572.5,4623.5,4668.5,4710.5,4753.25,4792.25,4832.25,4870.25,4892.25,4508.240234375,0.0533107,0.053671,0.0537501,0.0523693,0.01761081685445164,,,,,,,,,0.07945205479452055,0.3287671232876712,0.5972602739726027,0.8465753424657534,1.095890410958904,1.3452054794520547,1.5945205479452054,1.8438356164383563,2.0931506849315067,2.3424657534246576,,,,,,,,,0.0533,0.0538,0.0536,0.0529,0.052,0.0513,0.0509,0.0514,0.053,0.056,,,,,,,,,,,,,,,,,4521.04184683053,2.208153169470279,4562.1987944393,10.3012055606996,4606.193425764773,17.306574235227345,4644.955712348516,23.54428765148441,4681.383385701396,29.116614298603963,4717.248851421869,36.001148578130596,4754.0038176879325,38.2461823120675,4798.045199061475,34.204800938525295,4854.8673468620855,15.38265313791453,4932.432293719554,-40.182293719553854
2023-11-17,,,,,,,,,,,,4527.5,4576.75,4627.75,4673.25,4716.25,4758.25,4796.25,4833.25,4869.25,4891.25,4514.02001953125,0.0533253,0.0536693,0.05363470000000001,0.0520073,0.01793716726831555,,,,,,,,,0.07671232876712329,0.32602739726027397,0.5945205479452055,0.8438356164383561,1.093150684931507,1.3424657534246576,1.5917808219178082,1.841095890410959,2.0904109589041098,2.33972602739726,,,,,,,,,0.0533,0.0537,0.0534,0.0526,0.0516,0.0507,0.0503,0.0506,0.052,0.0548,,,,,,,,,,,,,,,,,4526.282120762201,1.2178792377990248,4566.960004415958,9.789995584042117,4610.201180692584,17.548819307416125,4648.003842263932,25.2461577360682,4683.223533487492,33.026466512507795,4716.9909905283985,41.25900947160153,4752.651390814481,43.59860918551931,4793.800499308937,39.449500691062894,4847.16225770277,22.087742297229852,4920.632319936118,-29.38231993611771
2023-11-20,,,,,,,,,,,,4562.25,4612.0,4663.75,4709.75,4753.75,4796.0,4835.25,4871.75,4908.25,4930.25,4547.3798828125,0.0533483,0.05371509999999999,0.0537281,0.0522634,0.01842843179140118,,,,,,,,,0.0684931506849315,0.3178082191780822,0.5863013698630137,0.8356164383561644,1.084931506849315,1.3342465753424657,1.5835616438356164,1.832876712328767,2.0821917808219177,2.3315068493150686,,,,,,,,,0.0533,0.0538,0.0536,0.0529,0.0519,0.0511,0.0507,0.051,0.0524,0.055,,,,,,,,,,,,,,,,,4558.254115212952,3.9958847870484533,4598.787088292744,13.212911707256353,4642.1255582121985,21.624441787801516,4680.271992130206,29.478007869794055,4715.550084051953,38.19991594804742,4749.993003792524,46.00699620747582,4785.809737700011,49.44026229998872,4827.124197129182,44.625802870818006,4880.689677675815,27.56032232418511,4952.131445416667,-21.881445416666793
2023-11-21,,,,,,,,,,,,4551.25,4601.25,4652.75,4698.75,4742.75,4785.0,4824.25,4860.75,4897.25,4919.25,4538.18994140625,0.0534079,0.0537802,0.0538015,0.052415,0.01986517961947573,,,,,,,,,0.06575342465753424,0.3150684931506849,0.5835616438356165,0.8328767123287671,1.082191780821918,1.3315068493150686,1.5808219178082192,1.83013698630137,2.0794520547945203,2.328767123287671,,,,,,,,,0.0534,0.0539,0.0537,0.053,0.0521,0.0514,0.051,0.0512,0.0525,0.055,,,,,,,,,,,,,,,,,4548.207823932414,3.042176067586297,4587.116168124134,14.133831875866235,4628.685620964492,24.064379035507955,4665.1755341780945,33.574465821905505,4699.295006775061,43.454993224939244,4732.800364561809,52.19963543819085,4767.141446026436,57.108553973564085,4806.048625709193,54.7013742908066,4856.853428486719,40.39657151328083,4925.12204889892,-5.872048898920184
2023-11-22,,,,,,,,,,,,4567.25,4617.25,4669.5,4715.75,4759.5,4801.75,4840.5,4877.0,4913.5,4935.5,4556.6201171875,0.05342889999999999,0.0537968,0.05377,0.0523231,0.01960265405693276,,,,,,,,,0.06301369863013699,0.31232876712328766,0.5808219178082191,0.8301369863013699,1.0794520547945206,1.3287671232876712,1.5780821917808219,1.8273972602739725,2.0767123287671234,2.326027397260274,,,,,,,,,0.0534,0.0539,0.0536,0.0529,0.052,0.0512,0.0508,0.051,0.0521,0.0544,,,,,,,,,,,,,,,,,4566.334672636618,0.9153273633819481,4605.693217013346,11.55678298665407,4647.491213381716,22.00878661828392,4684.328167881337,31.421832118662678,4718.790552931406,40.70944706859427,4752.005126179029,49.74487382097141,4786.56541748583,53.93458251416996,4825.703707570707,51.29629242929332,4874.749825569086,38.75017443091383,4940.767711661777,-5.267711661776957
2023-11-24,,,,,,,,,,,,4568.25,4618.25,4670.5,4717.5,4761.5,4802.75,4841.5,4878.0,4914.5,4936.5,4559.33984375,0.05347159999999999,0.05386580000000001,0.0539152,0.0525962,0.0210519146680649,,,,,,,,,0.057534246575342465,0.30684931506849317,0.5753424657534246,0.8246575342465754,1.073972602739726,1.3232876712328767,1.5726027397260274,1.821917808219178,2.0712328767123287,2.3205479452054796,,,,,,,,,0.0534,0.0539,0.0538,0.0532,0.0523,0.0516,0.0512,0.0515,0.0527,0.0552,,,,,,,,,,,,,,,,,4567.833235881966,0.41676411803382507,4605.527692852299,12.72230714770103,4646.058408735546,24.441591264453564,4681.829735846915,35.670264153084645,4714.945840933779,46.55415906622056,4747.4220606175395,55.3279393824605,4780.708721117612,60.791278882387815,4819.411141717011,58.58885828298935,4868.220143909973,46.27985609002735,4935.3328192464205,1.167180753579487
2023-11-27,,,,,,,,,,,,4561.0,4611.0,4663.0,4709.75,4753.0,4794.75,4833.5,4870.0,4906.5,4928.5,4550.43017578125,0.0535156,0.0539321,0.054009,0.0527346,0.02431989239417843,,,,,,,,,0.049315068493150684,0.29863013698630136,0.5671232876712329,0.8164383561643835,1.0657534246575342,1.3150684931506849,1.5643835616438355,1.8136986301369864,2.063013698630137,2.3123287671232875,,,,,,,,,0.0534,0.054,0.0539,0.0533,0.0525,0.0518,0.0514,0.0517,0.0529,0.0554,,,,,,,,,,,,,,,,,4556.960572269317,4.039427730683201,4590.941611824868,20.058388175131768,4627.410111829728,35.58988817027239,4659.379310230407,50.3706897695929,4689.1663625860665,63.8336374139335,4717.88212383212,76.86787616788024,4747.344683821471,86.15531617852866,4782.106004931613,87.89399506838708,4826.79615740254,79.7038425974597,4889.495847611625,39.00415238837468
2023-11-28,,,,,,,,,,,,4563.0,4612.75,4664.5,4709.75,4752.0,4794.75,4833.5,4870.0,4906.5,4928.5,4554.89013671875,0.0534835,0.0538822,0.053944,0.0526379,0.02504365304351085,,,,,,,,,0.04657534246575343,0.2958904109589041,0.5643835616438356,0.8136986301369863,1.063013698630137,1.3123287671232877,1.5616438356164384,1.810958904109589,2.0602739726027397,2.3095890410958906,,,,,,,,,0.0534,0.0539,0.0539,0.0532,0.0524,0.0517,0.0513,0.0515,0.0528,0.0552,,,,,,,,,,,,,,,,,4560.909784269615,2.090215730385353,4593.947735473181,18.802264526819272,4629.67864712525,34.82135287475012,4660.450848662831,49.29915133716895,4689.291864641171,62.70813535882917,4717.048574901658,77.70142509834204,4745.536412036792,87.96358796320783,4778.433476654682,91.56652334531827,4822.956348535398,83.54365146460168,4883.441416393193,45.05858360680668
2023-11-29,,,,,,,,,,,,4559.25,4609.0,4659.75,4703.5,4743.75,4781.0,4815.5,4847.0,4883.5,4905.5,4550.580078125,0.0534281,0.0537709,0.0537111,0.0521319,0.02263413361191504,,,,,,,,,0.043835616438356165,0.29315068493150687,0.5616438356164384,0.810958904109589,1.0602739726027397,1.3095890410958904,1.558904109589041,1.8082191780821917,2.0575342465753423,2.3068493150684932,,,,,,,,,0.0533,0.0538,0.0536,0.0529,0.0519,0.051,0.0505,0.0506,0.0517,0.054,,,,,,,,,,,,,,,,,4556.701341316481,2.5486586835186245,4592.3460229705515,16.65397702944847,4630.415025908081,29.33497409191932,4663.653194703302,39.84680529669822,4693.997434836088,49.75256516391164,4722.8023531203335,58.197646879666536,4752.614692438633,62.88530756136697,4786.6133220395395,60.386677960460474,4831.0253360630295,52.4746639369705,4892.048059750385,13.45194024961529
2023-11-30,,,,,,,,,,,,4576.75,4626.75,4677.75,4721.75,4763.0,4799.0,4833.5,4865.0,4901.5,4923.5,4567.7998046875,0.0534097,0.05369379999999999,0.0533325,0.05108120000000001,0.01675387201838388,,,,,,,,,0.0410958904109589,0.29041095890410956,0.5589041095890411,0.8082191780821918,1.0575342465753426,1.3068493150684932,1.5561643835616439,1.8054794520547945,2.0547945205479454,2.304109589041096,,,,,,,,,0.0533,0.0537,0.0531,0.0521,0.0508,0.0496,0.0487,0.0484,0.049,0.0508,,,,,,,,,,,,,,,,,4574.66531778943,2.0846822105695537,4617.0741622182695,9.675837781730479,4661.538976556341,16.211023443658632,4700.171814409665,21.578185590335124,4735.259795105207,27.74020489479335,4768.141401389325,30.858598610674562,4800.61998136405,32.880018635950364,4836.387605722744,28.61239427725559,4880.710545661549,20.789454338450923,4940.554914450892,-17.054914450892284
2023-12-01,,,,,,,,,,,,4600.75,4651.0,4701.25,4744.0,4783.0,4822.0,4856.5,4888.0,4924.5,4946.5,4594.6298828125,0.0534587,0.0537523,0.05340900000000001,0.0511841,0.01565716819242619,,,,,,,,,0.038356164383561646,0.2876712328767123,0.5561643835616439,0.8054794520547945,1.0547945205479452,1.3041095890410959,1.5534246575342465,1.8027397260273972,2.052054794520548,2.3013698630136985,,,,,,,,,0.0534,0.0538,0.0532,0.0522,0.0509,0.0497,0.0488,0.0486,0.0492,0.051,,,,,,,,,,,,,,,,,4601.286208774739,-0.5362087747389523,4645.322503972261,5.6774960277389255,4691.57426663325,9.675733366750137,4731.880560045553,12.119439954447444,4768.644776698688,14.355223301312435,4803.206847901886,18.79315209811375,4837.379250482402,19.120749517597687,4875.757886874199,12.242113125800643,4922.024519580172,2.4754804198282727,4983.961878844279,-37.461878844279454
2023-12-04,,,,,,,,,,,,4576.5,4626.5,4677.0,4720.0,4760.0,4798.75,4833.25,4865.75,4897.75,4919.75,4569.77978515625,0.0534508,0.0536297,0.0530258,0.0503913,0.02005091646317473,,,,,,,,,0.030136986301369864,0.27945205479452057,0.547945205479452,0.7972602739726027,1.0465753424657533,1.295890410958904,1.5452054794520549,1.7945205479452055,2.043835616438356,2.293150684931507,,,,,,,,,0.0534,0.0536,0.0528,0.0516,0.0501,0.0487,0.0476,0.047,0.0471,0.0482,,,,,,,,,,,,,,,,,4574.374909381233,2.12509061876699,4612.824582222823,13.675417777177245,4652.5233112381375,24.476688761862533,4686.180450032184,33.819549967815874,4715.776768272522,44.22323172747838,4742.626467565573,56.123532434427034,4768.510593175909,64.73940682409102,4796.208456336565,69.54154366343482,4829.528756748955,68.22124325104505,4874.4881637292465,45.26183627075352
2023-12-05,,,,,,,,,,,,4575.0,4625.25,4675.0,4717.75,4756.75,4796.75,4831.25,4863.75,4895.75,4917.75,4567.18017578125,0.0535961,0.0537623,0.0531665,0.0505096,0.02037430020681914,,,,,,,,,0.0273972602739726,0.27671232876712326,0.5452054794520548,0.7945205479452054,1.0438356164383562,1.2931506849315069,1.5424657534246575,1.7917808219178082,2.041095890410959,2.2904109589041095,,,,,,,,,0.0535,0.0537,0.053,0.0517,0.0502,0.0488,0.0477,0.0471,0.0473,0.0486,,,,,,,,,,,,,,,,,4571.327017220363,3.6729827796370955,4609.491822001399,15.75817799860124,4649.146690748526,25.853309251473547,4682.278719287627,35.4712807123733,4711.607348794017,45.142651205983384,4738.187593055539,58.562406944461145,4763.79653258029,67.45346741971025,4791.208046679868,72.54195332013205,4825.208374531882,70.54162546811767,4872.1944298922435,45.555570107756466
2023-12-06,,,,,,,,,,,,4556.0,4606.25,4656.25,4698.75,4738.0,4777.75,4812.25,4844.75,4876.75,4898.75,4549.33984375,0.0536582,0.0538013,0.0531006,0.0503216,0.02138702244172895,,,,,,,,,0.024657534246575342,0.273972602739726,0.5424657534246575,0.7917808219178082,1.0410958904109588,1.2904109589041095,1.5397260273972602,1.789041095890411,2.0383561643835617,2.287671232876712,,,,,,,,,0.0536,0.0538,0.0529,0.0516,0.0501,0.0486,0.0474,0.0466,0.0466,0.0474,,,,,,,,,,,,,,,,,4552.954786181567,3.045213818432785,4589.9191106948065,16.330889305193523,4627.778022993759,28.471977006241104,4659.481562911134,39.26843708886645,4687.386117593678,50.61388240632186,4711.932200777855,65.81779922214537,4735.252217009211,76.99778299078935,4759.245685020447,85.50431497955287,4789.256410012968,87.49358998703156,4828.284717278044,70.4652827219561
2023-12-07,,,,,,,,,,,,4589.5,4640.5,4690.75,4733.5,4772.75,4812.25,4846.75,4879.25,4907.25,4929.25,4585.58984375,0.05357389999999999,0.0537183,0.0530158,0.0502927,0.01667461332247503,,,,,,,,,0.021917808219178082,0.27123287671232876,0.5397260273972603,0.7890410958904109,1.0383561643835617,1.2876712328767124,1.536986301369863,1.7863013698630137,2.0356164383561643,2.2849315068493152,,,,,,,,,0.0535,0.0537,0.0528,0.0515,0.0501,0.0486,0.0474,0.0466,0.0465,0.0472,,,,,,,,,,,,,,,,,4589.292513034022,0.20748696597820526,4631.872648175066,8.627351824933612,4675.876142187468,14.873857812532151,4713.342916982704,20.157083017295918,4747.538153127076,25.21184687292407,4778.029131339771,34.220868660228916,4807.336758255192,39.41324174480815,4837.386052555751,41.86394744424888,4872.620054212362,34.62994578763755,4916.845476773488,12.404523226511628
2023-12-08,,,,,,,,,,,,4607.5,4660.25,4711.75,4756.5,4797.5,4838.25,4872.75,4905.25,4933.25,4970.0,4604.3701171875,0.0535498,0.0536604,0.0529211,0.0502012,0.01838442873428688,,,,,,,,,0.019178082191780823,0.2684931506849315,0.536986301369863,0.7863013698630137,1.0356164383561643,1.284931506849315,1.5342465753424657,1.7835616438356163,2.032876712328767,2.282191780821918,,,,,,,,,0.0535,0.0536,0.0528,0.0514,0.05,0.0486,0.0473,0.0465,0.0462,0.0467,,,,,,,,,,,,,,,,,4607.47197142843,0.028028571569848282,4648.111544575517,12.138455424483254,4690.25320045849,21.496799541509972,4725.4654635357,31.03453646429989,4757.619714976459,39.88028502354064,4786.650117019288,51.59988298071221,4813.235379983191,59.514620016809204,4841.147272859576,64.10272714042367,4872.228865824383,61.02113417561668,4911.735992739232,58.26400726076827
2023-12-11,,,,,,,,,,,,4626.0,4678.5,4730.25,4775.0,4816.75,4858.0,4893.0,4925.5,4958.0,4996.0,4622.43994140625,0.0535978,0.0537917,0.0532936,0.0509816,0.03191866781834584,,,,,,,,,0.010958904109589041,0.2602739726027397,0.5287671232876713,0.7780821917808219,1.0273972602739727,1.2767123287671234,1.526027397260274,1.7753424657534247,2.0246575342465754,2.2739726027397262,,,,,,,,,0.0535,0.0538,0.0532,0.0521,0.0508,0.0496,0.0486,0.048,0.0482,0.0492,,,,,,,,,,,,,,,,,4623.533313566404,2.4666864335958962,4648.84049589077,29.6595041092296,4674.749415433177,55.50058456682291,4695.597777500319,79.40222249968065,4712.984317716273,103.76568228372707,4727.973458081674,130.02654191832607,4741.620056869575,151.3799431304251,4756.3119307254165,169.18806927458354,4777.353888448249,180.64611155175135,4807.705616215008,188.29438378499162
2023-12-12,,,,,,,,,,,,4645.75,4697.25,4749.0,4794.5,4836.5,4878.0,4913.0,4947.0,4980.0,5017.0,4643.7001953125,0.0536483,0.05386059999999999,0.053465,0.0513074,0.03753203106779632,,,,,,,,,0.00821917808219178,0.25753424657534246,0.5260273972602739,0.7753424657534247,1.0246575342465754,1.273972602739726,1.5232876712328767,1.7726027397260273,2.021917808219178,2.271232876712329,,,,,,,,,0.0535,0.0539,0.0534,0.0524,0.0512,0.05,0.0491,0.0487,0.049,0.0504,,,,,,,,,,,,,,,,,4644.309691147141,1.4403088528588341,4663.316157669977,33.93384233002325,4682.62331707147,66.37668292852959,4697.541430782795,96.95856921720497,4709.192698145249,127.30730185475113,4718.048945594692,159.95105440530824,4726.253651304136,186.74634869586407,4736.544572182929,210.4554278170708,4752.63306973931,227.36693026069042,4781.420405964708,235.57959403529185
2023-12-13,,,,,,,,,,,,4708.25,4760.75,4812.0,4854.25,4893.75,4929.0,4959.0,4993.0,5021.0,5058.0,4707.08984375,0.0536181,0.05384629999999999,0.0533224,0.0510516,0.0518178445911462,,,,,,,,,0.005479452054794521,0.2547945205479452,0.5232876712328767,0.7726027397260274,1.021917808219178,1.2712328767123289,1.5205479452054795,1.7698630136986302,2.0191780821917806,2.2684931506849315,,,,,,,,,0.0535,0.0538,0.0532,0.0522,0.0509,0.0497,0.0487,0.0481,0.048,0.0487,,,,,,,,,,,,,,,,,4707.133230561683,1.1167694383166236,4709.467723819905,51.28227618009532,4710.4955480100625,101.50445198993748,4708.4798375323435,145.77016246765652,4702.67684353958,191.07315646042025,4694.43411368063,234.5658863193703,4684.82713429569,274.1728657043104,4676.2185157926,316.78148420740035,4670.942826660019,350.0571733399811,4673.914953996754,384.08504600324613
2023-12-14,,,,,,,,,,,,4721.75,4774.0,4825.0,4867.75,4906.0,4941.0,4971.0,5005.0,5033.0,5060.0,4719.5498046875,0.0535825,0.0537774,0.052938,0.0501476,0.02085802758183166,,,,,,,,,0.0027397260273972603,0.25205479452054796,0.5205479452054794,0.7698630136986301,1.0191780821917809,1.2684931506849315,1.5178082191780822,1.7671232876712328,2.0164383561643837,2.265753424657534,,,,,,,,,0.0534,0.0538,0.0528,0.0515,0.05,0.0486,0.0473,0.0462,0.0454,0.0452,,,,,,,,,,,,,,,,,4719.970600047018,1.779399952982203,4758.900226876904,15.099773123096384,4798.679341138048,26.320658861952325,4832.20814425837,35.54185574162966,4861.82690786937,44.17309213062981,4888.589991860914,52.41000813908613,4912.815788389839,58.18421161016067,4935.706404090434,69.29359590956574,4958.983544570542,74.01645542945789,4987.158566634699,72.84143336530087
2023-12-15,,,,,,,,,,,,4694.27,4768.0,4820.0,4863.75,4903.25,4939.75,4967.0,5001.0,5029.0,5056.0,4719.18994140625,0.05355749999999999,0.0536399,0.0521986,0.0485795,-1.917959024828135e-06,,,,,,,,,0.0,0.2493150684931507,0.5178082191780822,0.7671232876712328,1.0164383561643835,1.2657534246575342,1.515068493150685,1.7643835616438357,2.0136986301369864,2.263013698630137,,,,,,,,,0.0534,0.0536,0.0521,0.0502,0.0485,0.0467,0.0448,0.0429,0.0408,0.0385,,,,,,,,,,,,,,,,,4719.18994140625,-24.919941406249563,4782.679374853469,-14.679374853469199,4848.241023692157,-28.241023692156887,4904.475828795806,-40.72582879580568,4957.6724775707125,-54.422477570712545,5006.566119851214,-66.81611985121435,5050.640851977448,-83.64085197744771,5090.2787896459295,-89.27878964592946,5123.305973289148,-94.30597328914791,5148.819834421042,-92.81983442104229
2023-12-18,,,,,,,,,,,,,4793.0,4845.25,4889.0,4928.75,4966.5,4998.0,5029.0,5057.0,5092.0,4740.56005859375,0.0535792,0.05370390000000001,0.0525127,0.04914710000000001,0.01465892970996273,,,,,,,,,,0.2410958904109589,0.5095890410958904,0.7589041095890411,1.0082191780821919,1.2575342465753425,1.5068493150684932,1.7561643835616438,2.0054794520547947,2.254794520547945,,,,,,,,,,0.0537,0.0525,0.0508,0.0491,0.0474,0.0457,0.0442,0.0427,0.0414,,,,,,,,,,,,,,,,,,,4785.391913519885,7.608086480115162,4832.861229206031,12.388770793969343,4872.381789307433,16.618210692567118,4908.063339523092,20.6866604769084,4939.817077696415,26.682922303584746,4967.563607308913,30.43639269108735,4992.9866613470585,36.01333865294146,5014.78763637268,42.212363627319974,5035.188197425276,56.811802574724425
2023-12-19,,,,,,,,,,,,,4820.25,4872.75,4916.25,4956.0,4994.0,5026.5,5057.5,5089.5,5124.5,4768.3701171875,0.0535756,0.0537462,0.05253790000000001,0.0491941,0.01453484754627792,,,,,,,,,,0.23835616438356164,0.5068493150684932,0.7561643835616438,1.0054794520547945,1.2547945205479452,1.5041095890410958,1.7534246575342465,2.0027397260273974,2.252054794520548,,,,,,,,,,0.0538,0.0525,0.0508,0.0492,0.0475,0.0458,0.0442,0.0426,0.041,,,,,,,,,,,,,,,,,,,4813.207217641184,7.042782358816112,4861.014512312307,11.735487687693421,4900.93973141084,15.310268589159932,4937.502568817723,18.49743118227707,4969.747553069075,24.252446930924634,4997.964690230016,28.53530976998445,5022.963819528523,34.536180471476655,5044.062191051403,45.437808948597194,5061.209697964769,63.290302035231434
2023-12-20,,,,,,,,,,,,,4749.75,4800.75,4842.75,4880.0,4915.25,4946.5,4977.5,5009.5,5044.5,4698.35009765625,0.0535689,0.0537106,0.05238089999999999,0.0490219,0.01468251671146191,,,,,,,,,,0.2356164383561644,0.5041095890410959,0.7534246575342466,1.0027397260273974,1.252054794520548,1.5013698630136987,1.7506849315068493,2.0,2.249315068493151,,,,,,,,,,0.0537,0.0524,0.0506,0.049,0.0474,0.0457,0.0438,0.0418,0.0396,,,,,,,,,,,,,,,,,,,4741.741932383395,8.00806761660533,4788.538016314949,12.211983685050654,4827.228635796174,15.521364203826124,4862.841354036407,17.15864596359279,4894.810125985044,20.43987401495633,4922.320760954628,24.179239045372015,4944.060431451728,33.43956854827229,4960.20152827081,49.29847172919017,4969.199072283072,75.30092771692762
2023-12-21,,,,,,,,,,,,,4796.75,4848.5,4890.0,4927.5,4957.5,4988.75,5019.75,5051.75,5086.75,4746.75,0.0535595,0.0536013,0.05213739999999999,0.0484961,0.0145725391057039,,,,,,,,,,0.2328767123287671,0.5013698630136987,0.7506849315068493,1.0,1.2493150684931507,1.4986301369863013,1.747945205479452,1.9972602739726026,2.2465753424657535,,,,,,,,,,0.0536,0.0521,0.0503,0.0485,0.0467,0.0449,0.0429,0.0408,0.0385,,,,,,,,,,,,,,,,,,,4790.087891089719,6.662108910280949,4836.9062474095945,11.59375259040553,4875.780722710399,14.21927728960145,4910.558261562094,16.94173843790577,4941.147019099802,16.352980900198418,4967.465847422404,21.284152577595705,4987.7007039259415,32.049296074058475,5002.027043972881,49.722956027118926,5008.89342273165,77.85657726834961
2023-12-22,,,,,,,,,,,,,4805.25,4856.25,4898.0,4935.5,4970.75,4996.75,5027.75,5059.75,5094.75,4754.6298828125,0.0535536,0.05351110000000001,0.0518726,0.0479869,0.01458234540409008,,,,,,,,,,0.23013698630136986,0.4986301369863014,0.7479452054794521,0.9972602739726028,1.2465753424657535,1.4958904109589042,1.7452054794520548,1.9945205479452055,2.243835616438356,,,,,,,,,,0.0536,0.0519,0.0499,0.048,0.0461,0.0441,0.042,0.0396,0.0368,,,,,,,,,,,,,,,,,,,4797.515889517493,7.734110482507276,4843.9309106489245,12.31908935107549,4881.900183390516,16.09981660948415,4915.753041938114,19.74695806188629,4945.153403652816,25.59659634718355,4969.275386321234,27.474613678766218,4987.667155435488,40.082844564512015,4997.896288749208,61.853711250792,4997.669082267044,97.08091773295564
2023-12-26,,,,,,,,,,,,,4825.0,4876.75,4918.25,4960.5,4995.75,5023.75,5054.75,5086.75,5121.75,4774.75,0.0535694,0.05347909999999999,0.0517674,0.0477613,0.0146758067612615,,,,,,,,,,0.2191780821917808,0.4876712328767123,0.736986301369863,0.9863013698630136,1.2356164383561643,1.484931506849315,1.7342465753424658,1.9835616438356165,2.232876712328767,,,,,,,,,,0.0536,0.0519,0.0498,0.0479,0.0459,0.0439,0.0417,0.0392,0.0363,,,,,,,,,,,,,,,,,,,4815.659224959733,9.340775040266635,4862.218351764553,14.531648235447392,4899.963057511265,18.286942488734894,4933.805928567766,26.694071432233613,4962.564994129375,33.18500587062499,4986.516360652542,37.23363934745794,5003.853077271681,50.896922728318714,5012.761022522153,73.98897747784667,5010.951283641648,110.79871635835207
2023-12-27,,,,,,,,,,,,,4833.5,4885.0,4927.5,4965.0,5000.0,5027.75,5058.75,5086.75,5121.75,4781.580078125,0.0535596,0.0534814,0.0518378,0.0480198,0.0146157155883258,,,,,,,,,,0.21643835616438356,0.4849315068493151,0.7342465753424657,0.9835616438356164,1.2328767123287672,1.4821917808219178,1.7315068493150685,1.9808219178082191,2.23013698630137,,,,,,,,,,0.0536,0.052,0.05,0.0481,0.0463,0.0443,0.0422,0.0398,0.0369,,,,,,,,,,,,,,,,,,,4822.096281029349,11.403718970651425,4869.054982661425,15.945017338574871,4907.437158094656,20.062841905343703,4941.677804012236,23.322195987763735,4972.058147417815,27.941852582184765,4996.655829336718,31.094170663282057,5015.501565881555,43.2484341184454,5026.161817605601,60.588182394399155,5025.214095148764,96.53590485123641
2023-12-28,,,,,,,,,,,,,4832.25,4883.75,4926.5,4964.75,5000.5,5031.0,5061.0,5089.0,5121.0,4783.35009765625,0.053527,0.0533016,0.05155369999999999,0.0476377,0.01453851298070533,,,,,,,,,,0.2136986301369863,0.4821917808219178,0.7315068493150685,0.9808219178082191,1.2301369863013698,1.4794520547945205,1.7287671232876711,1.978082191780822,2.2273972602739724,,,,,,,,,,0.0534,0.0517,0.0497,0.0478,0.0459,0.0439,0.0417,0.0392,0.0362,,,,,,,,,,,,,,,,,,,4823.239534079966,9.010465920034221,4869.835322649295,13.914677350704551,4907.977914078792,18.52208592120769,4941.973541536255,22.776458463745257,4971.492433172616,29.007566827383926,4995.712629887178,35.28737011282192,5013.313351193333,47.68664880666711,5022.478849576934,66.52115042306559,5019.799010274172,101.20098972582764
2023-12-29,,,,,,,,,,,,,4820.0,4871.5,4913.0,4950.75,4986.5,5016.5,5046.5,5074.5,5104.5,4769.830078125,0.0535472,0.053314,0.0515772,0.0477098,0.01456909653126584,,,,,,,,,,0.21095890410958903,0.4794520547945205,0.7287671232876712,0.9780821917808219,1.2273972602739727,1.4767123287671233,1.726027397260274,1.9753424657534246,2.2246575342465755,,,,,,,,,,0.0534,0.0517,0.0497,0.0479,0.046,0.044,0.0418,0.0393,0.0364,,,,,,,,,,,,,,,,,,,4809.06368974518,10.936310254819546,4855.505273771819,15.994726228181207,4893.525127241648,19.47487275835192,4927.89068890112,22.859311098880426,4957.437063076898,29.062936923101915,4981.702296483038,34.79770351696243,4999.370310835313,47.12968916468708,5008.6313045556335,65.8686954443665,5007.200443056693,97.29955694330692
2024-01-02,,,,,,,,,,,,,4787.25,4838.5,4880.75,4918.75,4954.0,4985.0,5017.0,5043.0,5073.0,4742.830078125,0.0534844,0.0532733,0.0515311,0.0477007,0.01479000611032333,,,,,,,,,,0.2,0.4684931506849315,0.7178082191780822,0.9671232876712329,1.2164383561643837,1.4657534246575343,1.715068493150685,1.9643835616438357,2.213698630136986,,,,,,,,,,0.0534,0.0518,0.0498,0.0479,0.0461,0.0442,0.042,0.0394,0.0363,,,,,,,,,,,,,,,,,,,4779.595976610379,7.654023389621216,4825.782747408249,12.717252591751276,4863.529854547511,17.220145452489305,4897.160104432964,21.589895567036365,4926.952771818819,27.0472281811808,4951.753814033103,33.24618596689743,4969.40951728342,47.59048271657957,4977.747541830606,65.25245816939423,4974.130912717431,98.86908728256913
2024-01-03,,,,,,,,,,,,,4746.5,4798.0,4840.75,4878.75,4914.25,4945.0,4977.0,5003.0,5033.0,4704.81005859375,0.0534531,0.0533018,0.0516812,0.04797920000000001,0.01490879431496347,,,,,,,,,,0.19726027397260273,0.4657534246575342,0.7150684931506849,0.9643835616438357,1.2136986301369863,1.463013698630137,1.7123287671232876,1.9616438356164383,2.210958904109589,,,,,,,,,,0.0534,0.052,0.05,0.0482,0.0464,0.0446,0.0425,0.0402,0.0375,,,,,,,,,,,,,,,,,,,4740.668634470269,5.831365529730647,4786.793434714346,11.206565285653596,4824.359682413126,16.390317586873607,4858.3112281891235,20.43877181087646,4888.112490970637,26.137509029363173,4913.684377288977,31.315622711023025,4932.42432815668,44.57567184332038,4944.113810589031,58.886189410968655,4945.774766113156,87.22523388684385
2024-01-04,,,,,,,,,,,,,4729.5,4781.5,4825.25,4863.75,4900.0,4932.25,4962.0,4988.0,5018.0,4688.68017578125,0.05343709999999999,0.0532931,0.05178079999999999,0.0481929,0.01486215838891087,,,,,,,,,,0.19452054794520549,0.46301369863013697,0.7123287671232876,0.9616438356164384,1.210958904109589,1.4602739726027398,1.7095890410958905,1.9589041095890412,2.208219178082192,,,,,,,,,,0.0534,0.0521,0.0502,0.0485,0.0467,0.0449,0.043,0.0409,0.0386,,,,,,,,,,,,,,,,,,,4723.960479996689,5.539520003310827,4770.221601765183,11.27839823481736,4808.20239392163,17.047606078370336,4842.8275440757625,20.92245592423751,4872.978969961458,27.02103003854245,4898.9191969635895,33.33080303641054,4919.737995304397,42.26200469560263,4934.033291145112,53.966708854887656,4941.008635240948,76.99136475905198
2024-01-05,,,,,,,,,,,,,4734.75,4786.25,4829.5,4868.5,4905.75,4938.75,4969.75,4999.75,5028.0,4697.240234375,0.0533924,0.0532926,0.05192840000000001,0.048545,0.01487375247707012,,,,,,,,,,0.1917808219178082,0.4602739726027397,0.7095890410958904,0.958904109589041,1.2082191780821918,1.4575342465753425,1.7068493150684931,1.9561643835616438,2.2054794520547945,,,,,,,,,,0.0534,0.0522,0.0505,0.0488,0.0471,0.0455,0.0437,0.0419,0.0401,,,,,,,,,,,,,,,,,,,4732.074772718809,2.675227281190928,4778.63744399369,7.612556006310115,4817.500123287512,11.999876712488003,4852.563734085146,15.93626591485372,4883.740989431072,22.009010568927806,4911.669756928944,27.08024307105643,4934.134181035212,35.61581896478765,4952.254536982948,47.495463017052316,4965.9822990157245,62.01770098427551
2024-01-08,,,,,,,,,,,,,4801.25,4853.75,4897.5,4937.75,4973.75,5006.75,5037.75,5067.75,5096.0,4763.5400390625,0.0533771,0.0532574,0.0518427,0.0484781,0.01476803425635343,,,,,,,,,,0.18356164383561643,0.4520547945205479,0.7013698630136986,0.9506849315068493,1.2,1.4493150684931506,1.6986301369863013,1.9479452054794522,2.197260273972603,,,,,,,,,,0.0534,0.0522,0.0505,0.0488,0.0472,0.0455,0.0437,0.0417,0.0396,,,,,,,,,,,,,,,,,,,4797.440011252375,3.8099887476246295,4844.8311632030955,8.918836796904543,4884.42915242713,13.070847572869752,4920.178323881396,17.571676118604046,4952.583979355626,21.16602064437393,4980.505533090999,26.24446690900095,5003.490688008484,34.25931199151637,5020.116251280819,47.63374871918131,5030.671073210136,65.32892678986445
2024-01-09,,,,,,,,,,,,,4792.75,4845.25,4889.0,4928.75,4965.25,4998.25,5029.25,5059.25,5087.5,4756.5,0.0533553,0.05323439999999999,0.0517317,0.0482052,0.01467840934431678,,,,,,,,,,0.18082191780821918,0.44931506849315067,0.6986301369863014,0.947945205479452,1.1972602739726028,1.4465753424657535,1.6958904109589041,1.9452054794520548,2.1945205479452055,,,,,,,,,,0.0534,0.0521,0.0503,0.0486,0.0468,0.0451,0.0432,0.0411,0.0387,,,,,,,,,,,,,,,,,,,4789.920508331939,2.8294916680606548,4837.152340773561,8.097659226438736,4876.356979199053,12.643020800946942,4911.934779112269,16.815220887730902,4942.988007151807,22.261992848192676,4970.4939753371955,27.75602466280452,4992.224468806566,37.02553119343429,5007.353472808104,51.896527191895984,5013.969806868431,73.53019313156892
2024-01-10,,,,,,,,,,,,,4820.25,4873.0,4917.0,4956.75,4993.75,5026.25,5057.25,5087.25,5122.0,4783.4501953125,0.0533419,0.0532646,0.05184739999999999,0.04843099999999999,0.01462047783099433,,,,,,,,,,0.1780821917808219,0.4465753424657534,0.6958904109589041,0.9452054794520548,1.1945205479452055,1.4438356164383561,1.6931506849315068,1.9424657534246574,2.191780821917808,,,,,,,,,,0.0534,0.0522,0.0505,0.0488,0.0471,0.0454,0.0436,0.0417,0.0395,,,,,,,,,,,,,,,,,,,4816.598755654881,3.6512443451192667,4864.403863174176,8.596136825824033,4904.387927176943,12.612072823057133,4940.510944707638,16.239055292361627,4972.683037052051,21.066962947948923,5000.823779080418,25.426220919582192,5024.011821276973,33.23817872302698,5041.799836480198,45.45016351980212,5051.5369517451345,70.4630482548655
2024-01-11,,,,,,,,,,,,,4815.5,4868.0,4910.5,4948.25,4984.5,5017.0,5048.0,5078.0,5112.75,4780.240234375,0.05333160000000001,0.0531399,0.0515565,0.0480295,0.01463575732939267,,,,,,,,,,0.17534246575342466,0.4438356164383562,0.6931506849315069,0.9424657534246575,1.1917808219178083,1.441095890410959,1.6904109589041096,1.9397260273972603,2.1890410958904107,,,,,,,,,,0.0533,0.052,0.0501,0.0484,0.0467,0.0449,0.043,0.0407,0.038,,,,,,,,,,,,,,,,,,,4812.757896803569,2.7421031964313443,4860.174706745781,7.825293254219105,4899.204610611808,11.295389388192234,4934.801483747052,13.448516252948139,4966.4453007044685,18.054699295531464,4993.337277049373,23.66272295062663,5015.023112761095,32.976887238904965,5028.130742986232,49.86925701376822,5031.087134399592,81.66286560040771
2024-01-12,,,,,,,,,,,,,4816.5,4868.25,4909.75,4946.0,4980.0,5013.0,5041.0,5066.75,5101.5,4783.830078125,0.0533798,0.0531653,0.0515347,0.0478978,0.01459949979378053,,,,,,,,,,0.1726027397260274,0.4410958904109589,0.6904109589041096,0.9397260273972603,1.189041095890411,1.4383561643835616,1.6876712328767123,1.936986301369863,2.186301369863014,,,,,,,,,,0.0533,0.052,0.0501,0.0483,0.0466,0.0447,0.0427,0.0404,0.0377,,,,,,,,,,,,,,,,,,,4815.892130459644,0.6078695403557504,4863.404485902039,4.845514097961313,4902.530162878617,7.219837121382625,4937.754802231858,8.245197768142134,4969.361728762989,10.638271237011395,4995.496153779456,17.503846220543892,5016.166030982453,24.833969017547133,5028.9776487046975,37.77235129530254,5031.640894463694,69.85910553630583
2024-01-16,,,,,,,,,,,,,4798.5,4851.0,4893.75,4930.0,4964.0,4997.0,5025.0,5050.75,5085.5,4765.97998046875,0.0533176,0.0529791,0.0508902,0.04653019999999999,0.01482485365900829,,,,,,,,,,0.16164383561643836,0.4301369863013699,0.6794520547945205,0.9287671232876712,1.178082191780822,1.4273972602739726,1.6767123287671233,1.926027397260274,2.175342465753425,,,,,,,,,,0.0532,0.0516,0.0492,0.0471,0.0451,0.0429,0.0403,0.0372,0.0334,,,,,,,,,,,,,,,,,,,4795.635742575031,2.864257424968855,4841.969351595788,9.030648404212116,4878.605603241805,15.144396758195398,4911.008279669567,18.991720330433054,4939.034115657665,24.965884342334903,4960.852322299728,36.14767770027174,4973.966797389767,51.033202610233275,4975.860512793228,74.88948720677217,4962.504152663528,122.99584733647225
2024-01-17,,,,,,,,,,,,,4771.25,4824.0,4866.0,4903.0,4937.0,4970.0,4998.0,5033.75,5063.5,4739.2099609375,0.0533478,0.0530957,0.0511611,0.04688920000000001,0.01493053107603525,,,,,,,,,,0.1589041095890411,0.4273972602739726,0.6767123287671233,0.9260273972602739,1.1753424657534246,1.4246575342465753,1.673972602739726,1.9232876712328768,2.1726027397260275,,,,,,,,,,0.0533,0.0518,0.0496,0.0475,0.0454,0.0433,0.0409,0.0382,0.0349,,,,,,,,,,,,,,,,,,,4768.19350576463,3.0564942353703373,4814.481508576783,9.518491423216801,4851.712347412791,14.287652587208868,4884.322897758773,18.67710224122675,4912.006468115678,24.993531884321783,4934.6770230465745,35.322976953425496,4949.777501576532,48.222498423468096,4956.125714688445,77.62428531155456,4949.349579184486,114.15042081551383
2024-01-18,,,,,,,,,,,,,4811.25,4864.5,4909.25,4947.5,4984.5,5020.0,5048.0,5083.75,5113.5,4780.93994140625,0.0533666,0.0531781,0.0516363,0.048027,0.01476098779891295,,,,,,,,,,0.15616438356164383,0.4246575342465753,0.673972602739726,0.9232876712328767,1.1726027397260275,1.4219178082191781,1.6712328767123288,1.9205479452054794,2.16986301369863,,,,,,,,,,0.0533,0.0522,0.0504,0.0486,0.0468,0.045,0.0431,0.041,0.0387,,,,,,,,,,,,,,,,,,,4809.800411264676,1.4495887353241415,4857.55840678641,6.94159321358984,4897.167052867448,12.082947132552363,4932.66944163988,14.830558360120449,4963.971872946091,20.528127053908975,4990.991351093274,29.008648906726194,5012.818122818325,35.18187718167519,5028.0410179514465,55.70898204855348,5035.846044839528,77.65395516047192
2024-01-19,,,,,,,,,,,,,4869.5,4924.0,4970.25,5010.25,5048.5,5089.0,5117.0,5152.75,5182.5,4839.81005859375,0.0533594,0.053158,0.05159329999999999,0.0479849,0.0145802824418178,,,,,,,,,,0.15342465753424658,0.42191780821917807,0.6712328767123288,0.9205479452054794,1.16986301369863,1.4191780821917808,1.6684931506849314,1.917808219178082,2.1671232876712327,,,,,,,,,,0.0533,0.0522,0.0503,0.0485,0.0468,0.045,0.0431,0.0409,0.0385,,,,,,,,,,,,,,,,,,,4868.646806162885,0.8531938371152137,4917.242493805795,6.757506194205234,4957.252841206134,12.99715879386622,4993.315920339267,16.934079660733005,5025.717007115713,22.782992884286614,5053.3251507056575,35.67484929434249,5075.679610044707,41.32038995529274,5090.375737121063,62.37426287893686,5097.307467771397,85.19253222860334
2024-01-22,,,,,,,,,,,,,4881.0,4936.75,4983.25,5025.0,5063.25,5103.0,5131.0,5166.75,5196.5,4850.43017578125,0.0533503,0.0531858,0.0517702,0.0483723,0.01468448683865567,,,,,,,,,,0.14520547945205478,0.4136986301369863,0.663013698630137,0.9123287671232877,1.1616438356164382,1.4109589041095891,1.6602739726027398,1.9095890410958904,2.158904109589041,,,,,,,,,,0.0533,0.0524,0.0506,0.049,0.0473,0.0456,0.0438,0.042,0.04,,,,,,,,,,,,,,,,,,,4877.703823478832,3.296176521167581,4926.704239202229,10.045760797771436,4967.31709420033,15.932905799670152,5004.684765508329,20.315234491670708,5037.727093553445,25.52290644655477,5066.690867351248,36.309132648751984,5090.658155073606,40.341844926393605,5110.150223038085,56.59977696191527,5122.902446185039,73.59755381496143
2024-01-23,,,,,,,,,,,,,4895.0,4950.5,4997.5,5039.25,5078.0,5117.0,5145.0,5180.75,5210.5,4864.60009765625,0.05335860000000001,0.0532467,0.051866,0.0483499,0.0146362979518269,,,,,,,,,,0.14246575342465753,0.410958904109589,0.6602739726027397,0.9095890410958904,1.158904109589041,1.4082191780821918,1.6575342465753424,1.906849315068493,2.1561643835616437,,,,,,,,,,0.0534,0.0525,0.0507,0.049,0.0472,0.0455,0.0437,0.042,0.0403,,,,,,,,,,,,,,,,,,,4891.539168827135,3.460831172865255,4940.8873367502265,9.612663249773505,4981.825729561292,15.674270438707936,5019.053445186221,20.196554813778675,5051.68939254792,26.31060745208015,5080.691475364993,36.308524635007416,5104.684225977115,40.31577402288531,5125.16627757255,55.583722427450084,5141.37047189289,69.12952810710976
2024-01-24,,,,,,,,,,,,,4898.0,4954.0,5001.25,5043.25,5082.0,5120.0,5148.0,5183.75,5213.5,4868.5498046875,0.0533664,0.0532405,0.0518796,0.0484692,0.01465626235017986,,,,,,,,,,0.13972602739726028,0.40821917808219177,0.6575342465753424,0.9068493150684932,1.1561643835616437,1.4054794520547946,1.6547945205479453,1.904109589041096,2.1534246575342464,,,,,,,,,,0.0534,0.0525,0.0508,0.0491,0.0474,0.0457,0.044,0.0423,0.0406,,,,,,,,,,,,,,,,,,,4894.977208621446,3.0227913785538476,4944.3457494405475,9.654250559452521,4985.6403806330645,15.609619366935476,5023.020225143758,20.22977485624233,5056.392349604965,25.607650395035307,5085.673386308208,34.32661369179186,5110.7898801699885,37.210119830011536,5131.678595743055,52.07140425694524,5148.286782477353,65.21321752264703
2024-01-25,,,,,,,,,,,,,4923.25,4979.25,5026.25,5067.75,5106.25,5145.0,5173.0,5208.75,5238.5,4894.16015625,0.0533659,0.0531959,0.0517225,0.0481968,0.0145250791487855,,,,,,,,,,0.136986301369863,0.4054794520547945,0.6547945205479452,0.9041095890410958,1.1534246575342466,1.4027397260273973,1.652054794520548,1.9013698630136986,2.1506849315068495,,,,,,,,,,0.0534,0.0524,0.0506,0.0489,0.0471,0.0454,0.0436,0.0416,0.0396,,,,,,,,,,,,,,,,,,,4920.292702579961,2.95729742003914,4969.9023481643135,9.34765183568652,5011.14458963257,15.105410367429613,5048.652545798248,19.097454201752043,5081.545290782005,24.704709217994605,5110.78068012075,34.21931987925018,5134.980530774242,38.01946922575826,5152.706589882959,56.043410117041276,5165.340081857675,73.1599181423253
2024-01-26,,,,,,,,,,,,,4916.25,4972.5,5019.5,5061.75,5101.25,5138.0,5166.0,5201.75,5231.5,4890.97021484375,0.0533647,0.0531743,0.051574,0.0479898,0.01458111225004956,,,,,,,,,,0.13424657534246576,0.40273972602739727,0.6520547945205479,0.9013698630136986,1.1506849315068493,1.4,1.6493150684931508,1.8986301369863015,2.147945205479452,,,,,,,,,,0.0534,0.0523,0.0504,0.0487,0.0469,0.0452,0.0432,0.041,0.0384,,,,,,,,,,,,,,,,,,,4916.525070531439,-0.27507053143926896,4965.835624060964,6.66437593903629,5006.54756736328,12.952432636720005,5043.722642225767,18.02735777423277,5076.284259059803,24.965740940197065,5105.1872700647245,32.812729935275456,5127.366910261372,38.63308973862786,5142.556802685951,59.19319731404903,5147.712068873222,83.78793112677795
2024-01-29,,,,,,,,,,,,,4954.5,5010.75,5057.75,5100.0,5139.5,5176.25,5204.25,5240.0,5269.75,4927.93017578125,0.05332600000000001,0.0531266,0.0515269,0.0479903,0.01458461631865583,,,,,,,,,,0.12602739726027398,0.39452054794520547,0.6438356164383562,0.8931506849315068,1.1424657534246576,1.3917808219178083,1.641095890410959,1.8904109589041096,2.1397260273972605,,,,,,,,,,0.0533,0.0523,0.0505,0.0487,0.047,0.0453,0.0433,0.0411,0.0384,,,,,,,,,,,,,,,,,,,4952.033282069448,2.4667179305515674,5001.803518475235,8.94648152476475,5043.209376356472,14.540623643528306,5080.396123193696,19.60387680630356,5113.8498864933335,25.650113506666457,5143.162379457912,33.08762054208819,5165.716191541109,38.533808458891144,5181.238027412278,58.761972587722084,5185.557997668631,84.19200233136871
2024-01-30,,,,,,,,,,,,,4951.0,5007.25,5055.25,5098.0,5138.5,5175.25,5203.25,5239.0,5268.75,4924.97021484375,0.0532834,0.05306429999999999,0.0514613,0.047894,0.01456412681503017,,,,,,,,,,0.1232876712328767,0.3917808219178082,0.6410958904109589,0.8904109589041096,1.1397260273972603,1.389041095890411,1.6383561643835616,1.8876712328767122,2.136986301369863,,,,,,,,,,0.0533,0.0523,0.0504,0.0486,0.0469,0.0452,0.0432,0.041,0.0384,,,,,,,,,,,,,,,,,,,4948.546427548753,2.453572451247055,4998.322810541348,8.92718945865181,5039.427366581239,15.822633418761143,5076.510628064563,21.489371935436793,5109.861311015499,28.63868898450073,5139.07300366541,36.1769963345896,5161.534846900429,41.71515309957067,5176.972697949948,62.02730205005173,5182.332069032161,86.41793096783931
2024-01-31,,,,,,,,,,,,,4870.5,4925.25,4970.75,5010.5,5050.0,5086.75,5114.75,5150.5,5180.25,4845.64990234375,0.0532995,0.0531533,0.0516501,0.04826030000000001,0.01480834819555314,,,,,,,,,,0.12054794520547946,0.38904109589041097,0.6383561643835617,0.8876712328767123,1.1369863013698631,1.3863013698630138,1.6356164383561644,1.884931506849315,2.1342465753424658,,,,,,,,,,0.0533,0.0524,0.0507,0.049,0.0474,0.0457,0.0438,0.0417,0.0393,,,,,,,,,,,,,,,,,,,4868.186396975614,2.313603024385884,4917.036799467728,8.213200532271912,4957.953388493619,12.796611506380941,4994.974569163079,15.52543083692126,5028.579993289367,21.42000671063306,5057.673092215787,29.07690778421329,5080.961916891415,33.78808310858494,5097.60232522693,52.89767477307032,5105.674657507822,74.5753424921777
2024-02-01,,,,,,,,,,,,,4928.5,4983.5,5029.0,5068.75,5105.75,5141.75,5169.75,5200.5,5230.25,4906.18994140625,0.0532352,0.0527258,0.0508383,0.0470254,0.01461679686074104,,,,,,,,,,0.1178082191780822,0.3863013698630137,0.6356164383561644,0.8849315068493151,1.1342465753424658,1.3835616438356164,1.632876712328767,1.8821917808219177,2.1315068493150684,,,,,,,,,,0.0532,0.0518,0.0497,0.0479,0.0461,0.0442,0.042,0.0395,0.0363,,,,,,,,,,,,,,,,,,,4928.541387549638,-0.041387549637875054,4977.170632719634,6.329367280365659,5016.824289450087,12.175710549912765,5052.842803759933,15.907196240066696,5084.554304397775,21.195695602224987,5111.167472891299,30.58252710870056,5130.540713893589,39.20928610641113,5141.43704772441,59.06295227558985,5138.265428487452,91.98457151254843
2024-02-02,,,,,,,,,,,,,4980.25,5037.25,5086.25,5129.75,5170.5,5207.25,5243.25,5274.0,5303.75,4958.60986328125,0.0532211,0.0529046,0.050961,0.046928,0.01446284087296001,,,,,,,,,,0.11506849315068493,0.3835616438356164,0.6328767123287671,0.8821917808219178,1.1315068493150684,1.3808219178082193,1.63013698630137,1.8794520547945206,2.128767123287671,,,,,,,,,,0.0532,0.052,0.0498,0.0478,0.0459,0.0439,0.0417,0.0389,0.0354,,,,,,,,,,,,,,,,,,,4980.761836154518,-0.5118361545182779,5030.51943619915,6.730563800850177,5070.753860813989,15.496139186010623,5106.60704202283,23.142957977170227,5138.169012880389,32.330987119610654,5164.317252289701,42.93274771029883,5183.734448102353,59.51555189764713,5191.662123355496,82.33787664450392,5184.615941973038,119.13405802696161
2024-02-05,,,,,,,,,,,,,4962.0,5019.0,5068.5,5113.25,5155.25,5192.0,5233.0,5265.0,5297.0,4942.81005859375,0.0532249,0.0531613,0.0518654,0.0485933,0.01470184162386804,,,,,,,,,,0.10684931506849316,0.37534246575342467,0.6246575342465753,0.873972602739726,1.1232876712328768,1.3726027397260274,1.621917808219178,1.8712328767123287,2.1205479452054794,,,,,,,,,,0.0532,0.0526,0.051,0.0494,0.0478,0.0462,0.0445,0.0428,0.0411,,,,,,,,,,,,,,,,,,,4963.1841927234045,-1.1841927234045215,5013.622939924928,5.377060075072222,5056.163152215538,12.336847784462407,5094.997861917036,18.25213808296394,5130.036429832781,25.213570167218677,5161.196671712568,30.803328287432123,5187.56373095863,45.43626904137,5209.647551296471,55.35244870352926,5227.392395247084,69.6076047529159
2024-02-06,,,,,,,,,,,,,4974.75,5031.75,5080.5,5124.25,5165.5,5202.0,5238.0,5270.0,5309.0,4954.22998046875,0.0532309,0.0532258,0.0521103,0.0490712,0.01466252934143302,,,,,,,,,,0.10410958904109589,0.3726027397260274,0.6219178082191781,0.8712328767123287,1.1205479452054794,1.36986301369863,1.6191780821917807,1.8684931506849316,2.117808219178082,,,,,,,,,,0.0532,0.0528,0.0514,0.0499,0.0483,0.0468,0.0453,0.044,0.0427,,,,,,,,,,,,,,,,,,,4974.146874581957,0.6031254180434189,5025.132788812511,6.617211187489374,5068.725677796422,11.774322203577867,5108.683792103369,15.566207896630658,5144.530707464782,20.9692925352183,5177.206813197436,24.793186802564378,5206.195059919857,31.804940080142842,5233.386674221804,36.61332577819576,5257.311313749164,51.68868625083633
2024-02-07,,,,,,,,,,,,,5015.25,5072.75,5122.0,5166.5,5208.75,5243.0,5279.0,5315.5,5354.5,4995.06005859375,0.0532111,0.0531426,0.0519344,0.0487334,0.01456107544635134,,,,,,,,,,0.10136986301369863,0.3698630136986301,0.6191780821917808,0.8684931506849315,1.1178082191780823,1.367123287671233,1.6164383561643836,1.8657534246575342,2.115068493150685,,,,,,,,,,0.0532,0.0527,0.0512,0.0496,0.048,0.0464,0.0448,0.0433,0.042,,,,,,,,,,,,,,,,,,,5014.663188092619,0.5868119073811613,5066.020576947729,6.729423052271159,5109.673228982882,12.326771017117608,5149.401538223213,17.09846177678719,5185.300213947039,23.449786052960917,5217.285100887173,25.71489911282697,5245.28088471947,33.71911528052988,5270.204586026581,45.29541397341927,5293.526402872862,60.97359712713842
2024-02-08,,,,,,,,,,,,,5017.75,5075.5,5125.25,5170.5,5213.0,5252.0,5288.0,5324.5,5363.5,4997.91015625,0.05318,0.05301350000000001,0.0517233,0.04846300000000001,0.01451248253633701,,,,,,,,,,0.09863013698630137,0.36712328767123287,0.6164383561643836,0.8657534246575342,1.115068493150685,1.3643835616438356,1.6136986301369862,1.8630136986301369,2.1123287671232878,,,,,,,,,,0.0532,0.0525,0.051,0.0493,0.0477,0.0461,0.0445,0.0429,0.0414,,,,,,,,,,,,,,,,,,,5017.0173887303845,0.7326112696155178,5068.099821089746,7.400178910253999,5111.5984401659725,13.651559834027466,5150.723904048172,19.77609595182821,5186.329447400469,26.67055259953122,5218.01648461078,33.983515389219974,5245.710380103943,42.28961989605705,5269.345652407892,55.154347592108024,5289.983532549927,73.51646745007292
2024-02-09,,,,,,,,,,,,,5044.0,5102.25,5152.5,5198.25,5241.75,5280.0,5316.0,5352.5,5391.5,5026.60986328125,0.0532072,0.0530905,0.0518866,0.0488025,0.01435885747378445,,,,,,,,,,0.0958904109589041,0.3643835616438356,0.6136986301369863,0.863013698630137,1.1123287671232878,1.3616438356164384,1.610958904109589,1.8602739726027397,2.1095890410958904,,,,,,,,,,0.0532,0.0527,0.0512,0.0497,0.0481,0.0466,0.045,0.0436,0.0421,,,,,,,,,,,,,,,,,,,5045.366344639324,-1.36634463932387,5097.328890217912,4.921109782088024,5141.5527852417445,10.94721475825554,5182.2828486637145,15.967151336285497,5218.849717122862,22.900282877138125,5252.198371645014,27.80162835498595,5280.957335498868,35.042664501132094,5307.61355631851,44.886443681490164,5329.557338018461,61.94266198153855
2024-02-12,,,,,,,,,,,,,5041.25,5099.75,5150.25,5196.25,5239.5,5278.0,5314.0,5350.5,5389.5,5021.83984375,0.053204,0.0530653,0.0519099,0.0489862,0.01448970397711327,,,,,,,,,,0.08767123287671233,0.3561643835616438,0.6054794520547945,0.8547945205479452,1.104109589041096,1.3534246575342466,1.6027397260273972,1.8520547945205479,2.1013698630136988,,,,,,,,,,0.0532,0.0527,0.0513,0.0498,0.0484,0.0469,0.0455,0.0441,0.0427,,,,,,,,,,,,,,,,,,,5038.911813110972,2.338186889028293,5090.6499594840625,9.100040515937508,5135.022613472154,15.227386527845738,5175.724952896101,20.52504710389894,5213.425119326807,26.074880673192638,5247.025072260389,30.974927739611303,5277.739086236911,36.260913763088865,5304.928319045088,45.57168095491215,5328.53656699548,60.963433004520084
2024-02-13,,,,,,,,,,,,,4971.25,5029.25,5081.0,5129.0,5174.0,5212.5,5257.0,5293.5,5332.5,4953.169921875,0.0531764,0.0530699,0.0519615,0.049,0.01460274055732093,,,,,,,,,,0.08493150684931507,0.35342465753424657,0.6027397260273972,0.852054794520548,1.1013698630136985,1.3506849315068492,1.6,1.8493150684931507,2.0986301369863014,,,,,,,,,,0.0532,0.0527,0.0514,0.0499,0.0484,0.0469,0.0455,0.0442,0.043,,,,,,,,,,,,,,,,,,,4969.4336668406595,1.8163331593405019,5020.312941719716,8.937058280283964,5064.254447630766,16.745552369234247,5104.400235522122,24.599764477878125,5141.017632664772,32.982367335228446,5174.026375936812,38.473624063188254,5204.18638113761,52.813618862390285,5231.836782958414,61.663217041585995,5257.329006571162,75.1709934288383
2024-02-14,,,,,,,,,,,,,5018.0,5076.5,5128.25,5175.5,5221.25,5259.75,5304.25,5340.75,5379.75,5000.6201171875,0.0532135,0.0532568,0.0525695,0.0501897,0.01429275768564112,,,,,,,,,,0.0821917808219178,0.3506849315068493,0.6,0.8493150684931506,1.0986301369863014,1.347945205479452,1.5972602739726027,1.8465753424657534,2.095890410958904,,,,,,,,,,0.0532,0.0531,0.0521,0.051,0.0497,0.0485,0.0474,0.0468,0.0466,,,,,,,,,,,,,,,,,,,5016.636974043869,1.3630259561314233,5069.139317317449,7.36068268255076,5115.352303493072,12.897696506927787,5158.975133366423,16.524866633577403,5198.974484690545,22.27551530945493,5236.594677930964,23.15532206903572,5272.174052209918,32.075947790081955,5309.98494636641,30.76505363358956,5350.951350124317,28.798649875682713
2024-02-15,,,,,,,,,,,,,5046.5,5105.5,5157.75,5205.75,5251.25,5288.75,5333.25,5369.75,5408.75,5029.72998046875,0.0531979,0.0531909,0.0524355,0.0500468,0.01398655830902661,,,,,,,,,,0.07945205479452055,0.34794520547945207,0.5972602739726027,0.8465753424657534,1.095890410958904,1.3452054794520547,1.5945205479452054,1.8438356164383563,2.0931506849315067,,,,,,,,,,0.0532,0.053,0.052,0.0508,0.0496,0.0483,0.0473,0.0465,0.0461,,,,,,,,,,,,,,,,,,,5045.424986338331,1.0750136616688906,5098.471764681305,7.028235318694897,5145.230759290914,12.519240709086262,5188.951495928012,16.798504071987736,5229.913454827328,21.33654517267223,5267.337046828314,21.41295317168624,5304.127378526044,29.122621473956315,5340.481100594414,29.268899405586126,5379.441580423948,29.308419576052074
2024-02-16,,,,,,,,,,,,,5019.75,5078.75,5131.25,5179.75,5226.0,5268.0,5312.5,5349.0,5388.0,5005.56982421875,0.0531585,0.0531402,0.0523116,0.049779,0.01391074709860005,,,,,,,,,,0.07671232876712329,0.3452054794520548,0.5945205479452055,0.8438356164383561,1.093150684931507,1.3424657534246576,1.5917808219178082,1.841095890410959,2.0904109589041098,,,,,,,,,,0.0532,0.0529,0.0519,0.0506,0.0493,0.048,0.0468,0.0459,0.0454,,,,,,,,,,,,,,,,,,,5020.679220126069,-0.9292201260686852,5073.396736471322,5.353263528678326,5119.908914366507,11.341085633493094,5162.964632128661,16.785367871339076,5203.00864229227,22.99135770772955,5239.965486992098,28.034513007902206,5274.604705958081,37.89529404191944,5309.228534709655,39.77146529034508,5346.150325835597,41.84967416440304
2024-02-20,,,,,,,,,,,,,4991.5,5050.0,5101.75,5149.5,5194.75,5241.0,5285.5,5322.0,5352.0,4975.509765625,0.0532028,0.0532574,0.0526641,0.0504949,0.01412968020439092,,,,,,,,,,0.06575342465753424,0.33424657534246577,0.5835616438356165,0.8328767123287671,1.082191780821918,1.3315068493150686,1.5808219178082192,1.83013698630137,2.0794520547945203,,,,,,,,,,0.0532,0.0531,0.0524,0.0513,0.0501,0.049,0.0481,0.0475,0.0474,,,,,,,,,,,,,,,,,,,4988.308319428805,3.1916805711953202,5040.743175883779,9.256824116220741,5087.8783753872585,13.87162461274147,5131.952158732506,17.547841267493823,5173.0094367429365,21.740563257063513,5211.969985203382,29.03001479661816,5250.004096565638,35.495903434361935,5288.846067124252,33.15393287574807,5331.922491197704,20.077508802295597
2024-02-21,,,,,,,,,,,,,4996.25,5055.0,5107.0,5152.75,5200.0,5240.5,5285.0,5321.5,5351.5,4981.7998046875,0.0532103,0.0532193,0.05243490000000001,0.0499891,0.01407392733503128,,,,,,,,,,0.06301369863013699,0.3315068493150685,0.5808219178082191,0.8301369863013699,1.0794520547945206,1.3287671232876712,1.5780821917808219,1.8273972602739725,2.0767123287671234,,,,,,,,,,0.0532,0.0531,0.0521,0.0509,0.0496,0.0483,0.0472,0.0463,0.0458,,,,,,,,,,,,,,,,,,,4994.097478850351,2.1525211496491465,5046.67011534691,8.32988465308972,5093.053786734877,13.946213265123333,5136.448653819571,16.30134618042939,5176.555762705686,23.444237294314007,5213.595393208388,26.904606791612423,5249.153878762577,35.846121237423176,5283.987754587095,37.51224541290503,5321.084620222793,30.41537977720691
2024-02-22,,,,,,,,,,,,,5097.75,5158.75,5213.0,5262.75,5311.0,5357.0,5402.5,5439.0,5484.0,5087.02978515625,0.05320929999999999,0.0532383,0.0525273,0.0502505,0.01476694728256723,,,,,,,,,,0.06027397260273973,0.3287671232876712,0.5780821917808219,0.8273972602739726,1.0767123287671232,1.326027397260274,1.5753424657534247,1.8246575342465754,2.073972602739726,,,,,,,,,,0.0532,0.0531,0.0522,0.0511,0.0499,0.0487,0.0477,0.0469,0.0465,,,,,,,,,,,,,,,,,,,5098.827614232297,-1.0776142322965825,5151.545508762493,7.2044912375067724,5198.30963285171,14.690367148289624,5242.277227091433,20.472772908567094,5283.148949950431,27.851050049568585,5321.154433288072,35.84556671192786,5357.915271001163,44.58472899883691,5394.208821946593,44.79117805340684,5433.087664025564,50.912335974436246
2024-02-23,,,,,,,,,,,,,5101.5,5162.5,5217.0,5267.25,5315.75,5361.75,5404.25,5442.75,5487.75,5088.7998046875,0.05324130000000001,0.0533057,0.0527351,0.0507243,0.0148062067974716,,,,,,,,,,0.057534246575342465,0.32602739726027397,0.5753424657534246,0.8246575342465754,1.073972602739726,1.3232876712328767,1.5726027397260274,1.821917808219178,2.0712328767123287,,,,,,,,,,0.0532,0.0532,0.0525,0.0515,0.0504,0.0494,0.0485,0.0479,0.0477,,,,,,,,,,,,,,,,,,,5100.053174082829,1.4468259171708269,5152.898832784535,9.601167215464557,5200.36516898396,16.634831016040152,5245.139409640727,22.110590359273374,5287.094053792949,28.655946207050874,5327.1668448538,34.583155146199715,5365.711357209694,38.53864279030586,5405.06339068541,37.68660931458999,5447.58675804334,40.163241956660386
2024-02-26,,,,,,,,,,,,,5080.25,5141.25,5195.75,5246.25,5295.0,5340.0,5382.5,5421.0,5466.0,5069.52978515625,0.0532852,0.0533781,0.0527896,0.0507098,0.01497164057987869,,,,,,,,,,0.049315068493150684,0.3178082191780822,0.5671232876712329,0.8164383561643835,1.0657534246575342,1.3150684931506849,1.5643835616438355,1.8136986301369864,2.063013698630137,,,,,,,,,,0.0532,0.0533,0.0525,0.0515,0.0504,0.0493,0.0484,0.0478,0.0475,,,,,,,,,,,,,,,,,,,5079.096050390228,1.1539496097720985,5131.659706591397,9.59029340860343,5178.58200885321,17.167991146789973,5222.99620299067,23.2537970093299,5264.604184560644,30.39581543935583,5303.633823251805,36.36617674819536,5341.694072627164,40.80592737283587,5380.540421742091,40.459578257909016,5421.402359146551,44.597640853448866
2024-02-27,,,,,,,,,,,,,5090.0,5151.0,5205.5,5256.5,5305.5,5350.0,5392.5,5431.0,5476.0,5078.18017578125,0.05326260000000001,0.0534316,0.0529249,0.0509384,0.01497557571506845,,,,,,,,,,0.04657534246575343,0.3150684931506849,0.5643835616438356,0.8136986301369863,1.063013698630137,1.3123287671232877,1.5616438356164384,1.810958904109589,2.0602739726027397,,,,,,,,,,0.0532,0.0534,0.0527,0.0517,0.0507,0.0496,0.0488,0.0482,0.0481,,,,,,,,,,,,,,,,,,,5087.228991914434,2.7710080855658816,5140.031920980546,10.968079019454308,5187.459141739127,18.040858260873392,5232.219559595384,24.280440404615547,5274.735398521138,30.76460147886155,5314.248408694592,35.7515913054076,5353.6291031220035,38.87089687799653,5393.103627130743,37.89637286925699,5436.841869022562,39.158130977438304
2024-02-28,,,,,,,,,,,,,5081.0,5142.0,5196.25,5246.75,5295.5,5340.0,5382.5,5421.0,5466.0,5069.759765625,0.0532559,0.05341249999999999,0.0528687,0.0509332,0.01493486293830245,,,,,,,,,,0.043835616438356165,0.31232876712328766,0.5616438356164384,0.810958904109589,1.0602739726027397,1.3095890410958904,1.558904109589041,1.8082191780821917,2.0575342465753423,,,,,,,,,,0.0532,0.0534,0.0527,0.0517,0.0507,0.0497,0.0488,0.0482,0.0478,,,,,,,,,,,,,,,,,,,5078.270794430262,2.729205569738042,5131.0340178752795,10.96598212472054,5178.4407083769165,17.80929162308348,5223.190636614088,23.559363385911638,5265.700983174375,29.799016825624676,5305.910964831721,34.089035168279224,5344.595878945075,37.90412105492487,5384.067297344216,36.93270265578394,5424.439510202678,41.56048979732168
2024-02-29,,,,,,,,,,,,,5103.75,5165.25,5220.25,5270.5,5318.75,5363.0,5405.5,5444.0,5489.0,5096.27001953125,0.05322440000000001,0.0533352,0.05274930000000001,0.05071850000000001,0.01464392280231397,,,,,,,,,,0.0410958904109589,0.3095890410958904,0.5589041095890411,0.8082191780821918,1.0575342465753426,1.3068493150684932,1.5561643835616439,1.8054794520547945,2.0547945205479454,,,,,,,,,,0.0532,0.0533,0.0525,0.0515,0.0505,0.0494,0.0485,0.0478,0.0475,,,,,,,,,,,,,,,,,,,5104.351441440057,-0.6014414400569876,5157.626026801833,7.623973198166823,5205.245257477445,15.004742522554807,5250.360242404914,20.13975759508594,5293.226228389641,25.52377161035929,5333.084941992034,29.915058007965854,5371.969091059431,33.530908940569134,5410.662368792427,33.337631207573395,5452.211961461815,36.78803853818499
2024-03-01,,,,,,,,,,,,,5146.0,5208.0,5262.5,5312.25,5360.0,5405.0,5447.5,5476.0,5521.0,5137.080078125,0.05322619999999999,0.0533112,0.0526731,0.0505654,0.01451854108345681,,,,,,,,,,0.038356164383561646,0.30684931506849317,0.5561643835616439,0.8054794520547945,1.0547945205479452,1.3041095890410959,1.5534246575342465,1.8027397260273972,2.052054794520548,,,,,,,,,,0.0532,0.0532,0.0525,0.0514,0.0503,0.0492,0.0483,0.0475,0.0471,,,,,,,,,,,,,,,,,,,5144.707478919896,1.292521080104052,5198.417326844098,9.58267315590183,5246.749670784424,15.75032921557613,5291.97804316763,20.27195683237005,5334.669463842418,25.330536157582173,5374.756458811972,30.243541188027848,5413.857071853857,33.64292814614328,5451.77817484876,24.22182515124041,5492.28169706761,28.718302932389633
2024-03-04,,,,,,,,,,,,,5138.25,5200.75,5255.75,5306.75,5355.25,5400.0,5442.5,5481.0,5526.0,5130.9501953125,0.0532126,0.0532376,0.0524547,0.0501539,0.01464582091088752,,,,,,,,,,0.030136986301369864,0.29863013698630136,0.547945205479452,0.7972602739726027,1.0465753424657533,1.295890410958904,1.5452054794520549,1.7945205479452055,2.043835616438356,,,,,,,,,,0.0532,0.0532,0.0522,0.0511,0.0499,0.0488,0.0477,0.0467,0.0459,,,,,,,,,,,,,,,,,,,5136.915345869235,1.3346541307646476,5190.366467906145,10.383532093855138,5237.626814075059,18.123185924941026,5282.261572288356,24.488427711644363,5323.798327023224,31.451672976775626,5363.147047236887,36.852952763112626,5399.824018843041,42.6759811569591,5434.745798703691,46.254201296308565,5469.401905921836,56.59809407816374
2024-03-05,,,,,,,,,,,,,5085.75,5147.25,5201.5,5251.0,5298.75,5344.0,5386.5,5425.0,5460.0,5078.64990234375,0.0532088,0.0532639,0.05252449999999999,0.0503557,0.01481433493868795,,,,,,,,,,0.0273972602739726,0.2958904109589041,0.5452054794520548,0.7945205479452054,1.0438356164383562,1.2931506849315069,1.5424657534246575,1.7917808219178082,2.041095890410959,,,,,,,,,,0.0532,0.0532,0.0523,0.0513,0.0502,0.0491,0.048,0.0471,0.0463,,,,,,,,,,,,,,,,,,,5083.99373520477,1.7562647952299812,5136.6617794329795,10.588220567020471,5183.512156483635,17.987843516364592,5228.027571747597,22.972428252403006,5269.746592672111,29.003407327889363,5308.885840041443,35.11415995855714,5345.383070621302,41.11692937869793,5381.107965387929,43.89203461207126,5415.74645571277,44.2535442872304
2024-03-06,,,,,,,,,,,,,5111.75,5173.75,5228.5,5278.75,5326.75,5371.0,5413.5,5452.0,5487.0,5104.759765625,0.0531983,0.0532454,0.0524582,0.0501413,0.01469472816302873,,,,,,,,,,0.024657534246575342,0.29315068493150687,0.5424657534246575,0.7917808219178082,1.0410958904109588,1.2904109589041095,1.5397260273972602,1.789041095890411,2.0383561643835617,,,,,,,,,,0.0531,0.0532,0.0523,0.0511,0.0499,0.0488,0.0477,0.0467,0.0459,,,,,,,,,,,,,,,,,,,5109.596157102843,2.1538428971571193,5162.707951707628,11.042048292371874,5209.96409395178,18.53590604821966,5254.045692448853,24.704307551147394,5295.330824157651,31.419175842349432,5334.436246444788,36.563753555212315,5370.883756872683,42.61624312731692,5405.582081609021,46.41791839097914,5440.009733301062,46.990266698938285
2024-03-07,,,,,,,,,,,,,5161.75,5224.75,5280.0,5330.25,5378.25,5422.5,5465.0,5503.5,5538.5,5157.35986328125,0.0531771,0.0532122,0.0523565,0.0499749,0.0145342930972865,,,,,,,,,,0.021917808219178082,0.29041095890410956,0.5397260273972603,0.7890410958904109,1.0383561643835617,1.2876712328767124,1.536986301369863,1.7863013698630137,2.0356164383561643,,,,,,,,,,0.0531,0.0531,0.0522,0.051,0.0498,0.0486,0.0474,0.0463,0.0453,,,,,,,,,,,,,,,,,,,5161.721097562305,0.028902437695251137,5215.446473281991,9.30352671800938,5263.27763128247,16.722368717530117,5307.907742548287,22.342257451712612,5349.714303700845,28.53569629915455,5388.624863242292,33.87513675770788,5424.571637313834,40.42836268616611,5458.466665957291,45.0333340427087,5490.679250203393,47.82074979660683
2024-03-08,,,,,,,,,,,,,5129.0,5192.5,5247.25,5297.25,5344.25,5388.5,5431.0,5469.5,5504.5,5123.68994140625,0.053187,0.0532084,0.0522984,0.04986939999999999,0.01460090337192179,,,,,,,,,,0.019178082191780823,0.2876712328767123,0.536986301369863,0.7863013698630137,1.0356164383561643,1.284931506849315,1.5342465753424657,1.7835616438356163,2.032876712328767,,,,,,,,,,0.0531,0.0531,0.0521,0.0509,0.0497,0.0485,0.0473,0.0461,0.045,,,,,,,,,,,,,,,,,,,5127.4743576100645,1.5256423899354559,5180.7506233217755,11.749376678224507,5227.908911257451,19.34108874254889,5272.0374490576,25.212550942400412,5313.358241789964,30.891758210035732,5351.799655076616,36.700344923384364,5387.294701087996,43.705298912003855,5419.781232990642,49.71876700935809,5450.309994431879,54.190005568120796
2024-03-11,,,,,,,,,,,,,5123.0,5185.75,5240.5,5291.5,5339.5,5382.5,5425.0,5463.5,5498.5,5117.93994140625,0.0532069,0.0531498,0.0520921,0.0494214,0.01478424647995966,,,,,,,,,,0.010958904109589041,0.27945205479452057,0.5287671232876713,0.7780821917808219,1.0273972602739727,1.2767123287671234,1.526027397260274,1.7753424657534247,2.0246575342465754,,,,,,,,,,0.0532,0.0531,0.0519,0.0506,0.0493,0.0479,0.0466,0.0453,0.0439,,,,,,,,,,,,,,,,,,,5120.095019881831,2.904980118169078,5173.034286351813,12.715713648187375,5219.374635598093,21.125364401907063,5262.57053839866,28.929461601340336,5302.685516705548,36.81448329445175,5338.96222226743,43.53777773257025,5372.555685672403,52.44431432759666,5402.85715265981,60.6428473401902,5428.709435193237,69.79056480676263
2024-03-12,,,,,,,,,,,,,5177.25,5241.25,5297.25,5349.25,5399.0,5442.0,5484.5,5528.0,5568.0,5175.27001953125,0.05325440000000001,0.0532516,0.05233259999999999,0.0498235,0.01463171090291761,,,,,,,,,,0.00821917808219178,0.27671232876712326,0.5260273972602739,0.7753424657534247,1.0246575342465754,1.273972602739726,1.5232876712328767,1.7726027397260273,2.021917808219178,,,,,,,,,,0.0532,0.0532,0.0522,0.051,0.0497,0.0484,0.0472,0.046,0.045,,,,,,,,,,,,,,,,,,,5176.910838301525,0.3391616984754364,5230.797941784331,10.45205821566924,5278.560694458408,18.689305541592148,5323.2786143386165,25.971385661383465,5364.614410014621,34.38558998537883,5402.767869233481,39.23213076651882,5438.49511177174,46.004888228259915,5471.18391398264,56.81608601736025,5503.001661522913,64.99833847708669
2024-03-13,,,,,,,,,,,,,5168.0,5232.5,5289.0,5341.0,5392.0,5437.75,5480.75,5520.75,5560.75,5165.31005859375,0.0532533,0.0532927,0.0525075,0.0501058,0.01454284321253156,,,,,,,,,,0.005479452054794521,0.273972602739726,0.5232876712328767,0.7726027397260274,1.021917808219178,1.2712328767123289,1.5205479452054795,1.7698630136986302,2.0191780821917806,,,,,,,,,,0.0532,0.0533,0.0524,0.0512,0.05,0.0488,0.0476,0.0466,0.0459,,,,,,,,,,,,,,,,,,,5166.404290648514,1.5957093514862208,5220.449611179107,12.050388820893204,5268.656070205519,20.343929794480573,5313.690223565988,27.309776434011837,5355.9036121291465,36.096387870853505,5395.2231242051885,42.52687579481153,5431.580302122784,49.169697877216095,5466.846312133711,53.90368786628915,5502.930756752275,57.81924324772535
2024-03-14,,,,,,,,,,,,,5153.75,5218.0,5274.0,5326.5,5377.0,5422.75,5465.75,5505.75,5545.75,5150.47998046875,0.0532667,0.0532954,0.0525677,0.0503369,0.01431186690663662,,,,,,,,,,0.0027397260273972603,0.27123287671232876,0.5205479452054794,0.7698630136986301,1.0191780821917809,1.2684931506849315,1.5178082191780822,1.7671232876712328,2.0164383561643837,,,,,,,,,,0.0532,0.0533,0.0525,0.0514,0.0502,0.0491,0.048,0.0471,0.0465,,,,,,,,,,,,,,,,,,,5151.028756417302,2.7212435826977526,5205.234604284085,12.765395715914565,5253.889527265498,20.110472734501855,5299.660131339346,26.839868660654247,5342.353622164929,34.64637783507078,5382.852396928684,39.89760307131564,5420.684157040401,45.06584295959874,5457.717073816579,48.032926183421296,5495.861182062381,49.888817937619024
2024-03-15,,,,,,,,,,,,,5101.6699,5182.75,5239.25,5292.0,5343.5,5390.0,5434.5,5478.5,5519.5,5117.08984375,0.0532632,0.0532968,0.0526556,0.0505951,0.01441907595837434,,,,,,,,,,0.0,0.2684931506849315,0.5178082191780822,0.7671232876712328,1.0164383561643835,1.2657534246575342,1.515068493150685,1.7643835616438357,2.0136986301369864,,,,,,,,,,0.0532,0.0533,0.0526,0.0516,0.0505,0.0495,0.0485,0.0477,0.0472,,,,,,,,,,,,,,,,,,,5117.08984375,-15.41994375000013,5170.788282638634,11.961717361366027,5219.263415774227,19.986584225773186,5265.14265535748,26.85734464251982,5308.237836722074,35.26216327792645,5349.428256803322,40.571743196677744,5388.250888626009,46.24911137399067,5426.564271605117,51.93572839488297,5466.271677311845,53.22832268815455
2024-03-18,,,,,,,,,,,,,,5214.75,5272.5,5326.25,5377.5,5424.0,5468.5,5512.5,5553.5,5149.419921875,0.0532875,0.0533251,0.0527514,0.0507859,0.01446927233284294,,,,,,,,,,,0.2602739726027397,0.5095890410958904,0.7589041095890411,1.0082191780821919,1.2575342465753425,1.5068493150684932,1.7561643835616438,2.0054794520547947,,,,,,,,,,,0.0533,0.0527,0.0518,0.0508,0.0497,0.0488,0.0481,0.0478,,,,,,,,,,,,,,,,,,,,,5201.72707135544,13.022928644560125,5250.724313979671,21.775686020328976,5297.391419753332,28.85858024666777,5341.536833970335,35.963166029665445,5382.6882191934155,41.311780806584466,5422.816366309001,45.68363369099916,5462.710842930003,49.78915706999669,5505.393021959723,48.10697804027677
2024-03-19,,,,,,,,,,,,,,5241.75,5299.25,5353.25,5405.0,5451.0,5495.5,5539.5,5580.5,5178.509765625,0.0532864,0.05333,0.05279569999999999,0.0509686,0.01444099109404141,,,,,,,,,,,0.25753424657534246,0.5068493150684932,0.7561643835616438,1.0054794520547945,1.2547945205479452,1.5041095890410958,1.7534246575342465,2.0027397260273974,,,,,,,,,,,0.0533,0.0528,0.0519,0.0509,0.05,0.0491,0.0485,0.0482,,,,,,,,,,,,,,,,,,,,,5230.594017128728,11.15598287127159,5280.1766956189995,19.073304381000526,5327.2890790444835,25.960920955516485,5371.8701629244,33.129837075600335,5414.803406174025,36.19659382597456,5455.630924711187,39.86907528881329,5497.190980065409,42.30901993459065,5540.738710381657,39.761289618342744
2024-03-20,,,,,,,,,,,,,,5286.75,5344.0,5397.5,5448.5,5495.0,5539.5,5583.5,5624.5,5224.6201171875,0.0532882,0.0532852,0.05271600000000001,0.050796,0.0142002087615079,,,,,,,,,,,0.2547945205479452,0.5041095890410959,0.7534246575342466,1.0027397260273974,1.252054794520548,1.5013698630136987,1.7506849315068493,2.0,,,,,,,,,,,0.0533,0.0527,0.0518,0.0508,0.0498,0.0489,0.0482,0.0479,,,,,,,,,,,,,,,,,,,,,5276.930072307626,9.819927692374222,5327.010528121642,16.989471878358017,5374.742684413144,22.75731558685584,5419.925960871271,28.574039128729055,5462.764496532552,32.235503467448325,5504.023174919006,35.476825080993876,5545.046532485193,38.453467514807016,5588.895445054881,35.60455494511916
2024-03-21,,,,,,,,,,,,,,5302.5,5360.5,5414.75,5466.25,5512.5,5557.0,5601.0,5642.0,5241.52978515625,0.0532941,0.0531996,0.0524578,0.0503684,0.01417197488365296,,,,,,,,,,,0.25205479452054796,0.5013698630136987,0.7506849315068493,1.0,1.2493150684931507,1.4986301369863013,1.747945205479452,1.9972602739726026,,,,,,,,,,,0.0532,0.0525,0.0514,0.0504,0.0493,0.0483,0.0474,0.0467,,,,,,,,,,,,,,,,,,,,,5293.346212866113,9.153787133886908,5343.227740527273,17.272259472726546,5390.078328164883,24.671671835117195,5434.901649135071,31.34835086492876,5476.681602548155,35.81839745184516,5516.5832181044625,40.4167818955375,5554.976355503106,46.02364449689412,5593.360849482695,48.6391505173051
2024-03-22,,,,,,,,,,,,,,5293.25,5350.5,5404.0,5456.25,5502.5,5547.0,5591.0,5632.0,5234.18017578125,0.0532871,0.0531248,0.05229,0.0500378,0.01417547931647925,,,,,,,,,,,0.2493150684931507,0.4986301369863014,0.7479452054794521,0.9972602739726028,1.2465753424657535,1.4958904109589042,1.7452054794520548,1.9945205479452055,,,,,,,,,,,0.0531,0.0523,0.0512,0.0501,0.0489,0.0478,0.0468,0.046,,,,,,,,,,,,,,,,,,,,,5285.222386071206,8.02761392879438,5334.6339133410975,15.866086658902532,5381.152337440791,22.84766255920931,5425.099959454313,31.15004054568726,5465.726003833924,36.77399616607636,5504.185625838214,42.81437416178596,5540.84335814203,50.15664185796959,5577.189011345769,54.81098865423064
2024-03-25,,,,,,,,,,,,,,5278.25,5335.5,5389.75,5441.75,5489.25,5533.25,5576.75,5620.25,5218.18994140625,0.0533217,0.0530755,0.052216,0.0499292,0.01439071375725753,,,,,,,,,,,0.2410958904109589,0.4904109589041096,0.7397260273972602,0.989041095890411,1.2383561643835617,1.4876712328767123,1.736986301369863,1.9863013698630136,,,,,,,,,,,0.0531,0.0523,0.0512,0.05,0.0488,0.0477,0.0467,0.046,,,,,,,,,,,,,,,,,,,,,5267.11743736467,11.132562635330032,5316.109382121151,19.390617878849298,5362.22700245472,27.522997545280305,5405.244223089699,36.50577691030139,5445.347307263464,43.902692736535755,5483.282150105305,49.967849894695064,5519.412231683247,57.33776831675277,5556.320762215243,63.92923778475688
2024-03-26,,,,,,,,,,,,,,5265.25,5322.5,5376.75,5428.25,5476.5,5520.5,5564.0,5607.5,5203.580078125,0.0533016,0.0530942,0.0522513,0.050099,0.01447806371948192,,,,,,,,,,,0.23835616438356164,0.4876712328767123,0.736986301369863,0.9863013698630136,1.2356164383561643,1.484931506849315,1.7342465753424658,1.9835616438356165,,,,,,,,,,,0.0531,0.0523,0.0513,0.0502,0.0491,0.048,0.047,0.0462,,,,,,,,,,,,,,,,,,,,,5251.704244106111,13.545755893888781,5300.4490084987065,22.050991501293538,5346.724486458265,30.025513541734654,5390.183667515828,38.06633248417165,5431.016400568534,45.483599431466246,5469.157838971295,51.34216102870505,5505.501812989537,58.49818701046297,5541.522493544305,65.97750645569522
2024-03-27,,,,,,,,,,,,,,5308.25,5366.0,5419.5,5472.5,5519.75,5563.75,5605.75,5646.75,5248.490234375,0.05327340000000001,0.05301910000000001,0.05224039999999999,0.0501214,0.01424729474081557,,,,,,,,,,,0.2356164383561644,0.4849315068493151,0.7342465753424657,0.9835616438356164,1.2328767123287672,1.4821917808219178,1.7315068493150685,1.9808219178082191,,,,,,,,,,,0.053,0.0523,0.0513,0.0502,0.0491,0.0481,0.0472,0.0466,,,,,,,,,,,,,,,,,,,,,5296.632468057641,11.617531942359165,5346.239499886403,19.760500113597118,5393.239812788556,26.260187211443736,5437.406292626684,35.09370737331574,5478.92848286471,40.82151713529038,5518.558375577168,45.19162442283232,5556.666042133308,49.08395786669189,5595.850878188934,50.899121811065925
2024-03-28,,,,,,,,,,,,,,5308.5,5367.0,5421.75,5475.0,5523.25,5568.75,5612.25,5655.75,5254.35009765625,0.0532874,0.0529823,0.0521781,0.0499982,0.01422549130173642,,,,,,,,,,,0.2328767123287671,0.4821917808219178,0.7315068493150685,0.9808219178082191,1.2301369863013698,1.4794520547945205,1.7287671232876711,1.978082191780822,,,,,,,,,,,0.053,0.0522,0.0512,0.0501,0.0489,0.0479,0.047,0.0464,,,,,,,,,,,,,,,,,,,,,5302.010051451337,6.489948548663051,5351.448754681886,15.551245318113615,5398.404407986563,23.345592013437454,5442.523478110564,32.4765218894363,5483.319792973276,39.93020702672402,5522.751214948628,45.99878505137167,5560.654497217909,51.59550278209099,5599.627883887326,56.12211611267412
2024-04-01,,,,,,,,,,,,,,5295.25,5353.75,5409.5,5463.5,5512.75,5561.5,5605.0,5648.5,5243.77001953125,0.0532412,0.0530211,0.0523164,0.0502696,0.01446198859272288,,,,,,,,,,,0.2219178082191781,0.4712328767123288,0.7205479452054795,0.9698630136986301,1.2191780821917808,1.4684931506849315,1.7178082191780821,1.9671232876712328,,,,,,,,,,,0.0531,0.0524,0.0515,0.0504,0.0493,0.0483,0.0476,0.0471,,,,,,,,,,,,,,,,,,,,,5288.9258473474065,6.3241526525935114,5338.359239656888,15.390760343111651,5385.598098963172,23.90190103682835,5429.763925668527,33.73607433147299,5471.290155987649,41.45984401235091,5510.920102643527,50.57989735647334,5550.929867275766,54.0701327242341,5591.478270531358,57.02172946864175
2024-04-02,,,,,,,,,,,,,,5260.5,5318.5,5373.25,5427.25,5476.5,5525.25,5568.75,5612.25,5205.81005859375,0.0532404,0.0530812,0.0525134,0.05072409999999999,0.01459960141706123,,,,,,,,,,,0.2191780821917808,0.4684931506849315,0.7178082191780822,0.9671232876712329,1.2164383561643837,1.4657534246575343,1.715068493150685,1.9643835616438357,,,,,,,,,,,0.0531,0.0526,0.0518,0.0509,0.0499,0.049,0.0484,0.0481,,,,,,,,,,,,,,,,,,,,,5249.924861135687,10.575138864312976,5299.318605383254,19.18139461674582,5346.692110983108,26.55788901689175,5391.816179192124,35.433820807876145,5434.220454415173,42.27954558482725,5475.030370683487,50.21962931651342,5516.509478782611,52.24052121738896,5559.915737914454,52.33426208554556
2024-04-03,,,,,,,,,,,,,,5266.5,5324.25,5378.75,5432.25,5481.5,5530.25,5573.75,5617.25,5211.490234375,0.0532341,0.0530633,0.05244620000000001,0.0506794,0.01456987632796359,,,,,,,,,,,0.21643835616438356,0.4657534246575342,0.7150684931506849,0.9643835616438357,1.2136986301369863,1.463013698630137,1.7123287671232876,1.9616438356164383,,,,,,,,,,,0.0531,0.0526,0.0517,0.0508,0.0499,0.049,0.0483,0.0479,,,,,,,,,,,,,,,,,,,,,5255.13264121753,11.367358782469637,5304.621961182372,19.628038817628294,5351.711572936707,27.038427063293057,5396.796754987047,35.45324501295272,5439.8199943044165,41.68000569558353,5480.726093039128,49.52390696087241,5521.3528369357755,52.397163064224515,5563.612791985905,53.63720801409545
2024-04-04,,,,,,,,,,,,,,5197.25,5254.0,5307.25,5358.0,5407.25,5456.0,5499.5,5543.0,5147.2099609375,0.0532152,0.0530184,0.0523892,0.0505943,0.01465136127428772,,,,,,,,,,,0.2136986301369863,0.46301369863013697,0.7123287671232876,0.9616438356164384,1.210958904109589,1.4602739726027398,1.7095890410958905,1.9589041095890412,,,,,,,,,,,0.0531,0.0525,0.0517,0.0507,0.0498,0.0489,0.0482,0.0478,,,,,,,,,,,,,,,,,,,,,5189.675826967934,7.574173032066028,5238.206930410549,15.793069589451079,5284.85733092179,22.39266907821002,5328.771713800951,29.228286199048853,5371.022874194772,36.22712580522784,5411.180134014989,44.81986598501135,5451.055162995748,48.444837004251895,5492.534559281127,50.46544071887274
2024-04-05,,,,,,,,,,,,,,5253.0,5311.0,5366.0,5418.75,5468.25,5516.0,5559.5,5603.0,5204.33984375,0.0531846,0.0529339,0.0522034,0.0503107,0.01453951685408455,,,,,,,,,,,0.21095890410958903,0.4602739726027397,0.7095890410958904,0.958904109589041,1.2082191780821918,1.4575342465753425,1.7068493150684931,1.9561643835616438,,,,,,,,,,,0.053,0.0523,0.0514,0.0505,0.0495,0.0486,0.0477,0.0471,,,,,,,,,,,,,,,,,,,,,5246.737444184566,6.262555815434098,5295.582754137938,15.417245862062373,5342.259323284857,23.74067671514331,5386.929291910128,31.820708089871914,5428.879662878826,39.37033712117409,5469.226416510434,46.77358348956568,5507.4009270343495,52.09907296565052,5546.60772570298,56.39227429701987
2024-04-08,,,,,,,,,,,,,,5253.25,5311.5,5367.25,5420.0,5469.5,5517.25,5565.75,5614.25,5202.39013671875,0.0531742,0.0529723,0.0523086,0.0505254,0.01469644952670211,,,,,,,,,,,0.20273972602739726,0.4520547945205479,0.7013698630136986,0.9506849315068493,1.2,1.4493150684931506,1.6986301369863013,1.9479452054794522,,,,,,,,,,,0.053,0.0525,0.0516,0.0507,0.0498,0.0489,0.0481,0.0476,,,,,,,,,,,,,,,,,,,,,5242.947357396513,10.302642603486674,5292.059226542331,19.44077345766891,5338.801554570717,28.44844542928331,5383.5402380619935,36.45976193800652,5426.2181729529075,43.28182704709252,5466.780574578523,50.469425421477354,5506.110299813349,59.63970018665077,5546.751688421774,67.4983115782261
2024-04-09,,,,,,,,,,,,,,5260.25,5318.25,5373.0,5426.0,5475.5,5523.25,5571.75,5620.25,5209.91015625,0.0532065,0.0530586,0.052493,0.0508765,0.01453071499074244,,,,,,,,,,,0.2,0.44931506849315067,0.6986301369863014,0.947945205479452,1.1972602739726028,1.4465753424657535,1.6958904109589041,1.9452054794520548,,,,,,,,,,,0.0531,0.0526,0.0519,0.0511,0.0502,0.0494,0.0488,0.0483,,,,,,,,,,,,,,,,,,,,,5250.254061696159,9.995938303841285,5299.7927421368195,18.45725786318053,5347.717957127444,25.282042872556303,5393.682112950554,32.317887049445744,5437.2206972765225,38.279302723477485,5479.444126466195,43.805873533805425,5521.665650065477,50.084349934522834,5563.63020275872,56.61979724128014
2024-04-10,,,,,,,,,,,,,,5207.75,5266.75,5324.25,5381.0,5435.5,5483.25,5531.75,5590.25,5160.64013671875,0.0531895,0.0529892,0.0523137,0.0506156,0.01468941095895269,,,,,,,,,,,0.19726027397260273,0.4465753424657534,0.6958904109589041,0.9452054794520548,1.1945205479452055,1.4438356164383561,1.6931506849315068,1.9424657534246574,,,,,,,,,,,0.0531,0.0525,0.0517,0.0508,0.0499,0.0491,0.0483,0.0476,,,,,,,,,,,,,,,,,,,,,5199.890213730113,7.859786269887081,5248.518813590222,18.231186409778275,5295.280453219879,28.969546780121163,5339.823264722287,41.176735277713306,5382.324808725307,53.175191274693134,5423.513557923927,59.73644207607322,5462.83792472626,68.9120752737399,5501.321419323382,88.92858067661837
2024-04-11,,,,,,,,,,,,,,5243.25,5302.0,5358.75,5398.0,5471.5,5519.25,5573.25,5631.75,5199.06005859375,0.05320979999999999,0.0532856,0.0530621,0.0520036,0.01459728398425342,,,,,,,,,,,0.19452054794520549,0.4438356164383562,0.6931506849315069,0.9424657534246575,1.1917808219178083,1.441095890410959,1.6904109589041096,1.9397260273972603,,,,,,,,,,,0.0533,0.0531,0.0527,0.0521,0.0516,0.051,0.0507,0.0507,,,,,,,,,,,,,,,,,,,,,5238.348750980455,4.9012490195445935,5288.669637690502,13.330362309498014,5338.201374551326,20.548625448674102,5386.107087680651,11.892912319349307,5433.46460125196,38.03539874804028,5479.0824769926885,40.1675230073115,5526.232381938877,47.01761806112336,5576.19826234877,55.551737651229814
2024-04-12,,,,,,,,,,,,,,5167.5,5225.5,5281.5,5335.75,5384.75,5435.0,5486.0,5535.0,5123.41015625,0.05319289999999999,0.0532766,0.0530337,0.0520904,0.01470217676290139,,,,,,,,,,,0.1917808219178082,0.4410958904109589,0.6904109589041096,0.9397260273972603,1.189041095890411,1.4383561643835616,1.6876712328767123,1.936986301369863,,,,,,,,,,,0.0533,0.0531,0.0527,0.0522,0.0517,0.0512,0.0509,0.0507,,,,,,,,,,,,,,,,,,,,,5161.476003338218,6.023996661781894,5210.9250120986435,14.574987901356508,5259.596838089694,21.903161910306153,5307.165793824747,28.584206175252802,5353.830016801371,30.91998319862887,5399.558184422093,35.44181557790671,5446.1573600982565,39.842639901743496,5493.401001508387,41.5989984916132
2024-04-15,,,,,,,,,,,,,,5104.0,5161.25,5216.25,5270.75,5319.75,5370.0,5421.0,5470.0,5061.81982421875,0.0531624,0.0531707,0.0528184,0.0517201,0.01505427588787699,,,,,,,,,,,0.18356164383561643,0.4328767123287671,0.6821917808219178,0.9315068493150684,1.180821917808219,1.4301369863013698,1.6794520547945206,1.9287671232876713,,,,,,,,,,,0.0532,0.0529,0.0524,0.0519,0.0513,0.0508,0.0503,0.05,,,,,,,,,,,,,,,,,,,,,5097.387530271405,6.612469728594988,5145.428241519929,15.821758480071367,5192.436324587666,23.813675412334305,5238.567651807634,32.18234819236568,5283.167447193268,36.582552806731655,5327.314951758069,42.68504824193133,5370.492252646375,50.507747353624836,5414.758231117827,55.241768882173346
2024-04-16,,,,,,,,,,,,,,5092.5,5149.75,5205.0,5259.5,5311.0,5364.0,5415.0,5464.0,5051.41015625,0.0531889,0.0532693,0.0530482,0.0522001,0.01514688426267108,,,,,,,,,,,0.18082191780821918,0.4301369863013699,0.6794520547945205,0.9287671232876712,1.178082191780822,1.4273972602739726,1.6767123287671233,1.926027397260274,,,,,,,,,,,0.0533,0.0531,0.0528,0.0523,0.0519,0.0515,0.0511,0.0509,,,,,,,,,,,,,,,,,,,,,5086.379916655378,6.120083344621889,5134.551418868371,15.198581131628998,5182.310141025625,22.689858974375056,5228.759368982,30.740631018000386,5274.931187805947,36.06881219405295,5320.449439927648,43.5505600723518,5365.290251671073,49.70974832892716,5411.514096235506,52.48590376449374
2024-04-17,,,,,,,,,,,,,,5062.25,5119.5,5175.0,5229.5,5281.0,5334.0,5385.0,5434.0,5022.2099609375,0.0531882,0.0532656,0.0530154,0.0521009,0.01530890121925127,,,,,,,,,,,0.1780821917808219,0.4273972602739726,0.6767123287671233,0.9260273972602739,1.1753424657534246,1.4246575342465753,1.673972602739726,1.9232876712328768,,,,,,,,,,,0.0533,0.0531,0.0527,0.0522,0.0518,0.0513,0.0509,0.0507,,,,,,,,,,,,,,,,,,,,,5056.303113187404,5.946886812595949,5103.986393427264,15.513606572735625,5150.908390487582,24.091609512417563,5196.743795527388,32.7562044726119,5242.296187713045,38.703812286955326,5286.44003528564,47.55996471435992,5330.518923013916,54.48107698608419,5375.960910322981,58.03908967701864
2024-04-18,,,,,,,,,,,,,,5049.0,5105.75,5161.0,5215.75,5267.75,5318.75,5367.75,5416.75,5011.1201171875,0.0531544,0.0532456,0.0529978,0.0520367,0.01531756630037178,,,,,,,,,,,0.17534246575342466,0.4246575342465753,0.673972602739726,0.9232876712328767,1.1726027397260275,1.4219178082191781,1.6712328767123288,1.9205479452054794,,,,,,,,,,,0.0532,0.0531,0.0527,0.0522,0.0517,0.0512,0.0508,0.0506,,,,,,,,,,,,,,,,,,,,,5044.516772282071,4.483227717929367,5092.169978022377,13.580021977622891,5138.977874183042,22.02212581695767,5184.703017049651,31.046982950349047,5229.531045615847,38.21895438415322,5273.431756802981,45.318243197019,5317.263951016429,50.48604898357098,5362.450599171119,54.29940082888061
2024-04-19,,,,,,,,,,,,,,5003.75,5059.75,5114.0,5168.75,5220.75,5271.75,5320.75,5369.75,4967.22998046875,0.053169,0.053264,0.053029,0.0521451,0.01544586203603796,,,,,,,,,,,0.1726027397260274,0.42191780821917807,0.6712328767123288,0.9205479452054794,1.16986301369863,1.4191780821917808,1.6684931506849314,1.917808219178082,,,,,,,,,,,0.0532,0.0531,0.0528,0.0523,0.0518,0.0514,0.051,0.0508,,,,,,,,,,,,,,,,,,,,,4999.704468497568,4.045531502431913,5046.7743069422695,12.975693057730496,5093.349464712542,20.650535287458297,5138.639407496055,30.110592503944645,5183.0396963839285,37.71030361607154,5227.262201102352,44.487798897647735,5270.810640283338,49.939359716661784,5315.700463834392,54.049536165607606
2024-04-22,,,,,,,,,,,,,,5047.5,5104.0,5159.0,5213.75,5265.75,5316.75,5365.75,5414.75,5010.60009765625,0.0531571,0.0532294,0.0529803,0.0521604,0.01551150002772604,,,,,,,,,,,0.1643835616438356,0.4136986301369863,0.663013698630137,0.9123287671232877,1.1616438356164382,1.4109589041095891,1.6602739726027398,1.9095890410958904,,,,,,,,,,,0.0532,0.0531,0.0527,0.0523,0.0519,0.0515,0.0511,0.0508,,,,,,,,,,,,,,,,,,,,,5041.738977313053,5.761022686947399,5089.125451685102,14.874548314897766,5135.679556572582,23.32044342741756,5181.625938286512,32.12406171348812,5226.940751477314,38.809248522686175,5271.6003194002615,45.14968059973853,5315.581154359024,50.16884564097563,5359.883397877745,54.866602122255244
2024-04-23,,,,,,,,,,,,,,5106.5,5163.75,5219.25,5273.0,5325.0,5376.0,5425.0,5474.0,5070.5498046875,0.05316849999999999,0.0532355,0.052977,0.0521061,0.01538809368632036,,,,,,,,,,,0.16164383561643836,0.410958904109589,0.6602739726027397,0.9095890410958904,1.158904109589041,1.4082191780821918,1.6575342465753424,1.906849315068493,,,,,,,,,,,0.0532,0.0531,0.0527,0.0523,0.0518,0.0514,0.051,0.0507,,,,,,,,,,,,,,,,,,,,,5101.636221551555,4.863778448445373,5149.745511197993,14.004488802006563,5197.019743666909,22.230256333091347,5243.681982177625,29.318017822374713,5289.095045473486,35.9049545265143,5334.322641084876,41.67735891512439,5378.864050034115,46.13594996588472,5423.729827485952,50.27017251404777
2024-04-24,,,,,,,,,,,,,,5107.5,5165.0,5220.5,5274.0,5326.0,5377.0,5426.0,5480.0,5071.6298828125,0.0531816,0.0532445,0.0528965,0.05188259999999999,0.01544685085994927,,,,,,,,,,,0.1589041095890411,0.40821917808219177,0.6575342465753424,0.9068493150684932,1.1561643835616437,1.4054794520547946,1.6547945205479453,1.904109589041096,,,,,,,,,,,0.0532,0.0531,0.0526,0.0521,0.0516,0.0511,0.0506,0.0501,,,,,,,,,,,,,,,,,,,,,5102.146698227997,5.353301772002851,5150.186766896391,14.813233103608582,5197.052873206589,23.44712679341137,5243.038124314523,30.961875685477025,5288.111697914803,37.88830208519721,5332.243187623489,44.756812376511334,5375.402637000938,50.59736299906217,5417.560573299694,62.439426700306285
2024-04-25,,,,,,,,,,,,,,5082.25,5139.75,5195.5,5251.5,5306.0,5357.0,5406.0,5460.0,5048.419921875,0.0531826,0.0532487,0.0529366,0.0519722,0.01557039271090262,,,,,,,,,,,0.15616438356164383,0.4054794520547945,0.6547945205479452,0.9041095890410958,1.1534246575342466,1.4027397260273973,1.652054794520548,1.9013698630136986,,,,,,,,,,,0.0532,0.0531,0.0526,0.0522,0.0517,0.0512,0.0507,0.0504,,,,,,,,,,,,,,,,,,,,,5078.173816384687,4.076183615313312,5125.831686596626,13.918313403373759,5172.323935668789,23.17606433121091,5218.408585651165,33.091414348835315,5263.246741082478,42.753258917521634,5307.1468429640645,49.85315703593551,5350.079088640709,55.920911359290585,5394.064989963416,65.93501003658366
2024-04-26,,,,,,,,,,,,,,5131.5,5189.25,5245.5,5301.0,5355.5,5406.5,5455.5,5514.5,5099.9599609375,0.0531573,0.053295,0.0531384,0.05243800000000001,0.0156056316614739,,,,,,,,,,,0.15342465753424658,0.40273972602739727,0.6520547945205479,0.9013698630136986,1.1506849315068493,1.4,1.6493150684931508,1.8986301369863015,,,,,,,,,,,0.0532,0.0532,0.0529,0.0526,0.0522,0.0519,0.0516,0.0514,,,,,,,,,,,,,,,,,,,,,5129.4610336181995,2.038966381800492,5177.764681704922,11.485318295078287,5225.500906803165,19.99909319683502,5272.888409083268,28.111590916731984,5319.297666844526,36.20233315547375,5365.796377972344,40.70362202765591,5411.891937921242,43.60806207875794,5458.603322886285,55.89667711371476
2024-04-29,,,,,,,,,,,,,,5147.0,5204.5,5260.25,5316.0,5370.5,5421.5,5470.5,5529.5,5116.169921875,0.0531317,0.0532681,0.0530909,0.0523653,0.01565164898106707,,,,,,,,,,,0.14520547945205478,0.39452054794520547,0.6438356164383562,0.8931506849315068,1.1424657534246576,1.3917808219178083,1.641095890410959,1.8904109589041096,,,,,,,,,,,0.0532,0.0532,0.0529,0.0525,0.0521,0.0518,0.0515,0.0513,,,,,,,,,,,,,,,,,,,,,5144.140620140122,2.859379859877663,5192.522931324033,11.97706867596662,5240.348019272022,19.901980727978298,5287.350273646921,28.64972635307913,5333.710179797346,36.78982020265357,5380.152280354039,41.34771964596075,5426.187006394786,44.312993605213705,5472.831534079499,56.66846592050115
2024-04-30,,,,,,,,,,,,,,5067.0,5124.0,5180.25,5235.75,5290.5,5341.5,5390.5,5449.5,5035.68994140625,0.0531592,0.05328140000000001,0.0531151,0.0523454,0.0159126918875103,,,,,,,,,,,0.14246575342465753,0.3917808219178082,0.6410958904109589,0.8904109589041096,1.1397260273972603,1.389041095890411,1.6383561643835616,1.8876712328767122,,,,,,,,,,,0.0532,0.0532,0.0529,0.0525,0.0521,0.0517,0.0514,0.0513,,,,,,,,,,,,,,,,,,,,,5062.511531736949,4.4884682630508905,5109.7935288184935,14.206471181506458,5156.525278848742,23.724721151257654,5202.442807541653,33.307192458347345,5247.72244658188,42.77755341812008,5292.340505047262,49.15949495273799,5337.147829007317,53.35217099268266,5383.561529018389,65.93847098161132
2024-05-01,,,,,,,,,,,,,,5046.5,5102.75,5158.0,5213.75,5263.5,5314.5,5364.5,5416.75,5018.39013671875,0.0532021,0.0533272,0.05326450000000001,0.05263130000000001,0.01603045884733138,,,,,,,,,,,0.13972602739726028,0.38904109589041097,0.6383561643835617,0.8876712328767123,1.1369863013698631,1.3863013698630138,1.6356164383561644,1.884931506849315,,,,,,,,,,,0.0533,0.0533,0.0531,0.0528,0.0524,0.0521,0.0519,0.052,,,,,,,,,,,,,,,,,,,,,5044.591691869041,1.9083081309590852,5091.683770208571,11.066229791428668,5138.559372615377,19.44062738462344,5184.889117994392,28.86088200560789,5230.2593327149825,33.24066728501748,5275.705669826178,38.794330173822345,5321.621251873851,42.87874812614882,5370.437164038494,46.3128359615057
2024-05-02,,,,,,,,,,,,,,5091.5,5148.0,5202.75,5258.75,5308.5,5359.5,5404.5,5451.75,5064.2001953125,0.0532284,0.05335930000000001,0.05328459999999999,0.05257419999999999,0.01593406971553143,,,,,,,,,,,0.136986301369863,0.3863013698630137,0.6356164383561644,0.8849315068493151,1.1342465753424658,1.3835616438356164,1.632876712328767,1.8821917808219177,,,,,,,,,,,0.0533,0.0534,0.0531,0.0528,0.0523,0.052,0.0518,0.0518,,,,,,,,,,,,,,,,,,,,,5090.1883697494,1.3116302505995918,5138.0280463862055,9.97195361379454,5185.257450218259,17.492549781741218,5232.13826361737,26.611736382629715,5277.4559237918775,31.044076208122533,5323.311940667461,36.188059332538614,5369.639958439884,34.86004156011586,5417.870146346087,33.879853653913415
2024-05-03,,,,,,,,,,,,,,5154.75,5212.0,5267.25,5321.25,5371.0,5422.0,5467.0,5506.25,5127.7900390625,0.0532241,0.0532755,0.05306930000000001,0.05208719999999999,0.01572207381588365,,,,,,,,,,,0.13424657534246576,0.3835616438356164,0.6328767123287671,0.8821917808219178,1.1315068493150684,1.3808219178082193,1.63013698630137,1.8794520547945206,,,,,,,,,,,0.0532,0.0532,0.0529,0.0523,0.0518,0.0513,0.051,0.0509,,,,,,,,,,,,,,,,,,,,,5153.654414088034,1.095585911965827,5202.034867603016,9.96513239698379,5249.872646260545,17.37735373945543,5295.956053783665,25.293946216334916,5341.450233167454,29.549766832546084,5385.992247587575,36.00775241242536,5431.32232844186,35.67767155813999,5478.273521006373,27.976478993627097
2024-05-06,,,,,,,,,,,,,,5206.5,5264.75,5320.75,5374.5,5424.25,5475.25,5520.25,5569.5,5180.740234375,0.053213,0.053212,0.0528248,0.0513716,0.01621957475328025,,,,,,,,,,,0.12602739726027398,0.37534246575342467,0.6246575342465753,0.873972602739726,1.1232876712328768,1.3726027397260274,1.621917808219178,1.8712328767123287,,,,,,,,,,,0.0532,0.0531,0.0525,0.0518,0.051,0.0502,0.0497,0.0494,,,,,,,,,,,,,,,,,,,,,5204.941668554476,1.5583314455243453,5252.9548045860365,11.795195413963484,5299.491059441947,21.258940558052927,5344.37317961102,30.126820388980377,5387.1493708260095,37.100629173990455,5428.102217089995,47.147782910004935,5469.845912004119,50.40408799588113,5512.599282467775,56.90071753222492
2024-05-07,,,,,,,,,,,,,,5213.75,5272.25,5328.5,5382.0,5431.75,5482.75,5527.75,5577.0,5187.7001953125,0.0531987,0.0532322,0.0528738,0.0514518,0.01618678533181011,,,,,,,,,,,0.1232876712328767,0.3726027397260274,0.6219178082191781,0.8712328767123287,1.1205479452054794,1.36986301369863,1.6191780821917807,1.8684931506849316,,,,,,,,,,,0.0532,0.0531,0.0526,0.0519,0.0511,0.0503,0.0498,0.0495,,,,,,,,,,,,,,,,,,,,,5211.427182948394,2.3228170516058526,5259.544581814274,12.705418185725648,5306.521327484855,21.978672515145263,5351.650422019072,30.34957798092819,5394.675278931219,37.0747210687814,5435.8772099912885,46.87279000871149,5477.869550112834,49.88044988716592,5520.87294565401,56.12705434598956
2024-05-08,,,,,,,,,,,,,,5212.75,5271.25,5327.5,5381.0,5430.75,5481.75,5526.75,5576.0,5187.669921875,0.05320859999999999,0.0532557,0.052935,0.0514913,0.0162043639743635,,,,,,,,,,,0.12054794520547946,0.3698630136986301,0.6191780821917808,0.8684931506849315,1.1178082191780823,1.367123287671233,1.6164383561643836,1.8657534246575342,,,,,,,,,,,0.0532,0.0532,0.0527,0.0519,0.0511,0.0504,0.0498,0.0497,,,,,,,,,,,,,,,,,,,,,5210.857288410979,1.8927115890210189,5259.1423308255835,12.107669174416515,5306.2317883957,21.268211604299722,5351.0138971691,29.986102830899654,5394.021819258572,36.72818074142833,5435.949962409802,45.80003759019837,5477.1775119779395,49.5724880220605,5522.216053373291,53.78394662670871
2024-05-09,,,,,,,,,,,,,,5239.0,5298.0,5353.5,5407.25,5456.75,5507.75,5552.75,5602.0,5214.080078125,0.0532085,0.0532353,0.0528979,0.0514959,0.01590767624106085,,,,,,,,,,,0.1178082191780822,0.36712328767123287,0.6164383561643836,0.8657534246575342,1.115068493150685,1.3643835616438356,1.6136986301369862,1.8630136986301369,,,,,,,,,,,0.0532,0.0531,0.0526,0.0519,0.0511,0.0504,0.0499,0.0497,,,,,,,,,,,,,,,,,,,,,5237.037709873074,1.9622901269258364,5285.762271069067,12.237728930933372,5333.358911281031,20.141088718968604,5379.111174041866,28.138825958133566,5422.7579077650935,33.99209223490652,5465.32414747749,42.42585252250956,5508.0796413102335,44.670358689766545,5552.888460760904,49.11153923909569
2024-05-10,,,,,,,,,,,,,,5246.25,5305.5,5362.5,5419.75,5471.75,5522.75,5567.75,5622.0,5222.68017578125,0.0531987,0.0532198,0.0528431,0.0513893,0.01569619948984366,,,,,,,,,,,0.11506849315068493,0.3643835616438356,0.6136986301369863,0.863013698630137,1.1123287671232878,1.3616438356164384,1.610958904109589,1.8602739726027397,,,,,,,,,,,0.0532,0.0531,0.0526,0.0518,0.051,0.0503,0.0497,0.0494,,,,,,,,,,,,,,,,,,,,,5245.267384996475,0.9826150035250976,5294.349097910484,11.150902089516421,5342.312040118985,20.18795988101465,5387.970525718851,31.779474281149305,5431.852014799936,39.897985200063886,5474.652292229667,48.09770777033282,5516.7528697482785,50.9971302517215,5560.616684723572,61.38331527642822
2024-05-13,,,,,,,,,,,,,,5245.5,5305.0,5362.25,5418.5,5470.5,5521.5,5566.5,5620.75,5221.419921875,0.0531677,0.0532238,0.0528854,0.0515198,0.01589609252847445,,,,,,,,,,,0.10684931506849316,0.3561643835616438,0.6054794520547945,0.8547945205479452,1.104109589041096,1.3534246575342466,1.6027397260273972,1.8520547945205479,,,,,,,,,,,0.0532,0.0531,0.0526,0.052,0.0512,0.0505,0.05,0.0497,,,,,,,,,,,,,,,,,,,,,5242.27349617283,3.226503827169836,5291.067849248346,13.932150751654262,5338.756936110878,23.493063889121913,5385.072656302345,33.42734369765458,5428.966386105665,41.53361389433485,5471.775553497644,49.72444650235593,5514.765149838295,51.73485016170525,5558.765601505666,61.98439849433362
2024-05-14,,,,,,,,,,,,,,5269.5,5329.25,5387.0,5443.0,5495.0,5546.0,5591.0,5645.25,5246.68017578125,0.0531964,0.05326699999999999,0.0529355,0.0515822,0.015619236091789,,,,,,,,,,,0.10410958904109589,0.35342465753424657,0.6027397260273972,0.852054794520548,1.1013698630136985,1.3506849315068492,1.6,1.8493150684931507,,,,,,,,,,,0.0532,0.0532,0.0527,0.052,0.0513,0.0506,0.05,0.0498,,,,,,,,,,,,,,,,,,,,,5267.248115791979,2.2518842080207833,5316.831258161215,12.418741838784626,5365.263977979432,21.73602202056827,5411.865909214105,31.13409078589484,5456.967579901183,38.032420098817056,5500.524876746125,45.4751232538747,5543.381820160305,47.618179839694676,5589.034375685089,56.21562431491111
2024-05-15,,,,,,,,,,,,,,5333.0,5394.0,5452.0,5508.0,5557.0,5608.0,5653.0,5702.25,5308.14990234375,0.0532055,0.05329329999999999,0.0529573,0.051564,0.01519886115079588,,,,,,,,,,,0.10136986301369863,0.3506849315068493,0.6,0.8493150684931506,1.0986301369863014,1.347945205479452,1.5972602739726027,1.8465753424657534,,,,,,,,,,,0.0532,0.0532,0.0527,0.052,0.0513,0.0505,0.05,0.0497,,,,,,,,,,,,,,,,,,,,,5328.637234435238,4.362765564762412,5379.362020969088,14.637979030911993,5428.940744367223,23.059255632777422,5476.680222999108,31.319777000891918,5522.911439983949,34.088560016050906,5566.838829683214,41.16117031678641,5611.566047762057,41.43395223794323,5657.331469347346,44.918530652654226
2024-05-16,,,,,,,,,,,,,,5320.25,5381.5,5439.75,5496.75,5548.75,5599.75,5644.75,5694.0,5297.10009765625,0.0532008,0.0532574,0.0527808,0.0510614,0.01494616768999803,,,,,,,,,,,0.09863013698630137,0.34794520547945207,0.5972602739726027,0.8465753424657534,1.095890410958904,1.3452054794520547,1.5945205479452054,1.8438356164383563,,,,,,,,,,,0.0532,0.0531,0.0525,0.0516,0.0507,0.0498,0.0491,0.0486,,,,,,,,,,,,,,,,,,,,,5317.123704790045,3.1262952099550603,5367.890294145941,13.60970585405903,5417.253385716132,22.49661428386844,5464.047142516519,32.70285748348124,5508.7723889277295,39.97761107227052,5551.371895739429,48.37810426057058,5593.5743802568095,51.17561974319051,5636.208874238455,57.79112576154512
2024-05-17,,,,,,,,,,,,,,5327.25,5388.5,5447.0,5505.75,5557.75,5608.75,5656.75,5706.0,5303.27001953125,0.0531976,0.053258,0.05283210000000001,0.0512252,0.01492773486249107,,,,,,,,,,,0.0958904109589041,0.3452054794520548,0.5945205479452055,0.8438356164383561,1.093150684931507,1.3424657534246576,1.5917808219178082,1.841095890410959,,,,,,,,,,,0.0532,0.0532,0.0526,0.0518,0.0509,0.0501,0.0494,0.049,,,,,,,,,,,,,,,,,,,,,5322.768476679705,4.4815233202953095,5373.800631316425,14.699368683574903,5423.387123670644,23.612876329356368,5470.87050634641,34.879493653589634,5515.9655883260175,41.784411673982504,5559.683468610532,49.066531389467855,5602.40464043172,54.3453595682804,5646.601853945174,59.3981460548257
2024-05-20,,,,,,,,,,,,,,5331.75,5393.5,5452.5,5512.25,5565.25,5616.25,5664.25,5716.0,5308.1298828125,0.0532059,0.0532672,0.05287790000000001,0.0513941,0.01499236629981017,,,,,,,,,,,0.08767123287671233,0.336986301369863,0.5863013698630137,0.8356164383561644,1.084931506849315,1.3342465753424657,1.5835616438356164,1.832876712328767,,,,,,,,,,,0.0532,0.0532,0.0527,0.0519,0.0511,0.0503,0.0497,0.0494,,,,,,,,,,,,,,,,,,,,,5325.940393802504,5.809606197495668,5376.916317131677,16.583682868323194,5426.789043793541,25.71095620645883,5474.386479296829,37.86352070317116,5520.198914448978,45.05108555102197,5564.174716313749,52.07528368625117,5608.039890802223,56.210109197776546,5653.66798815899,62.33201184101017
2024-05-21,,,,,,,,,,,,,,5345.25,5407.5,5467.0,5526.5,5579.5,5630.5,5678.5,5730.25,5321.41015625,0.05322250000000001,0.0532946,0.0529466,0.0515806,0.01501163697576778,,,,,,,,,,,0.08493150684931507,0.33424657534246577,0.5835616438356165,0.8328767123287671,1.082191780821918,1.3315068493150686,1.5808219178082192,1.83013698630137,,,,,,,,,,,0.0532,0.0532,0.0528,0.0521,0.0513,0.0506,0.0501,0.0497,,,,,,,,,,,,,,,,,,,,,5338.69761236331,6.552387636689673,5389.7697432110745,17.730256788925544,5440.060458157972,26.93954184202812,5488.353870138037,38.146129861963345,5534.54469433719,44.95530566281013,5579.641261743896,50.85873825610361,5624.920352994062,53.57964700593766,5670.190932634597,60.05906736540328
2024-05-22,,,,,,,,,,,,,,5328.0,5390.25,5449.75,5509.5,5564.0,5615.0,5666.5,5718.25,5307.009765625,0.0532216,0.0533085,0.0529392,0.0514754,0.01511091457676464,,,,,,,,,,,0.0821917808219178,0.3315068493150685,0.5808219178082191,0.8301369863013699,1.0794520547945206,1.3287671232876712,1.5780821917808219,1.8273972602739725,,,,,,,,,,,0.0532,0.0532,0.0527,0.052,0.0512,0.0505,0.0498,0.0495,,,,,,,,,,,,,,,,,,,,,5323.649975609402,4.350024390598264,5374.445128007836,15.804871992164408,5424.149476817237,25.600523182763027,5472.040262384607,37.45973761539335,5517.831734494629,46.16826550537098,5562.526420411957,52.47357958804332,5605.626199883523,60.87380011647656,5651.217815338566,67.03218466143426
2024-05-23,,,,,,,,,,,,,,5285.25,5347.0,5406.5,5466.5,5521.0,5572.0,5623.5,5675.25,5267.83984375,0.05324880000000001,0.0533589,0.053008,0.0516692,0.01522928667300794,,,,,,,,,,,0.07945205479452055,0.3287671232876712,0.5780821917808219,0.8273972602739726,1.0767123287671232,1.326027397260274,1.5753424657534247,1.8246575342465754,,,,,,,,,,,0.0532,0.0533,0.0528,0.0522,0.0514,0.0508,0.0502,0.0498,,,,,,,,,,,,,,,,,,,,,5283.7561291427455,1.4938708572544783,5334.188586067195,12.811413932805408,5383.503347106974,22.996652893026294,5431.470179660981,35.02982033901935,5477.045617459503,43.954382540497136,5522.265109878845,49.73489012115533,5566.192410811695,57.30758918830543,5610.838054672914,64.41194532708596
2024-05-24,,,,,,,,,,,,,,5321.5,5383.75,5443.5,5503.5,5558.0,5612.5,5664.0,5715.75,5304.72021484375,0.0532778,0.0534288,0.0531634,0.0520029,0.01513844482523376,,,,,,,,,,,0.07671232876712329,0.32602739726027397,0.5753424657534246,0.8246575342465754,1.073972602739726,1.3232876712328767,1.5726027397260274,1.821917808219178,,,,,,,,,,,0.0533,0.0534,0.053,0.0524,0.0518,0.0512,0.0507,0.0504,,,,,,,,,,,,,,,,,,,,,5320.272333465928,1.2276665340723412,5371.307418536146,12.442581463854367,5421.542620525652,21.957379474348272,5470.254013861076,33.24598613892431,5517.7520311439075,40.247968856092484,5563.997596823804,48.50240317619591,5609.834565445581,54.165434554419335,5656.700015745301,59.04998425469876
2024-05-28,,,,,,,,,,,,,,5324.75,5386.75,5447.25,5507.5,5562.0,5616.5,5668.0,5719.75,5306.0400390625,0.0532838,0.0534625,0.0532377,0.05214870000000001,0.01541716955202103,,,,,,,,,,,0.06575342465753424,0.3150684931506849,0.5643835616438356,0.8136986301369863,1.063013698630137,1.3123287671232877,1.5616438356164384,1.810958904109589,,,,,,,,,,,0.0533,0.0535,0.0531,0.0526,0.052,0.0514,0.051,0.0507,,,,,,,,,,,,,,,,,,,,,5319.273466191854,5.476533808146087,5370.089106050988,16.66089394901155,5420.095155948928,27.15484405107236,5469.030820745908,38.469179254091614,5516.4462164127035,45.55378358729649,5562.60823457364,53.8917654263596,5609.230304553576,58.76969544642361,5656.139303634793,63.61069636520733
2024-05-29,,,,,,,,,,,,,,5284.0,5345.75,5406.0,5466.5,5521.0,5575.5,5627.0,5678.75,5266.9501953125,0.053292,0.0534734,0.0532594,0.0521326,0.01558555120272008,,,,,,,,,,,0.06301369863013699,0.31232876712328766,0.5616438356164384,0.810958904109589,1.0602739726027397,1.3095890410958904,1.558904109589041,1.8082191780821917,,,,,,,,,,,0.0533,0.0535,0.0531,0.0526,0.052,0.0514,0.0509,0.0507,,,,,,,,,,,,,,,,,,,,,5279.4821295292095,4.517870470790513,5329.690972041379,16.0590279586213,5379.100911477252,26.89908852274766,5427.446042947071,39.053957052929036,5474.2800905979975,46.719909402002486,5519.866604395355,55.63339560464465,5565.035277199047,61.964722800952586,5612.218546599924,66.53145340007632
2024-05-30,,,,,,,,,,,,,,5253.0,5314.75,5374.25,5433.5,5488.0,5542.5,5594.0,5640.75,5235.47998046875,0.0532918,0.0534608,0.05325650000000001,0.0522801,0.01558132417440931,,,,,,,,,,,0.06027397260273973,0.3095890410958904,0.5589041095890411,0.8082191780821918,1.0575342465753426,1.3068493150684932,1.5561643835616439,1.8054794520547945,,,,,,,,,,,0.0533,0.0535,0.0532,0.0527,0.0522,0.0516,0.0512,0.051,,,,,,,,,,,,,,,,,,,,,5247.3961459380425,5.603854061957463,5297.302524859387,17.447475140613278,5346.722516522069,27.527483477931128,5394.924221769805,38.57577823019528,5442.203481935253,45.79651806474703,5487.811316703434,54.688683296565614,5533.868072549434,60.131927450565854,5581.213458071031,59.5365419289692
2024-05-31,,,,,,,,,,,,,,5295.5,5357.75,5417.75,5476.5,5531.0,5585.5,5637.0,5683.75,5277.509765625,0.0532981,0.0534284,0.0531419,0.0520197,0.01533836469339846,,,,,,,,,,,0.057534246575342465,0.30684931506849317,0.5561643835616439,0.8054794520547945,1.0547945205479452,1.3041095890410959,1.5534246575342465,1.8027397260273972,,,,,,,,,,,0.0533,0.0534,0.053,0.0525,0.0519,0.0513,0.0508,0.0504,,,,,,,,,,,,,,,,,,,,,5289.048940228038,6.451059771961809,5339.508128111958,18.241871888041715,5389.218649087406,28.531350912593552,5437.869155675013,38.630844324987265,5485.012451081769,45.98754891823137,5530.909478145644,54.59052185435576,5576.3884175500225,60.611582449977504,5621.853163751732,61.8968362482683
2024-06-03,,,,,,,,,,,,,,5297.25,5359.75,5419.25,5478.0,5532.5,5587.0,5633.0,5679.75,5283.39990234375,0.0532794,0.0533995,0.0530726,0.0518353,0.01533626622964043,,,,,,,,,,,0.049315068493150684,0.29863013698630136,0.547945205479452,0.7972602739726027,1.0465753424657533,1.295890410958904,1.5452054794520549,1.7945205479452055,,,,,,,,,,,0.0532,0.0534,0.053,0.0524,0.0517,0.0511,0.0505,0.0501,,,,,,,,,,,,,,,,,,,,,5293.274561048665,3.9754389513345814,5343.79881920334,15.951180796660083,5393.569840317771,25.680159682228805,5441.850965075928,36.14903492407211,5488.347445790181,44.152554209818845,5534.026616815763,52.97338318423681,5578.416782997488,54.583217002512356,5623.49887586678,56.2511241332204
2024-06-04,,,,,,,,,,,,,,5304.0,5366.5,5426.0,5484.75,5538.5,5588.0,5634.0,5680.75,5291.33984375,0.05327519999999999,0.0533849,0.0529862,0.0515295,0.01528344035205821,,,,,,,,,,,0.04657534246575343,0.2958904109589041,0.5452054794520548,0.7945205479452054,1.0438356164383562,1.2931506849315069,1.5424657534246575,1.7917808219178082,,,,,,,,,,,0.0532,0.0534,0.0529,0.0522,0.0514,0.0506,0.05,0.0495,,,,,,,,,,,,,,,,,,,,,5300.692482735103,3.3075172648968874,5351.355091093933,15.14490890606703,5400.979072352262,25.020927647738063,5448.838450394089,35.911549605911205,5494.6299563035,43.87004369650003,5538.596479935135,49.403520064865006,5582.410077779521,51.58992222047891,5625.895119362967,54.85488063703269
2024-06-05,,,,,,,,,,,,,,5366.0,5429.5,5489.5,5548.25,5602.0,5651.5,5697.5,5744.25,5354.02978515625,0.0532791,0.0533751,0.0528465,0.0511324,0.01514479279550839,,,,,,,,,,,0.043835616438356165,0.29315068493150687,0.5424657534246575,0.7917808219178082,1.0410958904109588,1.2904109589041095,1.5397260273972602,1.789041095890411,,,,,,,,,,,0.0532,0.0533,0.0527,0.0519,0.051,0.0501,0.0493,0.0486,,,,,,,,,,,,,,,,,,,,,5362.968689331136,3.0313106688636253,5414.251985203873,15.248014796126881,5464.222934354234,25.277065645766015,5512.132524961114,36.11747503888637,5557.6658952762455,44.334104723754535,5601.061261059595,50.43873894040462,5643.131657009645,54.368342990354904,5684.267373507477,59.982626492523195
2024-06-06,,,,,,,,,,,,,,5364.0,5427.25,5487.75,5546.25,5600.0,5649.5,5695.5,5742.25,5352.9599609375,0.053263,0.0533444,0.0527509,0.0509229,0.01520089868488499,,,,,,,,,,,0.0410958904109589,0.29041095890410956,0.5397260273972603,0.7890410958904109,1.0383561643835617,1.2876712328767124,1.536986301369863,1.7863013698630137,,,,,,,,,,,0.0532,0.0533,0.0526,0.0517,0.0508,0.0498,0.049,0.0482,,,,,,,,,,,,,,,,,,,,,5361.325710471956,2.674289528044028,5412.516101444511,14.73389855548885,5462.108787574177,25.64121242582314,5509.36274681763,36.88725318236993,5554.532260063277,45.467739936722865,5596.838804121913,52.6611958780868,5638.389230896773,57.11076910322663,5677.982701847532,64.26729815246836
2024-06-07,,,,,,,,,,,,,,5355.75,5419.5,5481.0,5541.25,5595.25,5650.0,5696.0,5752.75,5346.990234375,0.05327639999999999,0.0533399,0.05271289999999999,0.050721,0.01495684555934207,,,,,,,,,,,0.038356164383561646,0.2876712328767123,0.536986301369863,0.7863013698630137,1.0356164383561643,1.284931506849315,1.5342465753424657,1.7835616438356163,,,,,,,,,,,0.0532,0.0533,0.0526,0.0516,0.0506,0.0495,0.0486,0.0478,,,,,,,,,,,,,,,,,,,,,5354.839279631483,0.9107203685171044,5406.295198615485,13.204801384515122,5456.173325273569,24.82667472643061,5503.291633959715,37.958366040285,5548.049731337311,47.20026866268927,5589.66533621562,60.3346637843797,5630.232422023996,65.76757797600385,5669.560605484493,83.18939451550705
2024-06-10,,,,,,,,,,,,,,5371.25,5435.25,5497.0,5557.25,5616.25,5671.0,5717.0,5773.75,5360.7900390625,0.0532907,0.0534321,0.0530144,0.0513965,0.0149841096587988,,,,,,,,,,,0.030136986301369864,0.27945205479452057,0.5287671232876713,0.7780821917808219,1.0273972602739727,1.2767123287671234,1.526027397260274,1.7753424657534247,,,,,,,,,,,0.0532,0.0534,0.0529,0.0522,0.0513,0.0504,0.0497,0.0492,,,,,,,,,,,,,,,,,,,,,5366.967680761706,4.282319238293894,5418.650282449006,16.599717550993773,5469.351402559435,27.648597440565027,5518.291939163632,38.95806083636762,5564.58387088046,51.66612911953962,5608.746551143583,62.25344885641698,5652.448190437252,64.55180956274762,5696.524674664377,77.22532533562298
2024-06-11,,,,,,,,,,,,,,5384.0,5448.25,5509.75,5570.25,5626.25,5681.0,5725.0,5776.75,5375.31982421875,0.0533075,0.053468,0.0531249,0.05158769999999999,0.01499799033881372,,,,,,,,,,,0.0273972602739726,0.27671232876712326,0.5260273972602739,0.7753424657534247,1.0246575342465754,1.273972602739726,1.5232876712328767,1.7726027397260273,,,,,,,,,,,0.0532,0.0535,0.0531,0.0523,0.0515,0.0507,0.05,0.0496,,,,,,,,,,,,,,,,,,,,,5380.948742550195,3.0512574498052345,5432.894533508538,15.355466491461812,5484.142660965336,25.60733903466371,5533.053906378597,37.196093621402724,5580.174976170642,46.07502382935763,5625.452878567243,55.547121432757194,5669.699988218756,55.30001178124439,5715.339448519032,61.410551480968024
2024-06-12,,,,,,,,,,,,,,5427.5,5492.5,5553.5,5613.5,5669.5,5719.25,5763.25,5815.0,5421.02978515625,0.05330460000000001,0.0534661,0.0530741,0.0514544,0.01489950825056077,,,,,,,,,,,0.024657534246575342,0.273972602739726,0.5232876712328767,0.7726027397260274,1.021917808219178,1.2712328767123289,1.5205479452054795,1.7698630136986302,,,,,,,,,,,0.0532,0.0535,0.053,0.0522,0.0514,0.0505,0.0498,0.0493,,,,,,,,,,,,,,,,,,,,,5426.151800528227,1.348199471773114,5478.6639794045295,13.836020595470472,5530.1963004109,23.30369958909978,5579.528400512807,33.97159948719309,5627.055464160745,42.44453583925497,5672.002954970111,47.247045029888795,5716.482482853248,46.76751714675174,5761.339228704004,53.6607712959958
2024-06-13,,,,,,,,,,,,,,5438.5,5503.5,5565.75,5624.5,5677.25,5727.0,5774.25,5822.75,5433.740234375,0.05328839999999999,0.0533922,0.0526988,0.0505249,0.0149171529580581,,,,,,,,,,,0.021917808219178082,0.27123287671232876,0.5205479452054794,0.7698630136986301,1.0191780821917809,1.2684931506849315,1.5178082191780822,1.7671232876712328,,,,,,,,,,,0.0532,0.0534,0.0526,0.0516,0.0504,0.0493,0.0483,0.0474,,,,,,,,,,,,,,,,,,,,,5438.30146928081,0.19853071918987553,5490.753630470386,12.74636952961373,5541.379265697718,24.370734302281562,5589.380584678385,35.119415321614724,5633.838738339999,43.4112616600014,5675.973622433382,51.026377566618066,5716.155509639238,58.09449036076239,5754.768995406309,67.98100459369107
2024-06-14,,,,,,,,,,,,,,5437.5,5502.25,5563.5,5622.5,5675.25,5725.0,5772.25,5820.75,5431.60009765625,0.0533192,0.0534403,0.0527602,0.0504972,0.0145293173982,,,,,,,,,,,0.019178082191780823,0.2684931506849315,0.5178082191780822,0.7671232876712328,1.0164383561643835,1.2657534246575342,1.515068493150685,1.7643835616438357,,,,,,,,,,,0.0532,0.0534,0.0527,0.0516,0.0504,0.0492,0.0482,0.0473,,,,,,,,,,,,,,,,,,,,,5435.629826778645,1.8701732213548894,5488.583896302134,13.666103697865765,5540.024155812393,23.475844187607436,5588.280023600233,34.21997639976689,5633.292616981583,41.957383018417204,5675.270929223386,49.72907077661421,5715.8736669758555,56.376333024144515,5754.912405736088,65.83759426391225
2024-06-17,,,,,,,,,,,,,,5478.5,5546.25,5607.25,5666.25,5724.0,5775.75,5826.0,5874.5,5473.22998046875,0.0533867,0.0534357,0.0526892,0.050282,0.01440752521018268,,,,,,,,,,,0.010958904109589041,0.2602739726027397,0.5095890410958904,0.7589041095890411,1.0082191780821919,1.2575342465753425,1.5068493150684932,1.7561643835616438,,,,,,,,,,,0.0533,0.0534,0.0526,0.0515,0.0502,0.049,0.0478,0.0469,,,,,,,,,,,,,,,,,,,,,5475.56327175146,2.936728248540021,5529.059111703486,17.19088829651355,5580.795889780569,26.45411021943073,5629.4883778297235,36.761622170276496,5674.347573339777,49.65242666022277,5716.576738332041,59.173261667959196,5755.675203462812,70.32479653718838,5794.626711811314,79.87328818868627
2024-06-18,,,,,,,,,,,,,,5491.0,5559.75,5622.25,5678.0,5735.75,5787.5,5837.75,5886.25,5487.02978515625,0.0534225,0.0534741,0.0528331,0.05064440000000001,0.01438601237265391,,,,,,,,,,,0.00821917808219178,0.25753424657534246,0.5068493150684932,0.7561643835616438,1.0054794520547945,1.2547945205479452,1.5041095890410958,1.7534246575342465,,,,,,,,,,,0.0534,0.0535,0.0528,0.0518,0.0506,0.0495,0.0484,0.0477,,,,,,,,,,,,,,,,,,,,,5488.78955423668,2.210445763320422,5542.581005346018,17.168994653981827,5594.909629896506,27.340370103494024,5644.480761019657,33.51923898034329,5690.50790452013,45.24209547986993,5734.198160050048,53.30183994995241,5775.055410926394,62.69458907360604,5817.093007555756,69.15699244424377
2024-06-20,,,,,,,,,,,,,,5476.75,5544.5,5607.75,5668.75,5724.5,5776.5,5826.0,5874.5,5473.169921875,0.0534364,0.0534746,0.0527772,0.05046750000000001,0.01457128226667873,,,,,,,,,,,0.0027397260273972603,0.25205479452054796,0.5013698630136987,0.7506849315068493,1.0,1.2493150684931507,1.4986301369863013,1.747945205479452,,,,,,,,,,,0.0534,0.0535,0.0528,0.0517,0.0505,0.0493,0.0482,0.0473,,,,,,,,,,,,,,,,,,,,,5473.752188927449,2.9978110725505758,5527.137933965914,17.36206603408573,5579.084450464056,28.665549535943683,5627.8637402090935,40.88625979090648,5673.389171896022,51.11082810397784,5715.86172755278,60.638272447219606,5756.070107461927,69.92989253807264,5795.4084890646045,79.09151093539549
2024-06-21,,,,,,,,,,,,,,5471.8901,5534.25,5597.0,5657.75,5713.75,5765.75,5814.75,5863.25,5464.6201171875,0.0534523,0.0534455,0.0527558,0.05051650000000001,0.01457312323817476,,,,,,,,,,,0.0,0.2493150684931507,0.4986301369863014,0.7479452054794521,0.9972602739726028,1.2465753424657535,1.4958904109589042,1.7452054794520548,,,,,,,,,,,0.0534,0.0534,0.0528,0.0517,0.0505,0.0494,0.0483,0.0475,,,,,,,,,,,,,,,,,,,,,5464.6201171875,7.26998281249962,5517.775184184633,16.474815815367037,5569.780691797563,27.219308202436878,5618.492990161482,39.25700983851766,5663.9586406739545,49.791359326045495,5707.088125510344,58.66187448965593,5747.392759235924,67.35724076407587,5787.837731284939,75.41226871506115
2024-06-24,,,,,,,,,,,,,,,5517.0,5579.75,5640.75,5696.75,5748.75,5797.75,5846.25,5447.8701171875,0.053435,0.0534056,0.0527136,0.0504462,0.01471844538253151,,,,,,,,,,,,0.2410958904109589,0.4904109589041096,0.7397260273972602,0.989041095890411,1.2383561643835617,1.4876712328767123,1.736986301369863,,,,,,,,,,,,0.0534,0.0528,0.0517,0.0505,0.0493,0.0482,0.0474,,,,,,,,,,,,,,,,,,,,,,,5498.914405612223,18.085594387776837,5550.568416059283,29.181583940717246,5598.960450051783,41.78954994821743,5644.119214427952,52.6307855720479,5686.238795471195,62.51120452880514,5726.097726853815,71.6522731461846,5766.078081205831,80.17191879416896
2024-06-25,,,,,,,,,,,,,,,5537.0,5600.5,5661.0,5717.0,5769.0,5818.0,5866.5,5469.2998046875,0.0534594,0.0533939,0.052683,0.050409,0.01473166719171754,,,,,,,,,,,,0.23835616438356164,0.4876712328767123,0.736986301369863,0.9863013698630136,1.2356164383561643,1.484931506849315,1.7342465753424658,,,,,,,,,,,,0.0534,0.0527,0.0517,0.0505,0.0493,0.0482,0.0474,,,,,,,,,,,,,,,,,,,,,,,5519.942465267985,17.057534732014574,5571.513081622203,28.986918377797338,5620.360212760642,40.63978723935816,5665.691528823011,51.30847117698886,5707.9720447650825,61.0279552349175,5747.981695159044,70.01830484095626,5788.108452568481,78.39154743151903
2024-06-26,,,,,,,,,,,,,,,5543.5,5607.0,5667.5,5723.5,5780.5,5834.5,5883.0,5477.89990234375,0.0534393,0.0533458,0.0526398,0.0503709,0.01478516320335534,,,,,,,,,,,,0.2356164383561644,0.4849315068493151,0.7342465753424657,0.9835616438356164,1.2328767123287672,1.4821917808219178,1.7315068493150685,,,,,,,,,,,,0.0534,0.0527,0.0516,0.0505,0.0492,0.0482,0.0474,,,,,,,,,,,,,,,,,,,,,,,5527.966842369243,15.53315763075716,5579.548710952398,27.451289047601676,5627.993396091808,39.50660390819212,5673.74584006424,49.75415993576007,5715.324344642155,65.17565535784524,5756.03571863376,78.46428136624036,5796.154099452342,86.84590054765795
2024-06-27,,,,,,,,,,,,,,,5546.0,5609.5,5670.0,5721.0,5778.0,5827.0,5875.5,5482.8701171875,0.0534304,0.0533156,0.0526295,0.05054529999999999,0.01481722349707813,,,,,,,,,,,,0.2328767123287671,0.4821917808219178,0.7315068493150685,0.9808219178082191,1.2301369863013698,1.4794520547945205,1.7287671232876711,,,,,,,,,,,,0.0533,0.0527,0.0517,0.0506,0.0495,0.0485,0.0477,,,,,,,,,,,,,,,,,,,,,,,5532.227018780619,13.772981219381109,5583.94475145457,25.555248545430004,5632.811588242225,37.1884117577747,5678.716502565644,42.28349743435592,5721.8562617446,56.14373825540042,5763.014916508154,63.985083491846126,5803.582334724465,71.917665275535
2024-06-28,,,,,,,,,,,,,,,5521.5,5584.5,5645.25,5700.25,5757.25,5806.25,5854.75,5460.47998046875,0.0533717,0.053246,0.0525471,0.0504004,0.01470757678055518,,,,,,,,,,,,0.23013698630136986,0.4794520547945205,0.7287671232876712,0.9780821917808219,1.2273972602739727,1.4767123287671233,1.726027397260274,,,,,,,,,,,,0.0533,0.0526,0.0516,0.0505,0.0494,0.0483,0.0475,,,,,,,,,,,,,,,,,,,,,,,5509.193478855259,12.306521144741055,5560.5904272588405,23.909572741159536,5609.281741639912,35.96825836008793,5655.02554135934,45.22445864065958,5698.016202513627,59.23379748637308,5738.185468733435,68.0645312665647,5778.460601568973,76.28939843102671
2024-07-01,,,,,,,,,,,,,,,5533.75,5596.5,5658.25,5713.75,5769.25,5818.25,5866.75,5475.08984375,0.053342,0.0532089,0.0524805,0.0502575,0.01485448492278611,,,,,,,,,,,,0.2219178082191781,0.4712328767123288,0.7205479452054795,0.9698630136986301,1.2191780821917808,1.4684931506849315,1.7178082191780821,,,,,,,,,,,,0.0532,0.0526,0.0516,0.0504,0.0492,0.0482,0.0473,,,,,,,,,,,,,,,,,,,,,,,5521.879205021635,11.870794978364756,5573.346118851408,23.15388114859161,5621.989421010134,36.26057898986619,5667.130844459648,46.61915554035204,5709.217560473012,60.03243952698813,5749.864825258474,68.38517474152559,5788.909071522098,77.8409284779018
2024-07-02,,,,,,,,,,,,,,,5568.75,5631.75,5692.5,5748.75,5804.25,5858.25,5906.75,5509.009765625,0.0533192,0.05318170000000001,0.0525274,0.0505029,0.0148518752392721,,,,,,,,,,,,0.2191780821917808,0.4684931506849315,0.7178082191780822,0.9671232876712329,1.2164383561643837,1.4657534246575343,1.715068493150685,,,,,,,,,,,,0.0532,0.0526,0.0517,0.0506,0.0496,0.0486,0.0478,,,,,,,,,,,,,,,,,,,,,,,5555.508508561666,13.241491438334378,5607.301731534273,24.44826846572687,5656.666595352993,35.83340464700723,5702.802582259615,45.94741774038539,5746.861288602738,57.38871139726234,5788.373406522446,69.8765934775538,5829.278182714065,77.47181728593478
2024-07-03,,,,,,,,,,,,,,,5590.25,5653.25,5713.75,5770.0,5825.5,5879.5,5928.0,5537.02001953125,0.0533211,0.0531426,0.0523696,0.05020330000000001,0.0147963498425374,,,,,,,,,,,,0.21643835616438356,0.4657534246575342,0.7150684931506849,0.9643835616438357,1.2136986301369863,1.463013698630137,1.7123287671232876,,,,,,,,,,,,0.0532,0.0525,0.0515,0.0504,0.0492,0.0482,0.0473,,,,,,,,,,,,,,,,,,,,,,,5583.235663451463,7.014336548537358,5635.112194627229,18.137805372771254,5684.266398284053,29.48360171594686,5730.438348276079,39.561651723921386,5773.116849098462,52.3831509015381,5814.3351812608835,65.16481873911653,5853.930925299958,74.06907470004171
2024-07-05,,,,,,,,,,,,,,,5621.5,5684.75,5745.25,5801.5,5852.5,5901.5,5950.5,5567.18994140625,0.0532743,0.0530689,0.0522647,0.0500549,0.01455304602165347,,,,,,,,,,,,0.21095890410958903,0.4602739726027397,0.7095890410958904,0.958904109589041,1.2082191780821918,1.4575342465753425,1.7068493150684931,,,,,,,,,,,,0.0531,0.0524,0.0514,0.0502,0.0491,0.048,0.0471,,,,,,,,,,,,,,,,,,,,,,,5612.645915035427,8.854084964573303,5665.0198341374025,19.73016586259746,5714.670398485788,30.5796015142123,5760.777443623768,40.722556376232205,5804.483987333522,48.016012666477764,5845.31513424682,56.18486575318002,5885.214413171514,65.28558682848598
2024-07-08,,,,,,,,,,,,,,,5625.25,5688.75,5749.75,5806.0,5857.75,5906.75,5955.75,5572.85009765625,0.0532631,0.0530463,0.0521446,0.0497128,0.0147260658617521,,,,,,,,,,,,0.20273972602739726,0.4520547945205479,0.7013698630136986,0.9506849315068493,1.2,1.4493150684931506,1.6986301369863013,,,,,,,,,,,,0.0531,0.0524,0.0512,0.05,0.0487,0.0475,0.0464,,,,,,,,,,,,,,,,,,,,,,,5616.375523213762,8.87447678623812,5668.572332468617,20.177667531383122,5717.252332061759,32.49766793824074,5762.901081657008,43.098918342991965,5804.742937532895,53.00706246710524,5843.946661910951,62.80333808904925,5880.894694990496,74.85530500950426
2024-07-09,,,,,,,,,,,,,,,5631.25,5694.5,5756.0,5811.75,5864.0,5913.0,5962.0,5576.97998046875,0.0532637,0.05304039999999999,0.052085,0.0495593,0.01477850888103856,,,,,,,,,,,,0.2,0.44931506849315067,0.6986301369863014,0.947945205479452,1.1972602739726028,1.4465753424657535,1.6958904109589041,,,,,,,,,,,,0.0531,0.0523,0.0511,0.0498,0.0485,0.0473,0.0462,,,,,,,,,,,,,,,,,,,,,,,5619.887837494374,11.362162505625747,5671.7991572628025,22.70084273719749,5720.308262914061,35.69173708593917,5765.234689944545,46.5153100554553,5806.748696173973,57.25130382602674,5845.617264417449,67.3827355825506,5882.223361993333,79.77663800666687
2024-07-10,,,,,,,,,,,,,,,5688.0,5751.75,5813.75,5868.5,5921.5,5970.75,6020.5,5633.91015625,0.0532873,0.0530409,0.0521391,0.04958949999999999,0.0144595790606957,,,,,,,,,,,,0.19726027397260273,0.4465753424657534,0.6958904109589041,0.9452054794520548,1.1945205479452055,1.4438356164383561,1.6931506849315068,,,,,,,,,,,,0.0531,0.0524,0.0512,0.0499,0.0485,0.0473,0.0462,,,,,,,,,,,,,,,,,,,,,,,5677.017135777044,10.982864222955868,5730.180201977324,21.56979802267597,5779.811266206949,33.93873379305114,5825.83421856624,42.66578143375955,5867.7174309839975,53.782569016002526,5907.483234252929,63.26676574707108,5944.967349734655,75.53265026534518
2024-07-11,,,,,,,,,,,,,,,5639.75,5702.25,5762.25,5816.0,5864.0,5911.0,5957.5,5584.5400390625,0.053288,0.0530137,0.05205079999999999,0.049446,0.01461516189681132,,,,,,,,,,,,0.19452054794520549,0.4438356164383562,0.6931506849315069,0.9424657534246575,1.1917808219178083,1.441095890410959,1.6904109589041096,,,,,,,,,,,,0.0531,0.0523,0.0511,0.0498,0.0484,0.0471,0.046,,,,,,,,,,,,,,,,,,,,,,,5626.503292841298,13.24670715870161,5678.731872940497,23.51812705950306,5727.571180813438,34.67881918656167,5772.830862373051,43.16913762694912,5813.984840808769,50.01515919123085,5852.18935144956,58.81064855044042,5888.818285700346,68.68171429965423
2024-07-12,,,,,,,,,,,,,,,5664.75,5728.25,5788.0,5842.25,5891.25,5937.25,5984.0,5615.35009765625,0.053278,0.0528611,0.051648,0.0486554,0.01463663655514932,,,,,,,,,,,,0.1917808219178082,0.4410958904109589,0.6904109589041096,0.9397260273972603,1.189041095890411,1.4383561643835616,1.6876712328767123,,,,,,,,,,,,0.053,0.052,0.0505,0.049,0.0475,0.046,0.0446,,,,,,,,,,,,,,,,,,,,,,,5656.816589949826,7.933410050173734,5708.662526781937,19.58747321806277,5756.1243700591085,31.875629940891486,5799.6413747049455,42.60862529505448,5839.118398947587,52.131601052413316,5874.468711300581,62.78128869941884,5906.611065658834,77.38893434116562
2024-07-15,,,,,,,,,,,,,,,5683.0,5746.25,5805.25,5859.5,5908.5,5954.5,6001.25,5631.22021484375,0.0533459,0.0528577,0.0515058,0.0483577,0.01465266941796159,,,,,,,,,,,,0.18356164383561643,0.4328767123287671,0.6821917808219178,0.9315068493150684,1.180821917808219,1.4301369863013698,1.6794520547945206,,,,,,,,,,,,0.0531,0.0519,0.0504,0.0488,0.0472,0.0456,0.0441,,,,,,,,,,,,,,,,,,,,,,,5671.102868729922,11.897131270077807,5722.751121739171,23.49887826082886,5770.234311116994,35.01568888300608,5813.219948911937,46.280051088063374,5851.855289191869,56.644710808131094,5886.049591995473,68.45040800452716,5916.715808926089,84.53419107391073
2024-07-16,,,,,,,,,,,,,,,5717.25,5781.25,5841.5,5894.5,5942.5,5988.5,6035.25,5667.2001953125,0.0533399,0.0527924,0.0512855,0.0480059,0.01466214238330115,,,,,,,,,,,,0.18082191780821918,0.4301369863013699,0.6794520547945205,0.9287671232876712,1.178082191780822,1.4273972602739726,1.6767123287671233,,,,,,,,,,,,0.0531,0.0518,0.0501,0.0485,0.0469,0.0452,0.0435,,,,,,,,,,,,,,,,,,,,,,,5706.72674765556,10.523252344440152,5758.457071096231,22.79292890376928,5805.312973955254,36.187026044745835,5848.134331853979,46.36566814602065,5886.573319718097,55.92668028190292,5919.694586025846,68.80541397415436,5947.958161161456,87.29183883854421
2024-07-17,,,,,,,,,,,,,,,5639.0,5702.0,5761.5,5814.5,5862.5,5908.5,5955.25,5588.27001953125,0.0534119,0.0527947,0.0513081,0.04799750000000001,0.01495877199188989,,,,,,,,,,,,0.1780821917808219,0.4273972602739726,0.6767123287671233,0.9260273972602739,1.1753424657534246,1.4246575342465753,1.673972602739726,,,,,,,,,,,,0.0531,0.0518,0.0501,0.0485,0.0468,0.0452,0.0435,,,,,,,,,,,,,,,,,,,,,,,5626.356277503392,12.643722496607552,5676.958429034464,25.041570965536266,5722.754605084624,38.74539491537598,5764.565934317596,49.93406568240425,5801.37007210871,61.12992789129021,5834.293360891524,74.20663910847634,5861.742974473006,93.50702552699386
2024-07-18,,,,,,,,,,,,,,,5594.5,5657.0,5716.0,5769.0,5817.0,5863.0,5909.75,5544.58984375,0.0534513,0.05282009999999999,0.0513575,0.0480556,0.01488954255916198,,,,,,,,,,,,0.17534246575342466,0.4246575342465753,0.673972602739726,0.9232876712328767,1.1726027397260275,1.4219178082191781,1.6712328767123288,,,,,,,,,,,,0.0531,0.0518,0.0502,0.0486,0.0469,0.0453,0.0436,,,,,,,,,,,,,,,,,,,,,,,5581.862852570942,12.637147429058132,5632.182110228943,24.817889771056798,5678.124192025482,37.875807974517556,5719.875841632341,49.12415836765922,5756.664341005936,60.33565899406403,5789.603565366971,73.39643463302855,5817.115438655349,92.63456134465105
2024-07-19,,,,,,,,,,,,,,,5553.75,5615.75,5674.0,5727.0,5775.0,5821.0,5867.75,5505.0,0.0534675,0.0528299,0.0513468,0.0480026,0.01494271087677082,,,,,,,,,,,,0.1726027397260274,0.42191780821917807,0.6712328767123288,0.9205479452054794,1.16986301369863,1.4191780821917808,1.6684931506849314,,,,,,,,,,,,0.0532,0.0519,0.0502,0.0485,0.0469,0.0452,0.0436,,,,,,,,,,,,,,,,,,,,,,,5541.4715215190745,12.278478480925514,5591.51186021666,24.238139783339648,5636.834346102603,37.16565389739662,5677.709326051324,49.29067394867616,5714.703533442149,60.29646655785109,5746.53607605521,74.46392394478971,5774.613113289681,93.13688671031923
2024-07-22,,,,,,,,,,,,,,,5610.75,5674.25,5732.75,5789.5,5837.5,5883.5,5930.25,5564.41015625,0.053495,0.0528336,0.0513923,0.04821449999999999,0.01500415602036801,,,,,,,,,,,,0.1643835616438356,0.4136986301369863,0.663013698630137,0.9123287671232877,1.1616438356164382,1.4109589041095891,1.6602739726027398,,,,,,,,,,,,0.0532,0.0519,0.0504,0.0488,0.0472,0.0456,0.044,,,,,,,,,,,,,,,,,,,,,,,5599.457714155792,11.292285844207981,5649.99549341849,24.254506581510213,5696.539680236295,36.21031976370523,5738.649524040626,50.85047595937431,5776.460305018109,61.039694981891444,5809.883191408057,73.61680859194257,5838.839331571536,91.4106684284643
2024-07-23,,,,,,,,,,,,,,,5599.25,5662.5,5721.25,5774.5,5822.5,5868.5,5915.25,5555.740234375,0.0534958,0.052846,0.05144079999999999,0.0483735,0.01512249849506956,,,,,,,,,,,,0.16164383561643836,0.410958904109589,0.6602739726027397,0.9095890410958904,1.158904109589041,1.4082191780821918,1.6575342465753424,,,,,,,,,,,,0.0532,0.052,0.0505,0.0489,0.0474,0.0459,0.0443,,,,,,,,,,,,,,,,,,,,,,,5590.041231734124,9.208768265875733,5640.579493643083,21.92050635691703,5687.0434764945285,34.20652350547152,5729.082037031288,45.417962968712345,5767.497045901538,55.002954098462396,5801.8285644589405,66.67143554105951,5831.034201602371,84.21579839762944
2024-07-24,,,,,,,,,,,,,,,5472.0,5533.25,5590.75,5644.5,5692.5,5738.5,5785.25,5427.1298828125,0.0534926,0.0527921,0.0513903,0.0481817,0.01553524924900982,,,,,,,,,,,,0.1589041095890411,0.40821917808219177,0.6575342465753424,0.9068493150684932,1.1561643835616437,1.4054794520547946,1.6547945205479453,,,,,,,,,,,,0.0532,0.0519,0.0504,0.0488,0.0472,0.0456,0.044,,,,,,,,,,,,,,,,,,,,,,,5459.709106747176,12.29089325282439,5508.295431157021,24.954568842978915,5552.98263502786,37.76736497214006,5593.339662571319,51.16033742868058,5629.49693910448,63.00306089552032,5661.369459451743,77.13054054825716,5688.8819846657125,96.36801533428752
2024-07-25,,,,,,,,,,,,,,,5441.25,5502.25,5560.0,5610.5,5658.5,5704.5,5751.25,5399.22021484375,0.0534712,0.0526356,0.051075,0.0476862,0.01571138103385101,,,,,,,,,,,,0.15616438356164383,0.4054794520547945,0.6547945205479452,0.9041095890410958,1.1534246575342466,1.4027397260273973,1.652054794520548,,,,,,,,,,,,0.0531,0.0517,0.05,0.0483,0.0466,0.0449,0.0433,,,,,,,,,,,,,,,,,,,,,,,5430.837235720247,10.412764279752992,5478.586797218292,23.663202781707696,5521.814600816805,38.18539918319493,5560.667869071431,49.83213092856931,5595.049748013469,63.45025198653093,5624.87414633898,79.6258536610203,5650.999593545216,100.25040645478384
2024-07-26,,,,,,,,,,,,,,,5499.0,5560.25,5618.0,5670.0,5718.0,5764.0,5807.0,5459.10009765625,0.053467,0.0525537,0.0509145,0.047529,0.01548374171681838,,,,,,,,,,,,0.15342465753424658,0.40273972602739727,0.6520547945205479,0.9013698630136986,1.1506849315068493,1.4,1.6493150684931508,,,,,,,,,,,,0.0531,0.0516,0.0499,0.0482,0.0465,0.0448,0.0431,,,,,,,,,,,,,,,,,,,,,,,5490.697081647255,8.30291835274511,5539.0854774496665,21.16452255033346,5582.994298580005,35.00570141999469,5622.483151020891,47.516848979109454,5657.453616647438,60.54638335256186,5687.818146110799,76.1818538892012,5713.5004240051185,93.49957599488152
2024-07-29,,,,,,,,,,,,,,,5503.0,5564.25,5621.25,5673.0,5721.0,5767.0,5810.0,5463.5400390625,0.05343709999999999,0.0525211,0.0508769,0.0475042,0.01575942191752719,,,,,,,,,,,,0.14520547945205478,0.39452054794520547,0.6438356164383562,0.8931506849315068,1.1424657534246576,1.3917808219178083,1.641095890410959,,,,,,,,,,,,0.0531,0.0516,0.0499,0.0482,0.0466,0.0449,0.0432,,,,,,,,,,,,,,,,,,,,,,,5493.244117907679,9.755882092321372,5541.342406058962,22.907593941037703,5584.9632847765515,36.28671522344848,5624.1580843766915,48.84191562330852,5659.4756282669905,61.5243717330095,5689.681300885974,77.31869911402555,5715.201520971323,94.79847902867732
2024-07-30,,,,,,,,,,,,,,,5472.5,5533.25,5590.25,5639.0,5685.0,5731.0,5774.0,5436.43994140625,0.05342329999999999,0.0524768,0.0507922,0.0474481,0.01594868918696507,,,,,,,,,,,,0.14246575342465753,0.3917808219178082,0.6410958904109589,0.8904109589041096,1.1397260273972603,1.389041095890411,1.6383561643835616,,,,,,,,,,,,0.0531,0.0515,0.0498,0.0482,0.0465,0.0449,0.0431,,,,,,,,,,,,,,,,,,,,,,,5465.290155272149,7.209844727851305,5512.6902126561945,20.55978734380551,5555.710736943235,34.53926305676487,5594.820979242886,44.1790207571139,5629.071723639174,55.9282763608262,5659.519443320372,71.48055667962763,5683.731331122239,90.26866887776123
2024-07-31,,,,,,,,,,,,,,,5558.0,5620.0,5677.25,5727.0,5773.0,5819.0,5862.0,5522.2998046875,0.0534255,0.05241100000000001,0.0507558,0.0473547,0.01559289496958834,,,,,,,,,,,,0.13972602739726028,0.38904109589041097,0.6383561643835617,0.8876712328767123,1.1369863013698631,1.3863013698630138,1.6356164383561644,,,,,,,,,,,,0.0531,0.0515,0.0498,0.0481,0.0464,0.0447,0.043,,,,,,,,,,,,,,,,,,,,,,,5551.316593012081,6.6834069879187155,5599.984020738843,20.015979261156644,5644.2127104384,33.03728956160012,5683.970537465929,43.02946253407117,5719.158397204625,53.841602795375366,5749.688183502121,69.31181649787868,5775.483156212865,86.51684378713526
2024-08-01,,,,,,,,,,,,,,,5480.25,5539.75,5595.0,5639.75,5682.0,5720.5,5762.75,5446.68017578125,0.0535025,0.0524212,0.05066569999999999,0.047152,0.01567849766378079,,,,,,,,,,,,0.136986301369863,0.3863013698630137,0.6356164383561644,0.8849315068493151,1.1342465753424658,1.3835616438356164,1.632876712328767,,,,,,,,,,,,0.0532,0.0515,0.0497,0.048,0.0462,0.0445,0.0427,,,,,,,,,,,,,,,,,,,,,,,5474.747811642038,5.502188357962041,5522.57466539596,17.175334604039563,5565.7453282256465,29.254671774353483,5604.717180271385,35.03281972861532,5638.540133989088,43.459866010912265,5668.262345687333,52.237654312666564,5692.383555157454,70.36644484254612
2024-08-02,,,,,,,,,,,,,,,5376.0,5430.75,5479.5,5516.5,5558.75,5597.25,5639.5,5346.56005859375,0.0535204,0.0522773,0.0500763,0.0459608,0.01602678754260451,,,,,,,,,,,,0.13424657534246576,0.3835616438356164,0.6328767123287671,0.8821917808219178,1.1315068493150684,1.3808219178082193,1.63013698630137,,,,,,,,,,,,0.0532,0.0511,0.0489,0.0469,0.0449,0.0429,0.0406,,,,,,,,,,,,,,,,,,,,,,,5373.3080919563035,2.6919080436964578,5418.971912563924,11.77808743607602,5458.958742288466,20.541257711533945,5494.18065123955,22.31934876045034,5524.118085136172,34.63191486382766,5548.682405554167,48.56759444583258,5565.0784235189585,74.42157648104148
2024-08-05,,,,,,,,,,,,,,,5217.5,5269.0,5315.25,5352.25,5394.5,5433.0,5475.25,5186.330078125,0.053274,0.0513241,0.0478566,0.0429257,0.01676505861128314,,,,,,,,,,,,0.12602739726027398,0.37534246575342467,0.6246575342465753,0.873972602739726,1.1232876712328768,1.3726027397260274,1.621917808219178,,,,,,,,,,,,0.0528,0.0496,0.0464,0.044,0.0419,0.0395,0.0362,,,,,,,,,,,,,,,,,,,,,,,5209.936788087483,7.5632119125166355,5250.643711895974,18.356288104026135,5283.231951226357,32.018048773643386,5311.259099121244,40.99090087875629,5334.846450446259,59.65354955374096,5350.726659289895,82.273340710105,5352.416871351677,122.8331286483226
2024-08-06,,,,,,,,,,,,,,,5266.25,5319.75,5367.25,5407.25,5449.5,5488.0,5530.25,5240.02978515625,0.0528952,0.0505651,0.04655459999999999,0.0414598,0.01667976598832044,,,,,,,,,,,,0.1232876712328767,0.3726027397260274,0.6219178082191781,0.8712328767123287,1.1205479452054794,1.36986301369863,1.6191780821917807,,,,,,,,,,,,0.0524,0.0486,0.0449,0.0425,0.0405,0.0381,0.0344,,,,,,,,,,,,,,,,,,,,,,,5263.15705343408,3.0929465659201014,5302.724521594554,17.025478405445938,5332.807572685674,34.44242731432587,5359.2423863504155,48.00761364958453,5381.77850554014,67.72149445985997,5396.064916853985,91.93508314601513,5392.555530896144,137.69446910385614
2024-08-07,,,,,,,,,,,,,,,5227.5,5280.75,5327.75,5368.0,5410.25,5448.75,5491.0,5199.5,0.05325009999999999,0.0510416,0.0478476,0.0431135,0.01684558985372525,,,,,,,,,,,,0.12054794520547946,0.3698630136986301,0.6191780821917808,0.8684931506849315,1.1178082191780823,1.367123287671233,1.6164383561643836,,,,,,,,,,,,0.0528,0.0495,0.0465,0.0442,0.0421,0.0398,0.0369,,,,,,,,,,,,,,,,,,,,,,,5222.084738632042,5.41526136795801,5262.678542060602,18.071457939397988,5295.851763255104,31.898236744896167,5324.5041238157455,43.495876184254485,5348.371137928138,61.878862071862386,5365.255378474954,83.49462152504566,5370.812415544611,120.18758445538879
2024-08-08,,,,,,,,,,,,,,,5348.25,5403.25,5452.0,5495.0,5533.75,5572.25,5610.5,5319.31005859375,0.0532666,0.0510283,0.04784869999999999,0.0432457,0.016558118945223,,,,,,,,,,,,0.1178082191780822,0.36712328767123287,0.6164383561643836,0.8657534246575342,1.115068493150685,1.3643835616438356,1.6136986301369862,,,,,,,,,,,,0.0528,0.0495,0.0466,0.0443,0.0423,0.0401,0.0372,,,,,,,,,,,,,,,,,,,,,,,5342.069892450152,6.1801075498478895,5384.030936776464,19.219063223536068,5418.735981364146,33.26401863585397,5448.6138410796175,46.38615892038251,5474.207778421888,59.54222157811182,5492.940719149125,79.30928085087544,5499.4791177537845,111.02088224621548
2024-08-09,,,,,,,,,,,,,,,5370.25,5425.75,5475.5,5518.0,5556.75,5595.25,5633.5,5344.16015625,0.0533352,0.0511269,0.0480597,0.0435628,0.01627443516418751,,,,,,,,,,,,0.11506849315068493,0.3643835616438356,0.6136986301369863,0.863013698630137,1.1123287671232878,1.3616438356164384,1.610958904109589,,,,,,,,,,,,0.0529,0.0497,0.0469,0.0447,0.0427,0.0405,0.0378,,,,,,,,,,,,,,,,,,,,,,,5366.730371404407,3.5196285955926214,5409.648570510594,16.101429489405746,5445.552782380433,29.9472176195668,5476.88252610804,41.11747389195989,5503.577421671852,53.17257832814812,5523.385547837815,71.86445216218544,5532.729119614006,100.77088038599413
2024-08-12,,,,,,,,,,,,,,,5369.75,5425.75,5475.75,5518.25,5557.0,5595.5,5633.75,5344.39013671875,0.0533777,0.0511602,0.0480431,0.0434795,0.016239402023387,,,,,,,,,,,,0.10684931506849316,0.3561643835616438,0.6054794520547945,0.8547945205479452,1.104109589041096,1.3534246575342466,1.6027397260273972,,,,,,,,,,,,0.0531,0.0498,0.0469,0.0447,0.0426,0.0404,0.0377,,,,,,,,,,,,,,,,,,,,,,,5365.480681320896,4.26931867910389,5408.655430609752,17.09456939024767,5444.531989001778,31.21801099822187,5476.002704985182,42.24729501481761,5502.22429190477,54.775708095229675,5522.037956864799,73.46204313520138,5531.412407309771,102.33759269022903
2024-08-13,,,,,,,,,,,,,,,5459.0,5515.5,5565.75,5607.25,5646.0,5684.5,5722.75,5434.43017578125,0.0533689,0.05118089999999999,0.04805640000000001,0.0436296,0.01606035108852975,,,,,,,,,,,,0.10410958904109589,0.35342465753424657,0.6027397260273972,0.852054794520548,1.1013698630136985,1.3506849315068492,1.6,,,,,,,,,,,,0.0531,0.0498,0.047,0.0448,0.0428,0.0407,0.038,,,,,,,,,,,,,,,,,,,,,,,5455.426788377284,3.5732116227163715,5499.62053089823,15.879469101770155,5536.725312266306,29.02468773369401,5569.149934281356,38.100065718644146,5596.855460257253,49.14453974274693,5618.3334125441315,66.16658745586847,5628.585177071757,94.16482292824276
2024-08-14,,,,,,,,,,,,,,,5477.0,5534.25,5585.0,5626.5,5665.25,5703.75,5742.0,5455.2099609375,0.0533864,0.0509553,0.04778279999999999,0.0429944,0.01604006204647757,,,,,,,,,,,,0.10136986301369863,0.3506849315068493,0.6,0.8493150684931506,1.0986301369863014,1.347945205479452,1.5972602739726027,,,,,,,,,,,,0.0531,0.0496,0.0467,0.0443,0.0421,0.0398,0.037,,,,,,,,,,,,,,,,,,,,,,,5475.742423685681,1.2575763143186123,5519.79141654904,14.45858345095985,5556.492539314402,28.507460685597835,5587.7276358908575,38.77236410914247,5613.651176186494,51.59882381350599,5632.752394026176,70.99760597382374,5640.933603878289,101.06639612171057
2024-08-15,,,,,,,,,,,,,,,5567.5,5627.0,5681.25,5722.5,5766.25,5809.75,5848.0,5543.22021484375,0.0534157,0.0510155,0.0478062,0.0428661,0.01507722491864086,,,,,,,,,,,,0.09863013698630137,0.34794520547945207,0.5972602739726027,0.8465753424657534,1.095890410958904,1.3452054794520547,1.5945205479452054,,,,,,,,,,,,0.0532,0.0497,0.0467,0.0443,0.042,0.0396,0.0368,,,,,,,,,,,,,,,,,,,,,,,5564.102259325868,3.397740674132365,5610.40229160253,16.597708397470342,5648.910108587464,32.33989141253642,5682.065885995995,40.434114004005096,5709.206282300331,57.04371769966929,5729.130474253494,80.61952574650604,5738.586980215446,109.41301978455431
2024-08-16,,,,,,,,,,,,,,,5578.25,5638.0,5692.25,5737.5,5781.25,5824.75,5863.0,5554.25,0.0533568,0.0512841,0.0483969,0.043886,0.0147616182660068,,,,,,,,,,,,0.0958904109589041,0.3452054794520548,0.5945205479452055,0.8438356164383561,1.093150684931507,1.3424657534246576,1.5917808219178082,,,,,,,,,,,,0.0532,0.0501,0.0474,0.0452,0.0431,0.0409,0.0384,,,,,,,,,,,,,,,,,,,,,,,5574.760031240891,3.489968759108706,5622.421277866891,15.578722133109295,5663.078160902785,29.171839097214615,5698.758767781379,38.74123221862101,5729.003016038712,52.2469839612877,5752.607802144155,72.14219785584464,5767.222083067532,95.77791693246763
2024-08-19,,,,,,,,,,,,,,,5630.0,5690.5,5744.25,5793.5,5837.25,5880.75,5919.0,5608.25,0.0531017,0.0512612,0.0484132,0.0439539,0.01466096078693591,,,,,,,,,,,,0.08767123287671233,0.336986301369863,0.5863013698630137,0.8356164383561644,1.084931506849315,1.3342465753424657,1.5835616438356164,,,,,,,,,,,,0.0531,0.0503,0.0475,0.0453,0.0433,0.0411,0.0386,,,,,,,,,,,,,,,,,,,,,,,5627.181672982811,2.8183270171894037,5676.010424677563,14.489575322437304,5717.27504751308,26.9749524869203,5753.688990917717,39.81100908228291,5785.241605352516,52.00839464748424,5809.618612586471,71.13138741352941,5824.934019128453,94.06598087154725
2024-08-20,,,,,,,,,,,,,,,5619.75,5679.75,5734.0,5779.25,5821.0,5861.0,5899.25,5597.1201171875,0.0531145,0.0512108,0.0482768,0.0437834,0.01471195840657304,,,,,,,,,,,,0.08493150684931507,0.33424657534246577,0.5835616438356165,0.8328767123287671,1.082191780821918,1.3315068493150686,1.5808219178082192,,,,,,,,,,,,0.0531,0.0502,0.0474,0.0451,0.0431,0.041,0.0384,,,,,,,,,,,,,,,,,,,,,,,5615.39849216458,4.351507835420307,5663.907114845854,15.842885154145733,5704.912740670802,29.087259329197877,5740.588279800655,38.66172019934493,5771.73948693669,49.2605130633101,5796.503599523723,64.4964004762769,5810.686812517099,88.56318748290141
2024-08-21,,,,,,,,,,,,,,,5641.5,5701.25,5754.5,5799.5,5839.25,5876.5,5914.75,5620.85009765625,0.0530858,0.0510176,0.0481009,0.0433885,0.01464582365809206,,,,,,,,,,,,0.0821917808219178,0.3315068493150685,0.5808219178082191,0.8301369863013699,1.0794520547945206,1.3287671232876712,1.5780821917808219,,,,,,,,,,,,0.0531,0.05,0.0473,0.0449,0.0427,0.0404,0.0378,,,,,,,,,,,,,,,,,,,,,,,5638.643557688178,2.8564423118223203,5687.114871048999,14.135128951001207,5728.473994791356,26.026005208644165,5763.806033302284,35.69396669771595,5793.670645638266,45.57935436173375,5816.5320602319425,59.96793976805748,5830.029781947744,84.72021805225631
2024-08-22,,,,,,,,,,,,,,,5594.0,5653.75,5707.5,5751.0,5790.75,5828.0,5866.25,5570.64013671875,0.0527795,0.0507131,0.04754749999999999,0.0426359,0.0148540222432569,,,,,,,,,,,,0.07945205479452055,0.3287671232876712,0.5780821917808219,0.8273972602739726,1.0767123287671232,1.326027397260274,1.5753424657534247,,,,,,,,,,,,0.0528,0.0497,0.0467,0.0442,0.042,0.0396,0.0368,,,,,,,,,,,,,,,,,,,,,,,5587.460323874918,6.539676125082224,5634.825529078392,18.92447092160819,5674.143153264707,33.3568467352934,5707.55510796039,43.44489203960984,5735.863936626027,54.88606337397323,5756.466419462346,71.53358053765442,5766.598568588998,99.6514314110018
2024-08-23,,,,,,,,,,,,,,,5652.5,5712.5,5766.0,5809.5,5849.25,5886.5,5924.75,5634.60986328125,0.0527601,0.0508064,0.047737,0.0430022,0.01476888991292981,,,,,,,,,,,,0.07671232876712329,0.32602739726027397,0.5753424657534246,0.8246575342465754,1.073972602739726,1.3232876712328767,1.5726027397260274,,,,,,,,,,,,0.0528,0.0499,0.0469,0.0445,0.0424,0.0401,0.0374,,,,,,,,,,,,,,,,,,,,,,,5651.072587065897,1.4274129341029038,5699.518028855263,12.981971144737145,5739.742235665019,26.257764334981402,5774.46663446657,35.03336553342979,5804.322889764479,44.92711023552056,5826.685164365693,59.8148356343072,5838.755391687981,85.99460831201941
2024-08-26,,,,,,,,,,,,,,,5637.0,5697.25,5750.25,5797.0,5836.75,5876.0,5914.25,5616.83984375,0.05251629999999999,0.0506109,0.0474793,0.0426103,0.0151348019501183,,,,,,,,,,,,0.0684931506849315,0.3178082191780822,0.5671232876712329,0.8164383561643835,1.0657534246575342,1.3150684931506849,1.5643835616438355,,,,,,,,,,,,0.0527,0.0498,0.0467,0.0442,0.042,0.0397,0.0369,,,,,,,,,,,,,,,,,,,,,,,5631.310349112502,5.689650887497919,5679.06203963432,18.187960365679828,5718.294286524061,31.955713475938865,5751.721163999051,45.27883600094901,5779.983784299531,56.76621570046882,5801.25410021028,74.74589978972017,5811.381477488651,102.8685225113486
2024-08-27,,,,,,,,,,,,,,,5644.75,5705.25,5758.5,5805.0,5844.75,5884.0,5922.25,5625.7998046875,0.0525213,0.0506197,0.04742440000000001,0.0423762,0.01499572132244452,,,,,,,,,,,,0.06575342465753424,0.3150684931506849,0.5643835616438356,0.8136986301369863,1.063013698630137,1.3123287671232877,1.5616438356164384,,,,,,,,,,,,0.0527,0.0498,0.0467,0.0441,0.0418,0.0394,0.0365,,,,,,,,,,,,,,,,,,,,,,,5639.764509085941,4.985490914058573,5687.830298890084,17.419701109915877,5727.370352956457,31.129647043542718,5760.620745250375,44.379254749625034,5788.403044798992,56.34695520100831,5808.890346992486,75.10965300751377,5817.933614939005,104.31638506099534
2024-08-28,,,,,,,,,,,,,,,5610.25,5670.5,5723.25,5770.0,5809.75,5849.0,5887.25,5592.18017578125,0.0524674,0.0505718,0.0474058,0.04246610000000001,0.01521448481208688,,,,,,,,,,,,0.06301369863013699,0.31232876712328766,0.5616438356164384,0.810958904109589,1.0602739726027397,1.3095890410958904,1.558904109589041,,,,,,,,,,,,0.0527,0.0498,0.0467,0.0442,0.0419,0.0396,0.0368,,,,,,,,,,,,,,,,,,,,,,,5605.4050830604565,4.844916939543509,5652.9146308129475,17.585369187052493,5691.949853569737,31.30014643026334,5725.187421703509,44.812578296490756,5752.664747976031,57.08525202396868,5773.648644884819,75.35135511518092,5783.557472479545,103.69252752045486
2024-08-29,,,,,,,,,,,,,,,5610.0,5670.5,5723.5,5770.0,5809.75,5849.0,5887.25,5591.9599609375,0.0520055,0.0501569,0.0469822,0.0419705,0.0151681235945024,,,,,,,,,,,,0.06027397260273973,0.3095890410958904,0.5589041095890411,0.8082191780821918,1.0575342465753426,1.3068493150684932,1.5561643835616439,,,,,,,,,,,,0.0523,0.0494,0.0463,0.0437,0.0415,0.0391,0.0362,,,,,,,,,,,,,,,,,,,,,,,5604.489262162487,5.510737837513261,5651.537650346469,18.96234965353142,5690.109990860633,33.390009139367066,5722.408908239742,47.59109176025777,5749.866895427554,59.88310457244643,5769.614118843485,79.3858811565151,5778.007510146952,109.24248985304803
2024-08-30,,,,,,,,,,,,,,,5661.0,5722.5,5776.5,5823.0,5862.75,5902.0,5940.25,5648.39990234375,0.05195350000000001,0.05016619999999999,0.0470877,0.04217679999999999,0.01469189230055758,,,,,,,,,,,,0.057534246575342465,0.30684931506849317,0.5561643835616439,0.8054794520547945,1.0547945205479452,1.3041095890410959,1.5534246575342465,,,,,,,,,,,,0.0522,0.0495,0.0464,0.0439,0.0417,0.0394,0.0366,,,,,,,,,,,,,,,,,,,,,,,5660.602315054823,0.3976849451773887,5709.052916669679,13.44708333032122,5748.892468577522,27.607531422478132,5782.8626746552245,40.13732534477549,5811.62548810895,51.12451189105013,5833.3671074996155,68.63289250038451,5843.93806991469,96.31193008531045
2024-09-03,,,,,,,,,,,,,,,5541.75,5601.25,5653.25,5700.25,5740.0,5779.25,5817.5,5528.93017578125,0.05173949999999999,0.05011529999999999,0.04708179999999999,0.0422519,0.01524422314818994,,,,,,,,,,,,0.04657534246575343,0.2958904109589041,0.5452054794520548,0.7945205479452054,1.0438356164383562,1.2931506849315069,1.5424657534246575,,,,,,,,,,,,0.0521,0.0496,0.0466,0.044,0.0419,0.0396,0.0369,,,,,,,,,,,,,,,,,,,,,,,5538.42912429801,3.3208757019901896,5585.421409518796,15.828590481203719,5624.261664908988,28.98833509101223,5656.704020895147,43.54597910485336,5684.928714018357,55.071285981643086,5705.838952009177,73.41104799082314,5716.733825119206,100.7661748807941
2024-09-04,,,,,,,,,,,,,,,5530.0,5588.75,5639.5,5682.5,5722.25,5761.5,5789.75,5520.06982421875,0.0516249,0.0499442,0.04684960000000001,0.0419385,0.01527531385481241,,,,,,,,,,,,0.043835616438356165,0.29315068493150687,0.5424657534246575,0.7917808219178082,1.0410958904109588,1.2904109589041095,1.5397260273972602,,,,,,,,,,,,0.052,0.0494,0.0463,0.0438,0.0416,0.0393,0.0365,,,,,,,,,,,,,,,,,,,,,,,5528.963461303348,1.0365386966523147,5575.567939092692,13.182060907308369,5613.757824723564,25.742175276435773,5646.160795478402,36.33920452159782,5673.447922258863,48.8020777411366,5693.881787831919,67.6182121680813,5703.446899060997,86.30310093900334
2024-09-05,,,,,,,,,,,,,,,5512.25,5570.75,5621.5,5662.5,5702.25,5734.5,5762.75,5503.41015625,0.05118,0.0494607,0.0461541,0.0411038,0.01530717378291486,,,,,,,,,,,,0.0410958904109589,0.29041095890410956,0.5397260273972603,0.7890410958904109,1.0383561643835617,1.2876712328767124,1.536986301369863,,,,,,,,,,,,0.0516,0.049,0.0457,0.043,0.0408,0.0385,0.0356,,,,,,,,,,,,,,,,,,,,,,,5511.6245397957055,0.6254602042945407,5557.524050816849,13.225949183150988,5594.431499119116,27.06850088088413,5624.9873908198815,37.51260918011849,5651.034138425231,51.215861574769406,5670.246910620471,64.25308937952923,5677.765312500718,84.98468749928179
2024-09-06,,,,,,,,,,,,,,,5419.5,5477.0,5525.5,5564.0,5600.0,5632.25,5660.5,5408.419921875,0.0510984,0.0493864,0.0459199,0.0405361,0.01530947622161907,,,,,,,,,,,,0.038356164383561646,0.2876712328767123,0.536986301369863,0.7863013698630137,1.0356164383561643,1.284931506849315,1.5342465753424657,,,,,,,,,,,,0.0515,0.0489,0.0454,0.0426,0.0402,0.0378,0.0347,,,,,,,,,,,,,,,,,,,,,,,5415.932723250885,3.5672767491150807,5460.934950157829,16.065049842170993,5496.520100930443,28.979899069557177,5525.731076746221,38.26892325377867,5549.645320977507,50.354679022492746,5566.9969793962155,65.25302060378453,5571.736856174143,88.76314382585679
2024-09-09,,,,,,,,,,,,,,,5479.5,5538.0,5587.0,5625.5,5661.0,5693.25,5721.5,5471.0498046875,0.0510393,0.0492552,0.0455821,0.0399544,0.01518356927665275,,,,,,,,,,,,0.030136986301369864,0.27945205479452057,0.5287671232876713,0.7780821917808219,1.0273972602739727,1.2767123287671234,1.526027397260274,,,,,,,,,,,,0.0516,0.0489,0.0452,0.0422,0.0397,0.0372,0.0339,,,,,,,,,,,,,,,,,,,,,,,5477.057476541957,2.4425234580430697,5522.842339183252,15.15766081674792,5558.577444180258,28.42255581974223,5587.274057966037,38.22594203396329,5610.605422688238,50.39457731176208,5627.015342185618,66.23465781438244,5629.565731773543,91.93426822645688
2024-09-10,,,,,,,,,,,,,,,5504.0,5562.5,5611.5,5650.0,5685.5,5717.75,5746.0,5495.52001953125,0.0511077,0.0494886,0.0457888,0.0399443,0.01516606266447704,,,,,,,,,,,,0.0273972602739726,0.27671232876712326,0.5260273972602739,0.7753424657534247,1.0246575342465754,1.273972602739726,1.5232876712328767,,,,,,,,,,,,0.0516,0.0492,0.0454,0.0423,0.0397,0.0371,0.0337,,,,,,,,,,,,,,,,,,,,,,,5501.0083317448425,2.9916682551574922,5547.519153598518,14.980846401482268,5583.61880629205,27.881193707949933,5612.360021654079,37.63997834592101,5635.422385335078,50.077614664922294,5651.248270856189,66.50172914381073,5652.883317433132,93.1166825668679
2024-09-11,,,,,,,,,,,,,,,5561.25,5621.0,5672.5,5711.0,5746.5,5778.75,5809.0,5554.1298828125,0.0509592,0.0493129,0.0455357,0.0395353,0.01516324640887825,,,,,,,,,,,,0.024657534246575342,0.273972602739726,0.5232876712328767,0.7726027397260274,1.021917808219178,1.2712328767123289,1.5205479452054795,,,,,,,,,,,,0.0515,0.049,0.0452,0.042,0.0393,0.0366,0.0332,,,,,,,,,,,,,,,,,,,,,,,5559.1084729364175,2.1415270635825436,5605.857972513094,15.142027486906045,5642.118620480924,30.38137951907629,5670.492209543304,40.50779045669606,5692.830364925893,53.669635074106736,5707.56723804813,71.1827619518699,5708.564109910499,100.4358900895013
2024-09-12,,,,,,,,,,,,,,,5602.25,5662.5,5713.25,5754.75,5790.25,5825.0,5860.25,5595.759765625,0.05096510000000001,0.0494664,0.0457048,0.0397243,0.01512484876887261,,,,,,,,,,,,0.021917808219178082,0.27123287671232876,0.5205479452054794,0.7698630136986301,1.0191780821917809,1.2684931506849315,1.5178082191780822,,,,,,,,,,,,0.0514,0.0492,0.0454,0.0422,0.0395,0.0368,0.0335,,,,,,,,,,,,,,,,,,,,,,,5600.2105655762225,2.039434423777493,5647.717196606585,14.782803393414724,5684.645646710016,28.60435328998392,5713.622773810762,41.12722618923817,5736.514214203944,53.73578579605601,5751.7485664797705,73.25143352022951,5754.021961103787,106.22803889621264
2024-09-13,,,,,,,,,,,,,,,5629.75,5691.0,5741.25,5782.0,5818.0,5851.0,5885.0,5626.02001953125,0.0508273,0.0494118,0.0457892,0.0399185,0.01457338814734951,,,,,,,,,,,,0.019178082191780823,0.2684931506849315,0.5178082191780822,0.7671232876712328,1.0164383561643835,1.2657534246575342,1.515068493150685,,,,,,,,,,,,0.0513,0.0492,0.0455,0.0424,0.0398,0.0371,0.0338,,,,,,,,,,,,,,,,,,,,,,,5629.98407999069,-0.2340799906896791,5678.5690692694025,12.430930730597538,5716.840669334849,24.409330665151174,5747.4065048587045,34.593495141295534,5772.143859819084,45.856140180915645,5788.744360267368,62.25563973263161,5792.314208426893,92.68579157310705
2024-09-16,,,,,,,,,,,,,,,5638.0,5699.25,5749.25,5790.0,5826.0,5859.0,5893.0,5633.08984375,0.0501429,0.04863369999999999,0.0448149,0.0388833,0.01424427746805226,,,,,,,,,,,,0.010958904109589041,0.2602739726027397,0.5095890410958904,0.7589041095890411,1.0082191780821919,1.2575342465753425,1.5068493150684932,,,,,,,,,,,,0.0507,0.0485,0.0447,0.0414,0.0388,0.0362,0.0328,,,,,,,,,,,,,,,,,,,,,,,5635.3407959434635,2.6592040565365096,5683.538319235082,15.711680764918128,5721.196785637071,28.053214362928884,5750.384365517868,39.61563448213201,5774.2920474797465,51.70795252025346,5790.7868607956625,68.2131392043375,5792.817494393703,100.18250560629713
2024-09-17,,,,,,,,,,,,,,,5639.0,5700.25,5750.75,5791.5,5827.5,5860.5,5894.5,5634.580078125,0.0496482,0.0481963,0.0443627,0.0384556,0.01432977616026074,,,,,,,,,,,,0.00821917808219178,0.25753424657534246,0.5068493150684932,0.7561643835616438,1.0054794520547945,1.2547945205479452,1.5041095890410958,,,,,,,,,,,,0.0502,0.0481,0.0443,0.041,0.0384,0.0358,0.0325,,,,,,,,,,,,,,,,,,,,,,,5636.241531101928,2.7584688980723513,5683.797672163561,16.4523278364386,5720.824920381313,29.92507961868705,5749.366632007285,42.13336799271474,5772.612435820487,54.88756417951299,5788.443000823378,72.05699917662241,5790.696814841395,103.80318515860472
2024-09-18,,,,,,,,,,,,,,,5620.75,5680.0,5730.5,5771.25,5807.25,5843.0,5877.0,5618.259765625,0.0496086,0.0481353,0.04443800000000001,0.0386454,0.0144634816053497,,,,,,,,,,,,0.005479452054794521,0.2547945205479452,0.5041095890410959,0.7534246575342466,1.0027397260273974,1.252054794520548,1.5013698630136987,,,,,,,,,,,,0.0502,0.0481,0.0444,0.0412,0.0386,0.0361,0.0328,,,,,,,,,,,,,,,,,,,,,,,5619.36002152898,1.3899784710201857,5666.617428639104,13.382571360895781,5703.689531645159,26.81046835484085,5732.58129989255,38.668700107449695,5755.89537141398,51.354628586020226,5772.53931118005,70.46068881994961,5775.078571788042,101.9214282119583
2024-09-19,,,,,,,,,,,,,,,5717.75,5778.0,5828.75,5869.25,5905.25,5941.0,5975.0,5713.64013671875,0.0491991,0.0475327,0.0439343,0.0385402,0.01417046451040676,,,,,,,,,,,,0.0027397260273972603,0.25205479452054796,0.5013698630136987,0.7506849315068493,1.0,1.2493150684931507,1.4986301369863013,,,,,,,,,,,,0.0499,0.0475,0.0439,0.0409,0.0385,0.0362,0.0332,,,,,,,,,,,,,,,,,,,,,,,5714.199467404201,3.550532595799268,5761.841864996652,16.158135003348434,5799.442636258926,29.30736374107437,5829.444904076844,39.80509592315593,5854.355171912139,50.89482808786124,5873.073863428264,67.9261365717357,5878.9287384835725,96.07126151642751
2024-09-20,,,,,,,,,,,,,,,5699.9902,5762.0,5812.25,5853.0,5889.0,5924.75,5962.75,5702.5498046875,0.0485722,0.0469125,0.0435139,0.0383149,0.0143043174038622,,,,,,,,,,,,0.0,0.2493150684931507,0.4986301369863014,0.7479452054794521,0.9972602739726028,1.2465753424657535,1.4958904109589042,,,,,,,,,,,,0.0493,0.0469,0.0435,0.0407,0.0383,0.036,0.0332,,,,,,,,,,,,,,,,,,,,,,,5702.5498046875,-2.5596046874998137,5749.08093021993,12.919069780069549,5786.173869774355,26.0761302256451,5816.25121582047,36.74878417953005,5840.657347283196,48.34265271680397,5858.881481665927,65.86851833407309,5866.037007660357,96.71299233964328
2024-09-23,,,,,,,,,,,,,,,,5776.75,5827.0,5867.75,5903.75,5939.5,5977.5,5718.56982421875,0.0485478,0.04667950000000001,0.0433369,0.038235,0.01450820076368371,,,,,,,,,,,,,0.2410958904109589,0.4904109589041096,0.7397260273972602,0.989041095890411,1.2383561643835617,1.4876712328767123,,,,,,,,,,,,,0.0468,0.0435,0.0406,0.0383,0.036,0.0333,,,,,,,,,,,,,,,,,,,,,,,,,5763.265052418995,13.484947581005144,5800.456605046045,26.543394953954703,5830.0147267860375,37.7352732139625,5854.729584510008,49.02041548999205,5872.810122668525,66.68987733147515,5880.693884614492,96.80611538550784
2024-09-24,,,,,,,,,,,,,,,,5792.0,5842.0,5882.5,5918.75,5954.5,5992.5,5732.93017578125,0.0485447,0.0465883,0.0430962,0.0379522,0.01460914978277588,,,,,,,,,,,,,0.23835616438356164,0.4876712328767123,0.736986301369863,0.9863013698630136,1.2356164383561643,1.484931506849315,,,,,,,,,,,,,0.0467,0.0433,0.0404,0.0381,0.0358,0.033,,,,,,,,,,,,,,,,,,,,,,,,,5776.949796191128,15.050203808871629,5813.707415848293,28.29258415170716,5842.941069199433,39.558930800567396,5867.307452384498,51.44254761550201,5885.022343386957,69.47765661304311,5891.649017097649,100.85098290235055
2024-09-25,,,,,,,,,,,,,,,,5779.0,5829.5,5871.0,5906.75,5942.5,5980.5,5722.259765625,0.04855279999999999,0.04643169999999999,0.0428644,0.0376676,0.01476653068534291,,,,,,,,,,,,,0.2356164383561644,0.4849315068493151,0.7342465753424657,0.9835616438356164,1.2328767123287672,1.4821917808219178,,,,,,,,,,,,,0.0466,0.0431,0.0401,0.0378,0.0355,0.0327,,,,,,,,,,,,,,,,,,,,,,,,,5765.340872818336,13.65912718166419,5801.4250361614295,28.07496383857051,5829.695705368745,41.30429463125529,5853.376230805499,53.37376919450071,5870.41660245336,72.0833975466403,5876.401778202608,104.0982217973924
2024-09-26,,,,,,,,,,,,,,,,5804.5,5856.5,5898.0,5939.75,5975.5,6013.5,5745.3701171875,0.0484544,0.0460367,0.042452,0.0374484,0.01462783455464355,,,,,,,,,,,,,0.2328767123287671,0.4821917808219178,0.7315068493150685,0.9808219178082191,1.2301369863013698,1.4794520547945205,,,,,,,,,,,,,0.0463,0.0427,0.0398,0.0376,0.0354,0.0327,,,,,,,,,,,,,,,,,,,,,,,,,5787.902961782077,16.597038217923,5823.669147995189,32.83085200481128,5852.143151798623,45.85684820137703,5876.2919181748375,63.45808182516248,5894.071071091259,81.428928908741,5901.055514985795,112.44448501420538
2024-09-27,,,,,,,,,,,,,,,,5791.25,5842.5,5884.0,5920.75,5956.5,5994.5,5738.169921875,0.048441,0.0459335,0.0426185,0.0378308,0.01471074732997104,,,,,,,,,,,,,0.23013698630136986,0.4794520547945205,0.7287671232876712,0.9780821917808219,1.2273972602739727,1.4767123287671233,,,,,,,,,,,,,0.0462,0.0429,0.0402,0.038,0.0359,0.0333,,,,,,,,,,,,,,,,,,,,,,,,,5779.904570555344,11.345429444655565,5816.250008678605,26.2499913213951,5845.756771748832,38.24322825116815,5870.378627266476,50.37137273352437,5889.3636997645945,67.13630023540554,5897.870238116299,96.62976188370067
2024-09-30,,,,,,,,,,,,,,,,5814.25,5866.75,5909.0,5947.75,5986.0,6024.0,5762.47998046875,0.048457,0.0459211,0.0425387,0.0377668,0.01482846853716426,,,,,,,,,,,,,0.2219178082191781,0.4712328767123288,0.7205479452054795,0.9698630136986301,1.2191780821917808,1.4684931506849315,,,,,,,,,,,,,0.0463,0.0429,0.0402,0.038,0.0359,0.0334,,,,,,,,,,,,,,,,,,,,,,,,,5802.8665458036485,11.383454196351522,5839.213789761187,27.5362102388126,5868.795043412181,40.20495658781874,5893.447529599188,54.302470400812126,5912.435729766662,73.564270233338,5921.79789318695,102.2021068130498
2024-10-01,,,,,,,,,,,,,,,,5759.75,5811.25,5853.5,5892.25,5930.5,5968.5,5708.75,0.0484954,0.04609530000000001,0.0428402,0.0382124,0.015013432231224,,,,,,,,,,,,,0.2191780821917808,0.4684931506849315,0.7178082191780822,0.9671232876712329,1.2164383561643837,1.4657534246575343,,,,,,,,,,,,,0.0465,0.0432,0.0406,0.0385,0.0364,0.034,,,,,,,,,,,,,,,,,,,,,,,,,5748.28328473707,11.466715262929938,5784.635202532251,26.614797467748758,5814.567078849237,38.93292115076292,5839.904781407609,52.345218592390665,5859.214363024155,71.28563697584468,5869.853712069862,98.64628793013799
2024-10-02,,,,,,,,,,,,,,,,5760.25,5812.25,5854.0,5893.0,5931.25,5969.25,5709.5400390625,0.0485655,0.0459824,0.04282619999999999,0.0381791,0.01503920498858152,,,,,,,,,,,,,0.21643835616438356,0.4657534246575342,0.7150684931506849,0.9643835616438357,1.2136986301369863,1.463013698630137,,,,,,,,,,,,,0.0465,0.0432,0.0407,0.0385,0.0363,0.0339,,,,,,,,,,,,,,,,,,,,,,,,,5748.55080769965,11.69919230034975,5784.919548078865,27.330451921135136,5815.272769993481,38.72723000651877,5840.191993483097,52.80800651690333,5858.787463136544,72.46253686345608,5869.280584444088,99.96941555591184
2024-10-03,,,,,,,,,,,,,,,,5749.5,5802.0,5845.0,5884.0,5922.25,5960.25,5699.93994140625,0.0485077,0.0458972,0.0427362,0.0383337,0.01523689918651728,,,,,,,,,,,,,0.2136986301369863,0.46301369863013697,0.7123287671232876,0.9616438356164384,1.210958904109589,1.4602739726027398,,,,,,,,,,,,,0.0464,0.0431,0.0407,0.0386,0.0367,0.0344,,,,,,,,,,,,,,,,,,,,,,,,,5738.025434229607,11.474565770393383,5773.951234802325,28.048765197674584,5804.269325646256,40.73067435374378,5829.449788847258,54.55021115274212,5850.028723486996,72.22127651300434,5861.696199482763,98.5538005172366
2024-10-04,,,,,,,,,,,,,,,,5800.0,5855.25,5902.75,5949.25,5994.5,6038.25,5751.06982421875,0.0484558,0.04583980000000001,0.0428099,0.0386582,0.01432503772791241,,,,,,,,,,,,,0.21095890410958903,0.4602739726027397,0.7095890410958904,0.958904109589041,1.2082191780821918,1.4575342465753425,,,,,,,,,,,,,0.0464,0.0432,0.0409,0.039,0.0371,0.0349,,,,,,,,,,,,,,,,,,,,,,,,,5790.116387083931,9.883612916069069,5828.013982260382,27.236017739617637,5860.548476518842,42.20152348115789,5888.768052481514,60.48194751848587,5911.5202987365865,82.97970126341352,5926.1490814926065,112.10091850739354
2024-10-07,,,,,,,,,,,,,,,,5744.75,5800.75,5848.5,5895.0,5940.25,5984.0,5695.93994140625,0.0481842,0.0463668,0.0439184,0.0404788,0.01495600983509525,,,,,,,,,,,,,0.20273972602739726,0.4520547945205479,0.7013698630136986,0.9506849315068493,1.2,1.4493150684931506,,,,,,,,,,,,,0.0469,0.0443,0.0424,0.0408,0.0393,0.0375,,,,,,,,,,,,,,,,,,,,,,,,,5732.94835706708,11.801642932920004,5772.000465178091,28.749534821909037,5806.6395781981755,41.86042180182449,5837.6196646303315,57.3803353696685,5864.7884893445325,75.46151065546746,5885.119078277732,98.88092172226789
2024-10-08,,,,,,,,,,,,,,,,5800.5,5856.75,5905.0,5951.5,5996.75,6040.5,5751.1298828125,0.0482354,0.0467595,0.04468200000000001,0.0415975,0.01498331662749014,,,,,,,,,,,,,0.2,0.44931506849315067,0.6986301369863014,0.947945205479452,1.1972602739726028,1.4465753424657535,,,,,,,,,,,,,0.0472,0.0451,0.0433,0.0419,0.0405,0.0389,,,,,,,,,,,,,,,,,,,,,,,,,5788.305989372991,12.194010627009447,5829.482413154814,27.267586845186088,5866.036690140165,38.963309859835135,5899.761213558749,51.73878644125125,5929.538872546791,67.21112745320897,5953.585370201592,86.91462979840799
2024-10-09,,,,,,,,,,,,,,,,5841.25,5899.0,5949.25,5995.5,6043.5,6087.25,5792.0400390625,0.0482299,0.04658280000000001,0.0444581,0.04127939999999999,0.01492674994479616,,,,,,,,,,,,,0.19726027397260273,0.4465753424657534,0.6958904109589041,0.9452054794520548,1.1945205479452055,1.4438356164383561,,,,,,,,,,,,,0.0471,0.0449,0.0431,0.0416,0.0401,0.0385,,,,,,,,,,,,,,,,,,,,,,,,,5828.91613841975,12.333861580250414,5870.0895090797985,28.910490920201482,5906.716317909116,42.53368209088421,5939.92359197566,55.5764080243398,5968.851511893961,74.64848810603871,5992.570583553906,94.67941644609436
2024-10-10,,,,,,,,,,,,,,,,5829.0,5886.5,5936.5,5983.0,6031.0,6074.75,5780.0498046875,0.0480396,0.046559,0.0444872,0.0414742,0.0143751198100959,,,,,,,,,,,,,0.19452054794520549,0.4438356164383562,0.6931506849315069,0.9424657534246575,1.1917808219178083,1.441095890410959,,,,,,,,,,,,,0.047,0.0449,0.0432,0.0418,0.0404,0.0389,,,,,,,,,,,,,,,,,,,,,,,,,5816.847852640552,12.152147359447554,5858.890952300498,27.609047699502298,5896.696535235416,39.80346476458362,5931.394287535636,51.60571246436393,5962.132699035866,68.8673009641343,5987.98525080898,86.7647491910202
2024-10-11,,,,,,,,,,,,,,,,5859.75,5917.75,5967.5,6014.0,6062.0,6105.75,5815.02978515625,0.0478592,0.04647300000000001,0.0444358,0.0413974,0.01447689919231222,,,,,,,,,,,,,0.1917808219178082,0.4410958904109589,0.6904109589041096,0.9397260273972603,1.189041095890411,1.4383561643835616,,,,,,,,,,,,,0.047,0.0449,0.0431,0.0417,0.0404,0.0388,,,,,,,,,,,,,,,,,,,,,,,,,5851.41326066308,8.33673933691989,5893.5905492414,24.159450758599633,5931.087647193769,36.412352806230956,5965.710526950224,48.28947304977555,5997.06114625914,64.9388537408604,6022.070819175683,83.67918082431697
2024-10-15,,,,,,,,,,,,,,,,5862.75,5921.75,5972.5,6019.5,6065.0,6110.0,5815.259765625,0.0478385,0.0464745,0.0444266,0.041203,0.01491536460841962,,,,,,,,,,,,,0.18082191780821918,0.4301369863013699,0.6794520547945205,0.9287671232876712,1.178082191780822,1.4273972602739726,,,,,,,,,,,,,0.047,0.045,0.0432,0.0416,0.0402,0.0385,,,,,,,,,,,,,,,,,,,,,,,,,5849.095663881172,13.654336118827814,5891.001228163129,30.74877183687113,5928.098537585843,44.40146241415732,5961.184891808417,58.31510819158302,5991.086823388469,73.91317661153062,6014.360947029018,95.63905297098245
2024-10-16,,,,,,,,,,,,,,,,5887.0,5946.25,5996.5,6043.5,6089.0,6134.0,5842.47021484375,0.0478089,0.0463235,0.0443182,0.041101,0.01498068267174435,,,,,,,,,,,,,0.1780821917808219,0.4273972602739726,0.6767123287671233,0.9260273972602739,1.1753424657534246,1.4246575342465753,,,,,,,,,,,,,0.047,0.0449,0.0431,0.0415,0.04,0.0384,,,,,,,,,,,,,,,,,,,,,,,,,5875.879550871997,11.120449128003202,5917.6601371232355,28.589862876764528,5954.709256054229,41.79074394577128,5987.723583818053,55.77641618194684,6016.8264679148815,72.1735320851185,6040.689712754713,93.31028724528733
2024-10-17,,,,,,,,,,,,,,,,5887.0,5947.0,5999.25,6046.0,6091.5,6136.5,5841.47021484375,0.0475915,0.046174,0.04415359999999999,0.0408911,0.01511738561776815,,,,,,,,,,,,,0.17534246575342466,0.4246575342465753,0.673972602739726,0.9232876712328767,1.1726027397260275,1.4219178082191781,,,,,,,,,,,,,0.0468,0.0447,0.0429,0.0414,0.0398,0.0382,,,,,,,,,,,,,,,,,,,,,,,,,5874.011684716873,12.988315283127122,5915.316442766786,31.683557233213833,5951.880590203955,47.36940979604515,5984.955645872017,61.04435412798284,6013.009761899958,78.490238100042,6036.377586657927,100.12241334207283
2024-10-18,,,,,,,,,,,,,,,,5906.0,5966.0,6018.25,6065.0,6110.5,6155.5,5864.669921875,0.0475906,0.0463163,0.0444371,0.0413231,0.01497207091583107,,,,,,,,,,,,,0.1726027397260274,0.42191780821917807,0.6712328767123288,0.9205479452054794,1.16986301369863,1.4191780821917808,,,,,,,,,,,,,0.0469,0.045,0.0433,0.0418,0.0403,0.0388,,,,,,,,,,,,,,,,,,,,,,,,,5897.078443782885,8.921556217114812,5939.4439580741,26.55604192589999,5977.251449937946,40.998550062054164,6011.309407068671,53.690592931328865,6041.041365943773,69.45863405622731,6066.381361088539,89.11863891146095
2024-10-21,,,,,,,,,,,,,,,,5896.25,5956.25,6008.75,6059.75,6108.0,6155.0,5853.97998046875,0.0474461,0.0462626,0.0443756,0.0412025,0.01552107431806725,,,,,,,,,,,,,0.1643835616438356,0.4136986301369863,0.663013698630137,0.9123287671232877,1.1616438356164382,1.4109589041095891,,,,,,,,,,,,,0.0469,0.045,0.0433,0.0417,0.0402,0.0387,,,,,,,,,,,,,,,,,,,,,,,,,5884.253872333846,11.99612766615428,5925.808655401011,30.441344598989417,5962.796465887004,45.95353411299584,5995.47822207372,64.27177792628027,6024.231325141055,83.7686748589449,6048.596611169269,106.40338883073127
2024-10-22,,,,,,,,,,,,,,,,5892.5,5952.5,6005.0,6056.0,6104.25,6151.25,5851.2001953125,0.0474333,0.0463476,0.044578,0.0415642,0.01572492682594673,,,,,,,,,,,,,0.16164383561643836,0.410958904109589,0.6602739726027397,0.9095890410958904,1.158904109589041,1.4082191780821918,,,,,,,,,,,,,0.0469,0.0452,0.0435,0.0421,0.0407,0.0392,,,,,,,,,,,,,,,,,,,,,,,,,5880.760323073831,11.739676926168613,5922.507038967922,29.9929610320778,5959.496273860868,45.503726139131686,5993.270637010148,62.729362989852234,6023.030372077973,81.21962792202703,6047.862174703846,103.387825296154
2024-10-23,,,,,,,,,,,,,,,,5837.75,5897.25,5949.75,6000.75,6049.0,6096.0,5797.419921875,0.0473759,0.0462587,0.0445486,0.0416561,0.01601341504158029,,,,,,,,,,,,,0.1589041095890411,0.40821917808219177,0.6575342465753424,0.9068493150684932,1.1561643835616437,1.4054794520547946,,,,,,,,,,,,,0.0469,0.0452,0.0436,0.0422,0.0408,0.0394,,,,,,,,,,,,,,,,,,,,,,,,,5825.943629464057,11.806370535942733,5866.906547086234,30.34345291376576,5903.539592052321,46.210407947679414,5936.7406114288615,64.00938857113852,5965.962164653,83.0378353469996,5991.143779951213,104.85622004878678
2024-10-24,,,,,,,,,,,,,,,,5849.0,5909.0,5961.0,6012.0,6060.25,6107.25,5809.85986328125,0.0471767,0.0461721,0.0444788,0.0417793,0.01623565596841076,,,,,,,,,,,,,0.15616438356164383,0.4054794520547945,0.6547945205479452,0.9041095890410958,1.1534246575342466,1.4027397260273973,,,,,,,,,,,,,0.0467,0.0451,0.0435,0.0422,0.041,0.0397,,,,,,,,,,,,,,,,,,,,,,,,,5837.565807483575,11.434192516425355,5878.2573507093875,30.742649290612462,5914.512010766706,46.487989233293774,5947.857454735501,64.14254526449895,5978.204402240482,82.04559775951839,6004.26961208793,102.98038791207
2024-10-25,,,,,,,,,,,,,,,,5846.0,5906.25,5958.25,6009.0,6057.25,6104.25,5808.1201171875,0.047073,0.0460464,0.0443072,0.041529,0.01643009175140494,,,,,,,,,,,,,0.15342465753424658,0.40273972602739727,0.6520547945205479,0.9013698630136986,1.1506849315068493,1.4,,,,,,,,,,,,,0.0467,0.045,0.0434,0.042,0.0408,0.0394,,,,,,,,,,,,,,,,,,,,,,,,,5835.15663223662,10.843367763380229,5875.335681433584,30.914318566416114,5911.164297237438,47.085702762561596,5943.539927968855,65.46007203114459,5973.297051224295,83.95294877570541,5997.932522062587,106.31747793741306
2024-10-28,,,,,,,,,,,,,,,,5861.5,5922.5,5975.25,6026.5,6074.75,6121.75,5823.52001953125,0.0469649,0.0458917,0.044127,0.0414467,0.01721544371717386,,,,,,,,,,,,,0.14520547945205478,0.39452054794520547,0.6438356164383562,0.8931506849315068,1.1424657534246576,1.3917808219178083,,,,,,,,,,,,,0.0466,0.0449,0.0432,0.042,0.0408,0.0394,,,,,,,,,,,,,,,,,,,,,,,,,5848.42089222807,13.079107771929557,5887.473860977458,35.02613902254234,5921.765768225853,53.48423177414679,5953.86885920858,72.63114079141997,5982.565211590179,92.18478840982061,6006.13191534296,115.61808465703962
2024-10-29,,,,,,,,,,,,,,,,5871.0,5932.0,5984.75,6036.0,6084.25,6131.25,5832.919921875,0.0468516,0.0458537,0.0442681,0.0418548,0.01752665695873279,,,,,,,,,,,,,0.14246575342465753,0.3917808219178082,0.6410958904109589,0.8904109589041096,1.1397260273972603,1.389041095890411,,,,,,,,,,,,,0.0465,0.0449,0.0435,0.0423,0.0413,0.0401,,,,,,,,,,,,,,,,,,,,,,,,,5857.046277816782,13.953722183217906,5895.810830832963,36.18916916703711,5930.859376717697,53.89062328230284,5963.014700040756,72.985299959244,5993.124029777727,91.12597022227328,6018.71041966168,112.53958033831987
2024-10-30,,,,,,,,,,,,,,,,5852.0,5913.0,5966.0,6017.0,6070.25,6117.25,5813.669921875,0.0467171,0.0457106,0.04418,0.0417434,0.0178749533131143,,,,,,,,,,,,,0.13972602739726028,0.38904109589041097,0.6383561643835617,0.8876712328767123,1.1369863013698631,1.3863013698630138,,,,,,,,,,,,,0.0464,0.0448,0.0434,0.0422,0.0411,0.0399,,,,,,,,,,,,,,,,,,,,,,,,,5836.887655028535,15.112344971465063,5874.887889510803,38.11211048919722,5909.174235797364,56.82576420263558,5940.56752490579,76.43247509420962,5969.233859775427,101.01614022457306,5993.918548330636,123.33145166936356
2024-10-31,,,,,,,,,,,,,,,,5738.5,5798.0,5850.0,5900.5,5953.75,6000.75,5705.4501953125,0.0465606,0.0455924,0.0440726,0.0416874,0.01790003005966233,,,,,,,,,,,,,0.136986301369863,0.3863013698630137,0.6356164383561644,0.8849315068493151,1.1342465753424658,1.3835616438356164,,,,,,,,,,,,,0.0463,0.0448,0.0433,0.0422,0.0411,0.0399,,,,,,,,,,,,,,,,,,,,,,,,,5727.6899505817855,10.810049418214476,5765.047469950159,32.95253004984079,5798.310204436686,51.689795563313965,5829.467752679483,71.03224732051694,5857.579004536612,96.17099546338795,5881.784528971028,118.96547102897239
2024-11-01,,,,,,,,,,,,,,,,5758.25,5817.5,5869.5,5920.0,5968.25,6015.25,5728.7998046875,0.04652,0.0455429,0.0441198,0.0419104,0.01790639159167772,,,,,,,,,,,,,0.13424657534246576,0.3835616438356164,0.6328767123287671,0.8821917808219178,1.1315068493150684,1.3808219178082193,,,,,,,,,,,,,0.0462,0.0448,0.0435,0.0424,0.0414,0.0403,,,,,,,,,,,,,,,,,,,,,,,,,5750.600997492889,7.649002507110708,5788.2002595709255,29.299740429074518,5822.348189533271,47.15181046672933,5853.935151903209,66.06484809679114,5883.1317428140155,85.11825718598448,5908.710605320524,106.53939467947566
2024-11-04,,,,,,,,,,,,,,,,5743.25,5802.5,5854.5,5905.0,5953.25,6000.25,5712.68994140625,0.0464045,0.04531640000000001,0.0438167,0.04142680000000001,0.01865365433294094,,,,,,,,,,,,,0.12602739726027398,0.37534246575342467,0.6246575342465753,0.873972602739726,1.1232876712328768,1.3726027397260274,,,,,,,,,,,,,0.0461,0.0445,0.0432,0.042,0.0409,0.0397,,,,,,,,,,,,,,,,,,,,,,,,,5732.484301932044,10.765698067955782,5768.379759942361,34.12024005763942,5800.957937562866,53.54206243713361,5830.449346661918,74.55065333808216,5857.243214130821,96.00678586917911,5880.126513192497,120.12348680750256
2024-11-05,,,,,,,,,,,,,,,,5812.25,5872.5,5924.5,5975.0,6023.25,6070.25,5782.759765625,0.0463008,0.0452266,0.043803,0.04151150000000001,0.01878944079055631,,,,,,,,,,,,,0.1232876712328767,0.3726027397260274,0.6219178082191781,0.8712328767123287,1.1205479452054794,1.36986301369863,,,,,,,,,,,,,0.046,0.0445,0.0432,0.0421,0.041,0.0399,,,,,,,,,,,,,,,,,,,,,,,,,5802.19191948205,10.058080517949747,5838.423791149882,34.07620885011784,5871.2197041683485,53.28029583165153,5901.402074299978,73.59792570002173,5928.486977482423,94.76302251757716,5952.430425887194,117.81957411280564
2024-11-06,,,,,,,,,,,,,,,,5958.25,6021.5,6076.75,6129.5,6179.0,6228.0,5929.0400390625,0.04632559999999999,0.0452226,0.04396410000000001,0.0419947,0.01875565961530684,,,,,,,,,,,,,0.12054794520547946,0.3698630136986301,0.6191780821917808,0.8684931506849315,1.1178082191780823,1.367123287671233,,,,,,,,,,,,,0.0461,0.0446,0.0435,0.0425,0.0416,0.0406,,,,,,,,,,,,,,,,,,,,,,,,,5948.616204505462,9.63379549453839,5985.986675072815,35.51332492718484,6020.579222266385,56.17077773361507,6052.576897214231,76.9231027857686,6082.391206696994,96.60879330300577,6108.774768786891,119.2252312131086
2024-11-07,,,,,,,,,,,,,,,,6003.75,6067.75,6123.5,6175.75,6230.5,6281.5,5973.10009765625,0.0462214,0.0452163,0.04410389999999999,0.04246610000000001,0.01932624841233879,,,,,,,,,,,,,0.1178082191780822,0.36712328767123287,0.6164383561643836,0.8657534246575342,1.115068493150685,1.3643835616438356,,,,,,,,,,,,,0.046,0.0446,0.0437,0.0429,0.0421,0.0413,,,,,,,,,,,,,,,,,,,,,,,,,5991.899412681772,11.850587318227554,6028.779916773426,38.97008322657439,6063.523018378815,59.97698162118468,6096.257925690854,79.49207430914612,6126.725094342236,103.77490565776407,6154.888828055234,126.61117194476628
2024-11-08,,,,,,,,,,,,,,,,6025.25,6090.0,6146.75,6202.75,6257.5,6310.5,5995.5400390625,0.0461648,0.0451617,0.0440107,0.0421872,0.01794686220946431,,,,,,,,,,,,,0.11506849315068493,0.3643835616438356,0.6136986301369863,0.863013698630137,1.1123287671232878,1.3616438356164384,,,,,,,,,,,,,0.046,0.0446,0.0436,0.0427,0.0418,0.0409,,,,,,,,,,,,,,,,,,,,,,,,,6014.925106906297,10.324893093703395,6054.052189811668,35.94781018833237,6090.6765135531905,56.07348644680951,6124.996365225763,77.75363477423707,6156.746037744742,100.75396225525765,6185.8836444041435,124.61635559585648
2024-11-12,,,,,,,,,,,,,,,,6013.0,6079.0,6137.25,6193.0,6250.75,6305.75,5983.990234375,0.0460769,0.045168,0.04412600000000001,0.042396,0.01943030410245045,,,,,,,,,,,,,0.10410958904109589,0.35342465753424657,0.6027397260273972,0.852054794520548,1.1013698630136985,1.3506849315068492,,,,,,,,,,,,,0.046,0.0447,0.0438,0.0429,0.0421,0.0412,,,,,,,,,,,,,,,,,,,,,,,,,6000.565824323572,12.434175676427913,6037.6722122099645,41.32778779003547,6072.5352852701735,64.71471472982648,6104.859391671782,88.14060832821815,6135.2776175904255,115.4723824095745,6162.555891406436,143.19410859356412
2024-11-13,,,,,,,,,,,,,,,,6016.0,6082.75,6140.0,6196.0,6253.75,6308.75,5985.3798828125,0.0460929,0.0452346,0.0444343,0.0431679,0.01951273334496224,,,,,,,,,,,,,0.10136986301369863,0.3506849315068493,0.6,0.8493150684931506,1.0986301369863014,1.347945205479452,,,,,,,,,,,,,0.046,0.0449,0.0442,0.0435,0.0429,0.0423,,,,,,,,,,,,,,,,,,,,,,,,,6001.472285665732,14.52771433426824,6038.905224805965,43.84477519403481,6074.697352529449,65.30264747055116,6108.569103646476,87.43089635352408,6141.1607126909075,112.58928730909247,6172.079383612077,136.67061638792256
2024-11-14,,,,,,,,,,,,,,,,5978.25,6045.75,6105.75,6161.0,6218.75,6273.75,5949.169921875,0.0461048,0.0448539,0.04385729999999999,0.04244539999999999,0.01901298394693908,,,,,,,,,,,,,0.09863013698630137,0.34794520547945207,0.5972602739726027,0.8465753424657534,1.095890410958904,1.3452054794520547,,,,,,,,,,,,,0.046,0.0444,0.0436,0.0429,0.0422,0.0415,,,,,,,,,,,,,,,,,,,,,,,,,5965.026117433743,13.223882566257089,6001.9534510429485,43.79654895705153,6037.177182672566,68.57281732743377,6070.699635866157,90.30036413384278,6102.2779106511525,116.47208934884748,6131.879796184506,141.87020381549428
2024-11-15,,,,,,,,,,,,,,,,5896.5,5963.0,6021.75,6079.0,6136.75,6191.75,5870.6201171875,0.0461045,0.0449113,0.0439191,0.0424243,0.01847509620168247,,,,,,,,,,,,,0.0958904109589041,0.3452054794520548,0.5945205479452055,0.8438356164383561,1.093150684931507,1.3424657534246576,,,,,,,,,,,,,0.046,0.0444,0.0436,0.0429,0.0421,0.0414,,,,,,,,,,,,,,,,,,,,,,,,,5886.13534750945,10.364652490549815,5923.394553532166,39.605446467833644,5958.969369855163,62.78063014483723,5992.872663928356,86.1273360716441,6024.206983984374,112.54301601562565,6054.102662666187,137.64733733381308
2024-11-18,,,,,,,,,,,,,,,,5920.0,5986.0,6043.5,6098.25,6154.0,6209.0,5893.6201171875,0.0460617,0.04521,0.044315,0.0428835,0.018440841170446,,,,,,,,,,,,,0.08767123287671233,0.336986301369863,0.5863013698630137,0.8356164383561644,1.084931506849315,1.3342465753424657,,,,,,,,,,,,,0.046,0.0449,0.0441,0.0433,0.0426,0.0419,,,,,,,,,,,,,,,,,,,,,,,,,5907.877177138781,12.122822861218992,5946.404813128036,39.59518687196396,5982.954022852945,60.545977147055055,6017.327064726292,80.92293527370839,6050.14030310224,103.85969689775993,6081.009583462142,127.99041653785844
2024-11-19,,,,,,,,,,,,,,,,5938.75,6003.75,6060.75,6116.0,6169.75,6221.75,5916.97998046875,0.0459921,0.0452014,0.0443045,0.0428399,0.01876236128827286,,,,,,,,,,,,,0.08493150684931507,0.33424657534246577,0.5835616438356165,0.8328767123287671,1.082191780821918,1.3315068493150686,,,,,,,,,,,,,0.046,0.0449,0.044,0.0433,0.0426,0.0419,,,,,,,,,,,,,,,,,,,,,,,,,5930.683774265379,8.066225734621185,5968.899646058887,34.8503539411131,6004.768467864537,55.98153213546266,6039.148397140435,76.85160285956499,6071.605556816879,98.14444318312144,6102.106898358766,119.64310164123435
2024-11-20,,,,,,,,,,,,,,,,5937.75,6002.75,6060.0,6115.0,6168.75,6225.0,5917.10986328125,0.0459513,0.0451379,0.0442324,0.0426102,0.01897816714488516,,,,,,,,,,,,,0.0821917808219178,0.3315068493150685,0.5808219178082191,0.8301369863013699,1.0794520547945206,1.3287671232876712,,,,,,,,,,,,,0.046,0.0448,0.044,0.0432,0.0424,0.0415,,,,,,,,,,,,,,,,,,,,,,,,,5930.26620647301,7.483793526989757,5967.9784106195075,34.771589380492514,6003.732504300235,56.26749569976528,6037.292019365232,77.70798063476832,6068.617845080301,100.13215491969913,6096.8631546537345,128.13684534626555
2024-11-21,,,,,,,,,,,,,,,,5970.5,6035.75,6093.75,6149.5,6205.25,6261.5,5948.7099609375,0.0458771,0.0452084,0.0443378,0.0429125,0.0176173172054116,,,,,,,,,,,,,0.07945205479452055,0.3287671232876712,0.5780821917808219,0.8273972602739726,1.0767123287671232,1.326027397260274,,,,,,,,,,,,,0.0459,0.0449,0.0441,0.0434,0.0427,0.042,,,,,,,,,,,,,,,,,,,,,,,,,5962.0924401528455,8.407559847154516,6002.307819755522,33.44218024447764,6040.480429409561,53.26957059043889,6076.974177155156,72.52582284484379,6111.554846867766,93.69515313223383,6144.187347678289,117.31265232171063
2024-11-22,,,,,,,,,,,,,,,,5987.0,6053.75,6113.75,6172.0,6229.5,6287.5,5969.33984375,0.045885,0.0452094,0.0443716,0.0429958,0.01782443451502595,,,,,,,,,,,,,0.07671232876712329,0.32602739726027397,0.5753424657534246,0.8246575342465754,1.073972602739726,1.3232876712328767,,,,,,,,,,,,,0.0459,0.0449,0.0441,0.0435,0.0428,0.0421,,,,,,,,,,,,,,,,,,,,,,,,,5982.210116390718,4.789883609281787,6022.266710884123,31.483289115876687,6060.266590765183,53.48340923481737,6097.0795294904165,74.92047050958354,6131.62261407439,97.87738592560981,6164.209464997695,123.29053500230475
2024-11-25,,,,,,,,,,,,,,,,6006.5,6073.5,6134.25,6192.25,6249.0,6306.25,5987.3701171875,0.0458557,0.0452108,0.0444499,0.0432577,0.01976620748068809,,,,,,,,,,,,,0.0684931506849315,0.3178082191780822,0.5671232876712329,0.8164383561643835,1.0657534246575342,1.3150684931506849,,,,,,,,,,,,,0.0459,0.045,0.0443,0.0437,0.0431,0.0425,,,,,,,,,,,,,,,,,,,,,,,,,5998.0970222503975,8.402977749602542,6035.578918774223,37.921081225777016,6071.258746059409,62.99125394059138,6105.516680885544,86.73331911445621,6138.131251878621,110.86874812137921,6169.074116158876,137.17588384112423
2024-11-26,,,,,,,,,,,,,,,,6038.25,6105.25,6165.75,6223.75,6280.5,6337.75,6021.6298828125,0.0457258,0.0451391,0.04432870000000001,0.0430411,0.01935380629519872,,,,,,,,,,,,,0.06575342465753424,0.3150684931506849,0.5643835616438356,0.8136986301369863,1.063013698630137,1.3123287671232877,,,,,,,,,,,,,0.0458,0.0449,0.0441,0.0435,0.0429,0.0423,,,,,,,,,,,,,,,,,,,,,,,,,6032.110172040883,6.139827959116701,6070.292356536218,34.957643463782006,6106.320072432964,59.42992756703643,6141.111132979094,82.63886702090622,6174.252939810859,106.24706018914094,6205.716711241005,132.0332887589948
2024-11-27,,,,,,,,,,,,,,,,6015.0,6081.75,6142.0,6200.0,6256.75,6314.0,5998.740234375,0.0455265,0.0449937,0.044243,0.04305030000000001,0.01935541170647455,,,,,,,,,,,,,0.06301369863013699,0.31232876712328766,0.5616438356164384,0.810958904109589,1.0602739726027397,1.3095890410958904,,,,,,,,,,,,,0.0456,0.0448,0.0441,0.0435,0.0429,0.0423,,,,,,,,,,,,,,,,,,,,,,,,,6008.668970131316,6.3310298686838,6046.602615382243,35.14738461775687,6082.690604510848,59.30939548915194,6117.35464242491,82.6453575750902,6150.375890818524,106.37410918147634,6181.7256731442185,132.2743268557815
2024-11-29,,,,,,,,,,,,,,,,6051.5,6119.0,6179.75,6237.25,6292.0,6351.25,6032.3798828125,0.0453093,0.044662,0.0438359,0.0425389,0.01939905617083192,,,,,,,,,,,,,0.057534246575342465,0.30684931506849317,0.5561643835616439,0.8054794520547945,1.0547945205479452,1.3041095890410959,,,,,,,,,,,,,0.0454,0.0445,0.0437,0.043,0.0424,0.0418,,,,,,,,,,,,,,,,,,,,,,,,,6041.4107427572235,10.089257242776512,6079.02191664265,39.97808335735044,6114.462863329551,65.2871366704494,6148.15281824485,89.0971817551499,6180.522879111006,111.47712088899425,6211.2048341857235,140.04516581427652
2024-12-02,,,,,,,,,,,,,,,,6061.75,6129.75,6191.0,6248.0,6302.75,6362.0,6047.14990234375,0.0452397,0.0446472,0.043754,0.042343,0.02011832971238289,,,,,,,,,,,,,0.049315068493150684,0.29863013698630136,0.547945205479452,0.7972602739726027,1.0465753424657533,1.295890410958904,,,,,,,,,,,,,0.0454,0.0445,0.0436,0.0429,0.0422,0.0416,,,,,,,,,,,,,,,,,,,,,,,,,6054.693992996954,7.056007003046034,6091.34049767558,38.40950232441992,6125.459286520021,65.54071347997888,6157.987325098972,90.01267490102782,6188.527669888698,114.22233011130174,6217.85480781109,144.1451921889102
2024-12-03,,,,,,,,,,,,,,,,6063.25,6131.25,6191.75,6249.5,6305.5,6364.75,6049.8798828125,0.0452539,0.0447178,0.0439344,0.04260849999999999,0.02074845277762251,,,,,,,,,,,,,0.04657534246575343,0.2958904109589041,0.5452054794520548,0.7945205479452054,1.0438356164383562,1.2931506849315069,,,,,,,,,,,,,0.0454,0.0446,0.0438,0.0431,0.0425,0.0419,,,,,,,,,,,,,,,,,,,,,,,,,6056.830067315748,6.419932684251762,6092.727591766352,38.52240823364809,6126.393542040624,65.3564579593758,6158.277927953408,91.22207204659207,6188.81392872484,116.68607127516043,6217.6408829812735,147.10911701872647
2024-12-04,,,,,,,,,,,,,,,,6098.5,6167.0,6227.25,6285.0,6341.0,6400.25,6086.490234375,0.045074,0.0444417,0.04352909999999999,0.0420612,0.02103033646173985,,,,,,,,,,,,,0.043835616438356165,0.29315068493150687,0.5424657534246575,0.7917808219178082,1.0410958904109588,1.2904109589041095,,,,,,,,,,,,,0.0452,0.0443,0.0434,0.0426,0.042,0.0413,,,,,,,,,,,,,,,,,,,,,,,,,6092.942240017879,5.557759982120842,6128.1512700719495,38.84872992805049,6160.798376847802,66.45162315219841,6191.330736888782,93.66926311121824,6220.828081266352,120.17191873364845,6247.789963382914,152.4600366170862
2024-12-05,,,,,,,,,,,,,,,,6088.75,6156.75,6217.75,6275.0,6331.0,6390.25,6075.10986328125,0.0448252,0.0442844,0.0433044,0.0417784,0.02092949255702703,,,,,,,,,,,,,0.0410958904109589,0.29041095890410956,0.5397260273972603,0.7890410958904109,1.0383561643835617,1.2876712328767124,,,,,,,,,,,,,0.045,0.0441,0.0432,0.0424,0.0417,0.041,,,,,,,,,,,,,,,,,,,,,,,,,6081.122328766124,7.627671233875844,6116.1269375017455,40.62306249825451,6148.573145658197,69.17685434180294,6178.905710397393,96.0942896026072,6207.555989384933,123.44401061506687,6234.162754859673,156.08724514032656
2024-12-06,,,,,,,,,,,,,,,,6099.0,6167.0,6227.0,6284.25,6340.25,6399.5,6090.27001953125,0.04477299999999999,0.04426720000000001,0.0432942,0.0418079,0.0194054438437262,,,,,,,,,,,,,0.038356164383561646,0.2876712328767123,0.536986301369863,0.7863013698630137,1.0356164383561643,1.284931506849315,,,,,,,,,,,,,0.0449,0.0441,0.0432,0.0424,0.0417,0.041,,,,,,,,,,,,,,,,,,,,,,,,,6096.228445320071,2.771554679929068,6133.688809489014,33.31119051098631,6168.586810497855,58.41318950214463,6201.387578076283,82.86242192371719,6232.5217598586905,107.72824014130947,6261.626305002418,137.87369499758188
2024-12-09,,,,,,,,,,,,,,,,6065.75,6133.25,6193.0,6250.5,6306.5,6365.75,6052.85009765625,0.0445195,0.04396219999999999,0.0428907,0.0412895,0.02015408186151389,,,,,,,,,,,,,0.030136986301369864,0.27945205479452057,0.5287671232876713,0.7780821917808219,1.0273972602739727,1.2767123287671234,,,,,,,,,,,,,0.0447,0.0438,0.0428,0.0419,0.0412,0.0405,,,,,,,,,,,,,,,,,,,,,,,,,6057.329289494011,8.420710505988609,6092.97916673478,40.27083326522006,6125.765134972431,67.23486502756896,6156.136340331598,94.36365966840185,6185.153169878318,121.3468301216817,6212.138099744154,153.6119002558462
2024-12-10,,,,,,,,,,,,,,,,6046.25,6113.25,6172.25,6228.0,6282.5,6337.75,6034.91015625,0.0444652,0.0439219,0.0428598,0.0413085,0.02149812451899336,,,,,,,,,,,,,0.0273972602739726,0.27671232876712326,0.5260273972602739,0.7753424657534247,1.0246575342465754,1.273972602739726,,,,,,,,,,,,,0.0446,0.0438,0.0428,0.0419,0.0412,0.0406,,,,,,,,,,,,,,,,,,,,,,,,,6038.73102948238,7.518970517619891,6072.267970126682,40.982029873318425,6102.9138499004775,69.33615009952246,6131.132056925416,96.86794307458422,6157.979019544722,124.52098045527782,6183.572836776014,154.1771632239861
2024-12-11,,,,,,,,,,,,,,,,6092.75,6159.75,6218.25,6274.25,6328.75,6384.0,6084.18994140625,0.0444351,0.0439545,0.0429464,0.0414866,0.02303142355926634,,,,,,,,,,,,,0.024657534246575342,0.273972602739726,0.5232876712328767,0.7726027397260274,1.021917808219178,1.2712328767123289,,,,,,,,,,,,,0.0446,0.0439,0.0429,0.0421,0.0414,0.0408,,,,,,,,,,,,,,,,,,,,,,,,,6087.426544021962,5.3234559780376,6119.075432166785,40.674567833215406,6147.777133833841,70.47286616615929,6174.4883953979825,99.76160460201754,6199.475979909525,129.27402009047455,6223.1834983771505,160.8165016228495
2024-12-12,,,,,,,,,,,,,,,,6060.75,6127.75,6185.75,6241.75,6296.25,6351.5,6051.25,0.04397090000000001,0.0435857,0.0426045,0.0412138,0.02630623838049982,,,,,,,,,,,,,0.021917808219178082,0.27123287671232876,0.5205479452054794,0.7698630136986301,1.0191780821917809,1.2684931506849315,,,,,,,,,,,,,0.0441,0.0435,0.0425,0.0418,0.0412,0.0406,,,,,,,,,,,,,,,,,,,,,,,,,6053.610449299091,7.13955070090924,6079.535990399963,48.21400960003666,6102.475396740503,83.27460325949687,6123.861957350119,117.88804264988084,6143.8050037802805,152.44499621971954,6161.969195062982,189.53080493701782
2024-12-13,,,,,,,,,,,,,,,,6055.5,6125.75,6183.25,6239.25,6293.75,6349.0,6051.08984375,0.0438182,0.0434872,0.04260410000000001,0.0413579,0.02369616822087739,,,,,,,,,,,,,0.019178082191780823,0.2684931506849315,0.5178082191780822,0.7671232876712328,1.0164383561643835,1.2657534246575342,,,,,,,,,,,,,0.0439,0.0434,0.0425,0.0418,0.0413,0.0408,,,,,,,,,,,,,,,,,,,,,,,,,6053.43491834315,2.0650816568504524,6083.187017524376,42.56298247562427,6110.295735715912,72.95426428408791,6135.712855241949,103.537144758051,6160.337747106874,133.4122528931257,6183.51963098408,165.48036901591968
2024-12-16,,,,,,,,,,,,,,,,6080.5,6154.0,6212.5,6267.5,6322.0,6382.75,6074.080078125,0.0437521,0.0435138,0.0427273,0.0417105,0.02902565042481664,,,,,,,,,,,,,0.010958904109589041,0.2602739726027397,0.5095890410958904,0.7589041095890411,1.0082191780821919,1.2575342465753425,,,,,,,,,,,,,0.0438,0.0435,0.0427,0.0421,0.0417,0.0413,,,,,,,,,,,,,,,,,,,,,,,,,6075.063616183009,5.4363838169911105,6097.00609596823,56.9939040317704,6116.553895618007,95.94610438199288,6134.648166312064,132.85183368793605,6152.19588525473,169.80411474527045,6168.563342844526,214.18665715547377
2024-12-17,,,,,,,,,,,,,,,,6053.75,6127.25,6186.0,6242.0,6298.5,6359.25,6050.60986328125,0.04366349999999999,0.0435285,0.0427749,0.0417776,0.03606801709764377,,,,,,,,,,,,,0.00821917808219178,0.25753424657534246,0.5068493150684932,0.7561643835616438,1.0054794520547945,1.2547945205479452,,,,,,,,,,,,,0.0437,0.0435,0.0428,0.0422,0.0418,0.0414,,,,,,,,,,,,,,,,,,,,,,,,,6050.9894216324965,2.7605783675035127,6062.2017606130175,65.04823938698246,6071.290416784667,114.70958321533271,6078.730396950577,163.26960304942259,6085.582577788412,212.91742221158802,6091.227453672598,268.02254632740187
2024-12-18,,,,,,,,,,,,,,,,5872.25,5940.25,5998.5,6055.0,6103.25,6167.25,5872.16015625,0.0437026,0.0435406,0.0428318,0.041925,0.05282783366693862,,,,,,,,,,,,,0.005479452054794521,0.2547945205479452,0.5041095890410959,0.7534246575342466,1.0027397260273974,1.252054794520548,,,,,,,,,,,,,0.0438,0.0435,0.0428,0.0423,0.0419,0.0416,,,,,,,,,,,,,,,,,,,,,,,,,5871.869681872092,0.38031812790814,5858.220476970721,82.02952302927861,5842.550543489332,155.94945651066791,5825.766833544119,229.23316645588056,5808.165617749919,295.08438225008103,5790.187662420406,377.062337579594
2024-12-19,,,,,,,,,,,,,,,,5868.75,5934.0,5990.75,6047.0,6102.25,6159.25,5867.080078125,0.0435603,0.0433731,0.0428092,0.0421112,0.1067300925949049,,,,,,,,,,,,,0.0027397260273972603,0.25205479452054796,0.5013698630136987,0.7506849315068493,1.0,1.2493150684931507,,,,,,,,,,,,,0.0436,0.0434,0.0428,0.0424,0.0421,0.0418,,,,,,,,,,,,,,,,,,,,,,,,,5866.065400647387,2.684599352613077,5774.169434965683,159.83056503431726,5682.0066681531525,308.74333184684747,5590.48165758141,456.5183424185898,5499.883917796788,602.3660822032116,5409.945049933152,749.3049500668476
2024-12-20,,,,,,,,,,,,,,,,5840.2598,6001.75,6058.75,6117.0,6177.25,6234.25,5930.85009765625,0.04336540000000001,0.0432742,0.0427621,0.0422397,0.0002411320651036652,,,,,,,,,,,,,0.0,0.2493150684931507,0.4986301369863014,0.7479452054794521,0.9972602739726028,1.2465753424657535,,,,,,,,,,,,,0.0434,0.0433,0.0428,0.0424,0.0422,0.0421,,,,,,,,,,,,,,,,,,,,,,,,,5930.85009765625,-90.59029765625019,5994.86208233591,6.88791766409031,6058.054399273994,0.6956007260059778,6120.844525081213,-3.8445250812128506,6184.285453875502,-7.035453875501844,6248.5397146258,-14.289714625800116
2024-12-23,,,,,,,,,,,,,,,,,6036.0,6093.5,6151.75,6212.0,6269.0,5974.06982421875,0.04338739999999999,0.0432594,0.0427159,0.0421088,0.01289655632505346,,,,,,,,,,,,,,0.2410958904109589,0.4904109589041096,0.7397260273972602,0.989041095890411,1.2383561643835617,,,,,,,,,,,,,,0.0433,0.0427,0.0423,0.0421,0.0419,,,,,,,,,,,,,,,,,,,,,,,,,,,6018.021513545934,17.978486454066115,6062.027670056976,31.472329943024306,6105.432205112049,46.317794887951095,6149.1374114440205,62.86258855597953,6192.5378897032515,76.4621102967485
2024-12-24,,,,,,,,,,,,,,,,,6098.0,6156.25,6214.0,6274.0,6331.0,6040.0400390625,0.0433778,0.0432666,0.0428467,0.0424104,0.01279071106231206,,,,,,,,,,,,,,0.23835616438356164,0.4876712328767123,0.736986301369863,0.9863013698630136,1.2356164383561643,,,,,,,,,,,,,,0.0433,0.0429,0.0426,0.0424,0.0423,,,,,,,,,,,,,,,,,,,,,,,,,,,6084.1237717263675,13.876228273632478,6129.382893423066,26.86710657693402,6174.20221680999,39.797783190009795,6219.032345269589,54.967654730410686,6264.337292379872,66.66270762012755
2024-12-26,,,,,,,,,,,,,,,,,6095.25,6153.75,6211.25,6271.0,6328.0,6037.58984375,0.0434464,0.0432466,0.0428209,0.0424026,0.01278614513370984,,,,,,,,,,,,,,0.2328767123287671,0.4821917808219178,0.7315068493150685,0.9808219178082191,1.2301369863013698,,,,,,,,,,,,,,0.0433,0.0428,0.0426,0.0424,0.0423,,,,,,,,,,,,,,,,,,,,,,,,,,,6080.645548135941,14.604451864059229,6125.603817051721,28.146182948278692,6170.710213685919,40.53978631408063,6215.528874137309,55.471125862691224,6260.818856466707,67.18114353329292
2024-12-27,,,,,,,,,,,,,,,,,6027.0,6084.0,6140.5,6195.25,6253.25,5970.83984375,0.0435701,0.0432878,0.0428493,0.0423931,0.01287754435122647,,,,,,,,,,,,,,0.23013698630136986,0.4794520547945205,0.7287671232876712,0.9780821917808219,1.2273972602739727,,,,,,,,,,,,,,0.0433,0.0429,0.0426,0.0424,0.0422,,,,,,,,,,,,,,,,,,,,,,,,,,,6012.790360751714,14.209639248286294,6057.407618969377,26.592381030623073,6101.583595795705,38.91640420429485,6145.763502013571,49.48649798642873,6189.646003321601,63.6039966783992
2024-12-30,,,,,,,,,,,,,,,,,5958.75,6014.75,6069.25,6123.0,6179.75,5906.93994140625,0.0433704,0.0431044,0.04262299999999999,0.0420684,0.0131188891171536,,,,,,,,,,,,,,0.2219178082191781,0.4712328767123288,0.7205479452054795,0.9698630136986301,1.2191780821917808,,,,,,,,,,,,,,0.0432,0.0427,0.0423,0.0421,0.0419,,,,,,,,,,,,,,,,,,,,,,,,,,,5946.503829098071,12.246170901928963,5989.856845287142,24.893154712857722,6032.456517185534,36.79348281446619,6075.325867051287,47.67413294871312,6117.889722541898,61.860277458102246
2024-12-31,,,,,,,,,,,,,,,,,5935.75,5991.25,6045.5,6098.5,6154.5,5881.6298828125,0.0433249,0.04305100000000001,0.0425001,0.04175,0.01312146137342617,,,,,,,,,,,,,,0.2191780821917808,0.4684931506849315,0.7178082191780822,0.9671232876712329,1.2164383561643837,,,,,,,,,,,,,,0.0431,0.0426,0.0421,0.0418,0.0415,,,,,,,,,,,,,,,,,,,,,,,,,,,5920.4031903677505,15.34680963224946,5963.421585600618,27.828414399382382,6005.255170654207,40.24482934579282,6047.044238355672,51.45576164432805,6088.213307608371,66.286692391629
2025-01-02,,,,,,,,,,,,,,,,,5916.5,5971.75,6025.0,6077.5,6133.0,5868.5498046875,0.04325560000000001,0.0429605,0.042378,0.0416241,0.01318504415814677,,,,,,,,,,,,,,0.2136986301369863,0.46301369863013697,0.7123287671232876,0.9616438356164384,1.210958904109589,,,,,,,,,,,,,,0.043,0.0425,0.042,0.0417,0.0414,,,,,,,,,,,,,,,,,,,,,,,,,,,5906.060142312272,10.439857687728363,5948.748001110944,23.001998889056267,5990.250753521664,34.74924647833632,6031.699325008421,45.8006749915794,6072.526241860456,60.47375813954386
2025-01-03,,,,,,,,,,,,,,,,,5989.5,6045.25,6100.25,6154.5,6211.5,5942.47021484375,0.0431543,0.0429369,0.0424195,0.04164710000000001,0.01298436918541391,,,,,,,,,,,,,,0.21095890410958903,0.4602739726027397,0.7095890410958904,0.958904109589041,1.2082191780821918,,,,,,,,,,,,,,0.043,0.0425,0.042,0.0417,0.0414,,,,,,,,,,,,,,,,,,,,,,,,,,,5980.217703670224,9.282296329775818,6023.751178785371,21.49882121462906,6066.089003390277,34.16099660972304,6108.372947872896,46.127052127104434,6150.031588339434,61.468411660565835
2025-01-06,,,,,,,,,,,,,,,,,6020.5,6077.0,6131.75,6186.0,6243.0,5975.3798828125,0.0430639,0.042882,0.0424212,0.04177699999999999,0.01294658285123938,,,,,,,,,,,,,,0.20273972602739726,0.4520547945205479,0.7013698630136986,0.9506849315068493,1.2,,,,,,,,,,,,,,0.0429,0.0425,0.0421,0.0418,0.0416,,,,,,,,,,,,,,,,,,,,,,,,,,,6011.777260761825,8.722739238174654,6055.745182757444,21.254817242555873,6098.8181267968375,32.93187320316247,6141.556326526358,44.443673473641866,6184.411025818716,58.58897418128436
2025-01-07,,,,,,,,,,,,,,,,,5954.25,6010.0,6065.75,6115.5,6172.5,5909.02978515625,0.0429743,0.0428516,0.0424557,0.0418552,0.01312102718743998,,,,,,,,,,,,,,0.2,0.44931506849315067,0.6986301369863014,0.947945205479452,1.1972602739726028,,,,,,,,,,,,,,0.0429,0.0425,0.0422,0.0419,0.0417,,,,,,,,,,,,,,,,,,,,,,,,,,,5944.327762030518,9.922237969482012,5987.5485315054275,22.45146849457251,6030.302044316806,35.44795568319387,6072.452394187581,43.047605812418624,6114.714758251823,57.785241748177214
2025-01-08,,,,,,,,,,,,,,,,,5959.25,6014.5,6069.25,6119.5,6176.5,5918.25,0.0429764,0.04289030000000001,0.0425796,0.0420968,0.01311274472171256,,,,,,,,,,,,,,0.19726027397260273,0.4465753424657534,0.6958904109589041,0.9452054794520548,1.1945205479452055,,,,,,,,,,,,,,0.0429,0.0427,0.0424,0.0421,0.0419,,,,,,,,,,,,,,,,,,,,,,,,,,,5953.127068456353,6.1229315436467004,5996.966366275242,17.533633724758147,6040.105732646665,29.144267353334726,6082.645458248196,36.85454175180439,6125.300185062522,51.19981493747764
2025-01-10,,,,,,,,,,,,,,,,,5866.25,5921.25,5975.5,6026.25,6088.25,5827.0400390625,0.0430254,0.0428701,0.0424458,0.0417833,0.01318719102191488,,,,,,,,,,,,,,0.1917808219178082,0.4410958904109589,0.6904109589041096,0.9397260273972603,1.189041095890411,,,,,,,,,,,,,,0.0429,0.0426,0.0422,0.0419,0.0416,,,,,,,,,,,,,,,,,,,,,,,,,,,5860.339320086753,5.910679913246895,5903.131829298698,18.118170701302006,5944.936927220918,30.563072779082177,5986.406606410689,39.843393589310836,6027.2638826667335,60.98611733326652
2025-01-13,,,,,,,,,,,,,,,,,5874.5,5929.75,5984.25,6034.75,6096.75,5836.22021484375,0.0430624,0.0430198,0.0427941,0.04244780000000001,0.01327905407448788,,,,,,,,,,,,,,0.18356164383561643,0.4328767123287671,0.6821917808219178,0.9315068493150684,1.180821917808219,,,,,,,,,,,,,,0.043,0.0429,0.0426,0.0425,0.0423,,,,,,,,,,,,,,,,,,,,,,,,,,,5868.147460142959,6.352539857040938,5911.535322395173,18.214677604826647,5954.134618709069,30.1153812909306,5997.261060499229,37.48893950077127,6039.685450382029,57.06454961797135
2025-01-14,,,,,,,,,,,,,,,,,5882.25,5937.75,5993.75,6042.0,6104.0,5842.91015625,0.04305170000000001,0.0430758,0.0429626,0.0427781,0.01329671107769568,,,,,,,,,,,,,,0.18082191780821918,0.4301369863013699,0.6794520547945205,0.9287671232876712,1.178082191780822,,,,,,,,,,,,,,0.0431,0.043,0.0429,0.0428,0.0427,,,,,,,,,,,,,,,,,,,,,,,,,,,5874.483110740062,7.76688925993767,5918.040931108919,19.709068891081188,5961.624449829076,32.125550170923816,6005.229493849471,36.7705061505294,6048.851856260059,55.14814373994068
2025-01-15,,,,,,,,,,,,,,,,,5989.0,6045.0,6099.5,6154.0,6212.0,5949.91015625,0.0430105,0.0430288,0.0428862,0.0426435,0.0129997209313127,,,,,,,,,,,,,,0.1780821917808219,0.4273972602739726,0.6767123287671233,0.9260273972602739,1.1753424657534246,,,,,,,,,,,,,,0.043,0.0429,0.0428,0.0427,0.0426,,,,,,,,,,,,,,,,,,,,,,,,,,,5981.782707177188,7.217292822811942,6026.433744798674,18.566255201326385,6071.115348588996,28.384651411003688,6115.823272847934,38.17672715206572,6160.553236551864,51.44676344813615
2025-01-16,,,,,,,,,,,,,,,,,5975.5,6031.5,6086.0,6140.5,6198.5,5937.33984375,0.0429872,0.0429317,0.0426213,0.0420801,0.01305307587527208,,,,,,,,,,,,,,0.17534246575342466,0.4246575342465753,0.673972602739726,0.9232876712328767,1.1726027397260275,,,,,,,,,,,,,,0.043,0.0427,0.0424,0.0422,0.0419,,,,,,,,,,,,,,,,,,,,,,,,,,,5968.598619996861,6.901380003138911,6012.562227157785,18.937772842215054,6055.943691648589,30.056308351410735,6099.288902427214,41.21109757278555,6141.611564904864,56.88843509513572
2025-01-17,,,,,,,,,,,,,,,,,6033.5,6090.5,6145.25,6199.5,6257.5,5996.66015625,0.043004,0.0429009,0.0425381,0.0419425,0.01294589495113615,,,,,,,,,,,,,,0.1726027397260274,0.42191780821917807,0.6712328767123288,0.9205479452054794,1.16986301369863,,,,,,,,,,,,,,0.043,0.0427,0.0423,0.042,0.0418,,,,,,,,,,,,,,,,,,,,,,,,,,,6027.848179066376,5.65182093362364,6072.415462368939,18.08453763106081,6115.986703399862,29.263296600138347,6159.209062296066,40.290937703934105,6202.534655494818,54.96534450518175
2025-01-21,,,,,,,,,,,,,,,,,6084.25,6141.75,6196.5,6250.75,6308.75,6049.240234375,0.0430213,0.04290339999999999,0.042521,0.0419466,0.01295896385412242,,,,,,,,,,,,,,0.16164383561643836,0.410958904109589,0.6602739726027397,0.9095890410958904,1.158904109589041,,,,,,,,,,,,,,0.043,0.0427,0.0423,0.042,0.0418,,,,,,,,,,,,,,,,,,,,,,,,,,,6078.686469093328,5.563530906671986,6123.629808578848,18.120191421152413,6167.575466834729,28.924533165270987,6211.162591853495,39.58740814650537,6254.84696990135,53.90303009864965
2025-01-22,,,,,,,,,,,,,,,,,6120.5,6178.75,6235.5,6292.25,6352.25,6086.3701171875,0.0430483,0.0429664,0.0426221,0.0420721,0.01290341967433599,,,,,,,,,,,,,,0.1589041095890411,0.40821917808219177,0.6575342465753424,0.9068493150684932,1.1561643835616437,,,,,,,,,,,,,,0.043,0.0428,0.0424,0.0422,0.0419,,,,,,,,,,,,,,,,,,,,,,,,,,,6115.547716385795,4.952283614205044,6161.105474538576,17.644525461423655,6205.567517959012,29.93248204098836,6250.237405775082,42.01259422491785,6293.873359222609,58.376640777391
2025-01-23,,,,,,,,,,,,,,,,,6152.0,6210.5,6267.75,6324.0,6384.0,6118.7099609375,0.0431064,0.0430007,0.0426323,0.0420606,0.01285695973137844,,,,,,,,,,,,,,0.15616438356164383,0.4054794520547945,0.6547945205479452,0.9041095890410958,1.1534246575342466,,,,,,,,,,,,,,0.0431,0.0428,0.0424,0.0422,0.0419,,,,,,,,,,,,,,,,,,,,,,,,,,,6147.676277421603,4.3237225783968825,6193.451790956774,17.048209043226052,6238.226358114067,29.523641885933102,6283.207557721117,40.792442278882845,6327.152180220421,56.84781977957937
2025-01-24,,,,,,,,,,,,,,,,,6133.25,6191.5,6248.25,6305.0,6365.0,6101.240234375,0.0431541,0.0429984,0.0425906,0.041988,0.01308108721460236,,,,,,,,,,,,,,0.15342465753424658,0.40273972602739727,0.6520547945205479,0.9013698630136986,1.1506849315068493,,,,,,,,,,,,,,0.0431,0.0428,0.0424,0.0421,0.0418,,,,,,,,,,,,,,,,,,,,,,,,,,,6129.405168079568,3.844831920431716,6174.704668562299,16.795331437700952,6219.003004734797,29.246995265202713,6262.934473847474,42.06552615252622,6306.232864021357,58.76713597864273
2025-01-27,,,,,,,,,,,,,,,,,6046.75,6103.5,6158.25,6212.75,6272.75,6012.27978515625,0.04312999999999999,0.0429387,0.04246229999999999,0.0417975,0.01338732144245975,,,,,,,,,,,,,,0.14520547945205478,0.39452054794520547,0.6438356164383562,0.8931506849315068,1.1424657534246576,,,,,,,,,,,,,,0.0431,0.0427,0.0422,0.0419,0.0416,,,,,,,,,,,,,,,,,,,,,,,,,,,6038.275466139855,8.47453386014513,6082.212103369119,21.287896630880823,6124.852271811581,33.39772818841902,6167.355420404083,45.394579595917094,6209.2246163346645,63.52538366533554
2025-01-28,,,,,,,,,,,,,,,,,6097.0,6154.25,6208.25,6263.0,6322.0,6067.7001953125,0.0431032,0.04286889999999999,0.0422963,0.04139039999999999,0.01330910059961082,,,,,,,,,,,,,,0.14246575342465753,0.3917808219178082,0.6410958904109589,0.8904109589041096,1.1397260273972603,,,,,,,,,,,,,,0.043,0.0426,0.042,0.0416,0.0412,,,,,,,,,,,,,,,,,,,,,,,,,,,6093.420540308703,3.5794596912974157,6137.731831811697,16.518168188303207,6180.339903152172,27.910096847827845,6222.490195669672,40.509804330327825,6263.6785275861575,58.32147241384246
2025-01-29,,,,,,,,,,,,,,,,,6067.5,6125.0,6180.0,6234.25,6293.25,6039.31005859375,0.0431159,0.0429075,0.04236819999999999,0.0415062,0.01337760605410635,,,,,,,,,,,,,,0.13972602739726028,0.38904109589041097,0.6383561643835617,0.8876712328767123,1.1369863013698631,,,,,,,,,,,,,,0.0431,0.0426,0.0421,0.0417,0.0413,,,,,,,,,,,,,,,,,,,,,,,,,,,6064.443418336326,3.056581663673569,6108.361002760203,16.63899723979739,6151.062886407603,28.9371135923966,6193.068922952657,41.181077047343024,6234.118289933646,59.13171006635366
2025-01-30,,,,,,,,,,,,,,,,,6099.25,6157.25,6212.5,6266.75,6320.75,6071.169921875,0.0430861,0.0429071,0.0423861,0.041584,0.01330789659780027,,,,,,,,,,,,,,0.136986301369863,0.3863013698630137,0.6356164383561644,0.8849315068493151,1.1342465753424658,,,,,,,,,,,,,,0.043,0.0426,0.0421,0.0417,0.0414,,,,,,,,,,,,,,,,,,,,,,,,,,,6095.914156155004,3.3358438449959067,6140.258882446467,16.991117553532604,6183.299688032292,29.20031196770833,6225.640892756571,41.10910724342921,6267.732816205074,53.017183794925586
2025-01-31,,,,,,,,,,,,,,,,,6067.25,6125.0,6180.75,6235.0,6292.0,6040.52978515625,0.0431308,0.0430225,0.0424831,0.041603,0.01335495571302583,,,,,,,,,,,,,,0.13424657534246576,0.3835616438356164,0.6328767123287671,0.8821917808219178,1.1315068493150684,,,,,,,,,,,,,,0.0431,0.0428,0.0422,0.0418,0.0414,,,,,,,,,,,,,,,,,,,,,,,,,,,6064.698872992112,2.5511270078877715,6109.138167570991,15.861832429009155,6151.814492106086,28.93550789391429,6194.028638635128,40.97136136487188,6235.288696177166,56.71130382283445
2025-02-03,,,,,,,,,,,,,,,,,6022.25,6079.25,6134.75,6189.0,6246.0,5994.56982421875,0.0431268,0.0430313,0.04251070000000001,0.0416774,0.01351034298243773,,,,,,,,,,,,,,0.12602739726027398,0.37534246575342467,0.6246575342465753,0.873972602739726,1.1232876712328768,,,,,,,,,,,,,,0.0431,0.0428,0.0423,0.0419,0.0415,,,,,,,,,,,,,,,,,,,,,,,,,,,6016.965952098169,5.2840479018314,6060.835623434772,18.41437656522794,6103.349423517199,31.400576482800716,6145.166344706418,43.833655293581614,6186.035832706041,59.96416729395878
2025-02-04,,,,,,,,,,,,,,,,,6063.0,6120.75,6175.25,6230.0,6282.0,6037.8798828125,0.0430733,0.0430188,0.0426173,0.04192700000000001,0.01348467935667359,,,,,,,,,,,,,,0.1232876712328767,0.3726027397260274,0.6219178082191781,0.8712328767123287,1.1205479452054794,,,,,,,,,,,,,,0.0431,0.0429,0.0424,0.0421,0.0418,,,,,,,,,,,,,,,,,,,,,,,,,,,6059.965708869749,3.034291130251404,6104.420412994943,16.329587005056965,6147.440955256118,27.809044743881714,6190.299968314336,39.70003168566382,6232.525400587239,49.474599412760654
2025-02-05,,,,,,,,,,,,,,,,,6086.5,6144.75,6199.5,6254.25,6306.25,6061.47998046875,0.04307859999999999,0.0430191,0.042591,0.0418877,0.01349257707159692,,,,,,,,,,,,,,0.12054794520547946,0.3698630136986301,0.6191780821917808,0.8684931506849315,1.1178082191780823,,,,,,,,,,,,,,0.0431,0.0428,0.0424,0.042,0.0417,,,,,,,,,,,,,,,,,,,,,,,,,,,6083.152746788795,3.3472532112045883,6127.542199082487,17.20780091751294,6170.950229941166,28.54977005883393,6213.4263627356595,40.823637264340505,6255.646404680972,50.60359531902759
2025-02-06,,,,,,,,,,,,,,,,,6106.0,6164.25,6219.5,6274.25,6332.0,6083.56982421875,0.0431014,0.0429735,0.0424683,0.0416057,0.01349277293391862,,,,,,,,,,,,,,0.1178082191780822,0.36712328767123287,0.6164383561643836,0.8657534246575342,1.115068493150685,,,,,,,,,,,,,,0.0431,0.0428,0.0422,0.0418,0.0414,,,,,,,,,,,,,,,,,,,,,,,,,,,6104.826211143149,1.1737888568513881,6149.378571151838,14.871428848162395,6192.184310062896,27.315689937104253,6234.502251523528,39.747748476472225,6275.857540060816,56.14245993918394
2025-02-07,,,,,,,,,,,,,,,,,6049.5,6107.25,6162.5,6217.75,6275.5,6025.990234375,0.0431519,0.0430394,0.0425772,0.0417911,0.01358789257065571,,,,,,,,,,,,,,0.11506849315068493,0.3643835616438356,0.6136986301369863,0.863013698630137,1.1123287671232878,,,,,,,,,,,,,,0.0431,0.0429,0.0424,0.042,0.0416,,,,,,,,,,,,,,,,,,,,,,,,,,,6046.488763276788,3.011236723212278,6090.697883996089,16.55211600391067,6133.489091550686,29.01090844931423,6175.574150585748,42.1758494142523,6216.707918271305,58.79208172869494
2025-02-10,,,,,,,,,,,,,,,,,6088.75,6146.75,6201.75,6257.0,6314.75,6066.43994140625,0.04318469999999999,0.04314689999999999,0.0427893,0.0421972,0.01342200361869554,,,,,,,,,,,,,,0.10684931506849316,0.3561643835616438,0.6054794520547945,0.8547945205479452,1.104109589041096,,,,,,,,,,,,,,0.0432,0.043,0.0426,0.0423,0.0421,,,,,,,,,,,,,,,,,,,,,,,,,,,6085.77262802092,2.9773719790800897,6130.685441714765,16.064558285234853,6174.56608050632,27.18391949368015,6218.052068849553,38.9479311504474,6261.598996335718,53.15100366428214
2025-02-11,,,,,,,,,,,,,,,,,6092.25,6150.25,6205.0,6260.25,6318.0,6068.5,0.0431738,0.0431504,0.0428305,0.042244,0.01341926113102636,,,,,,,,,,,,,,0.10410958904109589,0.35342465753424657,0.6027397260273972,0.852054794520548,1.1013698630136985,,,,,,,,,,,,,,0.0432,0.043,0.0427,0.0424,0.0421,,,,,,,,,,,,,,,,,,,,,,,,,,,6087.344342427028,4.905657572971904,6132.276308375381,17.973691624619278,6176.551599272878,28.448400727122134,6220.216013871721,40.03398612827914,6263.252125022256,54.74787497774378
2025-02-12,,,,,,,,,,,,,,,,,6072.75,6130.75,6187.5,6241.0,6305.25,6051.97021484375,0.04314390000000001,0.04318019999999999,0.0429233,0.0424398,0.01309253186819782,,,,,,,,,,,,,,0.10136986301369863,0.3506849315068493,0.6,0.8493150684931506,1.0986301369863014,,,,,,,,,,,,,,0.0432,0.0431,0.0428,0.0426,0.0424,,,,,,,,,,,,,,,,,,,,,,,,,,,6070.468981602592,2.2810183974079337,6115.992374663479,14.757625336521414,6160.810572008467,26.689427991533194,6205.555949689405,35.44405031059523,6250.002989717495,55.24701028250456
2025-02-13,,,,,,,,,,,,,,,,,6135.25,6194.0,6250.5,6304.75,6365.75,6115.06982421875,0.0431186,0.04322980000000001,0.0431501,0.0429153,0.01303645538694091,,,,,,,,,,,,,,0.09863013698630137,0.34794520547945207,0.5972602739726027,0.8465753424657534,1.095890410958904,,,,,,,,,,,,,,0.0431,0.0432,0.0431,0.043,0.0429,,,,,,,,,,,,,,,,,,,,,,,,,,,6133.228964303187,2.02103569681276,6179.587046716034,14.41295328396609,6225.862260373783,24.6377396262169,6272.171244138576,32.578755861423815,6318.509613927078,47.240386072921865
2025-02-14,,,,,,,,,,,,,,,,,6132.0,6190.5,6247.0,6301.25,6358.75,6114.6298828125,0.0431365,0.0432299,0.04310990000000001,0.0427487,0.01275951276646395,,,,,,,,,,,,,,0.0958904109589041,0.3452054794520548,0.5945205479452055,0.8438356164383561,1.093150684931507,,,,,,,,,,,,,,0.0431,0.0432,0.043,0.0429,0.0427,,,,,,,,,,,,,,,,,,,,,,,,,,,6132.445456759155,-0.44545675915469474,6179.222559876745,11.277440123254564,6225.5564768913455,21.443523108654517,6272.141590553421,29.108409446578662,6318.069516956874,40.680483043125605
2025-02-18,,,,,,,,,,,,,,,,,6146.75,6205.5,6261.75,6315.75,6373.25,6129.580078125,0.043118,0.04321920000000001,0.042958,0.0423157,0.01271062778563056,,,,,,,,,,,,,,0.08493150684931507,0.33424657534246577,0.5835616438356165,0.8328767123287671,1.082191780821918,,,,,,,,,,,,,,0.0431,0.0432,0.0428,0.0425,0.0422,,,,,,,,,,,,,,,,,,,,,,,,,,,6145.421051421487,1.328948578512609,6192.3658144031615,13.134185596838506,6238.159883078262,23.590116921737717,6283.562641579521,32.18735842047863,6328.3491292855115,44.90087071448852
2025-02-19,,,,,,,,,,,,,,,,,6163.0,6221.75,6278.75,6335.75,6395.25,6144.14990234375,0.0432021,0.0433003,0.0430668,0.04245479999999999,0.0126952409912094,,,,,,,,,,,,,,0.0821917808219178,0.3315068493150685,0.5808219178082191,0.8301369863013699,1.0794520547945206,,,,,,,,,,,,,,0.0432,0.0433,0.043,0.0427,0.0424,,,,,,,,,,,,,,,,,,,,,,,,,,,6159.574091606711,3.425908393289319,6206.803821661555,14.946178338444952,6253.254585927055,25.495414072945096,6299.110632161273,36.639367838726685,6344.353830812073,50.896169187926716
2025-02-20,,,,,,,,,,,,,,,,,6136.5,6194.75,6251.0,6308.75,6366.25,6117.52001953125,0.0432232,0.0432859,0.0430501,0.0424442,0.01260039449267227,,,,,,,,,,,,,,0.07945205479452055,0.3287671232876712,0.5780821917808219,0.8273972602739726,1.0767123287671232,,,,,,,,,,,,,,0.0432,0.0432,0.043,0.0426,0.0424,,,,,,,,,,,,,,,,,,,,,,,,,,,6132.411037782158,4.088962217841981,6179.373760655404,15.376239344595888,6225.97626275351,25.023737246489873,6271.26682842725,37.4831715727496,6316.987236874156,49.262763125843776
2025-02-21,,,,,,,,,,,,,,,,,6029.0,6086.0,6140.75,6197.75,6253.25,6013.1298828125,0.043193,0.0432153,0.0429076,0.0422342,0.01283037190191948,,,,,,,,,,,,,,0.07671232876712329,0.32602739726027397,0.5753424657534246,0.8246575342465754,1.073972602739726,,,,,,,,,,,,,,0.0432,0.0432,0.0428,0.0425,0.0421,,,,,,,,,,,,,,,,,,,,,,,,,,,6027.1551523646995,1.844847635300539,6072.96359883848,13.036401161520189,6117.712131366077,23.0378686339227,6162.069472836129,35.680527163871375,6205.153589128011,48.096410871989065
2025-02-24,,,,,,,,,,,,,,,,,6000.75,6057.5,6112.0,6165.0,6220.5,5983.25,0.0432359,0.0431804,0.04275159999999999,0.0419186,0.01271248202125789,,,,,,,,,,,,,,0.0684931506849315,0.3178082191780822,0.5671232876712329,0.8164383561643835,1.0657534246575342,,,,,,,,,,,,,,0.0432,0.0431,0.0426,0.0422,0.0418,,,,,,,,,,,,,,,,,,,,,,,,,,,5995.757193989225,4.992806010774984,6041.312571903333,16.187428096666736,6085.529902495529,26.470097504470687,6129.043116409747,35.9568835902528,6171.636393455368,48.86360654463169
2025-02-25,,,,,,,,,,,,,,,,,5970.0,6026.5,6080.25,6131.25,6186.75,5955.25,0.0432352,0.04318520000000001,0.0427042,0.0417208,0.01278337352507202,,,,,,,,,,,,,,0.06575342465753424,0.3150684931506849,0.5643835616438356,0.8136986301369863,1.063013698630137,,,,,,,,,,,,,,0.0432,0.0431,0.0426,0.0421,0.0416,,,,,,,,,,,,,,,,,,,,,,,,,,,5967.172402674592,2.8275973254076234,6012.405976317297,14.094023682702755,6056.312989224009,23.93701077599144,6099.019876324273,32.230123675726645,6140.4968074139315,46.25319258606851
2025-02-26,,,,,,,,,,,,,,,,,5970.75,6027.25,6081.0,6132.0,6182.5,5956.06005859375,0.0432384,0.0431324,0.0425155,0.0412001,0.01375388206788441,,,,,,,,,,,,,,0.06301369863013699,0.31232876712328766,0.5616438356164384,0.810958904109589,1.0602739726027397,,,,,,,,,,,,,,0.0432,0.043,0.0423,0.0417,0.041,,,,,,,,,,,,,,,,,,,,,,,,,,,5967.12183989551,3.6281601044902345,6010.714354351224,16.535645648776153,6052.321694893373,28.678305106626794,6092.584352092658,39.415647907341736,6130.630185562038,51.869814437962305
2025-02-27,,,,,,,,,,,,,,,,,5876.25,5932.0,5985.5,6036.75,6087.25,5861.56982421875,0.0432268,0.0431851,0.0426176,0.0413491,0.01401579673196003,,,,,,,,,,,,,,0.06027397260273973,0.3095890410958904,0.5589041095890411,0.8082191780821918,1.0575342465753426,,,,,,,,,,,,,,0.0432,0.0431,0.0425,0.0418,0.0412,,,,,,,,,,,,,,,,,,,,,,,,,,,5871.889680021568,4.360319978432017,5914.586609037536,17.41339096246429,5955.632402547572,29.867597452427617,5994.6846308574895,42.06536914251046,6032.525114616712,54.72488538328798
2025-02-28,,,,,,,,,,,,,,,,,5963.25,6019.5,6071.25,6122.25,6172.75,5954.5,0.0432471,0.0431678,0.0425675,0.0412672,0.01368275408240381,,,,,,,,,,,,,,0.057534246575342465,0.30684931506849317,0.5561643835616439,0.8054794520547945,1.0547945205479452,,,,,,,,,,,,,,0.0432,0.0431,0.0424,0.0418,0.0411,,,,,,,,,,,,,,,,,,,,,,,,,,,5964.620835975214,-1.3708359752135948,6008.492577210106,11.007422789894008,6050.365876079695,20.884123920304773,6090.8954075041875,31.35459249581254,6129.215698534277,43.53430146572282
2025-03-03,,,,,,,,,,,,,,,,,5860.75,5915.5,5967.5,6015.0,6065.5,5849.72021484375,0.0432139,0.0430971,0.0423228,0.0407493,0.01428320698018935,,,,,,,,,,,,,,0.049315068493150684,0.29863013698630136,0.547945205479452,0.7972602739726027,1.0465753424657533,,,,,,,,,,,,,,0.0432,0.043,0.0422,0.0413,0.0406,,,,,,,,,,,,,,,,,,,,,,,,,,,5858.068063328367,2.681936671632684,5900.101377616498,15.398622383501788,5939.890545166734,27.609454833265772,5977.086544839072,37.9134551609277,6013.075452724724,52.42454727527638
2025-03-04,,,,,,,,,,,,,,,,,5789.5,5843.25,5893.75,5941.25,5988.75,5778.14990234375,0.04314059999999999,0.0430019,0.0421664,0.0405781,0.01446947129288186,,,,,,,,,,,,,,0.04657534246575343,0.2958904109589041,0.5452054794520548,0.7945205479452054,1.0438356164383562,,,,,,,,,,,,,,0.0432,0.0429,0.042,0.0412,0.0405,,,,,,,,,,,,,,,,,,,,,,,,,,,5785.887017915311,3.6129820846890652,5826.9625791733,16.287420826700327,5865.532908396741,28.217091603259178,5902.178379671382,39.07162032861834,5937.303881466036,51.44611853396418
2025-03-05,,,,,,,,,,,,,,,,,5851.25,5905.75,5957.0,6003.5,6051.0,5842.6298828125,0.0431397,0.0428586,0.0417565,0.0397399,0.01433549942080526,,,,,,,,,,,,,,0.043835616438356165,0.29315068493150687,0.5424657534246575,0.7917808219178082,1.0410958904109588,,,,,,,,,,,,,,0.0432,0.0427,0.0416,0.0405,0.0396,,,,,,,,,,,,,,,,,,,,,,,,,,,5850.027201435032,1.2227985649678885,5891.414317452052,14.335682547947727,5929.684904263628,27.315095736372314,5964.931475061868,38.568524938132214,5998.346126221823,52.6538737781766
2025-03-06,,,,,,,,,,,,,,,,,5746.25,5799.25,5848.0,5894.25,5939.75,5738.52001953125,0.0432158,0.0429481,0.0419027,0.0399535,0.01461657477171195,,,,,,,,,,,,,,0.0410958904109589,0.29041095890410956,0.5397260273972603,0.7890410958904109,1.0383561643835617,,,,,,,,,,,,,,0.0433,0.0428,0.0417,0.0407,0.0398,,,,,,,,,,,,,,,,,,,,,,,,,,,5745.288408344313,0.9615916556867887,5785.6812566465505,13.568743353449463,5823.019666745044,24.98033325495635,5857.847616589275,36.402383410724724,5890.557856123801,49.192143876199225
2025-03-07,,,,,,,,,,,,,,,,,5776.0,5829.75,5879.25,5925.5,5966.0,5770.2001953125,0.0432221,0.04292360000000001,0.0418367,0.0399933,0.01439658924799114,,,,,,,,,,,,,,0.038356164383561646,0.2876712328767123,0.536986301369863,0.7863013698630137,1.0356164383561643,,,,,,,,,,,,,,0.0433,0.0428,0.0417,0.0407,0.0399,,,,,,,,,,,,,,,,,,,,,,,,,,,5776.6007248187725,-0.6007248187725054,5817.54074479257,12.209255207430033,5855.4235444585165,23.826455541483483,5890.784518110422,34.71548188957786,5924.631714634758,41.36828536524172
2025-03-10,,,,,,,,,,,,,,,,,5620.75,5671.75,5718.5,5760.75,5801.25,5614.56005859375,0.04325370000000001,0.0429875,0.0418496,0.0399367,0.0147298812291297,,,,,,,,,,,,,,0.030136986301369864,0.27945205479452057,0.5287671232876713,0.7780821917808219,1.0273972602739727,,,,,,,,,,,,,,0.0433,0.0429,0.0417,0.0407,0.0398,,,,,,,,,,,,,,,,,,,,,,,,,,,5619.396373589318,1.3536264106824092,5658.933413419337,12.81658658066317,5695.202456534375,23.297543465624585,5729.166862602864,31.583137397135943,5761.052624752152,40.19737524784796
2025-03-11,,,,,,,,,,,,,,,,,5577.0,5628.0,5675.25,5718.25,5763.5,5572.06982421875,0.04324799999999999,0.0429698,0.04178009999999999,0.0397573,0.01488886430655354,,,,,,,,,,,,,,0.0273972602739726,0.27671232876712326,0.5260273972602739,0.7753424657534247,1.0246575342465754,,,,,,,,,,,,,,0.0433,0.0429,0.0416,0.0406,0.0397,,,,,,,,,,,,,,,,,,,,,,,,,,,5576.40874094886,0.5912590511397866,5615.42689943579,12.573100564210108,5650.914419897089,24.33558010291108,5684.263244736492,33.9867552635078,5715.544133796379,47.955866203620644
2025-03-12,,,,,,,,,,,,,,,,,5604.75,5656.5,5704.5,5749.0,5794.25,5599.2998046875,0.043205,0.0428877,0.04160879999999999,0.0395263,0.01483973415708418,,,,,,,,,,,,,,0.024657534246575342,0.273972602739726,0.5232876712328767,0.7726027397260274,1.021917808219178,,,,,,,,,,,,,,0.0433,0.0428,0.0415,0.0404,0.0394,,,,,,,,,,,,,,,,,,,,,,,,,,,5603.230548262658,1.519451737342024,5642.357089377169,14.142910622830641,5677.963010352103,26.536989647896917,5710.973425533807,38.02657446619287,5741.612694416653,52.63730558334737
2025-03-13,,,,,,,,,,,,,,,,,5527.5,5578.25,5625.75,5667.75,5712.0,5521.52001953125,0.0431918,0.0429928,0.0420238,0.0402273,0.01500453780459525,,,,,,,,,,,,,,0.021917808219178082,0.27123287671232876,0.5205479452054794,0.7698630136986301,1.0191780821917809,,,,,,,,,,,,,,0.0432,0.0429,0.0419,0.041,0.0402,,,,,,,,,,,,,,,,,,,,,,,,,,,5524.933278122318,2.56672187768163,5563.455203338767,14.794796661232795,5599.367057019837,26.382942980162625,5633.135042629294,34.61495737070618,5665.1413809041715,46.858619095828544
2025-03-14,,,,,,,,,,,,,,,,,5640.0,5692.25,5740.25,5783.0,5829.0,5638.93994140625,0.043164,0.0429505,0.0419837,0.0401784,0.0144748365431635,,,,,,,,,,,,,,0.019178082191780823,0.2684931506849315,0.5178082191780822,0.7671232876712328,1.0164383561643835,,,,,,,,,,,,,,0.0432,0.0429,0.0419,0.041,0.0401,,,,,,,,,,,,,,,,,,,,,,,,,,,5642.047252845153,-2.047252845152798,5682.140758840481,10.109241159519115,5719.589683948792,20.6603160512077,5754.856832437467,28.143167562532653,5787.743507247338,41.25649275266187
2025-03-17,,,,,,,,,,,,,,,,,5680.25,5732.25,5781.75,5829.5,5875.5,5675.1201171875,0.0431678,0.0429529,0.041998,0.04030979999999999,0.01444380058156737,,,,,,,,,,,,,,0.010958904109589041,0.2602739726027397,0.5095890410958904,0.7589041095890411,1.0082191780821919,,,,,,,,,,,,,,0.0432,0.0429,0.042,0.041,0.0403,,,,,,,,,,,,,,,,,,,,,,,,,,,5676.908836122752,3.341163877247709,5717.308411618712,14.941588381288057,5755.374226620423,26.375773379577367,5790.654575981238,38.84542401876206,5825.0084220352455,50.49157796475447
2025-03-18,,,,,,,,,,,,,,,,,5618.0,5669.25,5717.75,5764.25,5809.75,5614.66015625,0.0431937,0.0430469,0.0421726,0.040652,0.01460590065936119,,,,,,,,,,,,,,0.00821917808219178,0.25753424657534246,0.5068493150684932,0.7561643835616438,1.0054794520547945,,,,,,,,,,,,,,0.0432,0.043,0.0421,0.0413,0.0406,,,,,,,,,,,,,,,,,,,,,,,,,,,5615.9798687228285,2.0201312771714584,5655.867574681066,13.38242531893411,5693.450206256434,24.299793743565715,5729.144337325181,35.10566267481863,5763.34246146911,46.407538530889724
2025-03-19,,,,,,,,,,,,,,,,,5678.5,5729.75,5779.5,5825.75,5874.25,5675.2900390625,0.0432209,0.0430538,0.0423307,0.0408507,0.014496258081023,,,,,,,,,,,,,,0.005479452054794521,0.2547945205479452,0.5041095890410959,0.7534246575342466,1.0027397260273974,,,,,,,,,,,,,,0.0433,0.043,0.0423,0.0415,0.0408,,,,,,,,,,,,,,,,,,,,,,,,,,,5676.185833530322,2.3141664696777298,5716.657420414919,13.092579585080784,5755.395733189508,24.104266810491936,5791.938027034148,33.811972965851965,5826.97196678255,47.278033217449774
2025-03-20,,,,,,,,,,,,,,,,,5662.5,5712.75,5761.25,5807.0,5855.5,5662.89013671875,0.0431919,0.04302839999999999,0.0423523,0.0408889,0.01441896788575348,,,,,,,,,,,,,,0.0027397260273972603,0.25205479452054796,0.5013698630136987,0.7506849315068493,1.0,,,,,,,,,,,,,,0.0432,0.043,0.0423,0.0416,0.0409,,,,,,,,,,,,,,,,,,,,,,,,,,,5663.336685345777,-0.8366853457773686,5703.832817167949,8.917182832051367,5742.605895106791,18.64410489320926,5779.624863003769,27.37513699623105,5814.852492162149,40.64750783785075
2025-03-21,,,,,,,,,,,,,,,,,5617.8,5718.25,5766.25,5812.0,5860.5,5667.56005859375,0.0432011,0.0429783,0.0420466,0.04023380000000001,0.01442360190125858,,,,,,,,,,,,,,0.0,0.2493150684931507,0.4986301369863014,0.7479452054794521,0.9972602739726028,,,,,,,,,,,,,,0.0433,0.043,0.0421,0.0411,0.0402,,,,,,,,,,,,,,,,,,,,,,,,,,,5667.56005859375,-49.76005859374982,5708.082922973369,10.167077026630977,5746.316187971926,19.93381202807359,5781.7776333183465,30.22236668165351,5815.137771889795,45.36222811020525
2025-03-24,,,,,,,,,,,,,,,,,,5815.5,5866.0,5910.0,5962.75,5767.56982421875,0.04321659999999999,0.0429584,0.0419449,0.0400379,0.01432061970489661,,,,,,,,,,,,,,,0.2410958904109589,0.4904109589041096,0.7397260273972602,0.989041095890411,,,,,,,,,,,,,,,0.043,0.042,0.041,0.0401,,,,,,,,,,,,,,,,,,,,,,,,,,,,,5807.587766827956,7.9122331720436705,5846.394163657923,19.605836342077055,5882.525929345116,27.47407065488369,5916.515537843891,46.23446215610875
2025-03-25,,,,,,,,,,,,,,,,,,5826.5,5877.0,5921.0,5973.75,5776.64990234375,0.0432163,0.0430281,0.04215670000000001,0.0405632,0.0142896743773866,,,,,,,,,,,,,,,0.23835616438356164,0.4876712328767123,0.736986301369863,0.9863013698630136,,,,,,,,,,,,,,,0.0431,0.0422,0.0413,0.0406,,,,,,,,,,,,,,,,,,,,,,,,,,,,,5816.4553609478635,10.044639052136517,5855.813777634538,21.186222365461617,5892.793436900109,28.206563099891355,5928.51537420223,45.234625797769695
2025-03-26,,,,,,,,,,,,,,,,,,5759.5,5808.75,5854.0,5899.75,5712.2001953125,0.0432719,0.0430267,0.0422358,0.0406494,0.01451636327493805,,,,,,,,,,,,,,,0.2356164383561644,0.4849315068493151,0.7342465753424657,0.9835616438356164,,,,,,,,,,,,,,,0.0431,0.0423,0.0415,0.0407,,,,,,,,,,,,,,,,,,,,,,,,,,,,,5750.800412540564,8.699587459435861,5789.682380081563,19.06761991843723,5826.502554609428,27.497445390571556,5861.218360936649,38.53163906335067
2025-03-27,,,,,,,,,,,,,,,,,,5739.25,5789.0,5834.0,5879.5,5693.31005859375,0.04324919999999999,0.0429917,0.042166,0.040588,0.01461996510384713,,,,,,,,,,,,,,,0.2328767123287671,0.4821917808219178,0.7315068493150685,0.9808219178082191,,,,,,,,,,,,,,,0.043,0.0422,0.0414,0.0406,,,,,,,,,,,,,,,,,,,,,,,,,,,,,5731.062039945193,8.187960054807263,5769.5303251721025,19.469674827897506,5805.940343447114,28.059656552885826,5840.249971519703,39.25002848029726
2025-03-28,,,,,,,,,,,,,,,,,,5623.0,5670.0,5714.5,5753.75,5580.93994140625,0.0432365,0.0429761,0.0421561,0.0405286,0.014927497346338,,,,,,,,,,,,,,,0.23013698630136986,0.4794520547945205,0.7287671232876712,0.9780821917808219,,,,,,,,,,,,,,,0.043,0.0422,0.0414,0.0406,,,,,,,,,,,,,,,,,,,,,,,,,,,,,5617.112442773179,5.887557226820718,5654.394711903201,15.605288096799086,5689.654354122631,24.845645877368952,5722.8505442334,30.899455766600113
2025-03-31,,,,,,,,,,,,,,,,,,5653.25,5700.5,5744.5,5788.5,5611.85009765625,0.0431937,0.0428788,0.0419259,0.04012590000000001,0.01487726160256043,,,,,,,,,,,,,,,0.2219178082191781,0.4712328767123288,0.7205479452054795,0.9698630136986301,,,,,,,,,,,,,,,0.0429,0.042,0.0411,0.0402,,,,,,,,,,,,,,,,,,,,,,,,,,,,,5646.85749885231,6.392501147690382,5684.036188155071,16.463811844929296,5718.8926335455235,25.607366454476505,5751.381220495379,37.11877950462076
2025-04-01,,,,,,,,,,,,,,,,,,5674.5,5721.75,5765.0,5808.0,5633.06982421875,0.04318959999999999,0.0428098,0.0416692,0.0395989,0.01483893579500847,,,,,,,,,,,,,,,0.2191780821917808,0.4684931506849315,0.7178082191780822,0.9671232876712329,,,,,,,,,,,,,,,0.0429,0.0418,0.0407,0.0397,,,,,,,,,,,,,,,,,,,,,,,,,,,,,5667.822049184191,6.677950815808799,5704.672804825188,17.077195174812005,5738.614700593722,26.385299406278136,5770.151112681132,37.84888731886804
2025-04-02,,,,,,,,,,,,,,,,,,5712.25,5760.5,5805.0,5850.0,5670.97021484375,0.043193,0.0427734,0.0416448,0.039512,0.01476119597011475,,,,,,,,,,,,,,,0.21643835616438356,0.4657534246575342,0.7150684931506849,0.9643835616438357,,,,,,,,,,,,,,,0.0429,0.0418,0.0407,0.0397,,,,,,,,,,,,,,,,,,,,,,,,,,,,,5705.613605774894,6.6363942251064145,5742.838684404038,17.66131559596215,5777.137040979809,27.86295902019083,5809.013653916701,40.986346083299395
2025-04-03,,,,,,,,,,,,,,,,,,5432.75,5476.5,5516.0,5554.0,5396.52001953125,0.0432114,0.0428469,0.04177889999999999,0.0397115,0.01549440830623429,,,,,,,,,,,,,,,0.2136986301369863,0.46301369863013697,0.7123287671232876,0.9616438356164384,,,,,,,,,,,,,,,0.0429,0.042,0.0408,0.0399,,,,,,,,,,,,,,,,,,,,,,,,,,,,,5428.217669508454,4.532330491546418,5463.156613520476,13.34338647952427,5494.679200705322,21.32079929467818,5524.671517600024,29.328482399975655
2025-04-04,,,,,,,,,,,,,,,,,,5110.25,5149.25,5188.0,5224.0,5074.080078125,0.0431984,0.0425898,0.0412552,0.0386343,0.01633948345588271,,,,,,,,,,,,,,,0.21095890410958903,0.4602739726027397,0.7095890410958904,0.958904109589041,,,,,,,,,,,,,,,0.0428,0.0415,0.0401,0.0388,,,,,,,,,,,,,,,,,,,,,,,,,,,,,5102.483207565749,7.766792434251329,5133.18320223381,16.066797766189666,5160.355359558634,27.64464044136639,5184.548318233945,39.45168176605512
2025-04-07,,,,,,,,,,,,,,,,,,5097.25,5137.0,5174.0,5211.5,5062.25,0.0430079,0.0420759,0.0401277,0.0370806,0.01657091708232505,,,,,,,,,,,,,,,0.20273972602739726,0.4520547945205479,0.7013698630136986,0.9506849315068493,,,,,,,,,,,,,,,0.0424,0.0405,0.0387,0.0373,,,,,,,,,,,,,,,,,,,,,,,,,,,,,5088.828412422425,8.421587577575337,5117.306902995998,19.693097004002084,5141.432413702891,32.5675862971093,5163.000358175492,48.49964182450822
2025-04-08,,,,,,,,,,,,,,,,,,5020.25,5058.0,5093.75,5134.5,4982.77001953125,0.0429181,0.0421022,0.0403528,0.0377353,0.01692840620203779,,,,,,,,,,,,,,,0.2,0.44931506849315067,0.6986301369863014,0.947945205479452,,,,,,,,,,,,,,,0.0424,0.0407,0.0392,0.038,,,,,,,,,,,,,,,,,,,,,,,,,,,,,5008.218604882402,12.03139511759764,5036.275901461523,21.724098538476937,5060.906269195532,32.84373080446767,5083.3001247747525,51.199875225247524
2025-04-09,,,,,,,,,,,,,,,,,,5491.0,5536.0,5572.5,5613.25,5456.89990234375,0.0432092,0.0422965,0.04052940000000001,0.0380474,0.01548478779527943,,,,,,,,,,,,,,,0.19726027397260273,0.4465753424657534,0.6958904109589041,0.9452054794520548,,,,,,,,,,,,,,,0.0426,0.0409,0.0394,0.0383,,,,,,,,,,,,,,,,,,,,,,,,,,,,,5486.165716602471,4.8342833975293615,5519.187470865189,16.812529134810575,5548.475536407016,24.02446359298392,5575.85633724655,37.39366275345037
2025-04-10,,,,,,,,,,,,,,,,,,5302.0,5344.75,5384.25,5424.0,5268.0498046875,0.043288,0.04241710000000001,0.0406999,0.038221,0.01583529271073117,,,,,,,,,,,,,,,0.19452054794520549,0.4438356164383562,0.6931506849315069,0.9424657534246575,,,,,,,,,,,,,,,0.0427,0.0411,0.0396,0.0385,,,,,,,,,,,,,,,,,,,,,,,,,,,,,5295.65130682824,6.348693171759805,5327.4548761187625,17.295123881237487,5355.546544538486,28.70345546151384,5381.789547225986,42.2104527740139
2025-04-11,,,,,,,,,,,,,,,,,,5391.25,5435.25,5475.75,5515.5,5363.35986328125,0.0432186,0.042561,0.04098,0.038513,0.01557880326968872,,,,,,,,,,,,,,,0.1917808219178082,0.4410958904109589,0.6904109589041096,0.9397260273972603,,,,,,,,,,,,,,,0.0428,0.0414,0.0399,0.0388,,,,,,,,,,,,,,,,,,,,,,,,,,,,,5391.4325150568875,-0.18251505688749603,5424.795715715048,10.454284284952337,5454.179740610274,21.570259389725834,5481.683061516199,33.816938483801096
2025-04-14,,,,,,,,,,,,,,,,,,5440.75,5485.5,5525.75,5566.5,5405.97021484375,0.0432093,0.04260539999999999,0.0411328,0.0388879,0.01565659799183428,,,,,,,,,,,,,,,0.18356164383561643,0.4328767123287671,0.6821917808219178,0.9315068493150684,,,,,,,,,,,,,,,0.0429,0.0415,0.0402,0.0391,,,,,,,,,,,,,,,,,,,,,,,,,,,,,5433.072336954691,7.677663045308691,5466.786382105599,18.713617894401068,5497.246031634885,28.503968365114815,5525.322560734722,41.177439265277826
2025-04-15,,,,,,,,,,,,,,,,,,5428.25,5472.75,5514.5,5554.25,5396.6298828125,0.04328129999999999,0.0427979,0.0414224,0.0390182,0.01560354000005102,,,,,,,,,,,,,,,0.18082191780821918,0.4301369863013699,0.6794520547945205,0.9287671232876712,,,,,,,,,,,,,,,0.043,0.0418,0.0405,0.0393,,,,,,,,,,,,,,,,,,,,,,,,,,,,,5423.430470666656,4.81952933334378,5457.783360101661,14.966639898339054,5488.695502341264,25.80449765873618,5516.718208005453,37.53179199454735
2025-04-16,,,,,,,,,,,,,,,,,,5305.75,5349.0,5389.5,5429.25,5275.7001953125,0.0431994,0.0426947,0.0412728,0.0387643,0.01598949566922927,,,,,,,,,,,,,,,0.1780821917808219,0.4273972602739726,0.6767123287671233,0.9260273972602739,,,,,,,,,,,,,,,0.0429,0.0417,0.0403,0.0391,,,,,,,,,,,,,,,,,,,,,,,,,,,,,5301.043513906291,4.706486093708918,5333.992438273276,15.007561726723907,5363.209734938916,26.29026506108403,5389.82204807164,39.42795192836002
2025-04-17,,,,,,,,,,,,,,,,,,5312.75,5356.5,5397.75,5439.0,5282.7001953125,0.04318590000000001,0.0427238,0.04125180000000001,0.0385924,0.01600886890251511,,,,,,,,,,,,,,,0.17534246575342466,0.4246575342465753,0.673972602739726,0.9232876712328767,,,,,,,,,,,,,,,0.043,0.0417,0.0402,0.039,,,,,,,,,,,,,,,,,,,,,,,,,,,,,5307.760840894282,4.98915910571759,5340.6496346875065,15.850365312493523,5369.536152415678,28.21384758432214,5396.0370014124,42.96299858759994
2025-04-21,,,,,,,,,,,,,,,,,,5184.75,5226.25,5265.25,5306.5,5158.2001953125,0.0432212,0.0427934,0.0412793,0.0384982,0.01653257440257808,,,,,,,,,,,,,,,0.1643835616438356,0.4136986301369863,0.663013698630137,0.9123287671232877,,,,,,,,,,,,,,,0.0431,0.0419,0.0403,0.0389,,,,,,,,,,,,,,,,,,,,,,,,,,,,,5180.776597514149,3.9734024858507837,5212.617811053883,13.632188946116912,5240.127594034338,25.122405965662438,5264.542067709011,41.95793229098945
2025-04-22,,,,,,,,,,,,,,,,,,5314.75,5357.75,5397.25,5439.75,5287.759765625,0.043234,0.0427518,0.0410763,0.0380899,0.01614698460276595,,,,,,,,,,,,,,,0.16164383561643836,0.410958904109589,0.6602739726027397,0.9095890410958904,,,,,,,,,,,,,,,0.0431,0.0417,0.04,0.0386,,,,,,,,,,,,,,,,,,,,,,,,,,,,,5310.8476761517695,3.9023238482304805,5343.580375595874,14.169624404125898,5371.698735890802,25.5512641091982,5396.862078861648,42.887921138351885
2025-04-23,,,,,,,,,,,,,,,,,,5401.75,5446.0,5487.0,5529.25,5375.85986328125,0.04326609999999999,0.0428177,0.0411815,0.0383923,0.01592361929261377,,,,,,,,,,,,,,,0.1589041095890411,0.40821917808219177,0.6575342465753424,0.9068493150684932,,,,,,,,,,,,,,,0.0431,0.0418,0.0402,0.0388,,,,,,,,,,,,,,,,,,,,,,,,,,,,,5399.125383108433,2.6246168915668022,5432.947316877332,13.052683122667986,5462.360855834256,24.639144165744256,5488.549242019943,40.70075798005655
2025-04-24,,,,,,,,,,,,,,,,,,5511.25,5556.75,5598.75,5643.0,5484.77001953125,0.0432006,0.04282619999999999,0.0414254,0.0388533,0.01565967071778147,,,,,,,,,,,,,,,0.15616438356164383,0.4054794520547945,0.6547945205479452,0.9041095890410958,,,,,,,,,,,,,,,0.0431,0.042,0.0405,0.0393,,,,,,,,,,,,,,,,,,,,,,,,,,,,,5508.323797883067,2.926202116933382,5543.663845662287,13.086154337713197,5574.710988464837,24.0390115351629,5603.260229952271,39.7397700477286
2025-04-25,,,,,,,,,,,,,,,,,,5549.75,5595.5,5637.5,5683.25,5525.2099609375,0.0432178,0.04280369999999999,0.04133530000000001,0.0386408,0.01559399388354014,,,,,,,,,,,,,,,0.15342465753424658,0.40273972602739727,0.6520547945205479,0.9013698630136986,,,,,,,,,,,,,,,0.0431,0.042,0.0404,0.0391,,,,,,,,,,,,,,,,,,,,,,,,,,,,,5548.576166288522,1.1738337114784372,5584.2827299362725,11.217270063727483,5615.306226261392,22.193773738607888,5643.524909115436,39.72509088456445
2025-04-28,,,,,,,,,,,,,,,,,,5553.0,5598.75,5640.25,5686.25,5528.75,0.0432162,0.0427965,0.04131,0.0385509,0.01575618127678817,,,,,,,,,,,,,,,0.14520547945205478,0.39452054794520547,0.6438356164383562,0.8931506849315068,,,,,,,,,,,,,,,0.0431,0.042,0.0404,0.0391,,,,,,,,,,,,,,,,,,,,,,,,,,,,,5550.745385911035,2.2546140889653543,5586.29052659048,12.459473409519887,5617.171910180691,23.078089819308843,5645.232015850375,41.01798414962468
2025-04-29,,,,,,,,,,,,,,,,,,5583.75,5629.5,5671.25,5717.5,5560.830078125,0.0432422,0.0427592,0.0411215,0.0382477,0.01571806512485825,,,,,,,,,,,,,,,0.14246575342465753,0.3917808219178082,0.6410958904109589,0.8904109589041096,,,,,,,,,,,,,,,0.0431,0.0419,0.0402,0.0388,,,,,,,,,,,,,,,,,,,,,,,,,,,,,5582.565176045589,1.1848239544106036,5618.164289737308,11.335710262692373,5648.797324524004,22.45267547599633,5676.301064237129,41.19893576287086
2025-04-30,,,,,,,,,,,,,,,,,,5587.0,5632.25,5674.0,5719.25,5569.06005859375,0.0432307,0.0426592,0.0409957,0.0378475,0.01563800696773074,,,,,,,,,,,,,,,0.13972602739726028,0.38904109589041097,0.6383561643835617,0.8876712328767123,,,,,,,,,,,,,,,0.0431,0.0418,0.04,0.0385,,,,,,,,,,,,,,,,,,,,,,,,,,,,,5590.470457547132,-3.470457547132355,5626.031895967023,6.218104032976953,5656.344963355609,17.655036644390748,5683.232781719664,36.01721828033624
2025-05-01,,,,,,,,,,,,,,,,,,5623.25,5669.25,5711.5,5754.0,5604.14013671875,0.043285,0.04259719999999999,0.0407762,0.0374622,0.015579785970597,,,,,,,,,,,,,,,0.136986301369863,0.3863013698630137,0.6356164383561644,0.8849315068493151,,,,,,,,,,,,,,,0.0431,0.0417,0.0398,0.0382,,,,,,,,,,,,,,,,,,,,,,,,,,,,,5625.307015009374,-2.057015009373572,5660.973699737199,8.27630026280076,5691.082072044754,20.41792795524634,5717.4504174022595,36.54958259774048
2025-05-02,,,,,,,,,,,,,,,,,,5709.0,5757.0,5801.0,5848.0,5686.669921875,0.0433154,0.0426047,0.0408282,0.0376227,0.01536393435471563,,,,,,,,,,,,,,,0.13424657534246576,0.3835616438356164,0.6328767123287671,0.8821917808219178,,,,,,,,,,,,,,,0.0431,0.0417,0.0399,0.0383,,,,,,,,,,,,,,,,,,,,,,,,,,,,,5707.883546772962,1.1164532270377094,5744.404958856563,12.595041143436902,5775.6634353087,25.336564691299827,5802.906045615775,45.09395438422507
2025-05-05,,,,,,,,,,,,,,,,,,5671.75,5719.75,5764.25,5811.0,5650.3798828125,0.0434246,0.0429867,0.0415594,0.0387704,0.01509752356306897,,,,,,,,,,,,,,,0.12602739726027398,0.37534246575342467,0.6246575342465753,0.873972602739726,,,,,,,,,,,,,,,0.0433,0.0423,0.0408,0.0394,,,,,,,,,,,,,,,,,,,,,,,,,,,,,5670.4986743650015,1.2513256349984658,5708.367171830791,11.382828169208551,5741.830284206712,22.41971579328765,5771.67583319146,39.32416680854021
2025-05-06,,,,,,,,,,,,,,,,,,5625.75,5672.75,5716.5,5762.25,5606.91015625,0.0433693,0.0430729,0.0418308,0.0392272,0.0152526617301739,,,,,,,,,,,,,,,0.1232876712328767,0.3726027397260274,0.6219178082191781,0.8712328767123287,,,,,,,,,,,,,,,0.0433,0.0425,0.0412,0.0399,,,,,,,,,,,,,,,,,,,,,,,,,,,,,5626.331800138751,-0.5818001387506229,5664.1238731133035,8.626126886696511,5698.123472359136,18.37652764086397,5728.6125580440075,33.63744195599247
2025-05-07,,,,,,,,,,,,,,,,,,5652.0,5699.75,5743.5,5789.25,5631.27978515625,0.0433741,0.0429824,0.0416952,0.038932,0.0152586996056677,,,,,,,,,,,,,,,0.12054794520547946,0.3698630136986301,0.6191780821917808,0.8684931506849315,,,,,,,,,,,,,,,0.0433,0.0424,0.041,0.0396,,,,,,,,,,,,,,,,,,,,,,,,,,,,,5650.347528670269,1.65247132973127,5688.094434558592,11.655565441407816,5721.752734868001,21.747265131998574,5751.593715358071,37.65628464192923
2025-05-08,,,,,,,,,,,,,,,,,,5684.5,5732.75,5777.5,5823.0,5663.93994140625,0.04332709999999999,0.04300259999999999,0.0417701,0.0390131,0.01524028636596648,,,,,,,,,,,,,,,0.1178082191780822,0.36712328767123287,0.6164383561643836,0.8657534246575342,,,,,,,,,,,,,,,0.0433,0.0425,0.0411,0.0397,,,,,,,,,,,,,,,,,,,,,,,,,,,,,5682.694009085336,1.8059909146641075,5720.90739591697,11.842604083029983,5754.951830618622,22.548169381378102,5785.1589333093425,37.8410666906575
2025-05-09,,,,,,,,,,,,,,,,,,5678.0,5726.25,5771.75,5818.75,5659.91015625,0.0432509,0.0430816,0.0420517,0.0395682,0.01503175875042975,,,,,,,,,,,,,,,0.11506849315068493,0.3643835616438356,0.6136986301369863,0.863013698630137,,,,,,,,,,,,,,,0.0432,0.0427,0.0415,0.0402,,,,,,,,,,,,,,,,,,,,,,,,,,,,,5678.285256596216,-0.2852565962157314,5717.261150773058,8.988849226941966,5752.5977881806875,19.15221181931247,5784.1912843658265,34.558715634173495
2025-05-12,,,,,,,,,,,,,,,,,,5865.0,5916.25,5965.0,6017.0,5844.18994140625,0.043252,0.0430769,0.0420823,0.0396552,0.01457215259183001,,,,,,,,,,,,,,,0.10684931506849316,0.3561643835616438,0.6054794520547945,0.8547945205479452,,,,,,,,,,,,,,,0.0432,0.0427,0.0416,0.0404,,,,,,,,,,,,,,,,,,,,,,,,,,,,,5862.093903607293,2.906096392706786,5903.032091667389,13.217908332610932,5940.615820887958,24.384179112042148,5974.649874879616,42.35012512038429
2025-05-13,,,,,,,,,,,,,,,,,,5904.5,5956.75,6008.0,6057.25,5886.5498046875,0.0432871,0.0432633,0.04251890000000001,0.04053689999999999,0.01449009809158274,,,,,,,,,,,,,,,0.10410958904109589,0.35342465753424657,0.6027397260273972,0.852054794520548,,,,,,,,,,,,,,,0.0433,0.043,0.0421,0.0411,,,,,,,,,,,,,,,,,,,,,,,,,,,,,5904.2323510728975,0.2676489271025275,5946.163113353554,10.586886646446146,5985.330979856779,22.669020143221132,6021.540651986439,35.709348013560884
2025-05-14,,,,,,,,,,,,,,,,,,5908.5,5961.25,6012.5,6062.5,5892.580078125,0.0432867,0.043252,0.0426135,0.0406332,0.01447730290223084,,,,,,,,,,,,,,,0.10136986301369863,0.3506849315068493,0.6,0.8493150684931506,,,,,,,,,,,,,,,0.0433,0.0431,0.0423,0.0413,,,,,,,,,,,,,,,,,,,,,,,,,,,,,5909.8219167303205,-1.3219167303204813,5952.024978305297,9.225021694703173,5991.774211423182,20.72578857681765,6028.359192897588,34.1408071024116
2025-05-15,,,,,,,,,,,,,,,,,,5933.25,5986.75,6037.25,6090.5,5916.93017578125,0.043267,0.04324430000000001,0.0426865,0.0409005,0.01407018703058992,,,,,,,,,,,,,,,0.09863013698630137,0.34794520547945207,0.5972602739726027,0.8465753424657534,,,,,,,,,,,,,,,0.0433,0.0431,0.0424,0.0415,,,,,,,,,,,,,,,,,,,,,,,,,,,,,5934.0129456402165,-0.7629456402164578,5976.998669579111,9.751330420888735,6017.898035850868,19.351964149132073,6055.937321854078,34.56267814592229
2025-05-16,,,,,,,,,,,,,,,,,,5975.5,6030.25,6082.0,6135.0,5958.3798828125,0.0432438,0.04321990000000001,0.0426026,0.0406785,0.0138104353691621,,,,,,,,,,,,,,,0.0958904109589041,0.3452054794520548,0.5945205479452055,0.8438356164383561,,,,,,,,,,,,,,,0.0432,0.0431,0.0423,0.0413,,,,,,,,,,,,,,,,,,,,,,,,,,,,,5975.195337858464,0.3046621415360278,6018.930168070266,11.319831929734391,6060.160252002952,21.839747997048107,6098.210003681645,36.789996318355406
2025-05-19,,,,,,,,,,,,,,,,,,5982.5,6037.0,6089.25,6142.5,5963.60009765625,0.0432274,0.04321469999999999,0.0426359,0.0406088,0.01371867696212246,,,,,,,,,,,,,,,0.08767123287671233,0.336986301369863,0.5863013698630137,0.8356164383561644,,,,,,,,,,,,,,,0.0432,0.0431,0.0423,0.0413,,,,,,,,,,,,,,,,,,,,,,,,,,,,,5979.033936818356,3.466063181644131,6022.939597236771,14.060402763228922,6064.375751980549,24.874248019451443,6102.641735775819,39.85826422418086
2025-05-20,,,,,,,,,,,,,,,,,,5959.75,6014.0,6066.25,6120.25,5940.4599609375,0.0432744,0.04326260000000001,0.0426976,0.0407734,0.01379860982834429,,,,,,,,,,,,,,,0.08493150684931507,0.33424657534246577,0.5835616438356165,0.8328767123287671,,,,,,,,,,,,,,,0.0433,0.0431,0.0424,0.0415,,,,,,,,,,,,,,,,,,,,,,,,,,,,,5955.363025435694,4.386974564306001,5998.926005938495,15.07399406150489,6040.442308456646,25.80769154335394,6079.110632025194,41.13936797480619
2025-05-21,,,,,,,,,,,,,,,,,,5861.25,5914.25,5965.5,6020.5,5844.60986328125,0.0432475,0.043285,0.0426947,0.0405952,0.01403420497670976,,,,,,,,,,,,,,,0.0821917808219178,0.3315068493150685,0.5808219178082191,0.8301369863013699,,,,,,,,,,,,,,,0.0432,0.0432,0.0424,0.0414,,,,,,,,,,,,,,,,,,,,,,,,,,,,,5858.637302095309,2.612697904691231,5901.393482067882,12.85651793211764,5941.700198221373,23.799801778626716,5978.903585335276,41.59641466472385
2025-05-22,,,,,,,,,,,,,,,,,,5856.75,5909.5,5960.25,6015.5,5842.009765625,0.0432472,0.0432983,0.042732,0.0407551,0.01452287535020515,,,,,,,,,,,,,,,0.07945205479452055,0.3287671232876712,0.5780821917808219,0.8273972602739726,,,,,,,,,,,,,,,0.0432,0.0432,0.0425,0.0415,,,,,,,,,,,,,,,,,,,,,,,,,,,,,5855.335706148793,1.4142938512068213,5897.349256302524,12.150743697476173,5937.261220901718,22.988779098282066,5973.874277412424,41.62572258757609
2025-05-23,,,,,,,,,,,,,,,,,,5817.0,5869.0,5918.5,5973.5,5802.81982421875,0.043285,0.04329939999999999,0.0427144,0.0406812,0.01458640555753064,,,,,,,,,,,,,,,0.07671232876712329,0.32602739726027397,0.5753424657534246,0.8246575342465754,,,,,,,,,,,,,,,0.0433,0.0432,0.0424,0.0414,,,,,,,,,,,,,,,,,,,,,,,,,,,,,5815.6157057357705,1.3842942642295384,5857.206548468302,11.793451531698338,5896.425489091298,22.074510908701996,5932.561101183013,40.93889881698669
2025-05-27,,,,,,,,,,,,,,,,,,5934.25,5988.0,6038.5,6090.75,5921.5400390625,0.0432848,0.0432866,0.0426788,0.0405055,0.01441924406568383,,,,,,,,,,,,,,,0.06575342465753424,0.3150684931506849,0.5643835616438356,0.8136986301369863,,,,,,,,,,,,,,,0.0433,0.0432,0.0424,0.0414,,,,,,,,,,,,,,,,,,,,,,,,,,,,,5932.795778568011,1.4542214319890263,5975.4802203964255,12.519779603574534,6015.794550145328,22.705449854672224,6052.980291662104,37.76970833789619
2025-05-28,,,,,,,,,,,,,,,,,,5902.75,5956.5,6007.75,6060.5,5888.5498046875,0.0432681,0.0433269,0.0428505,0.040878,0.01452721835049972,,,,,,,,,,,,,,,0.06301369863013699,0.31232876712328766,0.5616438356164384,0.810958904109589,,,,,,,,,,,,,,,0.0433,0.0433,0.0427,0.0417,,,,,,,,,,,,,,,,,,,,,,,,,,,,,5899.235897424793,3.514102575207289,5941.706143284928,14.793856715072252,5982.4657955562025,25.284204443797535,6019.750200041644,40.74979995835565
2025-05-29,,,,,,,,,,,,,,,,,,5922.75,5976.5,6027.5,6081.0,5912.169921875,0.0432413,0.0432983,0.0428132,0.0409406,0.01447709889236513,,,,,,,,,,,,,,,0.06027397260273973,0.3095890410958904,0.5589041095890411,0.8082191780821918,,,,,,,,,,,,,,,0.0432,0.0432,0.0426,0.0417,,,,,,,,,,,,,,,,,,,,,,,,,,,,,5922.414191866015,0.33580813398475584,5964.97712399545,11.522876004550199,6005.831597328913,21.66840267108728,6043.6914703806615,37.308529619338515
2025-05-30,,,,,,,,,,,,,,,,,,5916.0,5969.25,6021.75,6073.25,5911.68994140625,0.0432224,0.04323750000000001,0.0426567,0.0406557,0.01438876232023737,,,,,,,,,,,,,,,0.057534246575342465,0.30684931506849317,0.5561643835616439,0.8054794520547945,,,,,,,,,,,,,,,0.0432,0.0432,0.0425,0.0415,,,,,,,,,,,,,,,,,,,,,,,,,,,,,5921.4974792715075,-5.497479271507473,5964.185174825302,5.064825174697944,6004.8423724943395,16.907627505660457,6042.206631123895,31.043368876104978
2025-06-02,,,,,,,,,,,,,,,,,,5947.25,6000.5,6051.0,6102.5,5935.93994140625,0.0431974,0.043195,0.0425169,0.040415,0.01432301300876341,,,,,,,,,,,,,,,0.049315068493150684,0.29863013698630136,0.547945205479452,0.7972602739726027,,,,,,,,,,,,,,,0.0432,0.0431,0.0423,0.0413,,,,,,,,,,,,,,,,,,,,,,,,,,,,,5944.3991607419675,2.8508392580324653,5987.171300999645,13.3286990003553,6027.638109320186,23.36189067981377,6064.991058800695,37.5089411993049
2025-06-03,,,,,,,,,,,,,,,,,,5981.5,6035.25,6086.0,6137.75,5970.3701171875,0.0431579,0.0431782,0.0424791,0.0403683,0.01427547752471003,,,,,,,,,,,,,,,0.04657534246575343,0.2958904109589041,0.5452054794520548,0.7945205479452054,,,,,,,,,,,,,,,0.0431,0.0431,0.0423,0.0413,,,,,,,,,,,,,,,,,,,,,,,,,,,,,5978.390793470725,3.1092065292750704,6021.508573081489,13.741426918511024,6062.292596999504,23.707403000496015,6099.9493024238,37.80069757620004
2025-06-04,,,,,,,,,,,,,,,,,,5981.0,6034.75,6085.25,6137.75,5970.81005859375,0.0431286,0.0431579,0.0424693,0.0404769,0.01426825287385586,,,,,,,,,,,,,,,0.043835616438356165,0.29315068493150687,0.5424657534246575,0.7917808219178082,,,,,,,,,,,,,,,0.0431,0.0431,0.0423,0.0413,,,,,,,,,,,,,,,,,,,,,,,,,,,,,5978.361081822871,2.6389181771291987,6021.489493128503,13.260506871496546,6062.29759449343,22.952405506570358,6099.982030551942,37.767969448057556
2025-06-05,,,,,,,,,,,,,,,,,,5946.0,5999.25,6050.0,6102.5,5939.2998046875,0.0431134,0.04309929999999999,0.0422717,0.0400993,0.01427179803968569,,,,,,,,,,,,,,,0.0410958904109589,0.29041095890410956,0.5397260273972603,0.7890410958904109,,,,,,,,,,,,,,,0.0431,0.043,0.0421,0.041,,,,,,,,,,,,,,,,,,,,,,,,,,,,,5946.340385422121,-0.340385422120562,5989.05857165366,10.191428346340217,6029.179026662822,20.820973337177747,6065.887712871774,36.612287128225944
2025-06-06,,,,,,,,,,,,,,,,,,6006.75,6060.5,6111.75,6165.75,6000.35986328125,0.0431127,0.0430749,0.0421636,0.0398628,0.01398052373204066,,,,,,,,,,,,,,,0.038356164383561646,0.2876712328767123,0.536986301369863,0.7863013698630137,,,,,,,,,,,,,,,0.0431,0.043,0.042,0.0408,,,,,,,,,,,,,,,,,,,,,,,,,,,,,6007.065477819263,-0.31547781926292373,6050.66094485066,9.839055149340311,6091.324340474128,20.425659525872106,6128.240241509638,37.5097584903624
2025-06-09,,,,,,,,,,,,,,,,,,6010.25,6064.0,6115.25,6169.25,6005.8798828125,0.0431429,0.0432322,0.0426128,0.0407306,0.01402598926042843,,,,,,,,,,,,,,,0.030136986301369864,0.27945205479452057,0.5287671232876713,0.7780821917808219,,,,,,,,,,,,,,,0.0431,0.0432,0.0425,0.0416,,,,,,,,,,,,,,,,,,,,,,,,,,,,,6011.1445592901455,-0.8945592901454802,6055.044383749489,8.955616250511412,6096.989291549388,18.260708450611673,6136.127338519584,33.122661480416355
2025-06-10,,,,,,,,,,,,,,,,,,6045.0,6098.75,6150.0,6205.5,6038.81005859375,0.043144,0.0432412,0.0426462,0.040829,0.01395022522637253,,,,,,,,,,,,,,,0.0273972602739726,0.27671232876712326,0.5260273972602739,0.7753424657534247,,,,,,,,,,,,,,,0.0431,0.0432,0.0426,0.0417,,,,,,,,,,,,,,,,,,,,,,,,,,,,,6043.634723325095,1.365276674904635,6087.885151603844,10.864848396156049,6130.507578142768,19.49242185723233,6170.14637419406,35.35362580594028
2025-06-11,,,,,,,,,,,,,,,,,,6029.0,6082.25,6133.5,6184.75,6022.240234375,0.0431324,0.043225,0.0426132,0.0408239,0.01404150680380601,,,,,,,,,,,,,,,0.024657534246575342,0.273972602739726,0.5232876712328767,0.7726027397260274,,,,,,,,,,,,,,,0.0431,0.0432,0.0425,0.0417,,,,,,,,,,,,,,,,,,,,,,,,,,,,,6026.556780731112,2.4432192688882424,6070.542349921493,11.707650078506958,6112.594413690387,20.905586309612772,6152.314482710179,32.43551728982129
2025-06-12,,,,,,,,,,,,,,,,,,6049.5,6103.0,6153.5,6204.75,6045.259765625,0.0431176,0.04318469999999999,0.04244539999999999,0.0405001,0.01403690496885244,,,,,,,,,,,,,,,0.021917808219178082,0.27123287671232876,0.5205479452054794,0.7698630136986301,,,,,,,,,,,,,,,0.0431,0.0432,0.0424,0.0414,,,,,,,,,,,,,,,,,,,,,,,,,,,,,6049.111818872305,0.3881811276951339,6093.2673302514195,9.73266974858052,6135.176247582871,18.32375241712907,6173.959028541503,30.790971458496642
2025-06-13,,,,,,,,,,,,,,,,,,5979.25,6031.5,6081.5,6132.5,5976.97021484375,0.043137,0.0430998,0.0421589,0.0400348,0.01395177903309121,,,,,,,,,,,,,,,0.019178082191780823,0.2684931506849315,0.5178082191780822,0.7671232876712328,,,,,,,,,,,,,,,0.0431,0.0431,0.0421,0.041,,,,,,,,,,,,,,,,,,,,,,,,,,,,,5980.31231694001,-1.062316940009623,6023.930084181238,7.569915818761729,6064.724802685363,16.7751973146369,6102.283874289213,30.21612571078731
2025-06-16,,,,,,,,,,,,,,,,,,6035.75,6089.75,6141.75,6192.75,6033.10986328125,0.043146,0.0431348,0.0422951,0.0404068,0.01370114774023618,,,,,,,,,,,,,,,0.010958904109589041,0.2602739726027397,0.5095890410958904,0.7589041095890411,,,,,,,,,,,,,,,0.0431,0.0431,0.0423,0.0413,,,,,,,,,,,,,,,,,,,,,,,,,,,,,6035.053918958026,0.6960810419741392,6079.450817018551,10.299182981449121,6121.678180176693,20.071819823307123,6160.8052541759635,31.944745824036545
2025-06-17,,,,,,,,,,,,,,,,,,5985.0,6038.5,6091.5,6144.5,5982.72021484375,0.04317580000000001,0.04318900000000001,0.0423857,0.0405228,0.01382923174629605,,,,,,,,,,,,,,,0.00821917808219178,0.25753424657534246,0.5068493150684932,0.7561643835616438,,,,,,,,,,,,,,,0.0431,0.0432,0.0424,0.0414,,,,,,,,,,,,,,,,,,,,,,,,,,,,,5984.159720738098,0.8402792619017418,6028.1449622926,10.355037707399788,6069.986762606202,21.51323739379768,6108.757411980325,35.74258801967517
2025-06-18,,,,,,,,,,,,,,,,,,5981.5,6034.25,6086.75,6136.5,5980.8701171875,0.0432143,0.0432369,0.0424518,0.0405711,0.01383841014333425,,,,,,,,,,,,,,,0.005479452054794521,0.2547945205479452,0.5041095890410959,0.7534246575342466,,,,,,,,,,,,,,,0.0432,0.0432,0.0424,0.0415,,,,,,,,,,,,,,,,,,,,,,,,,,,,,5981.8324294203585,-0.3324294203584941,6025.781823135604,8.4681768643959,6067.606635008016,19.143364991983617,6106.824924271994,29.67507572800605
2025-06-20,,,,,,,,,,,,,,,,,,6010.21,6018.0,6068.25,6117.0,5967.83984375,0.0431963,0.0432086,0.042394,0.0404797,0.01391460047806467,,,,,,,,,,,,,,,0.0,0.2493150684931507,0.4986301369863014,0.7479452054794521,,,,,,,,,,,,,,,0.0431,0.0432,0.0424,0.0414,,,,,,,,,,,,,,,,,,,,,,,,,,,,,5967.83984375,42.370156250000036,6011.572238606251,6.427761393749279,6053.209972919109,15.040027080891377,6091.793877431089,25.20612256891127
2025-06-23,,,,,,,,,,,,,,,,,,,6077.0,6127.0,6177.0,6025.169921875,0.043192,0.0431696,0.042271,0.040342,0.01406398686066519,,,,,,,,,,,,,,,,0.2410958904109589,0.4904109589041096,0.7397260273972602,,,,,,,,,,,,,,,,0.0432,0.0423,0.0413,,,,,,,,,,,,,,,,,,,,,,,,,,,,,,,6067.6431715846575,9.356828415342534,6109.182285453318,17.8177145466816,6147.791241473547,29.208758526452584
2025-06-24,,,,,,,,,,,,,,,,,,,6146.25,6197.25,6249.75,6092.18017578125,0.0432114,0.0430213,0.0418673,0.0396353,0.01394579762028421,,,,,,,,,,,,,,,,0.23835616438356164,0.4876712328767123,0.736986301369863,,,,,,,,,,,,,,,,0.043,0.0419,0.0407,,,,,,,,,,,,,,,,,,,,,,,,,,,,,,,6134.516461254533,11.73353874546683,6175.800259117955,21.449740882045262,6213.494698587091,36.25530141290892
2025-06-25,,,,,,,,,,,,,,,,,,,6147.0,6197.75,6248.25,6092.16015625,0.0432151,0.0430198,0.0418316,0.0395265,0.01400324083538512,,,,,,,,,,,,,,,,0.2356164383561644,0.4849315068493151,0.7342465753424657,,,,,,,,,,,,,,,,0.0431,0.0419,0.0407,,,,,,,,,,,,,,,,,,,,,,,,,,,,,,,6134.069519214858,12.930480785142208,6175.134982234964,22.6150177650361,6212.756810520018,35.49318947998199
2025-06-26,,,,,,,,,,,,,,,,,,,6195.0,6245.75,6294.5,6141.02001953125,0.0432681,0.0429561,0.0416603,0.039299,0.01394049901326684,,,,,,,,,,,,,,,,0.2328767123287671,0.4821917808219178,0.7315068493150685,,,,,,,,,,,,,,,,0.043,0.0418,0.0405,,,,,,,,,,,,,,,,,,,,,,,,,,,,,,,6182.718963045456,12.281036954544106,6224.07276420413,21.67723579586982,6261.49711460891,33.002885391089876
2025-06-27,,,,,,,,,,,,,,,,,,,6223.75,6275.25,6325.5,6173.06982421875,0.0432887,0.0429058,0.0414083,0.0388362,0.01379785924942266,,,,,,,,,,,,,,,,0.23013698630136986,0.4794520547945205,0.7287671232876712,,,,,,,,,,,,,,,,0.043,0.0415,0.0401,,,,,,,,,,,,,,,,,,,,,,,,,,,,,,,6214.695610926545,9.05438907345524,6255.606507718332,19.643492281667932,6292.537390151779,32.96260984822129
2025-06-30,,,,,,,,,,,,,,,,,,,6253.75,6305.25,6355.5,6204.9501953125,0.04322289999999999,0.0429235,0.0414656,0.0388475,0.01378266876669215,,,,,,,,,,,,,,,,0.2219178082191781,0.4712328767123288,0.7205479452054795,,,,,,,,,,,,,,,,0.043,0.0417,0.0402,,,,,,,,,,,,,,,,,,,,,,,,,,,,,,,6245.312848706816,8.437151293183888,6287.1191208517275,18.13087914827247,6324.192419948947,31.307580051053264
2025-07-01,,,,,,,,,,,,,,,,,,,6248.75,6300.0,6352.0,6198.009765625,0.0432765,0.0429833,0.0414257,0.038709,0.0138506223197285,,,,,,,,,,,,,,,,0.2191780821917808,0.4684931506849315,0.7178082191780822,,,,,,,,,,,,,,,,0.0431,0.0416,0.0401,,,,,,,,,,,,,,,,,,,,,,,,,,,,,,,6237.871743628484,10.878256371515818,6279.112371373317,20.88762862668318,6315.899940365961,36.1000596340391
2025-07-02,,,,,,,,,,,,,,,,,,,6275.0,6326.5,6379.0,6227.419921875,0.0432718,0.0428576,0.0412886,0.0386656,0.01371166803862698,,,,,,,,,,,,,,,,0.21643835616438356,0.4657534246575342,0.7150684931506849,,,,,,,,,,,,,,,,0.043,0.0415,0.04,,,,,,,,,,,,,,,,,,,,,,,,,,,,,,,6267.02166168386,7.978338316140253,6308.542201929051,17.95779807094914,6345.589896921906,33.410103078093925
2025-07-03,,,,,,,,,,,,,,,,,,,6324.25,6378.0,6433.75,6279.35009765625,0.0432467,0.0427862,0.0411824,0.0385816,0.013339397743084,,,,,,,,,,,,,,,,0.2136986301369863,0.46301369863013697,0.7123287671232876,,,,,,,,,,,,,,,,0.0429,0.0414,0.0399,,,,,,,,,,,,,,,,,,,,,,,,,,,,,,,6319.1426840466775,5.107315953322541,6361.466488512164,16.533511487836222,6399.285660250338,34.46433974966203
2025-07-07,,,,,,,,,,,,,,,,,,,6276.0,6329.25,6382.0,6229.97998046875,0.0433565,0.0431964,0.0419451,0.0396143,0.01374903440451573,,,,,,,,,,,,,,,,0.20273972602739726,0.4520547945205479,0.7013698630136986,,,,,,,,,,,,,,,,0.0433,0.0422,0.0409,,,,,,,,,,,,,,,,,,,,,,,,,,,,,,,6267.41678698409,8.583213015909678,6310.623700112498,18.626299887501773,6349.753469224004,32.24653077599578
2025-07-08,,,,,,,,,,,,,,,,,,,6272.0,6325.5,6381.75,6225.52001953125,0.0433812,0.0432848,0.0420661,0.0397784,0.01383748887709409,,,,,,,,,,,,,,,,0.2,0.44931506849315067,0.6986301369863014,,,,,,,,,,,,,,,,0.0434,0.0424,0.0411,,,,,,,,,,,,,,,,,,,,,,,,,,,,,,,6262.4374501456305,9.562549854369536,6305.930518695934,19.569481304066358,6345.23024423975,36.51975576024961
2025-07-09,,,,,,,,,,,,,,,,,,,6307.25,6360.75,6415.0,6263.259765625,0.0434637,0.0432939,0.0421453,0.0399352,0.01377520938816065,,,,,,,,,,,,,,,,0.19726027397260273,0.4465753424657534,0.6958904109589041,,,,,,,,,,,,,,,,0.0434,0.0424,0.0412,,,,,,,,,,,,,,,,,,,,,,,,,,,,,,,6299.9681209944665,7.281879005533483,6343.837724144982,16.91227585501838,6383.939783679159,31.06021632084139
2025-07-10,,,,,,,,,,,,,,,,,,,6324.25,6378.0,6432.5,6280.4599609375,0.0434336,0.0432027,0.0419594,0.0396763,0.01350199478728352,,,,,,,,,,,,,,,,0.19452054794520549,0.4438356164383562,0.6931506849315069,,,,,,,,,,,,,,,,0.0433,0.0423,0.041,,,,,,,,,,,,,,,,,,,,,,,,,,,,,,,6316.969251260029,7.280748739971386,6361.249373165031,16.750626834968898,6401.315276044938,31.1847239550616
2025-07-11,,,,,,,,,,,,,,,,,,,6300.0,6353.75,6408.25,6259.75,0.0434194,0.0431755,0.0419122,0.0395988,0.01360809807507741,,,,,,,,,,,,,,,,0.1917808219178082,0.4410958904109589,0.6904109589041096,,,,,,,,,,,,,,,,0.0433,0.0423,0.0409,,,,,,,,,,,,,,,,,,,,,,,,,,,,,,,6295.496808863166,4.503191136834175,6339.476082719286,14.273917280714159,6378.818399668286,29.431600331714435
2025-07-14,,,,,,,,,,,,,,,,,,,6311.0,6365.0,6421.25,6268.56005859375,0.0434001,0.04317770000000001,0.0419724,0.0397622,0.013843711357121,,,,,,,,,,,,,,,,0.18356164383561643,0.4328767123287671,0.6821917808219178,,,,,,,,,,,,,,,,0.0433,0.0423,0.0411,,,,,,,,,,,,,,,,,,,,,,,,,,,,,,,6302.546243048397,8.453756951603282,6346.254124661367,18.745875338632686,6386.208150838113,35.0418491618866
2025-07-15,,,,,,,,,,,,,,,,,,,6284.0,6338.5,6394.5,6243.759765625,0.04343130000000001,0.043224,0.0419965,0.0397766,0.01376165811730994,,,,,,,,,,,,,,,,0.18082191780821918,0.4301369863013699,0.6794520547945205,,,,,,,,,,,,,,,,0.0434,0.0424,0.0411,,,,,,,,,,,,,,,,,,,,,,,,,,,,,,,6277.3115350025,6.6884649974999775,6321.148634104911,17.351365895088747,6360.82203664367,33.67796335633011
2025-07-16,,,,,,,,,,,,,,,,,,,6303.25,6357.5,6413.25,6263.7001953125,0.0434979,0.04329,0.0421746,0.0400522,0.01382285371883797,,,,,,,,,,,,,,,,0.1780821917808219,0.4273972602739726,0.6767123287671233,,,,,,,,,,,,,,,,0.0434,0.0425,0.0413,,,,,,,,,,,,,,,,,,,,,,,,,,,,,,,6296.779165139936,6.470834860064315,6340.943850935203,16.556149064796955,6381.25776419867,31.992235801330025
2025-07-17,,,,,,,,,,,,,,,,,,,6340.5,6395.25,6450.5,6297.35986328125,0.0435065,0.04325490000000001,0.0421048,0.0399118,0.01382608082464674,,,,,,,,,,,,,,,,0.17534246575342466,0.4246575342465753,0.673972602739726,,,,,,,,,,,,,,,,0.0434,0.0425,0.0413,,,,,,,,,,,,,,,,,,,,,,,,,,,,,,,6330.100040092012,10.399959907987977,6374.509022863257,20.740977136742913,6415.052263150131,35.447736849869216
2025-07-18,,,,,,,,,,,,,,,,,,,6334.75,6389.25,6446.0,6296.7900390625,0.0435468,0.0433199,0.0422378,0.040058,0.01376953231062677,,,,,,,,,,,,,,,,0.1726027397260274,0.42191780821917807,0.6712328767123288,,,,,,,,,,,,,,,,0.0435,0.0426,0.0414,,,,,,,,,,,,,,,,,,,,,,,,,,,,,,,6329.185444464261,5.564555535738691,6373.852492574736,15.397507425263939,6414.6630044261165,31.33699557388354
2025-07-21,,,,,,,,,,,,,,,,,,,6344.75,6399.5,6456.75,6305.60009765625,0.0434887,0.0431899,0.0420559,0.0398354,0.01408328021715022,,,,,,,,,,,,,,,,0.1643835616438356,0.4136986301369863,0.663013698630137,,,,,,,,,,,,,,,,0.0434,0.0425,0.0413,,,,,,,,,,,,,,,,,,,,,,,,,,,,,,,6336.061302663592,8.68869733640804,6380.165905356534,19.334094643466415,6420.417848330457,36.33215166954324
2025-07-22,,,,,,,,,,,,,,,,,,,6346.75,6401.5,6460.75,6309.6201171875,0.0435091,0.0431869,0.042019,0.0397632,0.01411206195400717,,,,,,,,,,,,,,,,0.16164383561643836,0.410958904109589,0.6602739726027397,,,,,,,,,,,,,,,,0.0434,0.0425,0.0412,,,,,,,,,,,,,,,,,,,,,,,,,,,,,,,6339.562032942918,7.187967057081551,6383.660936916619,17.839063083381006,6423.485813177703,37.26418682229723
2025-07-23,,,,,,,,,,,,,,,,,,,6396.25,6451.75,6505.5,6358.91015625,0.04352229999999999,0.0431846,0.0420054,0.0396398,0.01401690901593656,,,,,,,,,,,,,,,,0.1589041095890411,0.40821917808219177,0.6575342465753424,,,,,,,,,,,,,,,,0.0434,0.0425,0.0412,,,,,,,,,,,,,,,,,,,,,,,,,,,,,,,6388.669926449738,7.580073550261659,6433.278909726564,18.471090273435948,6473.589958461806,31.910041538193582
2025-07-24,,,,,,,,,,,,,,,,,,,6401.5,6457.5,6515.75,6363.35009765625,0.0435277,0.0431381,0.0419701,0.0397357,0.01404193152664382,,,,,,,,,,,,,,,,0.15616438356164383,0.4054794520547945,0.6547945205479452,,,,,,,,,,,,,,,,0.0434,0.0425,0.0412,,,,,,,,,,,,,,,,,,,,,,,,,,,,,,,6392.591030280451,8.908969719548622,6437.203106812606,20.296893187393835,6477.5214052970005,38.228594702999544
2025-07-25,,,,,,,,,,,,,,,,,,,6425.0,6481.0,6540.0,6388.64013671875,0.0435485,0.0431428,0.0420488,0.0400344,0.01394025225965886,,,,,,,,,,,,,,,,0.15342465753424658,0.40273972602739727,0.6520547945205479,,,,,,,,,,,,,,,,0.0434,0.0425,0.0414,,,,,,,,,,,,,,,,,,,,,,,,,,,,,,,6417.581198136249,7.418801863750559,6462.547433196131,18.45256680386865,6504.06063389883,35.93936610116998
2025-07-28,,,,,,,,,,,,,,,,,,,6422.75,6478.75,6539.0,6389.77001953125,0.0435814,0.0430996,0.0419594,0.04001,0.01422708676871424,,,,,,,,,,,,,,,,0.14520547945205478,0.39452054794520547,0.6438356164383562,,,,,,,,,,,,,,,,0.0434,0.0425,0.0413,,,,,,,,,,,,,,,,,,,,,,,,,,,,,,,6416.8949233994845,5.855076600515531,6461.44206189529,17.307938104710047,6502.123285300882,36.876714699117656
2025-07-29,,,,,,,,,,,,,,,,,,,6406.0,6461.5,6522.25,6370.85986328125,0.04356239999999999,0.0430791,0.04197090000000001,0.0400406,0.01435219423186701,,,,,,,,,,,,,,,,0.14246575342465753,0.3917808219178082,0.6410958904109589,,,,,,,,,,,,,,,,0.0434,0.0425,0.0414,,,,,,,,,,,,,,,,,,,,,,,,,,,,,,,6397.279132318879,8.72086768112058,6441.505057160448,19.994942839552095,6482.295451521387,39.954548478613106
2025-07-30,,,,,,,,,,,,,,,,,,,6396.25,6452.75,6512.75,6362.89990234375,0.0435363,0.0429619,0.0418199,0.0398338,0.014447472352767,,,,,,,,,,,,,,,,0.13972602739726028,0.38904109589041097,0.6383561643835617,,,,,,,,,,,,,,,,0.0434,0.0423,0.0412,,,,,,,,,,,,,,,,,,,,,,,,,,,,,,,6388.692651598339,7.557348401661329,6432.221772266457,20.528227733542735,6472.496383265089,40.25361673491079
2025-07-31,,,,,,,,,,,,,,,,,,,6374.25,6431.0,6492.5,6339.39013671875,0.0435118,0.0430054,0.04191379999999999,0.0399805,0.01439049483080507,,,,,,,,,,,,,,,,0.136986301369863,0.3863013698630137,0.6356164383561644,,,,,,,,,,,,,,,,0.0434,0.0424,0.0413,,,,,,,,,,,,,,,,,,,,,,,,,,,,,,,6364.632391664964,9.617608335035584,6408.355470114283,22.64452988571702,6448.75245782916,43.74754217083955
2025-08-01,,,,,,,,,,,,,,,,,,,6264.5,6317.0,6372.0,6238.009765625,0.04351340000000001,0.0432123,0.04239519999999999,0.0406142,0.01461849209199416,,,,,,,,,,,,,,,,0.13424657534246576,0.3835616438356164,0.6328767123287671,,,,,,,,,,,,,,,,0.0434,0.0428,0.0419,,,,,,,,,,,,,,,,,,,,,,,,,,,,,,,6262.1589294213045,2.3410705786955077,6305.804315662015,11.195684337984858,6346.649365849782,25.350634150217957
2025-08-04,,,,,,,,,,,,,,,,,,,6356.0,6409.5,6464.75,6329.93994140625,0.0434314,0.0425467,0.0410356,0.0387466,0.01458258724637239,,,,,,,,,,,,,,,,0.12602739726027398,0.37534246575342467,0.6246575342465753,,,,,,,,,,,,,,,,0.0432,0.0418,0.0404,,,,,,,,,,,,,,,,,,,,,,,,,,,,,,,6352.810581412722,3.1894185872779417,6394.937098866426,14.562901133574087,6432.850737759115,31.899262240885037
2025-08-05,,,,,,,,,,,,,,,,,,,6325.25,6378.5,6434.25,6299.18994140625,0.0434939,0.0424185,0.0406194,0.0381214,0.01472871514079057,,,,,,,,,,,,,,,,0.1232876712328767,0.3726027397260274,0.6219178082191781,,,,,,,,,,,,,,,,0.0432,0.0415,0.0399,,,,,,,,,,,,,,,,,,,,,,,,,,,,,,,6321.339948211655,3.9100517883452994,6362.339136458334,16.160863541666004,6398.576314182765,35.67368581723531
2025-08-06,,,,,,,,,,,,,,,,,,,6371.0,6425.0,6481.25,6345.06005859375,0.0435166,0.04234250000000001,0.0407499,0.0383359,0.01468559545925509,,,,,,,,,,,,,,,,0.12054794520547946,0.3698630136986301,0.6191780821917808,,,,,,,,,,,,,,,,0.0433,0.0415,0.0401,,,,,,,,,,,,,,,,,,,,,,,,,,,,,,,6366.984548944407,4.015451055593076,6408.301268493215,16.698731506785407,6445.695920289387,35.55407971061322
2025-08-07,,,,,,,,,,,,,,,,,,,6366.5,6420.25,6475.75,6340.0,0.0435707,0.04226,0.0406049,0.0381745,0.01476274542115919,,,,,,,,,,,,,,,,0.1178082191780822,0.36712328767123287,0.6164383561643836,,,,,,,,,,,,,,,,0.0433,0.0414,0.04,,,,,,,,,,,,,,,,,,,,,,,,,,,,,,,6361.350461917822,5.149538082177969,6402.30399579676,17.94600420323968,6439.403941569526,36.34605843047393
2025-08-08,,,,,,,,,,,,,,,,,,,6413.5,6468.0,6524.5,6389.4501953125,0.0436116,0.0422643,0.04056949999999999,0.038144,0.0145002774761199,,,,,,,,,,,,,,,,0.11506849315068493,0.3643835616438356,0.6136986301369863,,,,,,,,,,,,,,,,0.0433,0.0414,0.0399,,,,,,,,,,,,,,,,,,,,,,,,,,,,,,,6410.659578106801,2.8404218931991636,6452.386355411347,15.613644588653187,6489.827806153582,34.67219384641794
2025-08-11,,,,,,,,,,,,,,,,,,,6399.75,6454.25,6510.75,6373.4501953125,0.0436193,0.0422836,0.0406494,0.0383412,0.01458777926652111,,,,,,,,,,,,,,,,0.10684931506849316,0.3561643835616438,0.6054794520547945,,,,,,,,,,,,,,,,0.0434,0.0415,0.0401,,,,,,,,,,,,,,,,,,,,,,,,,,,,,,,6393.101516135376,6.648483864623813,6434.834547539362,19.415452460638335,6472.666006598413,38.08399340158667
2025-08-12,,,,,,,,,,,,,,,,,,,6468.5,6523.0,6579.5,6445.759765625,0.0436576,0.042329,0.0406671,0.0384083,0.01444538788065919,,,,,,,,,,,,,,,,0.10410958904109589,0.35342465753424657,0.6027397260273972,,,,,,,,,,,,,,,,0.0435,0.0416,0.0401,,,,,,,,,,,,,,,,,,,,,,,,,,,,,,,6465.286828999967,3.2131710000330713,6507.9182214984585,15.081778501541521,6546.2054936076065,33.29450639239349
2025-08-13,,,,,,,,,,,,,,,,,,,6488.75,6543.0,6599.5,6466.580078125,0.043631,0.0421138,0.0404062,0.0380259,0.0144275854611858,,,,,,,,,,,,,,,,0.10136986301369863,0.3506849315068493,0.6,,,,,,,,,,,,,,,,0.0435,0.0413,0.0399,,,,,,,,,,,,,,,,,,,,,,,,,,,,,,,6485.665630185898,3.084369814101592,6527.8075607977225,15.192439202277455,6566.170829678394,33.3291703216064
2025-08-14,,,,,,,,,,,,,,,,,,,6490.5,6545.5,6602.75,6468.5400390625,0.0435993,0.0418515,0.0400802,0.0376098,0.01443259260757963,,,,,,,,,,,,,,,,0.09863013698630137,0.34794520547945207,0.5972602739726027,,,,,,,,,,,,,,,,0.0434,0.041,0.0395,,,,,,,,,,,,,,,,,,,,,,,,,,,,,,,6487.047467743617,3.452532256383165,6528.6124633099735,16.887536690026536,6566.114116344725,36.63588365527539
2025-08-15,,,,,,,,,,,,,,,,,,,6471.5,6526.5,6584.25,6449.7998046875,0.0435325,0.0419457,0.04034989999999999,0.038003,0.01394422325284187,,,,,,,,,,,,,,,,0.0958904109589041,0.3452054794520548,0.5945205479452055,,,,,,,,,,,,,,,,0.0434,0.0412,0.0399,,,,,,,,,,,,,,,,,,,,,,,,,,,,,,,6468.0431877277815,3.4568122722184853,6510.771347579736,15.728652420263643,6550.100119217838,34.149880782161745
2025-08-18,,,,,,,,,,,,,,,,,,,6469.25,6524.5,6582.75,6449.14990234375,0.0434042,0.0420354,0.0404984,0.0382234,0.01406881207952798,,,,,,,,,,,,,,,,0.08767123287671233,0.336986301369863,0.5863013698630137,,,,,,,,,,,,,,,,0.0434,0.0414,0.0401,,,,,,,,,,,,,,,,,,,,,,,,,,,,,,,6465.755241566001,3.494758433998868,6508.822471883144,15.677528116855683,6548.332552968043,34.417447031956726
2025-08-19,,,,,,,,,,,,,,,,,,,6432.5,6487.25,6545.0,6411.3701171875,0.04340740000000001,0.0421496,0.0406544,0.0384703,0.01403023872191434,,,,,,,,,,,,,,,,0.08493150684931507,0.33424657534246577,0.5835616438356165,,,,,,,,,,,,,,,,0.0434,0.0416,0.0402,,,,,,,,,,,,,,,,,,,,,,,,,,,,,,,6427.382717489939,5.117282510061159,6470.724581582522,16.52541841747825,6510.033901647927,34.96609835207255
2025-08-20,,,,,,,,,,,,,,,,,,,6413.25,6468.25,6525.0,6395.77978515625,0.0433909,0.0420383,0.0405579,0.0383092,0.01408969375736491,,,,,,,,,,,,,,,,0.0821917808219178,0.3315068493150685,0.5808219178082191,,,,,,,,,,,,,,,,0.0434,0.0415,0.0402,,,,,,,,,,,,,,,,,,,,,,,,,,,,,,,6411.2062166719,2.0437833281002895,6454.1611901615315,14.088809838468478,6493.513804346564,31.48619565343597
2025-08-21,,,,,,,,,,,,,,,,,,,6388.25,6443.5,6501.0,6370.169921875,0.0432255,0.04195839999999999,0.04041769999999999,0.0380941,0.01386576238675933,,,,,,,,,,,,,,,,0.07945205479452055,0.3287671232876712,0.5780821917808219,,,,,,,,,,,,,,,,0.0433,0.0414,0.04,,,,,,,,,,,,,,,,,,,,,,,,,,,,,,,6385.084702292985,3.16529770701527,6428.096734276994,15.40326572300637,6467.139426514069,33.86057348593113
2025-08-22,,,,,,,,,,,,,,,,,,,6483.25,6539.0,6596.75,6466.91015625,0.0433115,0.0422274,0.0408469,0.0386056,0.01363912821975394,,,,,,,,,,,,,,,,0.07671232876712329,0.32602739726027397,0.5753424657534246,,,,,,,,,,,,,,,,0.0434,0.0418,0.0405,,,,,,,,,,,,,,,,,,,,,,,,,,,,,,,6481.691145125466,1.5588548745336084,6526.557652778014,12.442347221985983,6567.627327625453,29.12267237454671
2025-08-25,,,,,,,,,,,,,,,,,,,6455.5,6511.25,6569.75,6439.31982421875,0.0431501,0.0419788,0.04042029999999999,0.0379793,0.01398570086911241,,,,,,,,,,,,,,,,0.0684931506849315,0.3178082191780822,0.5671232876712329,,,,,,,,,,,,,,,,0.0433,0.0415,0.0401,,,,,,,,,,,,,,,,,,,,,,,,,,,,,,,6452.261863770624,3.238136229376323,6495.8738796327725,15.376120367227486,6535.396015244139,34.35398475586135
2025-08-26,,,,,,,,,,,,,,,,,,,6482.5,6538.5,6596.25,6465.93994140625,0.0432295,0.0420496,0.0405377,0.0381374,0.01384621381698923,,,,,,,,,,,,,,,,0.06575342465753424,0.3150684931506849,0.5643835616438356,,,,,,,,,,,,,,,,0.0434,0.0416,0.0402,,,,,,,,,,,,,,,,,,,,,,,,,,,,,,,6478.517177490425,3.9828225095752714,6522.728268367418,15.771731632581577,6562.830802188933,33.419197811066624
2025-08-27,,,,,,,,,,,,,,,,,,,6496.0,6552.0,6610.0,6481.39990234375,0.0431599,0.0419886,0.0404351,0.037846,0.01395495444096426,,,,,,,,,,,,,,,,0.06301369863013699,0.31232876712328766,0.5616438356164384,,,,,,,,,,,,,,,,0.0433,0.0416,0.0401,,,,,,,,,,,,,,,,,,,,,,,,,,,,,,,6493.396005050883,2.6039949491168954,6537.604829325554,14.39517067444558,6577.276310147386,32.72368985261437
2025-08-28,,,,,,,,,,,,,,,,,,,6517.5,6574.0,6633.5,6501.85986328125,0.0428021,0.0417122,0.0401659,0.0375904,0.01392688980457514,,,,,,,,,,,,,,,,0.06027397260273973,0.3095890410958904,0.5589041095890411,,,,,,,,,,,,,,,,0.043,0.0413,0.0398,,,,,,,,,,,,,,,,,,,,,,,,,,,,,,,6513.263398008646,4.236601991354291,6557.193450363427,16.806549636573436,6596.563663526374,36.9363364736264
2025-08-29,,,,,,,,,,,,,,,,,,,6472.75,6528.5,6587.0,6460.259765625,0.0427256,0.0417106,0.040206,0.0376652,0.0138613911435087,,,,,,,,,,,,,,,,0.057534246575342465,0.30684931506849317,0.5561643835616439,,,,,,,,,,,,,,,,0.0429,0.0414,0.0399,,,,,,,,,,,,,,,,,,,,,,,,,,,,,,,6471.062036416348,1.687963583652163,6515.081575293858,13.418424706142105,6554.496320113729,32.50367988627113
2025-09-02,,,,,,,,,,,,,,,,,,,6425.5,6480.75,6538.75,6415.5400390625,0.0425486,0.04160440000000001,0.0400799,0.0375642,0.01381986225474259,,,,,,,,,,,,,,,,0.04657534246575343,0.2958904109589041,0.5452054794520548,,,,,,,,,,,,,,,,0.0428,0.0413,0.0398,,,,,,,,,,,,,,,,,,,,,,,,,,,,,,,6424.2053240716405,1.2946759283595384,6467.918153526575,12.831846473424775,6507.059677694162,31.69032230583798
2025-09-03,,,,,,,,,,,,,,,,,,,6457.25,6512.75,6570.5,6448.259765625,0.0425002,0.0415379,0.0400779,0.0376543,0.0138062410957065,,,,,,,,,,,,,,,,0.043835616438356165,0.29315068493150687,0.5424657534246575,,,,,,,,,,,,,,,,0.0427,0.0413,0.0398,,,,,,,,,,,,,,,,,,,,,,,,,,,,,,,6456.432149341799,0.8178506582007685,6500.441546850712,12.308453149287743,6539.828975770568,30.671024229432078
2025-09-04,,,,,,,,,,,,,,,,,,,6510.75,6566.75,6625.25,6502.080078125,0.0422306,0.0413116,0.0397733,0.0373346,0.0135182618021622,,,,,,,,,,,,,,,,0.0410958904109589,0.29041095890410956,0.5397260273972603,,,,,,,,,,,,,,,,0.0425,0.0411,0.0395,,,,,,,,,,,,,,,,,,,,,,,,,,,,,,,6509.828866355907,0.9211336440930609,6554.371140520608,12.378859479392304,6593.9011792369365,31.348820763063486
2025-09-05,,,,,,,,,,,,,,,,,,,6489.75,6544.5,6601.25,6481.5,0.0421729,0.0412319,0.0396676,0.0371438,0.01320169346454928,,,,,,,,,,,,,,,,0.038356164383561646,0.2876712328767123,0.536986301369863,,,,,,,,,,,,,,,,0.0424,0.041,0.0394,,,,,,,,,,,,,,,,,,,,,,,,,,,,,,,6488.762925238556,0.9870747614440916,6533.538879169852,10.961120830147593,6573.326998484943,27.923001515056967
2025-09-08,,,,,,,,,,,,,,,,,,,6506.0,6560.5,6618.0,6495.14990234375,0.0419217,0.0406989,0.0388309,0.0360736,0.01336219896369135,,,,,,,,,,,,,,,,0.030136986301369864,0.27945205479452057,0.5287671232876713,,,,,,,,,,,,,,,,0.0423,0.0405,0.0386,,,,,,,,,,,,,,,,,,,,,,,,,,,,,,,6500.81678099791,5.183219002089572,6544.5945132193465,15.905486780653519,6582.4080863808385,35.59191361916146
2025-09-09,,,,,,,,,,,,,,,,,,,6521.75,6576.5,6635.25,6512.60986328125,0.0417535,0.0405595,0.0386492,0.0359297,0.01334339969074404,,,,,,,,,,,,,,,,0.0273972602739726,0.27671232876712326,0.5260273972602739,,,,,,,,,,,,,,,,0.0421,0.0404,0.0385,,,,,,,,,,,,,,,,,,,,,,,,,,,,,,,6517.742858154083,4.007141845917431,6561.552072695901,14.947927304098812,6599.364374651019,35.88562534898119
2025-09-10,,,,,,,,,,,,,,,,,,,6539.75,6594.5,6653.5,6532.0400390625,0.041739,0.0405836,0.038789,0.0361713,0.01333499097970955,,,,,,,,,,,,,,,,0.024657534246575342,0.273972602739726,0.5232876712328767,,,,,,,,,,,,,,,,0.0421,0.0404,0.0386,,,,,,,,,,,,,,,,,,,,,,,,,,,,,,,6536.674689927884,3.075310072115826,6580.655600661106,13.844399338893709,6618.9726726242625,34.527327375737514
2025-09-11,,,,,,,,,,,,,,,,,,,6592.5,6647.5,6704.75,6587.47021484375,0.0415016,0.0403781,0.0386433,0.0361192,0.01332640453257444,,,,,,,,,,,,,,,,0.021917808219178082,0.27123287671232876,0.5205479452054794,,,,,,,,,,,,,,,,0.0419,0.0402,0.0385,,,,,,,,,,,,,,,,,,,,,,,,,,,,,,,6591.597045794274,0.9029542057260187,6635.661723056769,11.838276943230994,6674.360909352989,30.389090647010562
2025-09-12,,,,,,,,,,,,,,,,,,,6588.25,6645.0,6703.0,6584.2900390625,0.0414693,0.0402064,0.0383917,0.0358183,0.01330694117122412,,,,,,,,,,,,,,,,0.019178082191780823,0.2684931506849315,0.5178082191780822,,,,,,,,,,,,,,,,0.042,0.0401,0.0383,,,,,,,,,,,,,,,,,,,,,,,,,,,,,,,6587.914225029925,0.33577497007536294,6631.826571875852,13.173428124147904,6670.05513355672,32.94486644328026
2025-09-15,,,,,,,,,,,,,,,,,,,6621.5,6679.25,6738.25,6615.27978515625,0.0414288,0.040233,0.0384833,0.0360702,0.01278423153179683,,,,,,,,,,,,,,,,0.010958904109589041,0.2602739726027397,0.5095890410958904,,,,,,,,,,,,,,,,0.0419,0.0402,0.0384,,,,,,,,,,,,,,,,,,,,,,,,,,,,,,,6617.3909050070015,4.109094992998507,6662.652664380293,16.597335619707337,6702.19850151609,36.05149848391011
2025-09-16,,,,,,,,,,,,,,,,,,,6610.75,6667.5,6726.0,6606.759765625,0.0413584,0.04025699999999999,0.0385447,0.0360384,0.01280442188950991,,,,,,,,,,,,,,,,0.00821917808219178,0.25753424657534246,0.5068493150684932,,,,,,,,,,,,,,,,0.0418,0.0402,0.0385,,,,,,,,,,,,,,,,,,,,,,,,,,,,,,,6608.334475058477,2.4155249415225626,6653.537255510838,13.962744489162105,6693.3675484917185,32.63245150828152
2025-09-17,,,,,,,,,,,,,,,,,,,6601.25,6658.75,6716.0,6600.35009765625,0.0413359,0.0402304,0.0385385,0.0359516,0.01288973903865962,,,,,,,,,,,,,,,,0.005479452054794521,0.2547945205479452,0.5041095890410959,,,,,,,,,,,,,,,,0.0418,0.0402,0.0385,,,,,,,,,,,,,,,,,,,,,,,,,,,,,,,6601.395757702896,-0.14575770289593493,6646.438834184546,12.311165815453933,6686.115554170557,29.884445829443393
2025-09-18,,,,,,,,,,,,,,,,,,,6635.0,6693.5,6750.5,6631.9599609375,0.0413544,0.04003300000000001,0.0383108,0.0358032,0.01292269464578399,,,,,,,,,,,,,,,,0.0027397260273972603,0.25205479452054796,0.5013698630136987,,,,,,,,,,,,,,,,0.042,0.04,0.0383,,,,,,,,,,,,,,,,,,,,,,,,,,,,,,,6632.488309447787,2.5116905522127126,6677.377663958128,16.122336041871677,6716.880239550749,33.61976044925086
2025-09-19,,,,,,,,,,,,,,,,,,,6658.77,6722.5,6780.5,6664.35986328125,0.0415457,0.0401248,0.0384909,0.0361165,0.01298722296636501,,,,,,,,,,,,,,,,0.0,0.2493150684931507,0.4986301369863014,,,,,,,,,,,,,,,,0.0423,0.0401,0.0385,,,,,,,,,,,,,,,,,,,,,,,,,,,,,,,6664.35986328125,-5.589863281249563,6709.561028570895,12.93897142910464,6749.681671579232,30.81832842076801
2025-09-22,,,,,,,,,,,,,,,,,,,,6752.5,6811.25,6693.75,0.0415679,0.0400331,0.0383986,0.0360833,0.01277645615822086,,,,,,,,,,,,,,,,,0.2410958904109589,0.4904109589041096,,,,,,,,,,,,,,,,,0.0401,0.0385,,,,,,,,,,,,,,,,,,,,,,,,,,,,,,,,,6737.991269991942,14.508730008057682,6778.727249486522,32.52275051347806
2025-09-23,,,,,,,,,,,,,,,,,,,,6715.0,6773.75,6656.919921875,0.0415791,0.0400017,0.038458,0.0361807,0.01301088240737845,,,,,,,,,,,,,,,,,0.23835616438356164,0.4876712328767123,,,,,,,,,,,,,,,,,0.0401,0.0385,,,,,,,,,,,,,,,,,,,,,,,,,,,,,,,,,6700.041775663207,14.958224336793137,6740.183922701318,33.5660772986821
2025-09-24,,,,,,,,,,,,,,,,,,,,6692.25,6750.75,6637.97021484375,0.0415848,0.039984,0.0384447,0.0362512,0.01316560347401127,,,,,,,,,,,,,,,,,0.2356164383561644,0.4849315068493151,,,,,,,,,,,,,,,,,0.0401,0.0385,,,,,,,,,,,,,,,,,,,,,,,,,,,,,,,,,6680.229964628664,12.020035371336235,6720.0236461578215,30.72635384217847
2025-09-25,,,,,,,,,,,,,,,,,,,,6659.75,6719.0,6604.72021484375,0.04165530000000001,0.0399009,0.0383907,0.0363098,0.01333384887047089,,,,,,,,,,,,,,,,,0.2328767123287671,0.4821917808219178,,,,,,,,,,,,,,,,,0.0401,0.0385,,,,,,,,,,,,,,,,,,,,,,,,,,,,,,,,,6646.017418003827,13.732581996173394,6685.3561739411,33.64382605890023
2025-09-26,,,,,,,,,,,,,,,,,,,,6696.5,6755.75,6643.7001953125,0.041634,0.040015,0.0387187,0.0368525,0.01329902994711924,,,,,,,,,,,,,,,,,0.23013698630136986,0.4794520547945205,,,,,,,,,,,,,,,,,0.0402,0.0388,,,,,,,,,,,,,,,,,,,,,,,,,,,,,,,,,6684.958314010335,11.541685989664984,6725.427949649676,30.32205035032439
2025-09-29,,,,,,,,,,,,,,,,,,,,6713.5,6772.75,6661.2099609375,0.0413431,0.0398525,0.0386142,0.036825,0.01369167708829181,,,,,,,,,,,,,,,,,0.2219178082191781,0.4712328767123288,,,,,,,,,,,,,,,,,0.0401,0.0387,,,,,,,,,,,,,,,,,,,,,,,,,,,,,,,,,6700.362443690551,13.137556309448883,6740.174992156348,32.5750078436522
2025-09-30,,,,,,,,,,,,,,,,,,,,6738.75,6797.75,6688.4599609375,0.041292,0.0397639,0.038459,0.0365947,0.0133580376531815,,,,,,,,,,,,,,,,,0.2191780821917808,0.4684931506849315,,,,,,,,,,,,,,,,,0.04,0.0386,,,,,,,,,,,,,,,,,,,,,,,,,,,,,,,,,6727.630367264521,11.119632735479172,6768.025120470834,29.724879529166174
2025-10-01,,,,,,,,,,,,,,,,,,,,6761.5,6819.5,6711.2001953125,0.04126490000000001,0.0395646,0.0382571,0.0363145,0.01322663776086586,,,,,,,,,,,,,,,,,0.21643835616438356,0.4657534246575342,,,,,,,,,,,,,,,,,0.0399,0.0384,,,,,,,,,,,,,,,,,,,,,,,,,,,,,,,,,6750.056939489819,11.443060510180658,6790.349284918814,29.15071508118581
2025-10-02,,,,,,,,,,,,,,,,,,,,6766.75,6824.5,6715.35009765625,0.04105909999999999,0.0393418,0.0378582,0.0357906,0.01333086080905025,,,,,,,,,,,,,,,,,0.2136986301369863,0.46301369863013697,,,,,,,,,,,,,,,,,0.0397,0.038,,,,,,,,,,,,,,,,,,,,,,,,,,,,,,,,,6753.298243404154,13.451756595845836,6792.493562983508,32.00643701649187
2025-10-03,,,,,,,,,,,,,,,,,,,,6764.0,6822.0,6715.7900390625,0.0410159,0.0393549,0.0378802,0.0358301,0.01304303904362971,,,,,,,,,,,,,,,,,0.21095890410958903,0.4602739726027397,,,,,,,,,,,,,,,,,0.0397,0.0381,,,,,,,,,,,,,,,,,,,,,,,,,,,,,,,,,6753.662830078642,10.3371699213576,6793.6920563807,28.307943619300204
2025-10-06,,,,,,,,,,,,,,,,,,,,6788.75,6847.0,6740.27978515625,0.0408824,0.0393708,0.0379005,0.0358183,0.01317204824880758,,,,,,,,,,,,,,,,,0.20273972602739726,0.4520547945205479,,,,,,,,,,,,,,,,,0.0398,0.0381,,,,,,,,,,,,,,,,,,,,,,,,,,,,,,,,,6776.765877006735,11.984122993265373,6816.66422288824,30.335777111759853
2025-10-07,,,,,,,,,,,,,,,,,,,,6761.5,6819.25,6714.58984375,0.0408372,0.0393532,0.0379652,0.036014,0.01337229854532021,,,,,,,,,,,,,,,,,0.2,0.44931506849315067,,,,,,,,,,,,,,,,,0.0398,0.0382,,,,,,,,,,,,,,,,,,,,,,,,,,,,,,,,,6750.174036906837,11.32596309316341,6789.913538833476,29.336461166523804
2025-10-08,,,,,,,,,,,,,,,,,,,,6801.25,6859.75,6753.72021484375,0.0407888,0.0392738,0.0379561,0.0359782,0.01347947109043739,,,,,,,,,,,,,,,,,0.19726027397260273,0.4465753424657534,,,,,,,,,,,,,,,,,0.0397,0.0382,,,,,,,,,,,,,,,,,,,,,,,,,,,,,,,,,6788.742765574139,12.507234425860588,6828.691504745757,31.0584952542431
2025-10-09,,,,,,,,,,,,,,,,,,,,6779.25,6837.0,6735.10986328125,0.0404771,0.039115,0.0378223,0.0359236,0.01361717804201693,,,,,,,,,,,,,,,,,0.19452054794520549,0.4438356164383562,,,,,,,,,,,,,,,,,0.0395,0.0381,,,,,,,,,,,,,,,,,,,,,,,,,,,,,,,,,6769.104901384348,10.145098615652387,6808.694990156329,28.305009843670632
2025-10-10,,,,,,,,,,,,,,,,,,,,6595.25,6650.5,6552.509765625,0.0403217,0.0390454,0.0377732,0.0359429,0.01351263915156555,,,,,,,,,,,,,,,,,0.1917808219178082,0.4410958904109589,,,,,,,,,,,,,,,,,0.0395,0.038,,,,,,,,,,,,,,,,,,,,,,,,,,,,,,,,,6585.248185479726,10.00181452027391,6623.668833018486,26.83116698151389
2025-10-14,,,,,,,,,,,,,,,,,,,,6686.5,6742.0,6644.31005859375,0.0403184,0.0389363,0.0375141,0.0354735,0.01404634748465374,,,,,,,,,,,,,,,,,0.18082191780821918,0.4301369863013699,,,,,,,,,,,,,,,,,0.0395,0.0379,,,,,,,,,,,,,,,,,,,,,,,,,,,,,,,,,6674.9614993606,11.5385006393999,6712.833864497222,29.16613550277816
2025-10-15,,,,,,,,,,,,,,,,,,,,6715.0,6771.0,6671.06005859375,0.0403693,0.0388163,0.0373095,0.0350554,0.01375735801092575,,,,,,,,,,,,,,,,,0.1780821917808219,0.4273972602739726,,,,,,,,,,,,,,,,,0.0394,0.0377,,,,,,,,,,,,,,,,,,,,,,,,,,,,,,,,,6701.593101745152,13.406898254847874,6739.67562029823,31.32437970177034
2025-10-16,,,,,,,,,,,,,,,,,,,,6668.75,6723.5,6629.06982421875,0.0403104,0.0388444,0.0372925,0.0350675,0.0140352694596885,,,,,,,,,,,,,,,,,0.17534246575342466,0.4246575342465753,,,,,,,,,,,,,,,,,0.0395,0.0377,,,,,,,,,,,,,,,,,,,,,,,,,,,,,,,,,6658.735122654335,10.0148773456649,6696.023899951896,27.476100048103945
2025-10-17,,,,,,,,,,,,,,,,,,,,6702.5,6758.0,6664.009765625,0.0402374,0.0386996,0.0370241,0.0346845,0.01406679658916707,,,,,,,,,,,,,,,,,0.1726027397260274,0.42191780821917807,,,,,,,,,,,,,,,,,0.0394,0.0375,,,,,,,,,,,,,,,,,,,,,,,,,,,,,,,,,6693.212482627871,9.287517372128605,6730.222850541348,27.777149458652275
2025-10-20,,,,,,,,,,,,,,,,,,,,6773.75,6830.75,6735.1298828125,0.0400181,0.0385735,0.0369251,0.0345954,0.01455518948741196,,,,,,,,,,,,,,,,,0.1643835616438356,0.4136986301369863,,,,,,,,,,,,,,,,,0.0393,0.0374,,,,,,,,,,,,,,,,,,,,,,,,,,,,,,,,,6762.581761426593,11.168238573406597,6799.084435265642,31.66556473435776
2025-10-21,,,,,,,,,,,,,,,,,,,,6773.25,6830.5,6735.35009765625,0.0400162,0.038598,0.0369679,0.0346731,0.01477715517623294,,,,,,,,,,,,,,,,,0.16164383561643836,0.410958904109589,,,,,,,,,,,,,,,,,0.0393,0.0375,,,,,,,,,,,,,,,,,,,,,,,,,,,,,,,,,6762.101787514314,11.14821248568569,6798.540424948727,31.959575051272623
2025-10-22,,,,,,,,,,,,,,,,,,,,6737.0,6793.75,6699.39990234375,0.0401524,0.0386541,0.0369944,0.0346296,0.01503002864160512,,,,,,,,,,,,,,,,,0.1589041095890411,0.40821917808219177,,,,,,,,,,,,,,,,,0.0394,0.0375,,,,,,,,,,,,,,,,,,,,,,,,,,,,,,,,,6725.393549656193,11.60645034380741,6761.134009095117,32.61599090488289
2025-10-23,,,,,,,,,,,,,,,,,,,,6775.0,6832.5,6738.43994140625,0.0399103,0.0385798,0.0369223,0.0346155,0.01507453661862337,,,,,,,,,,,,,,,,,0.15616438356164383,0.4054794520547945,,,,,,,,,,,,,,,,,0.0393,0.0375,,,,,,,,,,,,,,,,,,,,,,,,,,,,,,,,,6763.980783180894,11.019216819106077,6799.992437418992,32.50756258100773
2025-10-24,,,,,,,,,,,,,,,,,,,,6827.0,6884.75,6791.68994140625,0.0398631,0.0385939,0.0370064,0.0347879,0.01493187170381116,,,,,,,,,,,,,,,,,0.15342465753424658,0.40273972602739727,,,,,,,,,,,,,,,,,0.0393,0.0376,,,,,,,,,,,,,,,,,,,,,,,,,,,,,,,,,6817.129365844095,9.870634155904554,6853.977585644521,30.77241435547876
2025-10-27,,,,,,,,,,,,,,,,,,,,6908.25,6967.5,6875.16015625,0.0397731,0.0384276,0.0368491,0.0347293,0.01552422154659713,,,,,,,,,,,,,,,,,0.14520547945205478,0.39452054794520547,,,,,,,,,,,,,,,,,0.0393,0.0375,,,,,,,,,,,,,,,,,,,,,,,,,,,,,,,,,6898.936794973713,9.313205026286596,6935.026222158452,32.473777841548326
2025-10-28,,,,,,,,,,,,,,,,,,,,6925.75,6985.25,6890.89013671875,0.0396839,0.0383833,0.0369369,0.0349682,0.01577594975127936,,,,,,,,,,,,,,,,,0.14246575342465753,0.3917808219178082,,,,,,,,,,,,,,,,,0.0392,0.0375,,,,,,,,,,,,,,,,,,,,,,,,,,,,,,,,,6913.924310820702,11.825689179298024,6949.789250861659,35.46074913834127
2025-10-29,,,,,,,,,,,,,,,,,,,,6922.75,6983.25,6890.58984375,0.0396461,0.0384038,0.0369752,0.0350163,0.0160854637769316,,,,,,,,,,,,,,,,,0.13972602739726028,0.38904109589041097,,,,,,,,,,,,,,,,,0.0392,0.0375,,,,,,,,,,,,,,,,,,,,,,,,,,,,,,,,,6912.880374278512,9.869625721487864,6948.236071305906,35.01392869409392
2025-10-30,,,,,,,,,,,,,,,,,,,,6855.5,6915.75,6822.33984375,0.0398402,0.0385383,0.0372873,0.035415,0.01652647516574397,,,,,,,,,,,,,,,,,0.136986301369863,0.3863013698630137,,,,,,,,,,,,,,,,,0.0394,0.0378,,,,,,,,,,,,,,,,,,,,,,,,,,,,,,,,,6843.750213240099,11.749786759901326,6878.636783601042,37.113216398957775
2025-10-31,,,,,,,,,,,,,,,,,,,,6874.0,6934.75,6840.2001953125,0.0399963,0.0388927,0.0378944,0.0361201,0.01616620842714449,,,,,,,,,,,,,,,,,0.13424657534246576,0.3835616438356164,,,,,,,,,,,,,,,,,0.0396,0.0383,,,,,,,,,,,,,,,,,,,,,,,,,,,,,,,,,6861.752707283541,12.247292716459015,6898.518462761297,36.23153723870291
2025-11-03,,,,,,,,,,,,,,,,,,,,6882.75,6943.5,6851.97021484375,0.0400728,0.0390059,0.0380384,0.0362354,0.01666577937914277,,,,,,,,,,,,,,,,,0.12602739726027398,0.37534246575342467,,,,,,,,,,,,,,,,,0.0398,0.0385,,,,,,,,,,,,,,,,,,,,,,,,,,,,,,,,,6871.976597128744,10.773402871255712,6908.354965956381,35.14503404361858
2025-11-04,,,,,,,,,,,,,,,,,,,,6801.75,6861.5,6771.5498046875,0.0400595,0.0388661,0.0378842,0.0361182,0.0171336454253086,,,,,,,,,,,,,,,,,0.1232876712328767,0.3726027397260274,,,,,,,,,,,,,,,,,0.0397,0.0383,,,,,,,,,,,,,,,,,,,,,,,,,,,,,,,,,6790.4155258432165,11.334474156783472,6825.165738707143,36.33426129285726
2025-11-05,,,,,,,,,,,,,,,,,,,,6825.25,6886.0,6796.2900390625,0.0399211,0.0386956,0.0377173,0.035897,0.01742679050578164,,,,,,,,,,,,,,,,,0.12054794520547946,0.3698630136986301,,,,,,,,,,,,,,,,,0.0396,0.0381,,,,,,,,,,,,,,,,,,,,,,,,,,,,,,,,,6814.480379479146,10.769620520854005,6848.455390253034,37.54460974696576
2025-11-06,,,,,,,,,,,,,,,,,,,,6747.5,6806.5,6720.31982421875,0.0397197,0.0386495,0.03776409999999999,0.03611,0.01793411670165728,,,,,,,,,,,,,,,,,0.1178082191780822,0.36712328767123287,,,,,,,,,,,,,,,,,0.0395,0.0382,,,,,,,,,,,,,,,,,,,,,,,,,,,,,,,,,6737.415433879884,10.084566120115596,6770.505988886033,35.994011113966735
2025-11-07,,,,,,,,,,,,,,,,,,,,6753.75,6812.75,6728.7998046875,0.0395724,0.0384347,0.0375038,0.0357532,0.01746244870395999,,,,,,,,,,,,,,,,,0.11506849315068493,0.3643835616438356,,,,,,,,,,,,,,,,,0.0393,0.0379,,,,,,,,,,,,,,,,,,,,,,,,,,,,,,,,,6745.7292892749665,8.020710725033496,6779.09695343232,33.65304656767967
2025-11-10,,,,,,,,,,,,,,,,,,,,6856.75,6917.75,6832.43017578125,0.0394794,0.0384094,0.0373881,0.0355466,0.01734931180982137,,,,,,,,,,,,,,,,,0.10684931506849316,0.3561643835616438,,,,,,,,,,,,,,,,,0.0393,0.0379,,,,,,,,,,,,,,,,,,,,,,,,,,,,,,,,,6848.473874042117,8.276125957882869,6882.623091169477,35.12690883052255
2025-11-12,,,,,,,,,,,,,,,,,,,,6875.75,6936.75,6850.919921875,0.0395902,0.0385309,0.0376086,0.0358149,0.01773118951100125,,,,,,,,,,,,,,,,,0.10136986301369863,0.3506849315068493,,,,,,,,,,,,,,,,,0.0395,0.0381,,,,,,,,,,,,,,,,,,,,,,,,,,,,,,,,,6866.0545486870005,9.695451312999467,6900.031476005867,36.71852399413274
2025-11-13,,,,,,,,,,,,,,,,,,,,6760.0,6820.0,6737.490234375,0.0395896,0.0385181,0.0374967,0.0356553,0.01821135189622098,,,,,,,,,,,,,,,,,0.09863013698630137,0.34794520547945207,,,,,,,,,,,,,,,,,0.0395,0.0381,,,,,,,,,,,,,,,,,,,,,,,,,,,,,,,,,6751.651820327272,8.348179672728293,6784.276440418475,35.72355958152457
2025-11-14,,,,,,,,,,,,,,,,,,,,6755.25,6815.5,6734.10986328125,0.0396256,0.0387477,0.0378035,0.0359586,0.01652407595306489,,,,,,,,,,,,,,,,,0.0958904109589041,0.3452054794520548,,,,,,,,,,,,,,,,,0.0396,0.0383,,,,,,,,,,,,,,,,,,,,,,,,,,,,,,,,,6749.027329443969,6.222670556030607,6784.922043061875,30.57795693812477
2025-11-17,,,,,,,,,,,,,,,,,,,,6692.0,6751.25,6672.41015625,0.0395882,0.0387792,0.037843,0.035958,0.0171469571820059,,,,,,,,,,,,,,,,,0.08767123287671233,0.336986301369863,,,,,,,,,,,,,,,,,0.0396,0.0384,,,,,,,,,,,,,,,,,,,,,,,,,,,,,,,,,6685.557637937429,6.442362062571192,6720.369389615821,30.880610384178908
2025-11-18,,,,,,,,,,,,,,,,,,,,6639.75,6698.5,6617.31982421875,0.0395984,0.0388896,0.0379926,0.0361346,0.01701988892465139,,,,,,,,,,,,,,,,,0.08493150684931507,0.33424657534246577,,,,,,,,,,,,,,,,,0.0396,0.0386,,,,,,,,,,,,,,,,,,,,,,,,,,,,,,,,,6630.0224508197425,9.727549180257483,6665.2236289825005,33.276371017499514
2025-11-19,,,,,,,,,,,,,,,,,,,,6661.5,6720.5,6642.16015625,0.0395038,0.0386847,0.0377373,0.0357555,0.01707651787949412,,,,,,,,,,,,,,,,,0.0821917808219178,0.3315068493150685,,,,,,,,,,,,,,,,,0.0395,0.0383,,,,,,,,,,,,,,,,,,,,,,,,,,,,,,,,,6654.413117428213,7.0868825717871005,6689.057384315356,31.442615684643897
2025-11-20,,,,,,,,,,,,,,,,,,,,6557.5,6615.25,6538.759765625,0.0395117,0.0387729,0.037784,0.0357964,0.01621561069058269,,,,,,,,,,,,,,,,,0.07945205479452055,0.3287671232876712,,,,,,,,,,,,,,,,,0.0395,0.0384,,,,,,,,,,,,,,,,,,,,,,,,,,,,,,,,,6550.867618908979,6.632381091020761,6586.624534564947,28.62546543505323
2025-11-21,,,,,,,,,,,,,,,,,,,,6620.25,6677.75,6602.990234375,0.0395428,0.0387861,0.037752,0.0357248,0.01562590203969833,,,,,,,,,,,,,,,,,0.07671232876712329,0.32602739726027397,,,,,,,,,,,,,,,,,0.0396,0.0385,,,,,,,,,,,,,,,,,,,,,,,,,,,,,,,,,6615.145025946771,5.104974053228943,6652.4166513257815,25.33334867421854
2025-11-24,,,,,,,,,,,,,,,,,,,,6721.25,6779.25,6705.1201171875,0.0393336,0.0383503,0.0373524,0.0352606,0.01698577773544382,,,,,,,,,,,,,,,,,0.0684931506849315,0.3178082191780822,,,,,,,,,,,,,,,,,0.0394,0.038,,,,,,,,,,,,,,,,,,,,,,,,,,,,,,,,,6715.4218621105465,5.828137889453501,6750.050077176218,29.19992282378189
2025-11-25,,,,,,,,,,,,,,,,,,,,6781.5,6839.25,6765.8798828125,0.0391572,0.0382237,0.0372973,0.0352545,0.01659279752884601,,,,,,,,,,,,,,,,,0.06575342465753424,0.3150684931506849,,,,,,,,,,,,,,,,,0.0393,0.0379,,,,,,,,,,,,,,,,,,,,,,,,,,,,,,,,,6775.989403160654,5.510596839346363,6811.453580434309,27.796419565691394
2025-11-26,,,,,,,,,,,,,,,,,,,,6828.0,6886.25,6812.60986328125,0.0387272,0.0379234,0.0370202,0.0350452,0.01693246566641584,,,,,,,,,,,,,,,,,0.06301369863013699,0.31232876712328766,,,,,,,,,,,,,,,,,0.0388,0.0377,,,,,,,,,,,,,,,,,,,,,,,,,,,,,,,,,6822.003798499788,5.99620150021201,6856.94210434352,29.30789565647956
2025-11-28,,,,,,,,,,,,,,,,,,,,6859.5,6918.25,6849.08984375,0.0386417,0.0378743,0.0370377,0.0351111,0.01766824607686108,,,,,,,,,,,,,,,,,0.057534246575342465,0.30684931506849317,,,,,,,,,,,,,,,,,0.0388,0.0377,,,,,,,,,,,,,,,,,,,,,,,,,,,,,,,,,6857.42202814343,2.0779718565700023,6891.3190022237895,26.93099777621046
2025-12-01,,,,,,,,,,,,,,,,,,,,6826.75,6885.0,6812.6298828125,0.0384292,0.0377279,0.0369191,0.0350606,0.0184411896963547,,,,,,,,,,,,,,,,,0.049315068493150684,0.29863013698630136,,,,,,,,,,,,,,,,,0.0386,0.0376,,,,,,,,,,,,,,,,,,,,,,,,,,,,,,,,,6819.405911330162,7.344088669838129,6851.719367411323,33.28063258867678
2025-12-02,,,,,,,,,,,,,,,,,,,,6840.25,6898.5,6829.3701171875,0.0383471,0.0377175,0.0369904,0.0352567,0.01880846095208697,,,,,,,,,,,,,,,,,0.04657534246575343,0.2958904109589041,,,,,,,,,,,,,,,,,0.0385,0.0376,,,,,,,,,,,,,,,,,,,,,,,,,,,,,,,,,6835.636480018092,4.613519981908212,6867.448793327339,31.051206672660555
2025-12-03,,,,,,,,,,,,,,,,,,,,6862.0,6920.25,6849.72021484375,0.0381778,0.0376004,0.0368737,0.0351289,0.01912032019441945,,,,,,,,,,,,,,,,,0.043835616438356165,0.29315068493150687,,,,,,,,,,,,,,,,,0.0383,0.0375,,,,,,,,,,,,,,,,,,,,,,,,,,,,,,,,,6855.481559856916,6.518440143084263,6886.726220008149,33.52377999185137
2025-12-04,,,,,,,,,,,,,,,,,,,,6866.75,6925.0,6857.1201171875,0.0378368,0.0373779,0.0366189,0.0348254,0.01871792110096175,,,,,,,,,,,,,,,,,0.0410958904109589,0.29041095890410956,,,,,,,,,,,,,,,,,0.038,0.0373,,,,,,,,,,,,,,,,,,,,,,,,,,,,,,,,,6862.555949979699,4.194050020300892,6894.224174880427,30.7758251195728
2025-12-05,,,,,,,,,,,,,,,,,,,,6878.25,6937.0,6870.39990234375,0.0377733,0.03738440000000001,0.0366691,0.0349972,0.01606164563052352,,,,,,,,,,,,,,,,,0.038356164383561646,0.2876712328767123,,,,,,,,,,,,,,,,,0.0379,0.0373,,,,,,,,,,,,,,,,,,,,,,,,,,,,,,,,,6876.15720419389,2.092795806110189,6912.504225097943,24.495774902056837
2025-12-08,,,,,,,,,,,,,,,,,,,,6855.75,6913.75,6846.509765625,0.0377221,0.0373784,0.0367039,0.035134,0.01761326102853446,,,,,,,,,,,,,,,,,0.030136986301369864,0.27945205479452057,,,,,,,,,,,,,,,,,0.0378,0.0373,,,,,,,,,,,,,,,,,,,,,,,,,,,,,,,,,6850.67622673072,5.073773269279627,6884.279636961252,29.470363038747564
2025-12-09,,,,,,,,,,,,,,,,,,,,6848.25,6906.5,6840.509765625,0.0376067,0.0373643,0.0367633,0.0353513,0.01898498861190269,,,,,,,,,,,,,,,,,0.0273972602739726,0.27671232876712326,,,,,,,,,,,,,,,,,0.0377,0.0373,,,,,,,,,,,,,,,,,,,,,,,,,,,,,,,,,6844.0180682091095,4.231931790890485,6875.265393154348,31.234606845651797
2025-12-10,,,,,,,,,,,,,,,,,,,,6891.75,6950.0,6886.68017578125,0.0375832,0.0373302,0.0367788,0.0354028,0.01960266403143423,,,,,,,,,,,,,,,,,0.024657534246575342,0.273972602739726,,,,,,,,,,,,,,,,,0.0377,0.0373,,,,,,,,,,,,,,,,,,,,,,,,,,,,,,,,,6889.753943963702,1.9960560362978867,6920.151911043882,29.848088956117863
2025-12-11,,,,,,,,,,,,,,,,,,,,6907.25,6966.5,6901.0,0.0375012,0.037232,0.0366729,0.0352839,0.02141287494566003,,,,,,,,,,,,,,,,,0.021917808219178082,0.27123287671232876,,,,,,,,,,,,,,,,,0.0376,0.0372,,,,,,,,,,,,,,,,,,,,,,,,,,,,,,,,,6903.448814651233,3.8011853487669214,6930.613351407753,35.886648592247184
2025-12-12,,,,,,,,,,,,,,,,,,,,6830.75,6890.5,6827.41015625,0.0373426,0.0370627,0.0364046,0.0348648,0.02207250889865148,,,,,,,,,,,,,,,,,0.019178082191780823,0.2684931506849315,,,,,,,,,,,,,,,,,0.0374,0.037,,,,,,,,,,,,,,,,,,,,,,,,,,,,,,,,,6829.417381328538,1.3326186714621144,6854.828841583524,35.67115841647592
2025-12-15,,,,,,,,,,,,,,,,,,,,6823.0,6881.0,6816.509765625,0.0373564,0.0370469,0.0363558,0.0348776,0.02350555937116156,,,,,,,,,,,,,,,,,0.010958904109589041,0.2602739726027397,,,,,,,,,,,,,,,,,0.0375,0.037,,,,,,,,,,,,,,,,,,,,,,,,,,,,,,,,,6817.555251175868,5.444748824132148,6840.493156634254,40.506843365746136
2025-12-16,,,,,,,,,,,,,,,,,,,,6801.0,6856.25,6800.259765625,0.0373447,0.0370065,0.0362778,0.0346867,0.02628615270996753,,,,,,,,,,,,,,,,,0.00821917808219178,0.25753424657534246,,,,,,,,,,,,,,,,,0.0375,0.037,,,,,,,,,,,,,,,,,,,,,,,,,,,,,,,,,6800.886564985874,0.11343501412557089,6819.048833290125,37.201166709875
2025-12-17,,,,,,,,,,,,,,,,,,,,6726.5,6778.5,6721.43017578125,0.0373104,0.0370101,0.0362284,0.0346361,0.03828969330475664,,,,,,,,,,,,,,,,,0.005479452054794521,0.2547945205479452,,,,,,,,,,,,,,,,,0.0374,0.037,,,,,,,,,,,,,,,,,,,,,,,,,,,,,,,,,6721.397408675226,5.102591324774039,6719.2218310639355,59.2781689360645
2025-12-18,,,,,,,,,,,,,,,,,,,,6778.25,6830.5,6774.759765625,0.037339,0.0369458,0.0361939,0.0346266,0.07118695225874346,,,,,,,,,,,,,,,,,0.0027397260273972603,0.25205479452054796,,,,,,,,,,,,,,,,,0.0375,0.0369,,,,,,,,,,,,,,,,,,,,,,,,,,,,,,,,,6774.134531440041,4.115468559958572,6716.463267303344,114.03673269665614
2025-12-19,,,,,,,,,,,,,,,,,,,,6796.54,6887.25,6834.5,0.0372923,0.0368503,0.0359922,0.0343118,0.0001639037237544805,,,,,,,,,,,,,,,,,0.0,0.2493150684931507,,,,,,,,,,,,,,,,,0.0375,0.0369,,,,,,,,,,,,,,,,,,,,,,,,,,,,,,,,,6834.5,-37.960000000000036,6897.383777142329,-10.133777142328654
2025-12-22,,,,,,,,,,,,,,,,,,,,,6930.25,6878.490234375,0.0373023,0.0368863,0.0360516,0.0344595,0.01168154928102979,,,,,,,,,,,,,,,,,,0.2410958904109589,,,,,,,,,,,,,,,,,,0.0369,,,,,,,,,,,,,,,,,,,,,,,,,,,,,,,,,,,6920.439298224274,9.810701775725647
2025-12-23,,,,,,,,,,,,,,,,,,,,,6961.0,6909.7900390625,0.0373173,0.0368871,0.0360432,0.0344752,0.01165653014707303,,,,,,,,,,,,,,,,,,0.23835616438356164,,,,,,,,,,,,,,,,,,0.0369,,,,,,,,,,,,,,,,,,,,,,,,,,,,,,,,,,,6951.491138618112,9.508861381887982
2025-12-24,,,,,,,,,,,,,,,,,,,,,6982.5,6932.0498046875,0.0372744,0.03689770000000001,0.0362018,0.0347966,0.01164625556448243,,,,,,,,,,,,,,,,,,0.2356164383561644,,,,,,,,,,,,,,,,,,0.0369,,,,,,,,,,,,,,,,,,,,,,,,,,,,,,,,,,,6973.419826689693,9.080173310307146
2025-12-26,,,,,,,,,,,,,,,,,,,,,6979.25,6929.93994140625,0.0372141,0.0368558,0.0361504,0.0347055,0.01161535536590304,,,,,,,,,,,,,,,,,,0.23013698630136986,,,,,,,,,,,,,,,,,,0.0369,,,,,,,,,,,,,,,,,,,,,,,,,,,,,,,,,,,6970.382341778156,8.867658221844067
2025-12-29,,,,,,,,,,,,,,,,,,,,,6955.0,6905.740234375,0.037161,0.0367194,0.0359543,0.0344111,0.01172716578018081,,,,,,,,,,,,,,,,,,0.2219178082191781,,,,,,,,,,,,,,,,,,0.0368,,,,,,,,,,,,,,,,,,,,,,,,,,,,,,,,,,,6944.2716187224205,10.728381277579501
2025-12-30,,,,,,,,,,,,,,,,,,,,,6944.25,6896.240234375,0.0369951,0.0366078,0.0358363,0.0342419,0.01177447548552229,,,,,,,,,,,,,,,,,,0.2191780821917808,,,,,,,,,,,,,,,,,,0.0367,,,,,,,,,,,,,,,,,,,,,,,,,,,,,,,,,,,6934.018381529981,10.231618470019384
2025-12-31,,,,,,,,,,,,,,,,,,,,,6892.5,6845.5,0.0368751,0.0365166,0.0357418,0.034169,0.01181597761851368,,,,,,,,,,,,,,,,,,0.21643835616438356,,,,,,,,,,,,,,,,,,0.0366,,,,,,,,,,,,,,,,,,,,,,,,,,,,,,,,,,,6882.319385751347,10.180614248653
2026-01-02,,,,,,,,,,,,,,,,,,,,,6900.5,6858.47021484375,0.0368243,0.0364977,0.0357762,0.0342647,0.0116196796077421,,,,,,,,,,,,,,,,,,0.21095890410958903,,,,,,,,,,,,,,,,,,0.0366,,,,,,,,,,,,,,,,,,,,,,,,,,,,,,,,,,,6894.708526150299,5.791473849701106
2026-01-05,,,,,,,,,,,,,,,,,,,,,6943.75,6902.0498046875,0.0367492,0.0364639,0.03576090000000001,0.034283,0.0116458956395168,,,,,,,,,,,,,,,,,,0.20273972602739726,,,,,,,,,,,,,,,,,,0.0366,,,,,,,,,,,,,,,,,,,,,,,,,,,,,,,,,,,6937.057053639538,6.692946360461974
2026-01-06,,,,,,,,,,,,,,,,,,,,,6987.75,6944.81982421875,0.0367464,0.0364636,0.0357493,0.0342377,0.01152867789296532,,,,,,,,,,,,,,,,,,0.2,,,,,,,,,,,,,,,,,,0.0366,,,,,,,,,,,,,,,,,,,,,,,,,,,,,,,,,,,6979.730439558633,8.019560441366593
2026-01-07,,,,,,,,,,,,,,,,,,,,,6963.25,6920.93017578125,0.036724,0.0364814,0.0358324,0.0343428,0.01160080999440138,,,,,,,,,,,,,,,,,,0.19726027397260273,,,,,,,,,,,,,,,,,,0.0366,,,,,,,,,,,,,,,,,,,,,,,,,,,,,,,,,,,6955.143975247586,8.10602475241376
2026-01-08,,,,,,,,,,,,,,,,,,,,,6962.0,6921.4599609375,0.0367388,0.0364968,0.0358513,0.0343505,0.01163354500299999,,,,,,,,,,,,,,,,,,0.19452054794520549,,,,,,,,,,,,,,,,,,0.0366,,,,,,,,,,,,,,,,,,,,,,,,,,,,,,,,,,,6955.155706958498,6.844293041502169
2026-01-09,,,,,,,,,,,,,,,,,,,,,7005.0,6966.27978515625,0.0367127,0.036518,0.0359184,0.0344488,0.01154611674118379,,,,,,,,,,,,,,,,,,0.1917808219178082,,,,,,,,,,,,,,,,,,0.0366,,,,,,,,,,,,,,,,,,,,,,,,,,,,,,,,,,,6999.832287593482,5.167712406518149
2026-01-12,,,,,,,,,,,,,,,,,,,,,7016.5,6977.27001953125,0.0367788,0.03666929999999999,0.0361519,0.0347612,0.01153823858514885,,,,,,,,,,,,,,,,,,0.18356164383561643,,,,,,,,,,,,,,,,,,0.0367,,,,,,,,,,,,,,,,,,,,,,,,,,,,,,,,,,,7009.570712538279,6.929287461721287
2026-01-13,,,,,,,,,,,,,,,,,,,,,7001.75,6963.740234375,0.0368019,0.0367219,0.0362914,0.0349937,0.01159118945225643,,,,,,,,,,,,,,,,,,0.18082191780821918,,,,,,,,,,,,,,,,,,0.0368,,,,,,,,,,,,,,,,,,,,,,,,,,,,,,,,,,,6995.555546436293,6.194453563706702
2026-01-14,,,,,,,,,,,,,,,,,,,,,6966.25,6926.60009765625,0.0367738,0.0367113,0.036277,0.0349381,0.01167310485138281,,,,,,,,,,,,,,,,,,0.1780821917808219,,,,,,,,,,,,,,,,,,0.0368,,,,,,,,,,,,,,,,,,,,,,,,,,,,,,,,,,,6957.663674045182,8.586325954817767
2026-01-15,,,,,,,,,,,,,,,,,,,,,6981.75,6944.47021484375,0.0367536,0.0366763,0.0362032,0.0348108,0.01164583770610106,,,,,,,,,,,,,,,,,,0.17534246575342466,,,,,,,,,,,,,,,,,,0.0367,,,,,,,,,,,,,,,,,,,,,,,,,,,,,,,,,,,6975.044788176456,6.705211823544232
2026-01-16,,,,,,,,,,,,,,,,,,,,,6976.75,6940.009765625,0.0367328,0.0366969,0.036302,0.0350544,0.01160337796334064,,,,,,,,,,,,,,,,,,0.1726027397260274,,,,,,,,,,,,,,,,,,0.0367,,,,,,,,,,,,,,,,,,,,,,,,,,,,,,,,,,,6970.137328595185,6.612671404815046
2026-01-20,,,,,,,,,,,,,,,,,,,,,6829.5,6796.85986328125,0.0367119,0.036692,0.036337,0.0352641,0.01195628920661469,,,,,,,,,,,,,,,,,,0.16164383561643836,,,,,,,,,,,,,,,,,,0.0367,,,,,,,,,,,,,,,,,,,,,,,,,,,,,,,,,,,6824.099486768167,5.400513231833429
2026-01-21,,,,,,,,,,,,,,,,,,,,,6910.0,6875.6201171875,0.0367691,0.0367102,0.0363004,0.0351582,0.01184263410797053,,,,,,,,,,,,,,,,,,0.1589041095890411,,,,,,,,,,,,,,,,,,0.0368,,,,,,,,,,,,,,,,,,,,,,,,,,,,,,,,,,,6902.941784706316,7.058215293684043
2026-01-22,,,,,,,,,,,,,,,,,,,,,6945.0,6913.35009765625,0.0367259,0.0366802,0.0362759,0.0351549,0.01179937342149433,,,,,,,,,,,,,,,,,,0.15616438356164383,,,,,,,,,,,,,,,,,,0.0367,,,,,,,,,,,,,,,,,,,,,,,,,,,,,,,,,,,6940.285625309258,4.714374690742261
2026-01-23,,,,,,,,,,,,,,,,,,,,,6945.75,6915.60986328125,0.036714,0.0367008,0.036369,0.0353463,0.01172751080487622,,,,,,,,,,,,,,,,,,0.15342465753424658,,,,,,,,,,,,,,,,,,0.0367,,,,,,,,,,,,,,,,,,,,,,,,,,,,,,,,,,,6942.157124555117,3.592875444883248
2026-01-26,,,,,,,,,,,,,,,,,,,,,6981.25,6950.22998046875,0.0367417,0.036713,0.0363483,0.0352963,0.01177905712377324,,,,,,,,,,,,,,,,,,0.14520547945205478,,,,,,,,,,,,,,,,,,0.0367,,,,,,,,,,,,,,,,,,,,,,,,,,,,,,,,,,,6975.4260424918875,5.823957508112471
2026-01-27,,,,,,,,,,,,,,,,,,,,,7008.5,6978.60009765625,0.0367434,0.0367057,0.0363486,0.0352148,0.01175703325701932,,,,,,,,,,,,,,,,,,0.14246575342465753,,,,,,,,,,,,,,,,,,0.0367,,,,,,,,,,,,,,,,,,,,,,,,,,,,,,,,,,,7003.442795906886,5.057204093113796
2026-01-28,,,,,,,,,,,,,,,,,,,,,7007.25,6978.02978515625,0.0367192,0.0366684,0.0362732,0.0350766,0.01185407621776506,,,,,,,,,,,,,,,,,,0.13972602739726028,,,,,,,,,,,,,,,,,,0.0367,,,,,,,,,,,,,,,,,,,,,,,,,,,,,,,,,,,7002.296967331667,4.953032668333435
2026-01-29,,,,,,,,,,,,,,,,,,,,,6992.75,6969.009765625,0.0367134,0.0366364,0.0362209,0.0350742,0.01186573739969479,,,,,,,,,,,,,,,,,,0.136986301369863,,,,,,,,,,,,,,,,,,0.0367,,,,,,,,,,,,,,,,,,,,,,,,,,,,,,,,,,,6992.758387699236,-0.008387699235754553
2026-01-30,,,,,,,,,,,,,,,,,,,,,6965.75,6939.02978515625,0.0366877,0.0366017,0.0361597,0.0349062,0.01186480187740499,,,,,,,,,,,,,,,,,,0.13424657534246576,,,,,,,,,,,,,,,,,,0.0367,,,,,,,,,,,,,,,,,,,,,,,,,,,,,,,,,,,6962.203399490329,3.546600509671407
2026-02-02,,,,,,,,,,,,,,,,,,,,,7002.5,6976.43994140625,0.0367106,0.0366076,0.0361231,0.0347881,0.0118652834676757,,,,,,,,,,,,,,,,,,0.12602739726027398,,,,,,,,,,,,,,,,,,0.0367,,,,,,,,,,,,,,,,,,,,,,,,,,,,,,,,,,,6998.309390897059,4.19060910294138
2026-02-03,,,,,,,,,,,,,,,,,,,,,6941.75,6917.81005859375,0.0367078,0.036632,0.0362052,0.0349508,0.01201466801178206,,,,,,,,,,,,,,,,,,0.1232876712328767,,,,,,,,,,,,,,,,,,0.0367,,,,,,,,,,,,,,,,,,,,,,,,,,,,,,,,,,,6938.895771449446,2.854228550553671
2026-02-04,,,,,,,,,,,,,,,,,,,,,6906.25,6882.72021484375,0.0367306,0.036658,0.0362691,0.035056,0.01209853733480101,,,,,,,,,,,,,,,,,,0.12054794520547946,,,,,,,,,,,,,,,,,,0.0367,,,,,,,,,,,,,,,,,,,,,,,,,,,,,,,,,,,6903.16229088306,3.08770911693955
2026-02-05,,,,,,,,,,,,,,,,,,,,,6820.75,6798.39990234375,0.0366814,0.0365989,0.0361899,0.0349689,0.01226399711402541,,,,,,,,,,,,,,,,,,0.1178082191780822,,,,,,,,,,,,,,,,,,0.0367,,,,,,,,,,,,,,,,,,,,,,,,,,,,,,,,,,,6817.99907467428,2.7509253257203454
2026-02-06,,,,,,,,,,,,,,,,,,,,,6952.75,6932.2998046875,0.0366529,0.0363988,0.0357871,0.0343423,0.01201525451375687,,,,,,,,,,,,,,,,,,0.11506849315068493,,,,,,,,,,,,,,,,,,0.0366,,,,,,,,,,,,,,,,,,,,,,,,,,,,,,,,,,,6951.93855815154,0.8114418484601629
2026-02-09,,,,,,,,,,,,,,,,,,,,,6983.25,6964.81982421875,0.0366047,0.0364307,0.0358072,0.0343113,0.01195468313020539,,,,,,,,,,,,,,,,,,0.10684931506849316,,,,,,,,,,,,,,,,,,0.0366,,,,,,,,,,,,,,,,,,,,,,,,,,,,,,,,,,,6983.184699436747,0.06530056325300393
2026-02-10,,,,,,,,,,,,,,,,,,,,,6961.5,6941.81005859375,0.0365997,0.036393,0.0357299,0.0342329,0.01195615735620534,,,,,,,,,,,,,,,,,,0.10410958904109589,,,,,,,,,,,,,,,,,,0.0366,,,,,,,,,,,,,,,,,,,,,,,,,,,,,,,,,,,6959.643252456358,1.8567475436420864
2026-02-11,,,,,,,,,,,,,,,,,,,,,6960.5,6941.47021484375,0.0365964,0.0363308,0.0356016,0.0340165,0.01197031780442179,,,,,,,,,,,,,,,,,,0.10136986301369863,,,,,,,,,,,,,,,,,,0.0366,,,,,,,,,,,,,,,,,,,,,,,,,,,,,,,,,,,6958.8226886731445,1.677311326855488
2026-02-12,,,,,,,,,,,,,,,,,,,,,6851.0,6832.759765625,0.0365965,0.0365253,0.0360068,0.0346003,0.01209767255954734,,,,,,,,,,,,,,,,,,0.09863013698630137,,,,,,,,,,,,,,,,,,0.0366,,,,,,,,,,,,,,,,,,,,,,,,,,,,,,,,,,,6849.292245611294,1.7077543887062347
2026-02-13,,,,,,,,,,,,,,,,,,,,,6850.5,6836.169921875,0.0366406,0.0365534,0.0359801,0.0344086,0.01196298904570485,,,,,,,,,,,,,,,,,,0.0958904109589041,,,,,,,,,,,,,,,,,,0.0366,,,,,,,,,,,,,,,,,,,,,,,,,,,,,,,,,,,6852.339144729739,-1.8391447297390187
2026-02-17,,,,,,,,,,,,,,,,,,,,,6860.5,6843.22021484375,0.0366603,0.0365156,0.035865,0.0341317,0.01194171568330865,,,,,,,,,,,,,,,,,,0.08493150684931507,,,,,,,,,,,,,,,,,,0.0367,,,,,,,,,,,,,,,,,,,,,,,,,,,,,,,,,,,6857.62499316924,2.8750068307599577
2026-02-18,,,,,,,,,,,,,,,,,,,,,6894.25,6881.31005859375,0.0366724,0.0365557,0.0359442,0.034217,0.01186870395498282,,,,,,,,,,,,,,,,,,0.0821917808219178,,,,,,,,,,,,,,,,,,0.0367,,,,,,,,,,,,,,,,,,,,,,,,,,,,,,,,,,,6895.368661432174,-1.1186614321741217
2026-02-19,,,,,,,,,,,,,,,,,,,,,6877.0,6861.89013671875,0.0367702,0.0366404,0.0360371,0.034409,0.01176860355929341,,,,,,,,,,,,,,,,,,0.07945205479452055,,,,,,,,,,,,,,,,,,0.0368,,,,,,,,,,,,,,,,,,,,,,,,,,,,,,,,,,,6875.55061501145,1.449384988550264
2026-02-20,,,,,,,,,,,,,,,,,,,,,6923.25,6909.509765625,0.0367316,0.0366477,0.036077,0.0344808,0.0116875561149566,,,,,,,,,,,,,,,,,,0.07671232876712329,,,,,,,,,,,,,,,,,,0.0367,,,,,,,,,,,,,,,,,,,,,,,,,,,,,,,,,,,6922.780203397754,0.4697966022458786
2026-02-23,,,,,,,,,,,,,,,,,,,,,6851.5,6837.75,0.0367373,0.036691,0.0361885,0.0346034,0.01189491448283671,,,,,,,,,,,,,,,,,,0.0684931506849315,,,,,,,,,,,,,,,,,,0.0367,,,,,,,,,,,,,,,,,,,,,,,,,,,,,,,,,,,6849.377064234434,2.1229357655656713
2026-02-24,,,,,,,,,,,,,,,,,,,,,6903.75,6890.06982421875,0.0367644,0.0367269,0.0362527,0.0346387,0.01177071384434805,,,,,,,,,,,,,,,,,,0.06575342465753424,,,,,,,,,,,,,,,,,,0.0368,,,,,,,,,,,,,,,,,,,,,,,,,,,,,,,,,,,6901.418570464104,2.33142953589595
2026-02-25,,,,,,,,,,,,,,,,,,,,,6959.75,6946.1298828125,0.03673,0.0367274,0.0362607,0.0346884,0.01250389156947173,,,,,,,,,,,,,,,,,,0.06301369863013699,,,,,,,,,,,,,,,,,,0.0367,,,,,,,,,,,,,,,,,,,,,,,,,,,,,,,,,,,6956.728629605035,3.0213703949648334
2026-02-26,,,,,,,,,,,,,,,,,,,,,6920.0,6908.85986328125,0.0366766,0.0366737,0.0362103,0.0347409,0.01261349361859965,,,,,,,,,,,,,,,,,,0.06027397260273973,,,,,,,,,,,,,,,,,,0.0367,,,,,,,,,,,,,,,,,,,,,,,,,,,,,,,,,,,6918.8973573754965,1.10264262450346
2026-02-27,,,,,,,,,,,,,,,,,,,,,6889.0,6878.8798828125,0.0366727,0.0366573,0.0361828,0.0346731,0.01259915510268164,,,,,,,,,,,,,,,,,,0.057534246575342465,,,,,,,,,,,,,,,,,,0.0367,,,,,,,,,,,,,,,,,,,,,,,,,,,,,,,,,,,6888.424918586037,0.5750814139628346
2026-03-02,,,,,,,,,,,,,,,,,,,,,6888.25,6881.6201171875,0.0366415,0.036568,0.0360044,0.0343325,0.01260617028006696,,,,,,,,,,,,,,,,,,0.049315068493150684,,,,,,,,,,,,,,,,,,0.0366,,,,,,,,,,,,,,,,,,,,,,,,,,,,,,,,,,,6889.767664184559,-1.5176641845591803
2026-03-03,,,,,,,,,,,,,,,,,,,,,6824.75,6816.6298828125,0.0367115,0.0366804,0.0361764,0.0347593,0.01272620634819916,,,,,,,,,,,,,,,,,,0.04657534246575343,,,,,,,,,,,,,,,,,,0.0367,,,,,,,,,,,,,,,,,,,,,,,,,,,,,,,,,,,6824.245498511081,0.5045014889192316
2026-03-04,,,,,,,,,,,,,,,,,,,,,6876.0,6869.5,0.036734,0.0366946,0.0362869,0.03508910000000001,0.01266127158780316,,,,,,,,,,,,,,,,,,0.043835616438356165,,,,,,,,,,,,,,,,,,0.0367,,,,,,,,,,,,,,,,,,,,,,,,,,,,,,,,,,,6876.742567916746,-0.7425679167463386
2026-03-05,,,,,,,,,,,,,,,,,,,,,6835.25,6830.7099609375,0.0366908,0.0366943,0.0363225,0.0351246,0.01276182957553359,,,,,,,,,,,,,,,,,,0.0410958904109589,,,,,,,,,,,,,,,,,,0.0367,,,,,,,,,,,,,,,,,,,,,,,,,,,,,,,,,,,6837.433049507004,-2.183049507004398
2026-03-06,,,,,,,,,,,,,,,,,,,,,6743.75,6740.02001953125,0.0366736,0.0366899,0.0364135,0.0355139,0.01279158436805626,,,,,,,,,,,,,,,,,,0.038356164383561646,,,,,,,,,,,,,,,,,,0.0367,,,,,,,,,,,,,,,,,,,,,,,,,,,,,,,,,,,6746.203689487447,-2.4536894874472637
2026-03-09,,,,,,,,,,,,,,,,,,,,,6801.0,6795.990234375,0.0366996,0.036621,0.0361733,0.0351764,0.01269074368871136,,,,,,,,,,,,,,,,,,0.030136986301369864,,,,,,,,,,,,,,,,,,0.0367,,,,,,,,,,,,,,,,,,,,,,,,,,,,,,,,,,,6800.909365561577,0.09063443842296692
2026-03-10,,,,,,,,,,,,,,,,,,,,,6787.25,6781.47998046875,0.0367646,0.0367478,0.03638189999999999,0.0354757,0.01261709167082884,,,,,,,,,,,,,,,,,,0.0273972602739726,,,,,,,,,,,,,,,,,,0.0368,,,,,,,,,,,,,,,,,,,,,,,,,,,,,,,,,,,6785.974507813246,1.2754921867535813
2026-03-11,,,,,,,,,,,,,,,,,,,,,6779.5,6775.7998046875,0.0367157,0.0367063,0.0362809,0.03524099999999999,0.01262818597613772,,,,,,,,,,,,,,,,,,0.024657534246575342,,,,,,,,,,,,,,,,,,0.0367,,,,,,,,,,,,,,,,,,,,,,,,,,,,,,,,,,,6779.822785163425,-0.322785163424669
2026-03-12,,,,,,,,,,,,,,,,,,,,,6677.5,6672.6201171875,0.0367251,0.0367401,0.0364054,0.0356903,0.01281409375711226,,,,,,,,,,,,,,,,,,0.021917808219178082,,,,,,,,,,,,,,,,,,0.0367,,,,,,,,,,,,,,,,,,,,,,,,,,,,,,,,,,,6676.114326635214,1.3856733647862711
2026-03-13,,,,,,,,,,,,,,,,,,,,,6636.0,6632.18994140625,0.0367812,0.0368328,0.0366403,0.0362292,0.01276685486298672,,,,,,,,,,,,,,,,,,0.019178082191780823,,,,,,,,,,,,,,,,,,0.0367,,,,,,,,,,,,,,,,,,,,,,,,,,,,,,,,,,,6635.2347610884035,0.7652389115964979
2026-03-16,,,,,,,,,,,,,,,,,,,,,6704.75,6699.3798828125,0.0367956,0.0368598,0.0366816,0.0363221,0.0126417200895083,,,,,,,,,,,,,,,,,,0.010958904109589041,,,,,,,,,,,,,,,,,,0.0368,,,,,,,,,,,,,,,,,,,,,,,,,,,,,,,,,,,6701.1537668726,3.59623312740041
2026-03-17,,,,,,,,,,,,,,,,,,,,,6721.75,6716.08984375,0.0367672,0.0368664,0.0366758,0.0362072,0.01260236633485498,,,,,,,,,,,,,,,,,,0.00821917808219178,,,,,,,,,,,,,,,,,,0.0367,,,,,,,,,,,,,,,,,,,,,,,,,,,,,,,,,,,6717.420182663954,4.32981733604629
2026-03-18,,,,,,,,,,,,,,,,,,,,,6626.0,6624.7001953125,0.0367504,0.0368526,0.0366791,0.0361307,0.01281161067035144,,,,,,,,,,,,,,,,,,0.005479452054794521,,,,,,,,,,,,,,,,,,0.0367,,,,,,,,,,,,,,,,,,,,,,,,,,,,,,,,,,,6625.567394080845,0.4326059191553213
2026-03-19,,,,,,,,,,,,,,,,,,,,,6609.25,6606.490234375,0.0367495,0.0368744,0.0367764,0.0364112,0.01281856239370327,,,,,,,,,,,,,,,,,,0.0027397260273972603,,,,,,,,,,,,,,,,,,0.0367,,,,,,,,,,,,,,,,,,,,,,,,,,,,,,,,,,,6606.922501897898,2.327498102102254
2026-03-20,,,,,,,,,,,,,,,,,,,,,6594.63,6506.47998046875,0.0367786,0.0370623,0.0372813,0.0375638,0.01299827729828884,,,,,,,,,,,,,,,,,,0.0,,,,,,,,,,,,,,,,,,0.0366,,,,,,,,,,,,,,,,,,,,,,,,,,,,,,,,,,,6506.47998046875,88.15001953125011
2026-03-23,,,,,,,,,,,,,,,,,,,,,,6581.0,0.0367855,0.0371601,0.0375173,0.0382105,0.01285954786534645,,,,,,,,,,,,,,,,,,,,,,,,,,,,,,,,,,,,,,,,,,,,,,,,,,,,,,,,,,,,,,,,,,,,,,,,
2026-03-24,,,,,,,,,,,,,,,,,,,,,,6556.3701171875,0.0368065,0.0371088,0.0373996,0.0378131,0.01294182806922037,,,,,,,,,,,,,,,,,,,,,,,,,,,,,,,,,,,,,,,,,,,,,,,,,,,,,,,,,,,,,,,,,,,,,,,,
2026-03-25,,,,,,,,,,,,,,,,,,,,,,6591.89990234375,0.0367636,0.0371082,0.0374886,0.0381141,0.0128676408926258,,,,,,,,,,,,,,,,,,,,,,,,,,,,,,,,,,,,,,,,,,,,,,,,,,,,,,,,,,,,,,,,,,,,,,,,
2026-03-26,,,,,,,,,,,,,,,,,,,,,,6477.16015625,0.0367306,0.0370074,0.0373371,0.0378879,0.01314955853910858,,,,,,,,,,,,,,,,,,,,,,,,,,,,,,,,,,,,,,,,,,,,,,,,,,,,,,,,,,,,,,,,,,,,,,,,
