Date,AAPL,AMZN,GOOGL,JNJ,JPM,META,MSFT,NVDA,TSLA,V
2021-09-21,140.14712524414062,167.18150329589844,137.893310546875,144.62066650390625,135.59864807128906,354.69659423828125,284.07415771484375,21.201181411743164,246.4600067138672,212.81930541992188
2021-09-22,142.5117645263672,169.00250244140625,139.13357543945312,144.09326171875,138.1957550048828,340.53759765625,287.71661376953125,21.89471435546875,250.64666748046875,215.3131561279297
2021-09-23,143.46932983398438,170.8000030517578,140.05844116210938,144.91073608398438,142.86697387695312,343.2662658691406,288.6609802246094,22.434572219848633,251.2133331298828,220.68753051757812
2021-09-24,143.55726623535156,171.2760009765625,141.04922485351562,144.4712677001953,144.51564025878906,350.2117004394531,288.45867919921875,22.0344181060791,258.1300048828125,223.85797119140625
2021-09-27,142.04273986816406,170.2899932861328,139.91561889648438,143.42523193359375,148.0079803466797,350.8268737792969,283.4670715332031,21.61430549621582,263.78668212890625,221.9344482421875
2021-09-28,138.6619415283203,165.79800415039062,134.71658325195312,143.1088104248047,147.2102508544922,337.9975280761719,273.20452880859375,20.655332565307617,259.1866760253906,218.02932739257812
2021-09-29,139.5608673095703,165.05599975585938,133.25216674804688,144.17239379882812,147.09503173828125,336.9656677246094,273.6671142578125,20.473716735839844,260.4366760253906,219.11192321777344
2021-09-30,138.26132202148438,164.2519989013672,132.5802001953125,141.95729064941406,145.09181213378906,336.7474060058594,271.6628112792969,20.672300338745117,258.49334716796875,215.3131561279297
2021-10-01,139.385009765625,164.16299438476562,135.42372131347656,141.05194091796875,148.14097595214844,340.33917236328125,278.58160400390625,20.6982421875,258.40667724609375,222.7657470703125
2021-10-04,135.95535278320312,159.48899841308594,132.56385803222656,139.9532470703125,147.9813995361328,323.6899108886719,272.8094482421875,19.69037628173828,260.510009765625,217.22705078125
2021-10-05,137.88023376464844,161.0500030517578,134.90798950195312,140.2696533203125,150.39796447753906,330.367431640625,278.2539367675781,20.407859802246094,260.1966552734375,216.7920684814453
2021-10-06,138.7498779296875,163.10049438476562,136.43734741210938,140.55970764160156,150.718994140625,331.04217529296875,282.4455871582031,20.656333923339844,260.9166564941406,218.94757080078125
2021-10-07,140.01036071777344,165.1215057373047,138.083740234375,141.81663513183594,151.67312622070312,326.65655517578125,284.12237548828125,21.030542373657227,264.53668212890625,222.85276794433594
2021-10-08,139.62928771972656,164.43099975585938,138.6396484375,141.45626831054688,151.78904724121094,327.4801330566406,284.12237548828125,20.78705406188965,261.8299865722656,222.5821075439453
2021-10-11,139.54129028320312,162.31500244140625,137.77529907226562,140.8585968017578,148.59669494628906,322.9159240722656,283.5248718261719,20.651342391967773,263.9800109863281,217.59434509277344
2021-10-12,138.27105712890625,162.3665008544922,135.3304901123047,138.6083526611328,147.4552764892578,321.2489929199219,282.2239685058594,20.627395629882812,268.5733337402344,216.56976318359375
2021-10-13,137.684814453125,164.21400451660156,136.45420837402344,139.9356231689453,143.56735229492188,322.0130310058594,285.5292663574219,20.894826889038086,270.3599853515625,215.0328369140625
2021-10-14,140.4695587158203,164.9929962158203,139.9939727783203,140.73553466796875,145.76992797851562,325.971923828125,291.7349853515625,21.700130462646484,272.7733459472656,217.66200256347656
2021-10-15,141.52488708496094,170.4510040283203,140.20916748046875,141.781494140625,148.56988525390625,322.2312927246094,293.1418151855469,21.815881729125977,281.010009765625,223.2780303955078
2021-10-18,143.1957244873047,172.33700561523438,141.6075897216797,140.74432373046875,148.51641845703125,332.7289123535156,296.10968017578125,22.17512321472168,290.03668212890625,222.94935607910156
2021-10-19,145.3551788330078,172.20750427246094,142.0628662109375,144.04051208496094,150.31771850585938,337.34271240234375,297.01556396484375,22.242979049682617,288.0899963378906,225.72357177734375
2021-10-20,145.84368896484375,170.7530059814453,140.6068878173828,143.96141052246094,152.3419189453125,338.1265869140625,296.2253723144531,22.05637550354004,288.6000061035156,223.69369506835938
2021-10-21,146.05862426757812,171.75050354003906,140.72291564941406,143.62738037109375,151.14698791503906,339.2179870605469,299.45355224609375,22.644128799438477,298.0,222.55307006835938
2021-10-22,145.28675842285156,166.77749633789062,136.43882751464844,143.90869140625,153.18014526367188,322.0824279785156,297.91168212890625,22.678056716918945,303.2266540527344,223.51004028320312
2021-10-25,145.23785400390625,166.01849365234375,136.32032775878906,144.22511291503906,152.4310760498047,326.13067626953125,296.91925048828125,23.11712646484375,341.6199951171875,226.07154846191406
2021-10-26,145.90235900878906,168.80349731445312,138.1665496826172,145.69305419921875,152.84129333496094,313.3509826660156,298.8271179199219,24.66485595703125,339.4766540527344,224.08033752441406
2021-10-27,145.44309997558594,169.62449645996094,145.01895141601562,143.92623901367188,149.6578369140625,309.7889709472656,311.4119567871094,24.3994197845459,345.9533386230469,208.57582092285156
2021-10-28,149.07794189453125,172.32850646972656,144.65345764160156,143.1439666748047,151.91392517089844,314.452392578125,312.5489807128906,24.888385772705078,359.0133361816406,202.83416748046875
2021-10-29,146.371337890625,168.6215057373047,146.83242797851562,143.17031860351562,151.49478149414062,321.0505676269531,319.5545349121094,25.513059616088867,371.3333435058594,204.6997528076172
2021-11-01,145.55056762695312,165.90550231933594,142.32070922851562,143.2933807373047,151.41452026367188,327.41070556640625,317.3864440917969,25.77251434326172,402.86334228515625,205.36671447753906
2021-11-02,146.58631896972656,165.6374969482422,144.2403564453125,145.55238342285156,152.01199340820312,325.52545166015625,321.0096740722656,26.345304489135742,390.6666564941406,202.15750122070312
2021-11-03,148.02264404296875,169.1999969482422,145.39630126953125,145.08653259277344,152.06546020507812,329.0378723144531,321.8478698730469,26.541887283325195,404.6199951171875,201.1522979736328
2021-11-04,147.50479125976562,173.85000610351562,147.05210876464844,144.68218994140625,150.06802368164062,333.2349548339844,324.19915771484375,29.738134384155273,409.9700012207031,201.80955505371094
2021-11-05,148.0331573486328,175.94949340820312,147.63182067871094,143.65379333496094,149.85403442382812,338.4737854003906,323.83294677734375,29.68923568725586,407.36334228515625,209.4361572265625
2021-11-08,147.2112274169922,174.44900512695312,147.8093719482422,143.16151428222656,150.75462341308594,335.9833984375,324.7291564941406,30.7390193939209,387.64666748046875,213.1286163330078
2021-11-09,147.5732879638672,178.81149291992188,147.69776916503906,142.84507751464844,149.61325073242188,332.7586364746094,323.72698974609375,30.59232521057129,341.1666564941406,206.265625
2021-11-10,144.74530029296875,174.1024932861328,144.69757080078125,144.3921356201172,149.47056579589844,325.0888977050781,318.7643737792969,29.396854400634766,355.98333740234375,208.72998046875
2021-11-11,144.6963653564453,173.625,144.57159423828125,143.3285675048828,149.46165466308594,325.1880798339844,320.3351135253906,30.325889587402344,354.5033264160156,203.7528533935547
2021-11-12,146.7709197998047,176.25750732421875,147.45925903320312,145.0425567626953,148.7928466796875,338.2357177734375,324.46893310546875,30.325889587402344,344.47332763671875,205.36988830566406
2021-11-15,146.7806854248047,177.28399658203125,147.23509216308594,143.73284912109375,148.52536010742188,344.8537902832031,323.8426513671875,29.96165657043457,337.7966613769531,205.5732879638672
2021-11-16,147.7592010498047,177.03500366210938,146.66383361816406,142.9857177734375,147.4552764892578,340.2895812988281,327.1574401855469,30.139284133911133,351.57666015625,208.362060546875
2021-11-17,150.19573974609375,177.4499969482422,146.8334197998047,143.52191162109375,146.66165161132812,338.1165771484375,327.3794860839844,29.199275970458984,363.0033264160156,198.56265258789062
2021-11-18,154.4817657470703,184.80299377441406,148.6102294921875,142.7483673095703,145.3953857421875,336.0528869628906,329.4551086425781,31.608182907104492,365.4599914550781,196.88751220703125
2021-11-19,157.10423278808594,183.82850646972656,147.70570373535156,143.17909240722656,143.49600219726562,342.6113586425781,331.2313232421875,32.91542053222656,379.0199890136719,194.49578857421875
2021-11-22,157.56417846679688,178.6284942626953,145.1027069091797,141.2946014404297,146.5546417236328,338.35479736328125,328.0648498535156,31.888586044311523,385.6233215332031,189.38308715820312
2021-11-23,157.94580078125,179.0019989013672,144.5869903564453,142.17051696777344,150.05911254882812,334.62408447265625,325.98931884765625,31.679031372070312,369.6766662597656,192.20083618164062
2021-11-24,158.46444702148438,179.02049255371094,144.92221069335938,141.7723388671875,148.88201904296875,338.4043884277344,326.2114562988281,32.605072021484375,372.0,196.80999755859375
2021-11-26,153.44454956054688,175.22799682617188,141.01751708984375,140.85223388671875,144.3966522216797,330.5262145996094,318.2662658691406,31.436546325683594,360.6400146484375,191.3874969482422
2021-11-29,156.80091857910156,178.07850646972656,144.33753967285156,141.33885192871094,143.7724609375,335.39794921875,324.97564697265625,33.30559158325195,378.9966735839844,190.07057189941406
2021-11-30,161.75228881835938,175.35350036621094,140.7343292236328,137.95904541015625,141.63233947753906,321.93359375,319.1447448730469,32.6070671081543,381.586669921875,187.6304168701172
2021-12-01,161.23367309570312,172.18600463867188,139.89527893066406,139.8612823486328,140.79408264160156,308.18157958984375,318.65240478515625,31.372528076171875,365.0,184.1348114013672
2021-12-02,160.24533081054688,171.8679962158203,141.7940673828125,138.98538208007812,143.75465393066406,307.9732360839844,318.0828857421875,32.06214904785156,361.5333251953125,192.0072021484375
2021-12-03,158.36654663085938,169.489501953125,140.83746337890625,141.011474609375,141.1508026123047,304.4508056640625,311.8272399902344,30.63200569152832,338.3233337402344,190.09963989257812
2021-12-06,161.77186584472656,171.36849975585938,141.9815216064453,144.16119384765625,142.818359375,315.3949279785156,314.8970947265625,29.97730827331543,336.336669921875,196.25808715820312
2021-12-07,167.50608825683594,176.1645050048828,146.0623016357422,144.53277587890625,144.96734619140625,320.2965087890625,323.3249206542969,32.362552642822266,350.5833435058594,200.7994842529297
2021-12-08,171.32235717773438,176.1580047607422,146.97178649902344,145.3998565673828,143.30874633789062,327.9861145019531,323.3731384277344,31.76275062561035,356.32000732421875,202.36814880371094
2021-12-09,170.81356811523438,174.17100524902344,146.42828369140625,146.78005981445312,143.0858612060547,327.2519226074219,321.56793212890625,30.429405212402344,334.6000061035156,204.692138671875
2021-12-10,175.59860229492188,172.21200561523438,146.78826904296875,146.41729736328125,142.51515197753906,327.1824645996094,330.6810302734375,30.137985229492188,339.010009765625,206.638427734375
2021-12-13,171.96820068359375,169.5675048828125,144.63113403320312,149.0362091064453,140.82086181640625,331.88555908203125,327.64984130859375,28.105031967163086,322.13665771484375,204.3338623046875
2021-12-14,170.58847045898438,169.0915069580078,142.72735595703125,150.66407775878906,141.8998565673828,331.1413879394531,316.9727478027344,28.280683517456055,319.5033264160156,203.3267822265625
2021-12-15,175.4518585205078,173.31500244140625,145.24058532714844,151.4161376953125,140.83872985839844,338.9997253417969,323.0642395019531,30.398468017578125,325.3299865722656,205.5829620361328
2021-12-16,168.56289672851562,168.87100219726562,143.26097106933594,153.0706329345703,143.041259765625,332.2923278808594,313.6517333984375,28.330585479736328,308.97332763671875,207.57769775390625
2021-12-17,167.46694946289062,170.0175018310547,140.563232421875,148.84153747558594,139.7864532470703,331.19097900390625,312.5898742675781,27.74574851989746,310.8566589355469,205.16664123535156
2021-12-20,166.10678100585938,167.07899475097656,140.44619750976562,148.4168243408203,137.2717742919922,322.9159240722656,308.8345947265625,27.66391372680664,299.9800109863281,202.1260986328125
2021-12-21,169.27728271484375,170.41700744628906,142.29641723632812,147.93907165527344,139.1890106201172,331.5978088378906,315.95904541015625,29.017215728759766,312.84332275390625,208.5557098388672
2021-12-22,171.87037658691406,171.03700256347656,145.21481323242188,148.57611083984375,139.7329559326172,327.8769836425781,321.6644287109375,29.34157371520996,336.2900085449219,211.053955078125
2021-12-23,172.4966583251953,171.06849670410156,145.71217346191406,148.85922241210938,140.2322998046875,332.6296691894531,323.1028747558594,29.581096649169922,355.6666564941406,209.7563934326172
2021-12-27,176.45973205566406,169.66949462890625,146.69407653808594,150.1155548095703,141.03488159179688,343.4844970703125,330.59423828125,30.883495330810547,364.64666748046875,210.7344207763672
2021-12-28,175.4420166015625,170.66099548339844,145.48458862304688,150.71719360351562,141.46290588378906,343.52423095703125,329.43572998046875,30.26173973083496,362.8233337402344,211.14109802246094
2021-12-29,175.53013610839844,169.2010040283203,145.45285034179688,151.77886962890625,141.39154052734375,340.269775390625,330.1115417480469,29.94137954711914,362.0633239746094,211.25730895996094
2021-12-30,174.37545776367188,168.64450073242188,145.00205993652344,152.4512939453125,141.32022094726562,341.67864990234375,327.57257080078125,29.527202606201172,356.7799987792969,210.96678161621094
2021-12-31,173.7589569091797,166.7169952392578,143.6646270751953,151.35421752929688,141.20431518554688,333.7310485839844,324.6764831542969,29.352548599243164,352.260009765625,209.8435821533203
2022-01-03,178.10365295410156,170.4044952392578,143.802978515625,151.77003479003906,144.1915740966797,335.90399169921875,323.1607971191406,30.061141967773438,399.9266662597656,214.4139862060547
2022-01-04,175.84326171875,167.52200317382812,143.2158203125,151.36305236816406,149.6578369140625,333.90966796875,317.6195068359375,29.23179054260254,383.1966552734375,215.41136169433594
2022-01-05,171.16587829589844,164.35699462890625,136.64564514160156,152.37168884277344,146.92178344726562,321.6458740234375,305.4267578125,27.549142837524414,362.7066650390625,213.0293426513672
2022-01-06,168.30850219726562,163.25399780273438,136.61834716796875,151.84970092773438,148.48265075683594,329.8713684082031,303.0132751464844,28.12200164794922,354.8999938964844,212.78724670410156
2022-01-07,168.47486877441406,162.5540008544922,135.89382934570312,153.90225219726562,149.953857421875,329.2065734863281,303.16778564453125,27.19285011291504,342.32000732421875,210.0856475830078
2022-01-10,168.4944305419922,161.48599243164062,137.53280639648438,153.14137268066406,150.097412109375,325.5155029296875,303.3897399902344,27.34554672241211,352.7066650390625,205.25376892089844
2022-01-11,171.32235717773438,165.36199951171875,138.59054565429688,151.5134735107422,150.24993896484375,331.7664489746094,304.07525634765625,27.761716842651367,354.79998779296875,207.58737182617188
2022-01-12,171.7627410888672,165.20700073242188,140.2711639404297,150.2217559814453,151.10211181640625,330.66510009765625,307.25128173828125,27.94335174560547,368.739990234375,208.875244140625
2022-01-13,168.4944305419922,161.21400451660156,137.45095825195312,149.31040954589844,150.9137420654297,323.9378967285156,294.2476501464844,26.522186279296875,343.85333251953125,208.18772888183594
2022-01-14,169.35556030273438,162.13800048828125,138.33712768554688,148.4964599609375,141.63803100585938,329.3157043457031,299.4607238769531,26.888456344604492,349.8699951171875,207.86822509765625
2022-01-18,166.1556854248047,158.91749572753906,134.88319396972656,147.8417510986328,135.69944763183594,315.67279052734375,292.1720886230469,25.851520538330078,343.5033264160156,208.875244140625
2022-01-19,162.66236877441406,156.2989959716797,134.00889587402344,147.3816680908203,133.60031127929688,317.1015625,292.82855224609375,25.017183303833008,331.8833312988281,207.87783813476562
2022-01-20,160.979248046875,151.66749572753906,132.21475219726562,146.20497131347656,132.4610595703125,314.0951843261719,291.158447265625,24.10200309753418,332.0899963378906,207.55831909179688
2022-01-21,158.92431640625,142.64300537109375,129.28298950195312,145.86874389648438,130.14662170410156,300.8094482421875,285.78131103515625,23.327547073364258,314.6333312988281,199.40513610839844
2022-01-24,158.1512908935547,144.54400634765625,129.73178100585938,144.18772888183594,130.02996826171875,306.3062438964844,286.1095886230469,23.325551986694336,310.0,195.45440673828125
2022-01-25,156.3507843017578,139.98599243164062,125.89449310302734,148.31065368652344,131.4473876953125,297.81292724609375,278.5022277832031,22.279634475708008,306.1333312988281,195.59962463378906
2022-01-26,156.2626953125,138.87249755859375,128.17364501953125,148.97421264648438,132.69430541992188,292.3359375,286.437744140625,22.72674560546875,312.4700012207031,199.34701538085938
2022-01-27,155.8028106689453,139.6374969482422,127.94751739501953,150.9294891357422,130.3529510498047,292.3458557128906,289.4593505859375,21.900392532348633,276.3666687011719,199.61814880371094
2022-01-28,166.67434692382812,143.97799682617188,132.2578582763672,151.99122619628906,131.51913452148438,299.3607482910156,297.587890625,22.79460906982422,282.1166687011719,220.77586364746094
2022-01-31,171.02883911132812,149.57350158691406,134.1943817138672,152.43360900878906,133.3042755126953,310.8208923339844,300.2136535644531,24.43733787536621,312.239990234375,219.0038299560547
2022-02-01,170.8624725341797,151.19349670410156,136.51568603515625,151.18612670898438,135.591796875,316.5161437988281,298.070556640625,24.589035034179688,310.4166564941406,224.99765014648438
2022-02-02,172.06610107421875,150.6125030517578,146.7868194580078,152.85829162597656,134.50634765625,320.48504638671875,302.60791015625,25.191835403442383,301.88665771484375,227.96075439453125
2022-02-03,169.18914794921875,138.8455047607422,141.91705322265625,152.84945678710938,133.3939971923828,235.90870666503906,290.8205871582031,23.900405883789062,297.0466613769531,224.20364379882812
2022-02-04,168.90505981445312,157.63949584960938,142.11839294433594,151.84970092773438,136.85667419433594,235.24392700195312,295.3482360839844,24.270671844482422,307.7733459472656,221.15347290039062
2022-02-07,168.18978881835938,157.9355010986328,138.0599365234375,151.34535217285156,137.31417846679688,223.15878295898438,290.5308837890625,24.678855895996094,302.4466552734375,219.96243286132812
2022-02-08,171.29571533203125,161.4134979248047,138.2563018798828,151.74346923828125,139.89773559570312,218.465576171875,294.01593017578125,25.058103561401367,307.3333435058594,220.71774291992188
2022-02-09,172.71641540527344,161.1894989013672,140.43133544921875,151.7257843017578,140.4808349609375,230.1935577392578,300.43572998046875,26.651927947998047,310.6666564941406,223.5548858642578
2022-02-10,168.64051818847656,159.0034942626953,137.48370361328125,149.8943634033203,139.89773559570312,226.29415893554688,291.9114685058594,25.772676467895508,301.51666259765625,218.79759216308594
2022-02-11,165.23086547851562,153.2935028076172,133.1817626953125,148.38145446777344,138.07667541503906,217.8404998779297,284.8255615234375,23.901405334472656,286.6666564941406,217.92469787597656
2022-02-14,165.4660186767578,155.16700744628906,134.4150848388672,146.5146026611328,136.7938690185547,216.00489807128906,284.78692626953125,24.218772888183594,291.9200134277344,218.5551300048828
2022-02-15,169.29698181152344,156.510498046875,135.4886932373047,148.02757263183594,138.79434204101562,219.27920532226562,290.0675354003906,26.44234275817871,307.4766540527344,220.96044921875
2022-02-16,169.06179809570312,158.10049438476562,136.6089324951172,147.93907165527344,139.04554748535156,214.8539276123047,289.72900390625,26.458314895629883,307.7966613769531,221.93035888671875
2022-02-17,165.4660186767578,154.65249633789062,131.45254516601562,147.0366668701172,135.84300231933594,206.0926971435547,281.24505615234375,24.458295822143555,292.1166687011719,217.8470916748047
2022-02-18,163.91796875,152.60150146484375,129.33404541015625,145.46055603027344,136.4799041748047,204.5547637939453,278.53643798828125,23.595012664794922,285.6600036621094,215.98492431640625
2022-02-22,160.99819946289062,150.19749450683594,128.74937438964844,143.48379516601562,136.23770141601562,200.5065155029297,278.333251953125,23.343515396118164,273.84332275390625,214.65618896484375
2022-02-23,156.8341064453125,144.82699584960938,126.54212188720703,143.55506896972656,133.38504028320312,196.90478515625,271.1263427734375,22.342512130737305,254.67999267578125,209.4478302001953
2022-02-24,159.4501495361328,151.35800170898438,131.60328674316406,140.81251525878906,129.67117309570312,205.98355102539062,284.9791564941406,23.700803756713867,266.92333984375,210.75721740722656
2022-02-25,161.5174560546875,153.7884979248047,133.3572998046875,147.811279296875,132.73912048339844,208.84112548828125,287.61041259765625,24.108991622924805,269.9566650390625,212.6678924560547
2022-02-28,161.78201293945312,153.56300354003906,133.9499053955078,146.5380096435547,127.20425415039062,209.3868408203125,289.0422058105469,24.336536407470703,290.1433410644531,209.61270141601562
2022-03-01,159.90084838867188,151.14199829101562,132.9625701904297,146.0304412841797,122.40489959716797,201.90554809570312,285.3275146484375,23.43033790588379,288.1233215332031,202.6780242919922
2022-03-02,163.19290161132812,152.05250549316406,133.46836853027344,147.84690856933594,124.94361114501953,206.48956298828125,290.3965148925781,24.175983428955078,293.2966613769531,202.2027587890625
2022-03-03,162.86959838867188,147.89849853515625,132.80189514160156,150.01953125,124.05549621582031,201.3896026611328,286.26580810546875,23.67090606689453,279.7633361816406,200.99037170410156
2022-03-04,159.87142944335938,145.64100646972656,130.82521057128906,150.9099884033203,120.56593322753906,198.5022735595703,280.4034729003906,22.894317626953125,279.42999267578125,194.2593231201172
2022-03-07,156.07968139648438,137.4530029296875,125.3425521850586,153.34088134765625,115.91014862060547,186.0102996826172,269.810791015625,21.313194274902344,268.1933288574219,184.95811462402344
2022-03-08,154.2572784423828,136.01449584960938,126.0625991821289,150.2332763671875,115.09382629394531,188.80831909179688,266.8505859375,21.474899291992188,274.79998779296875,185.93768310546875
2022-03-09,159.65589904785156,139.2790069580078,132.32632446289062,150.80313110351562,119.70474243164062,196.9543914794922,279.087890625,22.972179412841797,286.3233337402344,193.74530029296875
2022-03-10,155.31549072265625,146.8175048828125,131.34397888183594,151.07028198242188,118.28738403320312,193.69004821777344,276.27276611328125,22.616823196411133,279.4333190917969,192.00918579101562
2022-03-11,151.60203552246094,145.52450561523438,128.80593872070312,150.7942352294922,115.62308502197266,186.149169921875,270.93292236328125,22.05983543395996,265.1166687011719,190.7871856689453
2022-03-14,147.5751495361328,141.85299682617188,124.9185562133789,152.87782287597656,116.7713394165039,185.17681884765625,267.4212951660156,21.29123878479004,255.4566650390625,194.29815673828125
2022-03-15,151.9547576904297,147.3665008544922,128.13893127441406,156.84024047851562,118.8435287475586,190.53477478027344,277.7818603515625,22.931245803833008,267.2966613769531,199.9332275390625
2022-03-16,156.36378479003906,153.10400390625,132.18798828125,155.39776611328125,124.15422058105469,202.04446411132812,284.7857666015625,24.45148277282715,280.07666015625,205.4906463623047
2022-03-17,157.37298583984375,157.23899841308594,132.74191284179688,157.42796325683594,125.72403717041016,206.2216796875,285.5886535644531,24.72099494934082,290.5333251953125,207.0231170654297
2022-03-18,160.66506958007812,161.25050354003906,135.0096435546875,155.6826934814453,125.67921447753906,214.8043212890625,290.628662109375,26.404924392700195,301.7966613769531,212.51272583007812
2022-03-21,162.03677368164062,161.4915008544922,134.98582458496094,156.56422424316406,125.27552795410156,209.84324645996094,289.4001159667969,26.68541717529297,307.0533447265625,210.50498962402344
2022-03-22,165.40725708007812,164.88900756835938,138.72146606445312,155.82516479492188,127.93978881835938,214.9630584716797,294.1402282714844,26.47579574584961,331.32666015625,211.89195251464844
2022-03-23,166.76913452148438,163.4080047607422,137.14202880859375,155.2375030517578,125.39212799072266,211.7979278564453,289.7192687988281,25.587413787841797,333.03668212890625,208.216064453125
2022-03-24,170.5511016845703,163.64950561523438,140.4114990234375,156.0388641357422,126.20848846435547,217.86033630371094,294.178955078125,28.09884262084961,337.97332763671875,210.7669219970703
2022-03-25,171.18797302246094,164.77349853515625,140.51165771484375,157.53477478027344,127.3118896484375,220.0928192138672,293.7725830078125,27.641672134399414,336.8800048828125,211.8531494140625
2022-03-28,172.05015563964844,168.99049377441406,140.2959747314453,158.3450927734375,126.36994934082031,221.84902954101562,300.5636901855469,28.16771697998047,363.9466552734375,214.12271118164062
2022-03-29,175.34226989746094,169.31500244140625,141.3373565673828,158.2649383544922,126.64806365966797,228.07022094726562,305.1199035644531,28.60392189025879,366.5233459472656,221.2513885498047
2022-03-30,174.17626953125,166.30099487304688,140.77499389648438,159.91224670410156,126.07392120361328,226.07586669921875,303.6205139160156,27.639680862426758,364.663330078125,217.2069549560547
2022-03-31,171.0801544189453,162.99749755859375,137.92752075195312,157.81080627441406,122.2883071899414,220.6286163330078,298.2515563964844,27.236412048339844,359.20001220703125,215.09262084960938
2022-04-01,170.78623962402344,163.55999755859375,139.00164794921875,158.6656494140625,121.38226318359375,223.0992431640625,299.3253479003906,26.663455963134766,361.5299987792969,219.54440307617188
2022-04-04,174.832763671875,168.34649658203125,141.799560546875,157.1341094970703,121.9205093383789,232.06884765625,304.6943359375,27.31028175354004,381.8166809082031,220.88287353515625
2022-04-05,171.5210723876953,164.05499267578125,139.43856811523438,158.14920043945312,120.50164794921875,230.03482055664062,300.7376708984375,25.883872985839844,363.7533264160156,219.28253173828125
2022-04-06,168.3563995361328,158.75599670410156,135.42868041992188,162.26295471191406,118.82978820800781,221.56130981445312,289.72900390625,24.362640380859375,348.586669921875,212.4156951904297
2022-04-07,168.6600799560547,157.7845001220703,134.77459716796875,161.84445190429688,118.46829986572266,221.2140350341797,291.5380554199219,24.16400718688965,352.4200134277344,209.64181518554688
2022-04-08,166.65155029296875,154.4604949951172,132.19491577148438,162.16500854492188,120.63723754882812,220.598876953125,287.2815856933594,23.076988220214844,341.8299865722656,210.44683837890625
2022-04-11,162.39930725097656,151.1219940185547,127.76750183105469,160.13482666015625,120.19441986083984,214.77456665039062,275.9535827636719,21.877172470092773,325.30999755859375,208.2839813232422
2022-04-12,164.27066040039062,150.78750610351562,126.66758728027344,160.18824768066406,118.87498474121094,212.47264099121094,272.85797119140625,21.464920043945312,328.98333740234375,205.0348358154297
2022-04-13,166.95526123046875,155.54100036621094,128.82923889160156,160.86500549316406,115.04320526123047,213.3159942626953,278.236572265625,22.162649154663086,340.7900085449219,206.8485565185547
2022-04-14,161.94857788085938,151.7064971923828,125.691162109375,160.18824768066406,113.9768295288086,208.54347229003906,270.7007141113281,21.219369888305664,328.3333435058594,206.3829803466797
2022-04-18,161.7330780029297,152.78500366210938,126.6299057006836,158.19371032714844,116.09154510498047,209.12887573242188,271.3681945800781,21.7434139251709,334.7633361816406,206.75152587890625
2022-04-19,164.0159149169922,158.11549377441406,128.94329833984375,163.0198211669922,118.49540710449219,215.617919921875,275.9922180175781,22.157657623291016,342.7166748046875,209.20538330078125
2022-04-20,163.849365234375,153.9980010986328,126.99041748046875,163.7410888671875,118.91112518310547,198.8594512939453,277.01763916015625,21.442956924438477,325.73333740234375,211.23243713378906
2022-04-21,163.0557403564453,148.29600524902344,123.79136657714844,163.2691650390625,117.98933410644531,186.60565185546875,271.64874267578125,20.146320343017578,336.260009765625,209.93276977539062
2022-04-22,158.5193328857422,144.35000610351562,118.65482330322266,161.64859008789062,114.60039520263672,182.67648315429688,265.0899658203125,19.47953224182129,335.01666259765625,201.902099609375
2022-04-25,159.5873260498047,146.07400512695312,122.06511688232422,165.6287841796875,114.56425476074219,185.5340118408203,271.5616149902344,19.865833282470703,332.67333984375,203.62847900390625
2022-04-26,153.63021850585938,139.39100646972656,117.67740631103516,164.44451904296875,111.17529296875,179.54104614257812,261.40423583984375,18.75385856628418,292.1400146484375,195.0449676513672
2022-04-27,153.4048614501953,138.16700744628906,113.35759735107422,162.14720153808594,109.7293472290039,173.58775329589844,273.9801025390625,18.38153648376465,293.836669921875,207.66322326660156
2022-04-28,160.3319549560547,144.59649658203125,117.55094909667969,163.35818481445312,111.46446990966797,204.12811279296875,280.1810302734375,19.746049880981445,292.5033264160156,214.0160369873047
2022-04-29,154.4630126953125,124.28150177001953,113.17411804199219,160.68692016601562,107.86769104003906,198.90907287597656,268.466064453125,18.51329231262207,290.2533264160156,206.7127685546875
2022-05-02,154.76678466796875,124.5,115.62733459472656,159.06631469726562,108.85274505615234,209.48605346679688,275.1893310546875,19.497501373291016,300.9800109863281,205.1609344482422
2022-05-03,156.2560577392578,124.25350189208984,116.37218475341797,158.75466918945312,111.18434143066406,210.37905883789062,272.5870666503906,19.566377639770508,303.0833435058594,202.28033447265625
2022-05-04,162.66383361816406,125.92849731445312,121.25880432128906,160.4553680419922,114.86246490478516,221.67044067382812,280.51959228515625,20.297046661376953,317.5400085449219,208.0609130859375
2022-05-05,153.600830078125,116.40699768066406,115.55048370361328,157.39230346679688,111.98865509033203,206.65826416015625,268.3016662597656,18.809755325317383,291.09332275390625,199.06031799316406
2022-05-06,154.32693481445312,114.77249908447266,114.79769897460938,157.04507446289062,111.80790710449219,202.18338012695312,265.76715087890625,18.641061782836914,288.54998779296875,196.7131805419922
2022-05-09,149.20492553710938,108.78900146484375,111.58870697021484,157.89988708496094,110.12699127197266,194.68222045898438,255.94821166992188,16.91919708251953,262.3699951171875,187.18885803222656
2022-05-10,151.60894775390625,108.85900115966797,113.457275390625,157.68617248535156,107.44295501708984,196.11102294921875,260.70770263671875,17.563026428222656,266.67999267578125,187.7513885498047
2022-05-11,143.74932861328125,105.37200164794922,112.6712646484375,156.83135986328125,106.76516723632812,187.27040100097656,252.04969787597656,16.599777221679688,244.6666717529297,190.7968292236328
2022-05-12,139.88330078125,106.93049621582031,111.91898345947266,158.38072204589844,106.6748046875,189.75094604492188,247.01939392089844,16.145605087280273,242.6666717529297,188.48895263671875
2022-05-13,144.3478546142578,113.05500030517578,115.09921264648438,157.47244262695312,107.62368774414062,197.07347106933594,252.60107421875,17.6738224029541,256.5299987792969,193.60032653808594
2022-05-16,142.80735778808594,110.81050109863281,113.5068588256836,158.56771850585938,106.87361907958984,198.48240661621094,252.96873474121094,17.232624053955078,241.4566650390625,192.220458984375
2022-05-17,146.43788146972656,115.36849975585938,115.51823425292969,159.2266082763672,110.41616821289062,201.04232788085938,258.115234375,18.143966674804688,253.8699951171875,198.2355499267578
2022-05-18,138.1759796142578,107.11250305175781,110.98223114013672,156.27040100097656,108.52740478515625,190.7431640625,246.36328125,16.907217025756836,236.60333251953125,194.33885192871094
2022-05-19,134.7711181640625,107.31900024414062,109.47916412353516,154.8813018798828,106.91877746582031,189.80055236816406,245.45179748535156,17.09288215637207,236.47332763671875,191.7928924560547
2022-05-20,135.00660705566406,107.59100341796875,108.01525115966797,157.58819580078125,106.04219055175781,192.0330352783203,244.88946533203125,16.663663864135742,221.3000030517578,193.4059600830078
2022-05-23,140.42298889160156,107.55699920654297,110.57410430908203,160.805419921875,112.60317993164062,194.7020721435547,252.73374938964844,16.867290496826172,224.96665954589844,201.69493103027344
2022-05-24,137.724609375,104.0999984741211,105.1013412475586,162.5618133544922,114.19371795654297,179.8684844970703,251.73500061035156,16.124643325805664,209.3866729736328,196.90428161621094
2022-05-25,137.881591796875,106.7750015258789,104.93769073486328,160.96665954589844,114.98898315429688,182.39862060546875,254.54693603515625,16.944150924682617,219.60000610351562,198.08006286621094
2022-05-26,141.0803985595703,111.07749938964844,106.90890502929688,160.8233184814453,116.9771728515625,190.13790893554688,257.82427978515625,17.818557739257812,235.91000366210938,202.656982421875
2022-05-27,146.8303680419922,115.14649963378906,111.39581298828125,162.2840576171875,118.63097381591797,193.6106414794922,264.94140625,18.776819229125977,253.2100067138672,206.86459350585938
2022-05-31,146.04534912109375,120.20950317382812,112.82946014404297,160.8860626220703,119.49856567382812,192.13223266601562,263.6129150390625,18.63806915283203,252.75332641601562,206.17469787597656
2022-06-01,145.9178466796875,121.68399810791016,112.95841217041016,159.25509643554688,117.40192413330078,187.1711883544922,264.146240234375,18.286705017089844,246.7899932861328,203.99798583984375
2022-06-02,148.3709259033203,125.51100158691406,116.65830993652344,158.75318908691406,119.29067993164062,197.31163024902344,266.2406921386719,19.556394577026367,258.3333435058594,208.97329711914062
2022-06-03,142.65036010742188,122.3499984741211,113.6020736694336,158.09901428222656,117.62784576416016,189.2945098876953,261.81915283203125,18.68598175048828,234.51666259765625,206.64112854003906
2022-06-06,143.3960723876953,124.79000091552734,115.8628921508789,158.08106994628906,117.23922729492188,192.7374725341797,260.58770751953125,18.751861572265625,238.27999877929688,206.9229278564453
2022-06-07,145.9178466796875,123.0,116.18920135498047,159.81964111328125,117.54651641845703,194.1265869140625,264.2238464355469,18.89160919189453,238.8866729736328,208.43882751464844
2022-06-08,145.18191528320312,121.18000030517578,116.23333740234375,158.86972045898438,115.67581939697266,195.10888671875,262.197265625,18.618043899536133,241.86666870117188,207.46710205078125
2022-06-09,139.96180725097656,116.1500015258789,113.8941650390625,155.6704559326172,113.24481964111328,182.5673065185547,256.74798583984375,18.019004821777344,239.7066650390625,200.28594970703125
2022-06-10,134.55523681640625,109.6500015258789,110.25028991699219,154.63095092773438,108.0394058227539,174.2029571533203,245.30638122558594,16.94673728942871,232.22999572753906,193.87240600585938
2022-06-13,129.4038543701172,103.66999816894531,105.52037811279297,153.0716094970703,104.82218170166016,162.9810028076172,234.90223693847656,15.621866226196289,215.73666381835938,186.8272705078125
2022-06-14,130.26730346679688,102.30999755859375,105.84072875976562,150.72372436523438,103.0779800415039,162.45513916015625,237.0645294189453,15.810562133789062,220.88999938964844,188.0516815185547
2022-06-15,132.88719177246094,107.66999816894531,108.86474609375,152.33676147460938,104.29801177978516,168.0313720703125,244.11373901367188,16.500452041625977,233.0,190.61709594726562
2022-06-16,127.61799621582031,103.66000366210938,105.16432189941406,152.41741943359375,102.50865173339844,159.61741638183594,237.5299835205078,15.575940132141113,213.10000610351562,183.70799255371094
2022-06-17,129.0898895263672,106.22000122070312,106.26522827148438,151.86180114746094,102.14717102050781,162.4650421142578,240.1285400390625,15.854491233825684,216.75999450683594,184.64083862304688
2022-06-21,133.31890869140625,108.68000030517578,110.62965393066406,155.0431671142578,104.67757415771484,155.82711791992188,246.0336151123047,16.53938865661621,237.0366668701172,188.89710998535156
2022-06-22,132.8086700439453,108.94999694824219,110.5736083984375,157.48963928222656,104.09015655517578,154.63648986816406,245.44212341308594,16.333723068237305,236.086669921875,188.34323120117188
2022-06-23,135.67385864257812,112.44000244140625,111.3219223022461,161.0025177001953,102.95147705078125,157.513916015625,250.99810791015625,16.198938369750977,235.07000732421875,191.08349609375
2022-06-24,139.00018310546875,116.45999908447266,117.00791931152344,163.3594207763672,106.02411651611328,168.8350830078125,259.5696105957031,17.09848976135254,245.7066650390625,199.70286560058594
2022-06-27,139.00018310546875,113.22000122070312,114.88399505615234,163.2070770263672,105.17462158203125,168.1702880859375,256.84490966796875,16.841903686523438,244.9199981689453,197.80795288085938
2022-06-28,134.8594512939453,107.4000015258789,111.08934020996094,158.5650177001953,104.66854095458984,159.42889404296875,248.69041442871094,15.956327438354492,232.663330078125,192.52169799804688
2022-06-29,136.61585998535156,108.91999816894531,110.78584289550781,158.6098175048828,104.19861602783203,162.6634979248047,252.35560607910156,15.517034530639648,228.49000549316406,193.86270141601562
2022-06-30,134.15296936035156,106.20999908447266,108.06979370117188,159.07582092285156,101.7676010131836,159.9944305419922,249.02972412109375,15.134652137756348,224.47332763671875,191.32644653320312
2022-07-01,136.3214111328125,109.55999755859375,107.84616088867188,160.87710571289062,103.06895446777344,158.78395080566406,251.69619750976562,14.49967098236084,227.26333618164062,193.55169677734375
2022-07-05,138.90208435058594,113.5,112.33454895019531,159.64041137695312,102.67693328857422,166.88040161132812,254.8668975830078,14.939963340759277,233.06666564941406,194.873291015625
2022-07-06,140.236572265625,114.33000183105469,113.63282775878906,159.7837677001953,102.0113754272461,168.4481201171875,258.12481689453125,15.105693817138672,231.73333740234375,195.4369354248047
2022-07-07,143.60215759277344,116.33000183105469,117.8093032836914,159.9630126953125,104.59153747558594,170.8492889404297,260.2484130859375,15.832528114318848,244.5433349609375,197.0694580078125
2022-07-08,144.27919006347656,115.54000091552734,118.37513732910156,159.76588439941406,104.2633056640625,169.54949951171875,259.53082275390625,15.812560081481934,250.76333618164062,197.8177032470703
2022-07-11,142.14991760253906,111.75,114.728271484375,159.82859802246094,102.89574432373047,161.61175537109375,256.47650146484375,15.127660751342773,234.3433380126953,199.26559448242188
2022-07-12,143.12135314941406,109.22000122070312,113.08584594726562,157.5882110595703,102.99602508544922,161.99874877929688,245.96572875976562,15.057774543762207,233.07000732421875,199.0323944091797
2022-07-13,142.75827026367188,110.4000015258789,110.44070434570312,157.22079467773438,102.02961730957031,162.21701049804688,245.0445556640625,15.139641761779785,237.0399932861328,198.38128662109375
2022-07-14,145.68234252929688,110.62999725341797,109.4627914428711,157.4358673095703,98.4648208618164,156.81936645507812,246.36328125,15.347309112548828,238.31333923339844,200.0915985107422
2022-07-15,147.3504180908203,113.55000305175781,110.8612289428711,159.72100830078125,102.97777557373047,163.41758728027344,248.92312622070312,15.73668098449707,240.06666564941406,204.1048583984375
2022-07-18,144.30862426757812,113.76000213623047,108.13624572753906,156.13645935058594,101.92020416259766,165.92787170410156,246.5281219482422,16.075136184692383,240.54666137695312,201.3548583984375
2022-07-19,148.1648406982422,118.20999908447266,112.8770751953125,153.86021423339844,104.44564056396484,174.4113006591797,251.6477813720703,16.964704513549805,245.52999877929688,207.6226043701172
2022-07-20,150.1665496826172,122.7699966430664,112.9663314819336,152.9820098876953,104.42739868164062,181.6643829345703,254.30453491210938,17.778396606445312,247.5,207.3407745361328
2022-07-21,152.4331512451172,124.62999725341797,113.40272521972656,153.51966857910156,105.13853454589844,181.74375915527344,256.7965087890625,18.020999908447266,271.7066650390625,210.08106994628906
2022-07-22,151.1968231201172,122.41999816894531,107.01551818847656,154.2455596923828,104.62799072265625,167.95199584960938,252.45249938964844,17.291181564331055,272.24334716796875,207.6614227294922
2022-07-25,150.0782012939453,121.13999938964844,106.62873077392578,154.55029296875,105.04737854003906,165.35238647460938,250.96897888183594,16.996654510498047,268.4333190917969,208.21536254882812
2022-07-26,148.75357055664062,114.80999755859375,104.15912628173828,155.6435546875,103.40628814697266,157.91078186035156,244.24948120117188,16.50644302368164,258.8599853515625,206.4856719970703
2022-07-27,153.8461151123047,120.97000122070312,112.13321685791016,155.2134246826172,105.06562042236328,168.25958251953125,260.57806396484375,17.761423110961914,274.82000732421875,204.522705078125
2022-07-28,154.3956298828125,122.27999877929688,113.28372192382812,156.1095428466797,104.6735610961914,159.46856689453125,268.01507568359375,17.955108642578125,280.8999938964844,205.3778533935547
2022-07-29,159.45872497558594,134.9499969482422,115.36650085449219,156.3963165283203,105.17500305175781,157.86119079589844,272.2135925292969,18.133825302124023,297.1499938964844,206.1164093017578
2022-08-01,158.47747802734375,135.38999938964844,113.91846466064453,155.84967041015625,104.12654876708984,158.68470764160156,269.5664978027344,18.411376953125,297.27667236328125,205.38755798339844
2022-08-02,157.00567626953125,134.16000366210938,114.18624877929688,154.9624786376953,102.5036849975586,158.94271850585938,266.4733581542969,18.496240615844727,300.586669921875,200.4316864013672
2022-08-03,163.01077270507812,139.52000427246094,117.11207580566406,156.4590606689453,103.57952880859375,167.4856719970703,273.8909912109375,18.86264991760254,307.39666748046875,202.5889434814453
2022-08-04,162.69679260253906,142.57000732421875,117.22116088867188,153.9498291015625,102.43988800048828,169.2418670654297,275.0351257324219,19.184133529663086,308.6333312988281,207.43795776367188
2022-08-05,162.47076416015625,140.8000030517578,116.50706481933594,153.3404541015625,105.5396957397461,165.80880737304688,274.3177185058594,18.958499908447266,288.1700134277344,209.7701416015625
2022-08-08,161.99913024902344,139.41000366210938,116.33846282958984,152.5249786376953,104.25420379638672,168.9243621826172,271.8063659667969,17.76441764831543,290.42333984375,207.2921905517578
2022-08-09,162.0482635498047,137.8300018310547,115.6739501953125,152.5070343017578,105.1932373046875,167.2177734375,273.7261047363281,17.05855941772461,283.3333435058594,204.31863403320312
2022-08-10,166.29306030273438,142.69000244140625,118.71878814697266,152.94613647460938,107.9375,176.95140075683594,280.3778381347656,18.067928314208984,294.3566589355469,206.1066436767578
2022-08-11,165.5561065673828,140.63999938964844,117.86582946777344,149.78273010253906,109.53301239013672,176.10800170898438,278.3027648925781,17.913179397583008,286.6300048828125,205.47879028320312
2022-08-12,169.10321044921875,143.5500030517578,120.68255615234375,148.1338348388672,111.34728240966797,179.09454345703125,283.04437255859375,18.678945541381836,300.0299987792969,205.72215270996094
2022-08-15,170.1742401123047,143.17999267578125,121.07927703857422,148.84176635742188,111.64815521240234,179.48153686523438,284.55694580078125,19.00143051147461,309.32000732421875,210.6770782470703
2022-08-16,170.0170440673828,144.77999877929688,120.70240020751953,150.16806030273438,112.71485900878906,178.07257080078125,283.8200988769531,18.848670959472656,306.5633239746094,211.37796020507812
2022-08-17,171.51052856445312,142.10000610351562,118.57003021240234,150.17709350585938,111.76668548583984,173.4885711669922,283.0718078613281,18.305543899536133,303.9966735839844,208.82752990722656
2022-08-18,171.11753845214844,142.3000030517578,119.1849365234375,149.451171875,110.90055847167969,173.300048828125,281.9544372558594,18.742847442626953,302.8699951171875,209.5381317138672
2022-08-19,168.5333251953125,138.22999572753906,116.24920654296875,151.72738647460938,108.15630340576172,166.6521759033203,278.04815673828125,17.820327758789062,296.6666564941406,207.17262268066406
2022-08-22,164.65211486816406,133.22000122070312,113.30355072021484,151.1951141357422,106.36934661865234,161.78041076660156,269.88604736328125,17.006635665893555,289.913330078125,203.07431030273438
2022-08-23,164.31800842285156,133.6199951171875,112.92666625976562,149.87794494628906,105.32088470458984,159.8555450439453,268.6131591796875,17.153404235839844,296.4533386230469,201.3123321533203
2022-08-24,164.61279296875,133.8000030517578,112.758056640625,149.38172912597656,105.57616424560547,161.98876953125,267.9815673828125,17.1943359375,297.0966796875,201.18577575683594
2022-08-25,167.0692901611328,137.27999877929688,115.69378662109375,150.78012084960938,108.08336639404297,167.46580505371094,270.9548645019531,17.88422393798828,296.07000732421875,204.25221252441406
2022-08-26,160.7708740234375,130.75,109.43551635742188,148.1999053955078,104.54593658447266,160.52032470703125,260.4995422363281,16.23387908935547,288.0899963378906,197.506103515625
2022-08-29,158.5698699951172,129.7899932861328,108.52306365966797,147.0541229248047,104.2906494140625,157.93064880371094,257.72052001953125,15.775619506835938,284.82000732421875,196.9609832763672
2022-08-30,156.1428985595703,128.72999572753906,108.0469970703125,146.53988647460938,104.30887603759766,155.93630981445312,255.52450561523438,15.443153381347656,277.70001220703125,196.03619384765625
2022-08-31,154.48233032226562,126.7699966430664,107.3328857421875,145.55650329589844,103.68892669677734,161.661376953125,254.06698608398438,15.069753646850586,275.6099853515625,193.43702697753906
2022-09-01,155.2094268798828,127.81999969482422,108.84043884277344,149.1652069091797,104.4000473022461,164.07244873046875,253.02723693847656,13.91461181640625,277.1600036621094,194.81936645507812
2022-09-02,153.09689331054688,127.51000213623047,106.96592712402344,146.819580078125,103.6706771850586,159.0717010498047,248.8101348876953,13.625078201293945,270.2099914550781,192.51220703125
2022-09-06,151.83917236328125,126.11000061035156,105.93445587158203,147.21652221679688,103.69803619384766,157.30555725097656,246.07969665527344,13.443370819091797,274.4200134277344,193.3689422607422
2022-09-07,153.2442626953125,129.47999572753906,108.55281829833984,148.01947021484375,105.6673355102539,159.1411590576172,250.7826690673828,13.696040153503418,283.70001220703125,195.10165405273438
2022-09-08,151.77040100097656,129.82000732421875,107.4915771484375,149.2103271484375,108.12894439697266,160.79812622070312,251.20050048828125,13.9716796875,289.260009765625,195.3839569091797
2022-09-09,154.62969970703125,133.27000427246094,109.74298095703125,149.49900817871094,108.64861297607422,167.83291625976562,256.9722595214844,14.368158340454102,299.67999267578125,199.7548065185547
2022-09-12,160.58419799804688,136.4499969482422,109.95126342773438,149.43588256835938,109.93415832519531,167.64442443847656,259.1002502441406,14.486001968383789,304.4200134277344,201.14686584472656
2022-09-13,151.1611785888672,126.81999969482422,103.4648666381836,145.5475616455078,106.11405944824219,151.9376678466797,244.8553924560547,13.113804817199707,292.1300048828125,194.37155151367188
2022-09-14,152.60557556152344,128.5500030517578,104.13928985595703,148.55172729492188,105.86790466308594,150.29058837890625,245.0789031982422,13.110809326171875,302.6099853515625,194.11846923828125
2022-09-15,149.716796875,126.27999877929688,102.0664291381836,148.93064880371094,107.46341705322266,148.3855438232422,238.43252563476562,12.912066459655762,303.75,190.18563842773438
2022-09-16,148.0758819580078,123.52999877929688,101.95732116699219,151.2041473388672,106.74315643310547,145.1509246826172,237.8106689453125,13.180716514587402,303.3500061035156,188.1706085205078
2022-09-19,151.79002380371094,124.66000366210938,102.22511291503906,150.0132293701172,107.72782135009766,146.86746215820312,237.59689331054688,13.364473342895508,309.07000732421875,188.00509643554688
2022-09-20,154.1678924560547,122.19000244140625,100.31092071533203,148.83140563964844,105.60352325439453,144.9524688720703,235.58546447753906,13.158743858337402,308.7300109863281,186.97325134277344
2022-09-21,151.0432891845703,118.54000091552734,98.46617889404297,147.30673217773438,102.55840301513672,141.01339721679688,232.1845703125,13.243632316589355,300.79998779296875,182.0572509765625
2022-09-22,150.08035278320312,117.30999755859375,99.31912994384766,149.9230499267578,101.39140319824219,141.7079620361328,234.1571044921875,12.544548988342285,288.5899963378906,180.85986328125
2022-09-23,147.81051635742188,113.77999877929688,97.93060302734375,150.4102325439453,99.50415802001953,139.31671142578125,231.1837615966797,12.499608993530273,275.3299865722656,179.0784454345703
2022-09-26,148.1446533203125,115.1500015258789,97.36527252197266,149.49000549316406,97.36164093017578,135.3081817626953,230.72703552246094,12.211986541748047,276.010009765625,175.7978515625
2022-09-27,149.1173858642578,114.41000366210938,96.70075988769531,148.80433654785156,96.50463104248047,133.35350036621094,229.7164764404297,12.396743774414062,282.94000244140625,173.15005493164062
2022-09-28,147.23085021972656,118.01000213623047,99.22987365722656,150.08543395996094,98.45569610595703,140.50738525390625,234.2445526123047,12.719321250915527,287.80999755859375,174.42529296875
2022-09-29,139.9989776611328,114.80000305175781,96.62142181396484,148.43447875976562,96.78728485107422,135.3478546142578,230.77561950683594,12.203995704650879,268.2099914550781,175.2819061279297
2022-09-30,135.7935333251953,113.0,94.86592864990234,147.37890625,95.2738037109375,134.62355041503906,226.3058624267578,12.123102188110352,265.25,172.9358673095703
2022-10-03,139.9695281982422,115.87999725341797,97.83142852783203,147.23455810546875,98.21867370605469,137.5307159423828,233.9239044189453,12.495614051818848,242.39999389648438,176.82969665527344
2022-10-04,143.5559844970703,121.08999633789062,100.80683135986328,149.41781616210938,102.81368255615234,139.18772888183594,241.8334503173828,13.14975643157959,249.44000244140625,180.72357177734375
2022-10-05,143.85073852539062,120.94999694824219,100.59854888916016,148.95773315429688,101.54426574707031,137.89784240722656,242.1443634033203,13.19170093536377,240.80999755859375,182.6899871826172
2022-10-06,142.89761352539062,120.30000305175781,100.5886459350586,146.07078552246094,99.47456359863281,137.98716735839844,239.8026123046875,13.11280632019043,238.1300048828125,180.6651611328125
2022-10-07,137.65061950683594,114.55999755859375,97.87110900878906,144.52804565429688,97.48766326904297,132.410888671875,227.60794067382812,12.060184478759766,223.07000732421875,178.95187377929688
2022-10-10,137.974853515625,113.66999816894531,97.05780792236328,144.71751403808594,96.57697296142578,132.7482452392578,222.7592315673828,11.654715538024902,222.9600067138672,177.34567260742188
2022-10-11,136.55995178222656,112.20999908447266,96.38339233398438,146.81053161621094,93.7897720336914,127.53912353515625,219.02793884277344,11.570825576782227,216.5,174.3863525390625
2022-10-12,135.93109130859375,112.9000015258789,96.76026916503906,146.7744598388672,95.30755615234375,126.50723266601562,219.3583221435547,11.484939575195312,217.24000549316406,173.51022338867188
2022-10-13,140.5001220703125,112.52999877929688,98.24797821044922,148.9938201904297,100.60600280761719,129.27549743652344,227.60794067382812,11.944337844848633,221.72000122070312,179.7598419189453
2022-10-14,135.9704132080078,106.9000015258789,95.76847076416016,148.371337890625,102.28015899658203,125.77300262451172,222.08876037597656,11.212296485900879,204.99000549316406,177.7739715576172
2022-10-17,139.9302520751953,113.79000091552734,99.1505126953125,150.29293823242188,106.57594299316406,132.99630737304688,230.80479431152344,11.872429847717285,219.35000610351562,180.33421325683594
2022-10-18,141.2468719482422,116.36000061035156,99.9439697265625,149.76966857910156,109.31713104248047,131.76597595214844,231.74729919433594,11.951329231262207,220.19000244140625,182.20326232910156
2022-10-19,141.35498046875,115.06999969482422,98.81330871582031,148.57879638671875,107.17385864257812,132.192626953125,229.78451538085938,12.035219192504883,222.0399932861328,181.4634552001953
2022-10-20,140.89317321777344,115.25,99.1505126953125,148.95773315429688,106.82428741455078,130.50587463378906,229.46388244628906,12.178030967712402,207.27999877929688,182.251953125
2022-10-21,144.70559692382812,119.31999969482422,100.3010025024414,152.20553588867188,112.43550872802734,128.99769592285156,235.26480102539062,12.449674606323242,214.44000244140625,185.31832885742188
2022-10-24,146.84764099121094,119.81999969482422,101.67961883544922,154.25347900390625,112.573486328125,128.70994567871094,240.24957275390625,12.582501411437988,211.25,185.64932250976562
2022-10-25,149.68731689453125,120.5999984741211,103.6235580444336,154.00990295410156,112.86783599853516,136.43930053710938,243.56304931640625,13.243632316589355,222.4199981689453,189.22193908691406
2022-10-26,146.74942016601562,115.66000366210938,94.1518325805664,155.3631134033203,114.16484832763672,128.8092041015625,224.7706298828125,12.879110336303711,224.63999938964844,197.9344482421875
2022-10-27,142.27859497070312,110.95999908447266,91.46405029296875,155.45335388183594,114.61558532714844,97.17741394042969,220.3300018310547,13.158743858337402,225.08999633789062,198.8689422607422
2022-10-28,153.02813720703125,103.41000366210938,95.50069427490234,157.7628936767578,115.97700500488281,98.42758178710938,229.19178771972656,13.815882682800293,228.52000427246094,203.784912109375
2022-10-31,150.66990661621094,102.44000244140625,93.73528289794922,156.95095825195312,115.79301452636719,92.43462371826172,225.55764770507812,13.47932243347168,227.5399932861328,201.6627655029297
2022-11-01,148.02671813964844,96.79000091552734,89.72840118408203,156.15707397460938,117.88111877441406,94.45872497558594,221.70980834960938,13.525263786315918,227.82000732421875,201.4388885498047
2022-11-02,142.50460815429688,92.12000274658203,86.257080078125,153.7572784423828,116.79566955566406,89.83501434326172,213.8682861328125,13.201687812805176,214.97999572753906,195.61756896972656
2022-11-03,136.4617156982422,89.30000305175781,82.74610137939453,154.0189208984375,117.00724029541016,88.21771240234375,208.18389892578125,13.403423309326172,215.30999755859375,189.58209228515625
2022-11-04,136.19595336914062,90.9800033569336,85.87027740478516,154.70455932617188,120.20836639404297,90.08306884765625,215.12176513671875,14.13746166229248,207.47000122070312,191.75294494628906
2022-11-07,136.72744750976562,90.52999877929688,87.7646255493164,156.05780029296875,120.84308624267578,95.96690368652344,221.41830444335938,14.282270431518555,197.0800018310547,194.7901611328125
2022-11-08,137.29827880859375,89.9800033569336,88.17127227783203,156.8336639404297,120.91668701171875,95.71885681152344,222.38998413085938,14.582877159118652,191.3000030517578,196.42556762695312
2022-11-09,132.7413787841797,86.13999938964844,86.60420989990234,155.5796661376953,119.34371948242188,100.67992401123047,218.1533966064453,13.757956504821777,177.58999633789062,189.20582580566406
2022-11-10,144.5519561767578,96.62999725341797,93.16996002197266,157.4020538330078,124.25581359863281,110.99894714355469,236.10044860839844,15.72937297821045,190.72000122070312,200.56227111816406
2022-11-11,147.33729553222656,100.79000091552734,95.61971282958984,152.69268798828125,124.45819091796875,112.13998413085938,240.11354064941406,16.30561637878418,195.97000122070312,200.0061798095703
2022-11-14,145.939697265625,98.48999786376953,94.91551208496094,155.09249877929688,123.1795883178711,113.33063507080078,234.71096801757812,16.27366065979004,190.9499969482422,201.8208770751953
2022-11-15,147.6719207763672,98.94000244140625,97.6330795288086,155.5255584716797,122.28730773925781,116.16837310791016,235.11907958984375,16.644174575805664,194.4199981689453,204.87461853027344
2022-11-16,146.44166564941406,97.12000274658203,98.03970336914062,156.49085998535156,122.45285034179688,112.34835052490234,235.5477752685547,15.889164924621582,186.9199981689453,205.02096557617188
2022-11-17,148.34120178222656,94.8499984741211,97.55372619628906,157.75392150878906,121.9193344116211,110.58220672607422,235.4990997314453,15.656468391418457,183.1699981689453,205.8502655029297
2022-11-18,148.90219116210938,94.13999938964844,96.63134002685547,158.96282958984375,123.11518096923828,111.17753601074219,235.0508575439453,15.388818740844727,180.19000244140625,205.66490173339844
2022-11-21,145.67393493652344,92.45999908447266,94.81633758544922,159.77999877929688,122.38848114013672,109.00459289550781,235.85963439941406,15.296940803527832,167.8699951171875,201.29400634765625
2022-11-22,147.8096923828125,93.19999694824219,96.25445556640625,160.55178833007812,124.218994140625,110.5722885131836,238.7633819580078,16.016996383666992,169.91000366210938,205.2063446044922
2022-11-23,148.6856689453125,94.12999725341797,97.65290832519531,160.72433471679688,125.54359436035156,111.36605072021484,241.2482147216797,16.497365951538086,183.1999969482422,206.57223510742188
2022-11-25,145.7724151611328,93.41000366210938,96.66108703613281,160.9331817626953,125.78280639648438,110.54252624511719,241.16050720214844,16.24869155883789,182.86000061035156,208.58203125
2022-11-28,141.94378662109375,93.94999694824219,95.2626724243164,161.01487731933594,123.58430480957031,107.93299102783203,235.5770263671875,15.806273460388184,182.9199981689453,206.11367797851562
2022-11-29,138.9419403076172,92.41999816894531,94.40970611572266,159.8889617919922,125.61724853515625,108.60770416259766,234.18362426757812,15.618518829345703,180.8300018310547,203.96725463867188
2022-11-30,145.6936492919922,96.54000091552734,100.16214752197266,161.62322998046875,127.10738372802734,117.18042755126953,248.61483764648438,16.905162811279297,194.6999969482422,211.71383666992188
2022-12-01,145.96922302246094,95.5,100.16214752197266,162.29518127441406,125.32286834716797,119.50221252441406,248.17633056640625,17.11693572998047,194.6999969482422,211.71383666992188
2022-12-02,145.47711181640625,94.12999725341797,99.61666107177734,162.42227172851562,124.32941436767578,122.5284652709961,248.49794006347656,16.858213424682617,194.86000061035156,212.35780334472656
2022-12-05,144.3157501220703,91.01000213623047,98.66454315185547,162.33148193359375,120.84308624267578,121.4767074584961,243.8011932373047,16.592491149902344,182.4499969482422,208.4747314453125
2022-12-06,140.65444946289062,88.25,96.1850357055664,159.8980712890625,121.04544830322266,113.2314224243164,238.85110473632812,15.970147132873535,179.82000732421875,203.9867706298828
2022-12-07,138.71554565429688,88.45999908447266,94.16175842285156,160.8695831298828,120.96267700195312,113.04290771484375,238.1202850341797,16.10300636291504,174.0399932861328,202.74769592285156
2022-12-08,140.39857482910156,90.3499984741211,92.94183349609375,160.89686584472656,122.23212432861328,114.43199157714844,241.0727996826172,17.150901794433594,173.44000244140625,204.00628662109375
2022-12-09,139.91632080078125,89.08999633789062,92.06905364990234,159.57115173339844,121.56981658935547,114.99755859375,239.14344787597656,16.983076095581055,179.0500030517578,203.61599731445312
2022-12-12,142.2095184326172,90.55000305175781,92.54511260986328,161.4779510498047,123.45553588867188,113.81682586669922,246.05209350585938,17.516515731811523,167.82000732421875,209.36253356933594
2022-12-13,143.174072265625,92.48999786376953,94.84609985351562,162.721923828125,123.33594512939453,119.2144775390625,250.34939575195312,18.052949905395508,160.9499969482422,207.8502655029297
2022-12-14,140.94973754882812,91.58000183105469,94.29067993164062,163.22129821777344,122.71964263916016,120.64324951171875,250.64166259765625,17.65536880493164,156.8000030517578,208.12347412109375
2022-12-15,134.3456268310547,88.44999694824219,90.11519622802734,161.16017150878906,119.67487335205078,115.24561309814453,242.64163208007812,16.934125900268555,157.6699981689453,202.8452606201172
2022-12-16,132.38702392578125,87.86000061035156,89.52012634277344,159.50759887695312,118.92977142333984,118.50007629394531,238.43211364746094,16.553531646728516,150.22999572753906,201.85011291503906
2022-12-19,130.28079223632812,84.91999816894531,87.71504211425781,159.33509826660156,119.6380615234375,113.58861541748047,234.300537109375,16.236862182617188,149.8699951171875,199.83056640625
2022-12-20,130.21192932128906,85.19000244140625,88.29027557373047,159.50759887695312,120.21757507324219,116.17829132080078,235.6160430908203,16.068044662475586,137.8000030517578,200.35739135742188
2022-12-21,133.3121795654297,86.7699966430664,88.845703125,161.3326873779297,121.56981658935547,118.82750701904297,238.1787567138672,16.483606338500977,137.57000732421875,201.77206420898438
2022-12-22,130.14300537109375,83.79000091552734,87.04060363769531,160.7424774169922,120.18999481201172,116.20806121826172,232.0983428955078,15.322831153869629,125.3499984741211,200.06471252441406
2022-12-23,129.77883911132812,85.25,88.49856567382812,161.15109252929688,120.76031494140625,117.12089538574219,232.62454223632812,15.189971923828125,123.1500015258789,200.81594848632812
2022-12-27,127.97773742675781,83.04000091552734,86.67363739013672,161.1056671142578,121.1834487915039,115.96992492675781,230.89981079101562,14.106114387512207,109.0999984741211,201.26475524902344
2022-12-28,124.05070495605469,81.81999969482422,85.31487274169922,160.4065399169922,121.84577178955078,114.71973419189453,228.53196716308594,14.021203994750977,112.70999908447266,199.99642944335938
2022-12-29,127.56439971923828,84.18000030517578,87.7249526977539,161.2237091064453,122.54483795166016,119.3236083984375,234.84622192382812,14.587607383728027,121.81999969482422,202.99163818359375
2022-12-30,127.87931823730469,84.0,87.50675964355469,160.39743041992188,123.35433959960938,119.40298461914062,233.6866912841797,14.598594665527344,123.18000030517578,202.69891357421875
2023-01-03,123.09600830078125,85.81999969482422,88.38946533203125,161.7957763671875,124.2926025390625,123.76872253417969,233.4528045654297,14.299909591674805,108.0999984741211,202.3379669189453
2023-01-04,124.36566162109375,85.13999938964844,87.35798645019531,163.55728149414062,125.45166778564453,126.37825775146484,223.24081420898438,14.733453750610352,113.63999938964844,207.43080139160156
2023-01-05,123.04682159423828,83.12000274658203,85.4933853149414,162.34962463378906,125.42381286621094,125.95161437988281,216.62448120117188,14.249963760375977,110.33999633789062,205.96734619140625
2023-01-06,127.57420349121094,86.08000183105469,86.62405395507812,163.66622924804688,127.82386779785156,129.00759887695312,219.17747497558594,14.843338012695312,113.05999755859375,212.44557189941406
2023-01-09,128.09584045410156,87.36000061035156,87.29846954345703,159.42591857910156,127.29569244384766,128.46189880371094,221.31146240234375,15.611527442932129,119.7699966430664,213.27488708496094
2023-01-10,128.66668701171875,89.87000274658203,87.69519805908203,159.04452514648438,128.4355010986328,131.9544677734375,222.99722290039062,15.892231941223145,118.8499984741211,215.70416259765625
2023-01-11,131.38314819335938,95.08999633789062,90.76978302001953,158.79029846191406,129.3899688720703,131.8552703857422,229.74024963378906,15.984130859375,123.22000122070312,216.68960571289062
2023-01-12,131.30438232421875,95.2699966430664,90.38298034667969,157.9912567138672,129.26023864746094,135.64553833007812,232.41015625,16.49359130859375,123.55999755859375,218.172607421875
2023-01-13,132.63304138183594,98.12000274658203,91.3648681640625,157.4736785888672,132.5220489501953,135.91339111328125,233.1117401123047,16.881187438964844,122.4000015258789,217.626220703125
2023-01-17,133.79443359375,96.05000305175781,90.54167938232422,156.50216674804688,130.4741668701172,134.30604553222656,234.20314025878906,17.683340072631836,131.49000549316406,217.5676727294922
2023-01-18,133.0759735107422,95.45999908447266,90.3730697631836,154.14138793945312,126.55437469482422,131.98426818847656,229.7792205810547,17.358680725097656,128.77999877929688,214.1139373779297
2023-01-19,133.13504028320312,93.68000030517578,92.28726959228516,153.93247985839844,124.86785888671875,135.08984375,225.99844360351562,16.74732780456543,127.16999816894531,215.04078674316406
2023-01-20,135.6939697265625,97.25,97.21651458740234,153.2152099609375,125.17364501953125,138.28480529785156,234.07644653320312,17.8201961517334,133.4199981689453,218.84576416015625
2023-01-23,138.88287353515625,97.5199966430664,98.97200012207031,152.82476806640625,127.20304107666016,142.15444946289062,236.37608337402344,19.172771453857422,143.75,218.7189483642578
2023-01-24,140.2804412841797,96.31999969482422,96.89912414550781,152.82476806640625,128.29649353027344,142.0254364013672,235.84988403320312,19.24468994140625,143.88999938964844,218.43603515625
2023-01-25,139.62103271484375,97.18000030517578,94.439453125,153.9143524169922,128.91734313964844,140.39822387695312,234.4564666748047,19.302629470825195,144.42999267578125,219.42141723632812
2023-01-26,141.6878662109375,99.22000122070312,96.72059631347656,153.3513946533203,129.7142791748047,146.15306091308594,241.65745544433594,19.781126022338867,160.27000427246094,219.23605346679688
2023-01-27,143.6267852783203,102.23999786376953,98.55543518066406,152.7521209716797,130.02935791015625,150.5585174560547,241.8134002685547,20.343530654907227,177.89999389648438,225.80210876464844
2023-01-30,140.74305725097656,100.55000305175781,96.14537048339844,147.09532165527344,128.92665100097656,145.9149169921875,236.50277709960938,19.141803741455078,166.66000366210938,223.51907348632812
2023-01-31,142.0126495361328,103.12999725341797,98.02978515625,148.38465881347656,129.6957550048828,147.81007385253906,241.4723358154297,19.51640510559082,173.22000122070312,224.60205078125
2023-02-01,143.13465881347656,105.1500015258789,99.60675811767578,149.74667358398438,129.35287475585938,151.92774963378906,246.28598022460938,20.92092514038086,181.41000366210938,225.2751922607422
2023-02-02,148.4396209716797,112.91000366210938,106.8568115234375,150.3096160888672,128.75054931640625,187.3001708984375,257.8329162597656,21.68611717224121,188.27000427246094,223.9678497314453
2023-02-03,152.06155395507812,103.38999938964844,103.92108917236328,149.46514892578125,130.7428741455078,185.07762145996094,251.74273681640625,21.077754974365234,189.97999572753906,224.52398681640625
2023-02-06,149.33522033691406,102.18000030517578,102.05650329589844,148.3302001953125,131.51202392578125,184.61126708984375,250.203125,21.0667724609375,194.75999450683594,223.85081481933594
2023-02-07,152.20916748046875,102.11000061035156,106.75764465332031,148.3665008544922,133.11512756347656,190.12796020507812,260.71722412109375,22.149627685546875,196.80999755859375,225.68499755859375
2023-02-08,149.52224731445312,100.05000305175781,98.55543518066406,148.55718994140625,132.17921447753906,182.00173950195312,259.9084777832031,22.18159294128418,201.2899932861328,224.59225463867188
2023-02-09,148.4888458251953,98.23999786376953,94.23118591308594,146.55047607421875,130.1220245361328,176.53466796875,256.87799072265625,22.31345558166504,207.32000732421875,224.2012939453125
2023-02-10,148.85350036621094,97.61000061035156,93.79478454589844,147.23150634765625,130.69654846191406,172.79397583007812,256.3712463378906,21.24258041381836,196.88999938964844,222.09951782226562
2023-02-13,151.65298461914062,99.54000091552734,93.83446502685547,147.7762908935547,132.1143341064453,178.0328826904297,264.38104248046875,21.765029907226562,194.63999938964844,223.7418212890625
2023-02-14,151.01226806640625,99.69999694824219,93.90388488769531,147.13157653808594,132.69813537597656,178.08250427246094,265.2093505859375,22.94678497314453,209.25,224.24037170410156
2023-02-15,153.11187744140625,101.16000366210938,96.14537048339844,144.707275390625,133.25418090820312,175.7805633544922,263.0895080566406,22.740005493164062,214.24000549316406,223.78089904785156
2023-02-16,151.51498413085938,98.1500015258789,94.72709655761719,143.6812744140625,131.41934204101562,171.09732055664062,256.08544921875,21.978805541992188,202.0399932861328,220.7602996826172
2023-02-17,150.37156677246094,97.19999694824219,93.57658386230469,146.68087768554688,131.8085479736328,171.53390502929688,252.09002685546875,21.365455627441406,208.30999755859375,218.54122924804688
2023-02-21,146.3596649169922,94.58000183105469,91.0375747680664,144.4951934814453,129.3899688720703,170.74012756347656,246.82472229003906,20.63322639465332,197.3699951171875,215.66725158691406
2023-02-22,146.7835235595703,95.79000091552734,90.89872741699219,144.29397583007812,128.39840698242188,169.78759765625,245.69149780273438,20.73212432861328,200.86000061035156,215.08071899414062
2023-02-23,147.26649475097656,95.81999969482422,90.14495086669922,144.24822998046875,129.42703247070312,170.70042419433594,248.87612915039062,23.639053344726562,202.07000732421875,216.16580200195312
2023-02-24,144.6149444580078,93.5,88.39938354492188,142.638671875,130.5946044921875,169.06329345703125,243.45452880859375,23.261457443237305,196.8800048828125,214.6212615966797
2023-02-27,145.80764770507812,93.76000213623047,89.13330841064453,142.32774353027344,131.73443603515625,168.21990966796875,244.3727569580078,23.476226806640625,207.6300048828125,215.40333557128906
2023-02-28,145.30494689941406,94.2300033569336,89.32176971435547,140.16030883789062,132.837158203125,173.57786560058594,243.64988708496094,23.1915283203125,205.7100067138672,215.0025177001953
2023-03-01,143.23492431640625,92.16999816894531,89.61930084228516,139.529296875,132.09580993652344,172.06968688964844,240.57276916503906,22.674070358276367,202.77000427246094,213.4580078125
2023-03-02,143.8263702392578,92.12999725341797,91.245849609375,139.41952514648438,130.72434997558594,173.17105102539062,245.30079650878906,23.289426803588867,190.89999389648438,214.14227294921875
2023-03-03,148.87327575683594,94.9000015258789,92.88233184814453,140.85536193847656,133.12440490722656,183.80758666992188,249.38409423828125,23.864818572998047,197.7899932861328,218.74652099609375
2023-03-06,151.63327026367188,93.75,94.3501968383789,142.2637481689453,132.3460235595703,183.46029663085938,250.92752075195312,23.529170989990234,193.80999755859375,221.65965270996094
2023-03-07,149.43511962890625,93.55000305175781,93.09060668945312,140.91934204101562,128.4540252685547,183.07333374023438,248.27044677734375,23.26740837097168,187.7100067138672,218.16000366210938
2023-03-08,150.68698120117188,93.91999816894531,93.47740936279297,139.88597106933594,127.69416809082031,183.52975463867188,247.8308868408203,24.15961265563965,182.0,217.20201110839844
2023-03-09,148.43951416015625,92.25,91.563232421875,138.31297302246094,120.78125,180.27529907226562,246.4827880859375,23.415273666381836,172.9199981689453,215.0709228515625
2023-03-10,146.37939453125,90.7300033569336,89.88707733154297,138.65135192871094,123.84851837158203,178.1122589111328,242.83909606933594,22.94468879699707,173.44000244140625,211.28781127929688
2023-03-13,148.32127380371094,92.43000030517578,90.36315155029297,139.97738647460938,121.62452697753906,179.49143981933594,248.0457763671875,22.94568634033203,174.47999572753906,209.6553192138672
2023-03-14,150.41094970703125,94.87999725341797,93.19969177246094,140.76390075683594,124.74735260009766,192.50929260253906,254.7568817138672,24.041717529296875,183.25999450683594,213.75125122070312
2023-03-15,150.80528259277344,96.19999694824219,95.32217407226562,141.15716552734375,118.85379028320312,196.21026611328125,259.29931640625,24.20656967163086,180.4499969482422,211.5126495361328
2023-03-16,153.62440490722656,100.04000091552734,99.49764251708984,140.86451721191406,121.16119384765625,203.33433532714844,269.8103942871094,25.51841163635254,184.1300048828125,212.5684051513672
2023-03-17,152.7865753173828,98.94999694824219,100.78699493408203,139.3555450439453,116.58348083496094,194.08689880371094,272.9656677246094,25.70224952697754,180.1300048828125,212.509765625
2023-03-20,155.15228271484375,97.70999908447266,100.39028930664062,140.7364501953125,117.81593322753906,196.26979064941406,265.93218994140625,25.87708854675293,183.25,213.25270080566406
2023-03-21,157.0054473876953,100.61000061035156,104.0599365234375,140.7364501953125,120.97586059570312,200.58592224121094,267.44635009765625,26.17582893371582,197.5800018310547,216.9674072265625
2023-03-22,155.57615661621094,98.69999694824219,102.52265167236328,138.1392364501953,117.85298919677734,198.25421142578125,265.9908142089844,26.444591522216797,191.14999389648438,215.1002655029297
2023-03-23,156.6604461669922,98.70999908447266,104.734375,138.2123565673828,117.53793334960938,202.6894073486328,271.23663330078125,27.16695213317871,192.22000122070312,217.59303283691406
2023-03-24,157.9615936279297,98.12999725341797,104.57569885253906,139.60244750976562,115.74948120117188,204.40591430664062,274.07928466796875,26.755313873291016,190.41000366210938,216.0778045654297
2023-03-27,156.01971435546875,98.04000091552734,101.62010955810547,140.19692993164062,119.06694030761719,201.2606201171875,269.9862060546875,26.507535934448242,191.80999755859375,216.8305206298828
2023-03-28,155.39871215820312,97.23999786376953,100.20182037353516,138.8433837890625,119.42832946777344,199.117431640625,268.86279296875,26.386638641357422,189.19000244140625,215.38375854492188
2023-03-29,158.47415161132812,100.25,100.55886840820312,140.20602416992188,119.66926574707031,203.75106811523438,274.0206604003906,26.960132598876953,193.8800048828125,218.28709411621094
2023-03-30,160.04147338867188,102.0,100.06297302246094,140.31578063964844,119.30786895751953,206.2216796875,277.47882080078125,27.358776092529297,195.27999877929688,217.3681640625
2023-03-31,162.545166015625,103.29000091552734,102.87969970703125,141.7515869140625,120.7534408569336,210.2897491455078,281.63043212890625,27.75243377685547,207.4600067138672,220.39859008789062
2023-04-03,163.79702758789062,102.41000366210938,103.50454711914062,143.4434814453125,120.61445617675781,211.41098022460938,280.585205078125,27.940261840820312,194.77000427246094,223.85910034179688
2023-04-04,163.2647705078125,103.94999694824219,103.86158752441406,144.9432830810547,119.00205993652344,213.04812622070312,280.5363464355469,27.4287166595459,192.5800018310547,222.54917907714844
2023-04-05,161.4214630126953,101.0999984741211,103.61363983154297,151.4547119140625,119.17950439453125,209.83335876464844,277.7619934082031,26.85722541809082,185.52000427246094,223.0477752685547
2023-04-06,162.30862426757812,102.05999755859375,107.53125762939453,151.03402709960938,119.04876708984375,214.41737365722656,284.8540954589844,27.013084411621094,185.05999755859375,220.9166717529297
2023-04-10,159.71615600585938,102.16999816894531,105.56749725341797,150.2749786376953,119.44100952148438,213.07786560058594,282.6952209472656,27.554607391357422,184.50999450683594,221.3468017578125
2023-04-11,158.50375366210938,99.91999816894531,104.48641204833984,150.22926330566406,120.02938842773438,212.18490600585938,276.2869567871094,27.14497184753418,186.7899932861328,223.32147216796875
2023-04-12,157.81373596191406,97.83000183105469,103.78224182128906,149.90914916992188,120.01072692871094,212.3336944580078,276.93170166015625,26.471569061279297,180.5399932861328,222.69583129882812
2023-04-13,163.19577026367188,102.4000015258789,106.54937744140625,151.9119873046875,120.46834564208984,218.63424682617188,283.134765625,26.439594268798828,185.89999389648438,227.4662628173828
2023-04-14,162.8507537841797,102.51000213623047,107.97756958007812,151.66506958007812,129.56488037109375,219.76541137695312,279.5203552246094,26.734329223632812,185.0,228.76644897460938
2023-04-17,162.87046813964844,102.73999786376953,105.1013412475586,151.50961303710938,130.59219360351562,217.1558837890625,282.1188659667969,26.978118896484375,187.0399932861328,228.23854064941406
2023-04-18,164.09278869628906,102.30000305175781,103.64337921142578,147.2478790283203,132.05845642089844,216.1934356689453,281.6988220214844,27.64253044128418,184.30999755859375,228.35586547851562
2023-04-19,165.2362060546875,104.30000305175781,103.32601928710938,148.63800048828125,131.890380859375,214.0204620361328,281.7769775390625,27.906295776367188,180.58999633789062,227.34898376464844
2023-04-20,164.2702178955078,103.80999755859375,104.4269027709961,149.59820556640625,131.5074462890625,211.41098022460938,279.4910888671875,27.08003044128418,162.99000549316406,229.3334197998047
2023-04-21,162.66348266601562,106.95999908447266,104.54592895507812,148.78431701660156,131.2552947998047,211.2323455810547,279.1492004394531,27.095012664794922,165.0800018310547,228.79574584960938
2023-04-24,162.96905517578125,106.20999908447266,105.1013412475586,149.6896514892578,131.4327392578125,211.13314819335938,275.2514953613281,27.018081665039062,162.5500030517578,227.53469848632812
2023-04-25,161.43130493164062,102.56999969482422,102.99871063232422,151.0614776611328,128.57489013671875,205.9339141845703,269.04840087890625,26.217792510986328,160.6699981689453,224.43589782714844
2023-04-26,161.4214630126953,104.9800033569336,102.85986328125,148.72027587890625,126.29608917236328,207.76953125,288.536865234375,26.932159423828125,153.75,223.0281982421875
2023-04-27,166.00506591796875,109.81999969482422,106.70806121826172,149.0677947998047,127.995849609375,236.7024688720703,297.7780456542969,27.20191764831543,160.19000244140625,223.86888122558594
2023-04-28,167.2569122314453,105.44999694824219,106.4601058959961,149.7079620361328,129.1072540283203,238.4488067626953,300.15179443359375,27.724456787109375,164.30999755859375,227.50538635253906
2023-05-01,167.16819763183594,102.05000305175781,106.32124328613281,149.6165313720703,131.8717041015625,241.2864990234375,298.49114990234375,28.884429931640625,161.8300018310547,227.29029846191406
2023-05-02,166.13319396972656,103.62999725341797,104.45667266845703,150.92428588867188,129.7423095703125,237.377197265625,298.3446350097656,28.185049057006836,160.30999755859375,221.8844757080078
2023-05-03,165.05877685546875,103.6500015258789,104.54592895507812,148.94891357421875,126.99655151367188,235.18438720703125,297.35797119140625,27.77741050720215,160.61000061035156,220.90692138671875
2023-05-04,163.42247009277344,104.0,103.83184051513672,148.2721710205078,125.25942993164062,231.7017364501953,298.3446350097656,27.537626266479492,161.1999969482422,220.5354766845703
2023-05-05,171.0913848876953,105.66000366210938,104.70460510253906,148.77513122558594,127.70633697509766,230.96749877929688,303.4634094238281,28.654630661010742,170.05999755859375,226.57669067382812
2023-05-08,171.02236938476562,105.83000183105469,106.8865966796875,148.436767578125,128.01455688476562,231.4536895751953,301.5096740722656,29.125215530395508,171.7899932861328,227.0166015625
2023-05-09,169.3170928955078,106.62000274658203,106.47003173828125,147.2844696044922,127.39814758300781,231.55288696289062,299.8978271484375,28.545724868774414,169.14999389648438,228.02346801757812
2023-05-10,171.08151245117188,110.19000244140625,110.8339614868164,147.8331756591797,127.4635009765625,231.26513671875,305.0849609375,28.859451293945312,168.5399932861328,226.0781707763672
2023-05-11,171.26881408691406,112.18000030517578,115.61444854736328,147.22962951660156,127.06193542480469,233.95404052734375,302.9358825683594,28.552724838256836,172.0800018310547,226.2642364501953
2023-05-12,170.34095764160156,110.26000213623047,116.54674530029297,147.0375518798828,125.24076843261719,231.9894561767578,301.8222351074219,28.31493377685547,167.97999572753906,226.62664794921875
2023-05-15,169.84739685058594,111.19999694824219,115.55493927001953,145.9126739501953,126.29608917236328,237.00015258789062,302.3009033203125,28.92738914489746,166.35000610351562,228.02728271484375
2023-05-16,169.84739685058594,113.4000015258789,118.53034973144531,145.72061157226562,125.44622039794922,236.96046447753906,304.5281677246094,29.18716049194336,166.52000427246094,225.73536682128906
2023-05-17,170.45941162109375,115.5,119.84944152832031,145.4005584716797,129.3033447265625,240.60189819335938,307.40643310546875,30.151308059692383,173.86000061035156,227.87057495117188
2023-05-18,172.7889404296875,118.1500015258789,121.8231430053711,144.9341278076172,130.2840118408203,244.92796325683594,311.8315124511719,31.64998435974121,176.88999938964844,228.80105590820312
2023-05-19,172.89749145507812,116.25,121.75370788574219,145.327392578125,129.9851531982422,243.7273406982422,311.65533447265625,31.236347198486328,180.13999938964844,228.5170135498047
2023-05-22,171.9498748779297,115.01000213623047,124.02493286132812,144.54415893554688,128.91111755371094,246.386474609375,314.4356689453125,31.14842414855957,188.8699951171875,226.5286865234375
2023-05-23,169.34400939941406,114.98999786376953,121.55532836914062,144.4888916015625,127.56624603271484,244.8188018798828,308.6399230957031,30.660858154296875,185.77000427246094,219.9663848876953
2023-05-24,169.620361328125,116.75,119.9089584350586,144.35067749023438,126.39884185791016,247.2695770263672,307.2596130371094,30.510988235473633,182.89999389648438,217.68423461914062
2023-05-25,170.75555419921875,115.0,122.46781158447266,142.27748107910156,126.70701599121094,250.7224578857422,319.0761413574219,37.9464111328125,184.47000122070312,218.791015625
2023-05-26,173.1640167236328,120.11000061035156,123.58853912353516,142.22218322753906,127.89313507080078,259.9996337890625,325.8997497558594,38.911556243896484,193.1699981689453,220.3875274658203
2023-05-30,175.0098419189453,121.66000366210938,122.65625762939453,142.24058532714844,128.37879943847656,260.47589111328125,324.25506591796875,40.07552719116211,201.16000366210938,217.0867462158203
2023-05-31,174.9605255126953,120.58000183105469,121.86280822753906,142.87637329101562,126.74440002441406,262.6588134765625,321.49432373046875,37.800540924072266,203.92999267578125,216.4893035888672
2023-06-01,177.76380920410156,122.7699966430664,122.7058334350586,142.39724731445312,128.4908447265625,270.4873352050781,325.59625244140625,39.734825134277344,207.52000427246094,221.84690856933594
2023-06-02,178.61270141601562,124.25,123.64803314208984,144.63633728027344,131.18991088867188,270.4873352050781,328.3570556640625,39.292213439941406,213.97000122070312,224.08987426757812
2023-06-05,177.26040649414062,125.30000305175781,124.97706604003906,145.88023376464844,129.9010772705078,269.2768249511719,328.88568115234375,39.13636016845703,217.61000061035156,222.11135864257812
2023-06-06,176.8951873779297,126.61000061035156,126.26640319824219,145.75123596191406,130.13455200195312,269.00897216796875,326.6732177734375,38.619815826416016,221.30999755859375,223.5315704345703
2023-06-07,175.52316284179688,121.2300033569336,121.49583435058594,146.06454467773438,131.3953857421875,261.5475769042969,316.5894470214844,37.44572067260742,224.57000732421875,220.64219665527344
2023-06-08,178.23760986328125,124.25,121.1387939453125,147.6678009033203,131.4327392578125,262.51983642578125,318.4300231933594,38.479923248291016,234.86000061035156,218.46778869628906
2023-06-09,178.62257385253906,123.43000030517578,121.2280502319336,147.43743896484375,131.69424438476562,262.88702392578125,319.9278869628906,38.739715576171875,244.39999389648438,218.96730041503906
2023-06-12,181.416015625,126.56999969482422,122.62648010253906,147.3361053466797,131.68490600585938,268.93951416015625,324.8816223144531,39.4511604309082,249.8300018310547,221.52369689941406
2023-06-13,180.94223022460938,126.66000366210938,122.81493377685547,148.11009216308594,132.63751220703125,269.2074279785156,327.2703552246094,40.989959716796875,258.7099914550781,218.81057739257812
2023-06-14,181.57395935058594,126.41999816894531,122.65625762939453,148.8656768798828,132.14254760742188,271.2215270996094,330.2563781738281,42.96341323852539,256.7900085449219,218.84979248046875
2023-06-15,183.6073455810547,127.11000061035156,124.0645980834961,150.8651580810547,133.63682556152344,279.63555908203125,340.7904357910156,42.61968994140625,255.89999389648438,221.52369689941406
2023-06-16,182.53143310546875,125.48999786376953,122.51739501953125,151.3258514404297,133.79559326171875,278.8120422363281,335.14154052734375,42.658653259277344,260.5400085449219,224.20741271972656
2023-06-20,182.62026977539062,125.77999877929688,122.09091186523438,151.23374938964844,133.11383056640625,282.1161193847656,330.951416015625,43.773780822753906,274.45001220703125,221.81752014160156
2023-06-21,181.5838165283203,124.83000183105469,119.56182861328125,151.00335693359375,132.91769409179688,279.4470520019531,326.55572509765625,43.011383056640625,259.4599914550781,222.5814971923828
2023-06-22,184.5845489501953,130.14999389648438,122.14051818847656,152.6066436767578,130.3587188720703,282.66180419921875,332.5765380859375,42.99139404296875,264.6099853515625,223.69805908203125
2023-06-23,184.2686767578125,129.3300018310547,121.33714294433594,152.47764587402344,129.67694091796875,286.4818115234375,327.98504638671875,42.17603302001953,256.6000061035156,224.83425903320312
2023-06-26,182.87692260742188,127.33000183105469,117.36992645263672,150.7730255126953,129.99447631835938,276.30169677734375,321.6998596191406,40.60026550292969,241.0500030517578,221.65103149414062
2023-06-27,185.63087463378906,129.17999267578125,117.36001586914062,150.45970153808594,130.00384521484375,284.8149108886719,327.54449462890625,41.84328842163086,250.2100067138672,222.6696319580078
2023-06-28,186.80548095703125,129.0399932861328,119.19485473632812,150.1556854248047,129.4341278076172,283.0686340332031,328.7976379394531,41.08488082885742,256.239990234375,223.2769317626953
2023-06-29,187.14111328125,127.9000015258789,118.12369537353516,151.20606994628906,133.954345703125,279.337890625,328.014404296875,40.79010772705078,257.5,229.5062713623047
2023-06-30,191.4645538330078,130.36000061035156,118.71878814697266,152.5145263671875,135.83155822753906,284.7455139160156,333.3891296386719,42.268959045410156,261.7699890136719,232.60134887695312
2023-07-03,189.9740447998047,130.22000122070312,118.91715240478516,150.51502990722656,136.92430114746094,283.7929382324219,330.89263916015625,42.3798713684082,279.82000732421875,233.08128356933594
2023-07-05,188.85862731933594,130.3800048828125,120.75199127197266,150.01744079589844,136.0121307373047,292.077880859375,331.04931640625,42.28395080566406,282.4800109863281,234.53089904785156
2023-07-06,189.33241271972656,128.36000061035156,119.12542724609375,148.9025421142578,134.66746520996094,289.71649169921875,334.1037902832031,42.07011413574219,276.5400085449219,233.97256469726562
2023-07-07,188.2169952392578,129.77999877929688,118.50060272216797,146.7371826171875,135.7300262451172,288.2678527832031,330.1387939453125,42.46979904174805,274.42999267578125,231.5924835205078
2023-07-10,186.17373657226562,127.12999725341797,115.49542236328125,146.97671508789062,136.49171447753906,291.8100280761719,324.862060546875,42.147056579589844,269.6099853515625,233.26739501953125
2023-07-11,185.65060424804688,128.77999877929688,116.17977142333984,146.1658935546875,138.62631225585938,295.9674072265625,325.48858642578125,42.37187194824219,269.7900085449219,235.6082763671875
2023-07-12,187.31875610351562,130.8000030517578,117.95510864257812,145.65908813476562,139.31275939941406,306.9313049316406,330.1192626953125,43.86771011352539,271.989990234375,237.23416137695312
2023-07-13,188.07882690429688,134.3000030517578,123.51911163330078,146.33175659179688,139.98980712890625,310.9696960449219,335.4646301269531,45.94108581542969,277.8999938964844,238.3115692138672
2023-07-14,188.22689819335938,134.67999267578125,124.39190673828125,147.30844116210938,140.83612060546875,306.46502685546875,337.990478515625,45.43348693847656,281.3800048828125,238.1646728515625
2023-07-17,191.4842529296875,133.55999755859375,123.62821197509766,146.5712890625,144.23080444335938,308.201416015625,338.4701232910156,46.42470169067383,290.3800048828125,238.9776153564453
2023-07-18,191.22763061523438,132.8300018310547,122.74549865722656,146.56210327148438,144.4940948486328,309.6202697753906,351.941162109375,47.45690155029297,293.3399963378906,235.82379150390625
2023-07-19,192.57992553710938,135.36000061035156,121.02967834472656,146.26724243164062,145.0488739013672,313.5494079589844,347.6238098144531,47.04022979736328,291.260009765625,236.4603729248047
2023-07-20,190.6353759765625,129.9600067138672,118.22288513183594,155.14979553222656,146.83555603027344,300.1644287109375,339.586181640625,45.48444747924805,262.8999938964844,234.6973876953125
2023-07-21,189.4607696533203,130.0,119.03617095947266,156.81759643554688,145.70712280273438,291.9687805175781,336.5513000488281,44.274391174316406,260.0199890136719,234.33497619628906
2023-07-24,190.26026916503906,128.8000030517578,120.5337905883789,157.6376495361328,148.57521057128906,289.3393859863281,337.8631286621094,44.57715606689453,269.05999755859375,235.79437255859375
2023-07-25,191.11904907226562,129.1300048828125,121.20821380615234,158.84471130371094,147.46560668945312,292.1771545410156,343.60992431640625,45.6433219909668,265.2799987792969,233.7864990234375
2023-07-26,191.9876708984375,128.14999389648438,128.2103271484375,159.14877319335938,148.34951782226562,296.2452697753906,330.67730712890625,45.416500091552734,264.3500061035156,232.22915649414062
2023-07-27,190.7242431640625,128.25,128.33926391601562,160.04258728027344,146.71331787109375,309.28289794921875,323.7753601074219,45.8641471862793,255.7100067138672,229.62379455566406
2023-07-28,193.30052185058594,132.2100067138672,131.4932098388672,160.7705078125,147.55023193359375,322.9457092285156,331.26470947265625,46.71348571777344,266.44000244140625,230.90689086914062
2023-07-31,193.91249084472656,133.67999267578125,131.63206481933594,154.36659240722656,148.53761291503906,316.1192626953125,328.8661804199219,46.692501068115234,267.42999267578125,232.84619140625
2023-08-01,193.08335876464844,131.69000244140625,130.47166442871094,155.61972045898438,147.80410766601562,320.1972351074219,329.2773132324219,46.470672607421875,261.07000732421875,234.85409545898438
2023-08-02,190.09246826171875,128.2100067138672,127.32764434814453,156.55960083007812,146.1302947998047,311.8626403808594,320.6229553222656,44.23442459106445,254.11000061035156,232.67970275878906
2023-08-03,188.70069885253906,128.91000366210938,127.3970718383789,157.23220825195312,147.0236358642578,310.7514343261719,319.80059814453125,44.480228424072266,259.32000732421875,233.8550567626953
2023-08-04,179.6392822265625,139.57000732421875,127.05985260009766,155.75791931152344,146.71331787109375,308.310546875,320.89703369140625,44.64509963989258,253.86000061035156,234.080322265625
2023-08-07,176.5398406982422,142.22000122070312,130.45181274414062,159.49893188476562,147.40916442871094,314.0951843261719,323.1781311035156,45.38153076171875,251.4499969482422,236.54855346679688
2023-08-08,177.4775848388672,139.94000244140625,130.32290649414062,159.57261657714844,146.58169555664062,310.2057189941406,319.203369140625,44.62911605834961,249.6999969482422,234.37413024902344
2023-08-09,175.88836669921875,137.85000610351562,128.59715270996094,159.47129821777344,144.61631774902344,302.8335876464844,315.4636535644531,42.5207633972168,242.19000244140625,234.8345184326172
2023-08-10,175.67120361328125,138.55999755859375,128.62692260742188,158.64202880859375,144.40003967285156,303.3593444824219,316.1488952636719,42.35489273071289,245.33999633789062,235.66864013671875
2023-08-11,175.73049926757812,138.41000366210938,128.49794006347656,160.1900177001953,145.2369842529297,299.2912902832031,314.2691955566406,40.823089599609375,242.64999389648438,235.55084228515625
2023-08-14,177.38116455078125,140.57000732421875,130.2534637451172,159.81222534179688,145.5378875732422,303.80584716796875,317.2356262207031,43.71882629394531,239.75999450683594,238.3573760986328
2023-08-15,175.39443969726562,137.6699981689453,128.71617126464844,159.35153198242188,141.83291625976562,299.59893798828125,315.101318359375,43.90567398071289,232.9600067138672,235.3448028564453
2023-08-16,174.52462768554688,135.07000732421875,127.64500427246094,158.84471130371094,141.23106384277344,291.99853515625,314.336181640625,43.45203399658203,225.60000610351562,234.8148651123047
2023-08-17,171.98439025878906,133.97999572753906,128.85501098632812,160.33741760253906,139.76414489746094,282.87017822265625,310.8827819824219,43.31014633178711,219.22000122070312,232.9307861328125
2023-08-18,172.46871948242188,133.22000122070312,126.41517639160156,158.9368438720703,140.08389282226562,281.0445251464844,310.4903259277344,43.26517868041992,215.49000549316406,233.7158203125
2023-08-21,173.80308532714844,134.67999267578125,127.31771850585938,154.2007293701172,140.5634002685547,287.6427001953125,315.7881774902344,46.93031311035156,231.27999877929688,234.98170471191406
2023-08-22,175.17697143554688,134.25,128.0218963623047,152.97523498535156,137.64837646484375,285.3606262207031,316.3571472167969,45.63233184814453,233.19000244140625,236.0709991455078
2023-08-23,179.0219268798828,135.52000427246094,131.284912109375,151.60231018066406,138.57928466796875,291.94891357421875,320.811279296875,47.07920455932617,236.86000061035156,237.76858520507812
2023-08-24,174.3368377685547,131.83999633789062,128.71617126464844,152.11831665039062,138.44764709472656,284.51727294921875,313.914306640625,47.12615966796875,230.0399932861328,234.9915313720703
2023-08-25,176.541015625,133.25999450683594,128.81533813476562,154.2993621826172,138.2783966064453,283.2769775390625,316.86737060546875,45.982059478759766,238.58999633789062,238.03355407714844
2023-08-28,178.1027069091797,133.13999938964844,129.93606567382812,152.4802703857422,138.75799560546875,287.99993896484375,317.57366943359375,46.79841613769531,238.82000732421875,239.2699737548828
2023-08-29,181.9871826171875,134.91000366210938,133.46690368652344,152.4988250732422,139.88636779785156,295.6697082519531,322.194580078125,48.745887756347656,257.17999267578125,240.7517547607422
2023-08-30,185.47628784179688,135.07000732421875,134.76612854003906,151.96051025390625,139.3221893310547,292.80224609375,322.5673828125,49.22552490234375,256.8999938964844,241.62509155273438
2023-08-31,185.6937255859375,138.00999450683594,135.05377197265625,150.057861328125,137.60133361816406,293.58612060546875,321.5568542480469,49.31645202636719,258.0799865722656,241.08534240722656
2023-09-01,187.26531982421875,138.1199951171875,134.5479736328125,148.9441375732422,138.06210327148438,294.072265625,322.4398498535156,48.471107482910156,245.00999450683594,243.46990966796875
2023-09-05,187.50253295898438,137.27000427246094,134.6570587158203,149.12974548339844,136.53871154785156,297.81292724609375,327.2372741699219,48.51007843017578,256.489990234375,240.7517547607422
2023-09-06,180.7911834716797,135.36000061035156,133.35780334472656,146.6516876220703,136.3130645751953,296.840576171875,326.5799255371094,47.028114318847656,251.9199981689453,241.556396484375
2023-09-07,175.50315856933594,137.85000610351562,134.15126037597656,148.5264892578125,135.14700317382812,296.3444519042969,323.66619873046875,46.20869064331055,251.49000549316406,242.51808166503906
2023-09-08,176.11595153808594,138.22999572753906,135.26205444335938,149.01837158203125,135.25050354003906,295.5705261230469,327.94366455078125,45.54015350341797,248.5,242.66525268554688
2023-09-11,177.28231811523438,143.10000610351562,135.7976531982422,150.96742248535156,135.8428955078125,305.16522216796875,331.544189453125,45.14643096923828,273.5799865722656,242.59654235839844
2023-09-12,174.25775146484375,141.22999572753906,134.23060607910156,151.8212890625,137.61074829101562,299.3111572265625,325.4909973144531,44.83864212036133,267.4800109863281,242.6750946044922
2023-09-13,172.1919708251953,144.85000610351562,135.58935546875,152.2018280029297,137.67657470703125,302.6847229003906,329.69970703125,45.453216552734375,271.29998779296875,243.19515991210938
2023-09-14,173.70423889160156,144.72000122070312,136.96798706054688,151.9698028564453,140.34715270996094,309.2928161621094,332.28985595703125,45.549156188964844,276.0400085449219,236.98355102539062
2023-09-15,172.98269653320312,140.38999938964844,136.27371215820312,149.84437561035156,139.93341064453125,297.9716491699219,323.9703369140625,43.86932373046875,274.3900146484375,236.56158447265625
2023-09-18,175.90841674804688,139.97999572753906,137.07704162597656,150.79107666015625,140.22491455078125,300.1942138671875,322.8322448730469,43.93528366088867,265.2799987792969,240.08447265625
2023-09-19,176.9956817626953,137.6300048828125,136.90843200683594,150.5404815673828,140.04624938964844,302.6946105957031,322.42999267578125,43.489585876464844,266.5,239.0050048828125
2023-09-20,173.45712280273438,135.2899932861328,132.64369201660156,151.199462890625,139.4538116455078,297.3366394042969,314.6991271972656,42.2094841003418,262.5899963378906,237.33680725097656
2023-09-21,171.91517639160156,129.3300018310547,129.37075805664062,150.039306640625,138.363037109375,293.42730712890625,313.48260498046875,40.98834228515625,255.6999969482422,232.1850128173828
2023-09-22,172.7652587890625,129.1199951171875,129.1822967529297,148.96270751953125,137.03713989257812,296.7512512207031,311.0102844238281,41.580928802490234,244.8800048828125,230.68360900878906
2023-09-25,174.04031372070312,131.27000427246094,130.03526306152344,148.7399444580078,137.71417236328125,298.48760986328125,311.5303039550781,42.19249725341797,246.99000549316406,228.9957733154297
2023-09-26,169.96804809570312,125.9800033569336,127.51611328125,147.589111328125,136.2848358154297,296.63214111328125,306.2324523925781,41.8817138671875,244.1199951171875,225.3551483154297
2023-09-27,168.4557342529297,125.9800033569336,129.46994018554688,145.81639099121094,137.08412170410156,295.4216613769531,306.8701477050781,42.43832015991211,240.5,225.20794677734375
2023-09-28,168.7127685546875,125.9800033569336,131.22543334960938,145.60292053222656,138.78616333007812,301.5932312011719,307.7041015625,43.05889129638672,246.3800048828125,227.32760620117188
2023-09-29,169.2267303466797,127.12000274658203,129.7873077392578,144.5541534423828,136.36949157714844,297.8724365234375,309.774169921875,43.46860122680664,250.22000122070312,225.70838928222656
2023-10-02,171.73727416992188,129.4600067138672,133.07017517089844,143.99725341796875,135.1940460205078,304.4309997558594,315.7096252441406,44.750709533691406,251.60000610351562,226.94488525390625
2023-10-03,170.40292358398438,124.72000122070312,131.34446716308594,144.17361450195312,134.19728088378906,298.5967712402344,307.4588317871094,43.4865837097168,246.52999877929688,224.53086853027344
2023-10-04,171.6483612060547,127.0,134.13143920898438,144.34068298339844,134.79910278320312,303.20062255859375,312.92340087890625,44.01023483276367,261.1600036621094,226.8957977294922
2023-10-05,172.88389587402344,125.95999908447266,133.9628143310547,145.84423828125,135.36746215820312,302.41680908203125,313.31585693359375,44.656768798828125,260.04998779296875,229.113525390625
2023-10-06,175.43399047851562,127.95999908447266,136.4522247314453,146.3082733154297,137.45150756835938,312.9739074707031,321.0663146972656,45.73002243041992,260.5299987792969,230.64434814453125
2023-10-09,176.91661071777344,128.25999450683594,137.28533935546875,147.14356994628906,137.13888549804688,315.8810729980469,323.5779113769531,45.24136734008789,259.6700134277344,230.0555877685547
2023-10-10,176.3235626220703,129.47999572753906,136.92828369140625,146.97653198242188,137.97250366210938,319.333984375,322.17498779296875,45.76599884033203,263.6199951171875,232.17518615722656
2023-10-11,177.71722412109375,131.8300018310547,139.39788818359375,144.95323181152344,138.44615173339844,325.2674865722656,326.1286926269531,46.773292541503906,262.989990234375,231.27239990234375
2023-10-12,178.61669921875,132.3300018310547,137.83084106445312,145.09243774414062,138.12408447265625,321.6359558105469,324.8924865722656,46.91219711303711,258.8699951171875,232.35182189941406
2023-10-13,176.77825927734375,129.7899932861328,136.23403930664062,145.5750732421875,140.19863891601562,312.23974609375,321.5274353027344,45.42923355102539,251.1199951171875,233.22518920898438
2023-10-16,176.64971923828125,132.5500030517578,137.95977783203125,146.20619201660156,140.05654907226562,318.64935302734375,326.3445129394531,46.06279373168945,253.9199981689453,235.58030700683594
2023-10-17,175.09791564941406,131.47000122070312,138.57469177246094,144.8697052001953,139.75341796875,321.4772033691406,325.77545166015625,43.907291412353516,254.85000610351562,236.6891326904297
2023-10-18,173.80308532714844,128.1300048828125,136.82911682128906,141.75123596191406,138.21878051757812,314.5019226074219,323.8623352050781,42.16651153564453,242.67999267578125,233.02891540527344
2023-10-19,173.427490234375,128.39999389648438,136.62083435058594,141.37074279785156,137.63148498535156,310.3743591308594,325.0494689941406,42.071590423583984,220.11000061035156,229.4373779296875
2023-10-20,170.8773956298828,125.16999816894531,134.4884490966797,142.0018310546875,135.41482543945312,306.2467041015625,320.48748779296875,41.35807800292969,211.99000549316406,229.01541137695312
2023-10-23,170.99598693847656,126.55999755859375,135.38107299804688,140.507568359375,133.56759643554688,311.5650329589844,323.0873718261719,42.94497299194336,212.0800018310547,227.20001220703125
2023-10-24,171.43092346191406,128.55999755859375,137.67214965820312,140.35903930664062,133.72866821289062,310.11639404296875,324.27447509765625,43.632484436035156,216.52000427246094,230.26165771484375
2023-10-25,169.11802673339844,121.38999938964844,124.5803451538086,140.67462158203125,132.99923706054688,297.1977233886719,334.2225341796875,41.74980163574219,212.4199981689453,232.42051696777344
2023-10-26,164.95677185058594,119.56999969482422,121.27764129638672,138.28936767578125,133.3402557373047,286.10479736328125,321.6844482421875,40.297821044921875,205.75999450683594,226.9546661376953
2023-10-27,166.27133178710938,127.73999786376953,121.16853332519531,135.1337890625,128.5375213623047,294.4195556640625,323.5680236816406,40.47169876098633,207.3000030517578,224.98226928710938
2023-10-30,168.31735229492188,132.7100067138672,123.43977355957031,136.46095275878906,130.17630004882812,300.3033447265625,330.9261474609375,41.13223648071289,197.36000061035156,228.7209930419922
2023-10-31,168.7918243408203,133.08999633789062,123.0628890991211,137.6768035888672,131.7298583984375,298.9242248535156,331.7109680175781,40.751502990722656,200.83999633789062,230.7032470703125
2023-11-01,171.9547576904297,137.0,125.4134521484375,138.00164794921875,131.6162109375,309.4217529296875,339.52032470703125,42.29542922973633,205.66000366210938,234.11814880371094
2023-11-02,175.5130615234375,138.07000732421875,126.44493865966797,139.4402313232422,133.96548461914062,308.4494934082031,341.7277526855469,43.4755973815918,218.50999450683594,238.70083618164062
2023-11-03,174.60369873046875,138.60000610351562,128.041748046875,140.4611358642578,135.4622039794922,312.1504211425781,346.1229248046875,44.97355270385742,219.9600067138672,239.04429626464844
2023-11-06,177.15382385253906,139.74000549316406,129.1822967529297,140.79525756835938,136.48526000976562,313.341064453125,349.7823791503906,45.719032287597656,219.27000427246094,238.93634033203125
2023-11-07,179.71383666992188,142.7100067138672,129.8964080810547,140.05276489257812,136.4189453125,316.33758544921875,353.7066345214844,45.92289352416992,222.17999267578125,240.19239807128906
2023-11-08,180.7714385986328,142.0800018310547,130.75929260253906,139.5423126220703,137.09153747558594,317.29010009765625,356.3261413574219,46.541465759277344,222.11000061035156,239.85804748535156
2023-11-09,180.29696655273438,140.60000610351562,129.17239379882812,136.8229217529297,136.68418884277344,318.0540466308594,353.8636474609375,46.917198181152344,209.97999572753906,237.62574768066406
2023-11-10,184.48348999023438,143.55999755859375,131.50311279296875,136.6651611328125,138.71141052246094,326.2100524902344,362.6737060546875,48.30122375488281,214.64999389648438,241.17578125
2023-11-13,182.8999481201172,142.58999633789062,131.00721740722656,137.0178680419922,138.09564208984375,326.6268005371094,359.7403259277344,48.58602523803711,223.7100067138672,240.6053924560547
2023-11-14,185.5128173828125,145.8000030517578,132.52467346191406,137.04568481445312,140.6154327392578,333.69134521484375,363.2622985839844,49.621299743652344,237.41000366210938,242.83770751953125
2023-11-15,186.0769500732422,143.1999969482422,133.5164794921875,138.10372924804688,141.84693908691406,330.11944580078125,363.4097900390625,48.85383605957031,242.83999633789062,243.98825073242188
2023-11-16,187.75946044921875,142.8300018310547,135.80755615234375,139.31031799316406,143.46678161621094,331.587890625,369.7997131347656,49.44542694091797,233.58999633789062,244.4406280517578
2023-11-17,187.73968505859375,145.17999267578125,134.2008514404297,139.02256774902344,144.76455688476562,332.4312744140625,363.5867614746094,49.263553619384766,234.3000030517578,245.41419982910156
2023-11-20,189.48158264160156,146.1300048828125,135.1331329345703,140.2481231689453,145.20977783203125,337.3228759765625,371.0481872558594,50.373775482177734,235.60000610351562,245.81736755371094
2023-11-21,188.67987060546875,143.89999389648438,135.8472442626953,141.38014221191406,144.90667724609375,334.356201171875,366.752197265625,49.90909957885742,241.1999969482422,248.03981018066406
2023-11-22,189.34300231933594,146.7100067138672,137.35475158691406,141.09950256347656,145.24771118164062,338.8310241699219,371.4512939453125,48.68195343017578,234.2100067138672,249.50506591796875
2023-11-24,188.01678466796875,146.74000549316406,135.56951904296875,142.67123413085938,145.44659423828125,335.59637451171875,371.038330078125,47.74262237548828,235.4499969482422,250.075439453125
2023-11-27,187.83860778808594,147.72999572753906,135.2918243408203,141.52984619140625,145.1150665283203,332.09393310546875,372.1983642578125,48.20829391479492,236.0800018310547,249.91807556152344
2023-11-28,188.44235229492188,147.02999877929688,136.0753173828125,141.8572998046875,145.44659423828125,336.3504943847656,376.2190856933594,47.78758239746094,246.72000122070312,248.73802185058594
2023-11-29,187.4229736328125,146.32000732421875,133.88343811035156,142.3063507080078,146.1855010986328,329.6134338378906,372.4343566894531,48.106361389160156,244.13999938964844,250.006591796875
2023-11-30,187.9969940185547,146.08999633789062,131.443603515625,144.69198608398438,147.85272216796875,324.60272216796875,372.4933166503906,46.73731994628906,240.0800018310547,252.4158935546875
2023-12-01,189.2737274169922,147.02999877929688,130.77911376953125,148.1722412109375,148.57264709472656,322.2908020019531,368.16778564453125,46.732322692871094,238.8300018310547,252.18972778320312
2023-12-04,187.48233032226562,144.83999633789062,128.2103271484375,148.64002990722656,149.66207885742188,317.5281982421875,362.8887939453125,45.47819900512695,235.5800018310547,250.21311950683594
2023-12-05,191.43133544921875,146.8800048828125,129.91624450683594,148.33126831054688,149.64308166503906,315.8116760253906,366.21148681640625,46.53756332397461,238.72000122070312,250.38027954101562
2023-12-06,190.34262084960938,144.52000427246094,128.95420837402344,146.52565002441406,148.0706024169922,314.97821044921875,362.55450439453125,45.47520065307617,239.3699951171875,250.06558227539062
2023-12-07,192.2725830078125,146.8800048828125,135.80755615234375,145.38430786132812,148.52528381347656,324.0470275878906,364.6680908203125,46.567527770996094,242.63999938964844,251.57020568847656
2023-12-08,193.69778442382812,147.4199981689453,133.88343811035156,144.4674835205078,150.1641082763672,330.1590881347656,367.8925476074219,47.47697830200195,243.83999633789062,251.4915008544922
2023-12-11,191.19378662109375,145.88999938964844,132.19740295410156,145.0662078857422,150.71353149414062,322.7472839355469,365.0121765136719,46.598514556884766,239.74000549316406,252.25856018066406
2023-12-12,192.70806884765625,147.47999572753906,131.43370056152344,145.0755615234375,152.05868530273438,331.61761474609375,368.03997802734375,47.627891540527344,237.00999450683594,255.24807739257812
2023-12-13,195.92466735839844,148.83999633789062,131.48330688476562,145.74916076660156,152.57020568847656,332.1335754394531,368.03021240234375,48.05862045288086,239.2899932861328,258.021240234375
2023-12-14,196.07310485839844,147.4199981689453,130.8584442138672,146.75955200195312,155.34579467773438,330.57586669921875,359.7330627441406,48.32046127319336,251.0500030517578,254.43185424804688
2023-12-15,195.53866577148438,149.97000122070312,131.5130615234375,145.15975952148438,156.5204315185547,332.31219482421875,364.45184326171875,48.86013412475586,253.5,253.7434844970703
2023-12-18,193.87591552734375,154.07000732421875,134.68679809570312,145.42172241210938,157.46768188476562,341.9366760253906,366.33929443359375,50.04640579223633,252.0800018310547,254.07781982421875
2023-12-19,194.91513061523438,153.7899932861328,135.52984619140625,146.37599182128906,159.5706787109375,347.6319885253906,366.93902587890625,49.57369613647461,257.2200012207031,255.6708984375
2023-12-20,192.8268280029297,152.1199951171875,137.2060089111328,143.3916015625,157.7708282470703,346.5603942871094,364.34368896484375,48.08161163330078,247.13999938964844,252.83871459960938
2023-12-21,192.67835998535156,153.83999633789062,139.26893615722656,144.8603973388672,158.67076110839844,351.3329162597656,367.2142333984375,48.9600715637207,254.5,255.2283935546875
2023-12-22,191.60948181152344,153.4199981689453,140.3301544189453,145.44044494628906,158.57603454589844,350.6383972167969,368.2366027832031,48.8001708984375,252.5399932861328,254.1368408203125
2023-12-26,191.06512451171875,153.41000366210938,140.3599395751953,146.0765838623047,159.51380920410156,352.067138671875,368.3152160644531,49.2488899230957,256.6099853515625,254.854736328125
2023-12-27,191.16407775878906,153.33999633789062,139.21934509277344,146.2730712890625,160.4705810546875,355.04376220703125,367.73529052734375,49.386810302734375,261.44000244140625,254.62850952148438
2023-12-28,191.5896759033203,153.3800048828125,139.0805206298828,146.4882354736328,161.32318115234375,355.5299987792969,368.92474365234375,49.49174880981445,253.17999267578125,256.0740661621094
2023-12-29,190.55047607421875,151.94000244140625,138.544921875,146.63792419433594,161.13372802734375,351.2038879394531,369.67193603515625,49.49174880981445,248.47999572753906,256.0249328613281
2024-01-02,183.73129272460938,149.92999267578125,137.0373992919922,149.6597442626953,163.00930786132812,343.5936584472656,364.5894470214844,48.13856887817383,248.4199981689453,254.5695037841797
2024-01-03,182.35557556152344,148.47000122070312,137.78121948242188,150.59532165527344,162.29885864257812,341.78778076171875,364.3240661621094,47.539939880371094,238.4499969482422,253.69432067871094
2024-01-04,180.03965759277344,144.57000732421875,135.27198791503906,150.27723693847656,163.3759307861328,344.41717529296875,361.7090759277344,47.96867752075195,237.92999267578125,255.2972412109375
2024-01-05,179.31716918945312,145.24000549316406,134.61737060546875,150.7449951171875,164.1956329345703,349.20965576171875,361.52227783203125,49.06700134277344,237.49000549316406,255.3758544921875
2024-01-08,183.65213012695312,149.10000610351562,137.70188903808594,151.11924743652344,163.9573211669922,355.86737060546875,368.3447265625,52.2210807800293,240.4499969482422,258.1785583496094
2024-01-09,183.2364501953125,151.3699951171875,139.79461669921875,151.21278381347656,162.66107177734375,354.64691162109375,369.4261169433594,53.10753631591797,234.9600067138672,258.95538330078125
2024-01-10,184.27565002441406,153.72999572753906,141.1136932373047,151.43731689453125,163.0041961669922,367.5854187011719,376.28790283203125,54.316795349121094,233.94000244140625,260.16497802734375
2024-01-11,183.6818389892578,155.17999267578125,140.91534423828125,150.7637176513672,162.3179473876953,366.7916259765625,378.11639404296875,54.788509368896484,227.22000122070312,259.643798828125
2024-01-12,184.0084228515625,154.6199951171875,141.48065185546875,151.9237823486328,161.12652587890625,371.5740966796875,381.89141845703125,54.676570892333984,218.88999938964844,259.781494140625
2024-01-16,181.7419891357422,153.16000366210938,141.32200622558594,150.17430114746094,160.1162109375,364.59881591796875,383.66094970703125,56.347557067871094,219.91000366210938,260.83367919921875
2024-01-17,180.80174255371094,151.7100067138672,140.31033325195312,150.090087890625,159.25840759277344,365.50177001953125,382.8744812011719,56.01875686645508,215.5500030517578,262.20062255859375
2024-01-18,186.69056701660156,153.5,142.30384826660156,150.81985473632812,159.5729522705078,373.2013244628906,387.20001220703125,57.07211685180664,211.8800048828125,263.6855163574219
2024-01-19,189.59043884277344,155.33999633789062,145.1800994873047,151.25953674316406,162.32749938964844,380.46429443359375,391.9186706542969,59.45465850830078,212.19000244140625,266.3996887207031
2024-01-22,191.896484375,154.77999877929688,144.7932891845703,151.99862670898438,162.13685607910156,378.8073425292969,389.7952880859375,59.617557525634766,208.8000030517578,266.6947326660156
2024-01-23,193.17320251464844,156.02000427246094,145.8346710205078,149.51007080078125,161.06935119628906,382.20074462890625,392.1448059082031,59.836421966552734,209.13999938964844,266.753662109375
2024-01-24,192.50022888183594,156.8699951171875,147.48106384277344,148.71485900878906,162.50856018066406,387.65789794921875,395.7427673339844,61.32451248168945,207.8300018310547,267.13720703125
2024-01-25,192.17361450195312,157.75,150.62506103515625,149.27618408203125,164.83421325683594,390.1185607910156,398.013671875,61.57936096191406,182.6300048828125,268.0812683105469
2024-01-26,190.44158935546875,159.1199951171875,150.94247436523438,149.22007751464844,164.2051239013672,391.0710754394531,397.08953857421875,60.993717193603516,183.25,263.48883056640625
2024-01-29,189.75868225097656,161.25999450683594,152.25164794921875,149.08908081054688,164.634033203125,397.8974914550781,402.78155517578125,62.42684555053711,190.92999267578125,269.1138000488281
2024-01-30,186.10662841796875,159.0,150.2184600830078,148.537109375,168.00811767578125,396.94500732421875,401.6706848144531,62.73564910888672,191.58999633789062,272.54583740234375
2024-01-31,182.50404357910156,155.1999969482422,138.95155334472656,148.65870666503906,166.18763732910156,387.1022033691406,390.84710693359375,61.489418029785156,187.2899932861328,268.720458984375
2024-02-01,184.93878173828125,159.27999877929688,140.0028839111328,148.1535186767578,165.587158203125,391.7060852050781,396.9421081542969,62.98849105834961,188.86000061035156,272.447509765625
2024-02-02,183.9391326904297,171.80999755859375,141.21287536621094,146.51629638671875,166.54029846191406,471.29156494140625,404.2561340332031,66.11958312988281,187.91000366210938,272.5753173828125
2024-02-05,185.75033569335938,170.30999755859375,142.50221252441406,145.758544921875,166.32107543945312,455.83282470703125,398.78045654296875,69.2896499633789,181.05999755859375,271.0019226074219
2024-02-06,187.3536834716797,169.14999389648438,142.91879272460938,147.87286376953125,166.89295959472656,451.17938232421875,398.6231689453125,68.18132019042969,185.10000610351562,272.1623229980469
2024-02-07,187.46253967285156,170.52999877929688,144.34695434570312,147.79803466796875,167.2074737548828,465.9336242675781,407.0382080078125,70.0561752319336,187.5800018310547,274.7486267089844
2024-02-08,186.38375854492188,169.83999633789062,144.71395874023438,146.3198699951172,166.60702514648438,466.3404235839844,407.09716796875,69.59844970703125,189.55999755859375,271.7043151855469
2024-02-09,187.14682006835938,174.4499969482422,147.7786102294922,146.65664672851562,166.80715942382812,464.4651184082031,413.4281311035156,72.08895111083984,193.57000732421875,272.34466552734375
2024-02-12,185.46214294433594,172.33999633789062,146.32069396972656,147.67640686035156,167.5506134033203,465.2489929199219,408.2277526855469,72.20387268066406,188.1300048828125,271.0047607421875
2024-02-13,183.37115478515625,168.63999938964844,143.9502716064453,146.38536071777344,166.09231567382812,456.5373229980469,399.4390869140625,72.08394622802734,184.02000427246094,271.7338562011719
2024-02-14,182.48919677734375,170.97999572753906,144.7436981201172,145.70240783691406,167.7793731689453,469.59490966796875,403.2998352050781,73.85487365722656,188.7100067138672,273.4579772949219
2024-02-15,182.20179748535156,169.8000030517578,141.59970092773438,147.74191284179688,171.43939208984375,480.26116943359375,400.4141540527344,72.61361694335938,200.4499969482422,276.8274841308594
2024-02-16,180.66580200195312,169.50999450683594,139.36814880371094,147.57220458984375,170.63877868652344,469.6345520019531,397.9519958496094,72.56863403320312,199.9499969482422,274.4432067871094
2024-02-20,179.92254638671875,167.0800018310547,139.96319580078125,148.8070831298828,171.3059539794922,468.0767517089844,396.7011413574219,69.40957641601562,193.75999450683594,271.0835876464844
2024-02-21,180.6757049560547,168.58999633789062,141.3814697265625,149.5800323486328,172.42111206054688,464.8784484863281,396.1003723144531,67.4307861328125,194.77000427246094,272.6698303222656
2024-02-22,182.70718383789062,174.5800018310547,142.90884399414062,151.24853515625,174.4894256591797,482.8565979003906,405.42724609375,78.49002838134766,197.41000366210938,279.5564880371094
2024-02-23,180.87387084960938,174.99000549316406,142.7799072265625,152.55885314941406,175.36627197265625,480.7707214355469,404.13702392578125,78.76884460449219,191.97000122070312,279.4087219238281
2024-02-26,179.52615356445312,174.72999572753906,136.44232177734375,151.56906127929688,174.7658233642578,478.49609375,401.37939453125,79.0436782836914,199.39999389648438,279.9505920410156
2024-02-27,180.98292541503906,173.5399932861328,137.74156188964844,151.7481689453125,174.85159301757812,483.7704162597656,401.32025146484375,78.65291595458984,199.72999572753906,278.985107421875
2024-02-28,179.78379821777344,173.16000366210938,135.26205444335938,152.2854766845703,175.73800659179688,480.7607421875,401.5566101074219,77.61554718017578,202.0399932861328,281.4087829589844
2024-02-29,179.11985778808594,176.75999450683594,137.3250274658203,152.12521362304688,177.3392333984375,486.82965087890625,407.3871154785156,79.06367492675781,201.8800048828125,278.4629821777344
2024-03-01,178.03970336914062,178.22000122070312,136.01583862304688,152.82276916503906,176.6053466796875,498.9176940917969,409.2190246582031,82.22874450683594,202.63999938964844,278.97528076171875
2024-03-04,173.52081298828125,177.5800018310547,132.25689697265625,150.67352294921875,177.93019104003906,494.83538818359375,408.6477966308594,85.18492889404297,188.13999938964844,276.38409423828125
2024-03-05,168.58570861816406,174.1199951171875,131.5824737548828,150.7960662841797,179.71255493164062,486.9190979003906,396.563232421875,85.91551971435547,180.74000549316406,275.2511291503906
2024-03-06,167.5947265625,173.50999450683594,130.32290649414062,150.2022247314453,180.6466064453125,492.74951171875,396.01177978515625,88.64996337890625,176.5399932861328,276.28558349609375
2024-03-07,167.475830078125,176.82000732421875,133.27845764160156,149.75914001464844,179.06443786621094,508.7411193847656,402.9552001953125,92.61672973632812,178.64999389648438,274.14764404296875
2024-03-08,169.1902313232422,175.35000610351562,134.30001831054688,150.37188720703125,179.3980255126953,502.5431213378906,400.0792541503906,87.47863006591797,175.33999633789062,275.9013366699219
2024-03-11,171.19200134277344,171.9600067138672,136.54147338867188,151.9838104248047,179.46473693847656,480.3337097167969,398.40496826171875,85.72561645507812,177.77000427246094,276.4136657714844
2024-03-12,171.66766357421875,175.38999938964844,137.36468505859375,153.40721130371094,180.9420928955078,496.38482666015625,409.0023498535156,91.86116790771484,177.5399932861328,279.7240295410156
2024-03-13,169.58663940429688,176.55999755859375,138.6440887451172,151.86129760742188,182.409912109375,492.2330017089844,408.8251037597656,90.83673858642578,169.47999572753906,280.9259948730469
2024-03-14,171.43975830078125,178.75,141.92698669433594,150.0796661376953,179.15972900390625,488.5182189941406,418.7920837402344,87.89439392089844,162.5,282.1772155761719
2024-03-15,171.0631866455078,174.4199981689453,140.02268981933594,149.1087188720703,181.38050842285156,480.8402404785156,410.1251220703125,87.78746032714844,163.57000732421875,278.8570251464844
2024-03-18,172.15325927734375,174.47999572753906,146.4694366455078,147.77015686035156,183.6299285888672,493.6335144042969,411.0115051269531,88.40510559082031,173.8000030517578,280.8372497558594
2024-03-19,174.49197387695312,175.89999389648438,145.82476806640625,147.251708984375,184.7069549560547,492.89849853515625,415.0396728515625,89.34758758544922,171.32000732421875,283.1033020019531
2024-03-20,177.05859375,178.14999389648438,147.52073669433594,146.82754516601562,187.12786865234375,502.1159973144531,418.80194091796875,90.32102966308594,175.66000366210938,285.0047607421875
2024-03-21,169.82443237304688,178.14999389648438,146.39007568359375,146.81808471679688,189.7299346923828,504.3409423828125,422.87933349609375,91.3834228515625,172.82000732421875,286.07867431640625
2024-03-22,170.72625732421875,178.8699951171875,149.53408813476562,146.32789611816406,187.40428161621094,506.148681640625,422.2588806152344,94.2358169555664,170.8300018310547,279.0737609863281
2024-03-25,169.3091583251953,179.7100067138672,148.83982849121094,146.3184814453125,185.6886749267578,499.6328125,416.4678039550781,94.94841766357422,172.6300048828125,277.0541076660156
2024-03-26,168.17942810058594,178.3000030517578,149.43492126464844,146.8369598388672,186.55599975585938,492.5508728027344,415.27606201171875,92.50879669189453,177.6699981689453,276.45306396484375
2024-03-27,171.7469482421875,179.8300018310547,149.63327026367188,148.90138244628906,190.16839599609375,490.5345153808594,415.0593566894531,90.19910430908203,179.8300018310547,274.89642333984375
2024-03-28,169.93345642089844,180.3800048828125,149.6927947998047,149.1181640625,190.91180419921875,482.3102722167969,414.360107421875,90.30503845214844,175.7899932861328,274.95550537109375
2024-04-01,168.4965362548828,180.97000122070312,154.2154083251953,148.73167419433594,189.61557006835938,488.0414123535156,418.1518859863281,90.3120346069336,175.22000122070312,274.1673889160156
2024-04-02,167.31727600097656,180.69000244140625,153.29302978515625,148.68455505371094,189.539306640625,494.0209045410156,415.0692138671875,89.40154266357422,166.6300048828125,274.3249816894531
2024-04-03,168.11996459960938,182.41000366210938,153.6500701904297,145.41351318359375,189.0055694580078,503.3277893066406,414.09417724609375,88.91382598876953,168.3800048828125,272.8668518066406
2024-04-04,167.29747009277344,180.0,149.2960662841797,143.75448608398438,187.56752014160156,507.47967529296875,411.5631103515625,85.85653686523438,171.11000061035156,269.95062255859375
2024-04-05,168.0505828857422,185.07000732421875,151.2499237060547,143.65078735351562,189.29315185546875,523.7891235351562,419.0875549316406,87.95836639404297,164.89999389648438,273.0442199707031
2024-04-08,166.9307861328125,185.19000244140625,153.58062744140625,142.8966522216797,190.2805938720703,515.7536010742188,418.171630859375,87.08384704589844,172.97999572753906,273.655029296875
2024-04-09,168.13978576660156,185.6699981689453,155.3163299560547,143.55650329589844,189.0055694580078,513.4194946289062,419.8360290527344,85.30584716796875,176.8800048828125,272.63043212890625
2024-04-10,166.26683044433594,185.9499969482422,154.8600616455078,141.5863800048828,187.3949432373047,516.3297119140625,416.8617248535156,86.98990631103516,171.75999450683594,270.4234924316406
2024-04-11,173.4613494873047,189.0500030517578,158.103271484375,140.25723266601562,187.35659790039062,519.6372680664062,421.46112060546875,90.56488800048828,174.60000610351562,271.6057434082031
2024-04-12,174.95774841308594,186.1300048828125,156.43704223632812,139.06005859375,175.23876953125,508.4530944824219,415.5222473144531,88.13626098632812,171.0500030517578,271.881591796875
2024-04-15,171.13253784179688,183.6199951171875,153.590576171875,139.1260528564453,175.3346710205078,496.8616638183594,407.3871154785156,85.95248413085938,161.47999572753906,267.2707824707031
2024-04-16,167.8524169921875,183.32000732421875,153.1343536376953,136.1661376953125,173.3309783935547,496.39483642578125,408.3128967285156,87.3656997680664,157.11000061035156,267.3397521972656
2024-04-17,166.48484802246094,181.27999877929688,154.19558715820312,136.46778869628906,172.6407470703125,490.8424987792969,405.6143493652344,83.98760223388672,155.4499969482422,268.6599426269531
2024-04-18,165.53347778320312,179.22000122070312,154.7311553955078,137.3821563720703,173.7624053955078,498.4210510253906,398.1587219238281,84.62324523925781,149.92999267578125,267.3594665527344
2024-04-19,163.51190185546875,174.6300048828125,152.82688903808594,139.42770385742188,178.12445068359375,477.8306579589844,393.0866394042969,76.15702819824219,147.0500030517578,265.79296875
2024-04-22,164.34429931640625,177.22999572753906,154.99893188476562,140.56826782226562,181.58529663085938,478.48626708984375,394.8988037109375,79.47314453125,142.0500030517578,268.3052978515625
2024-04-23,165.39476013183594,179.5399932861328,156.96270751953125,140.98309326171875,184.2025146484375,492.75946044921875,401.408935546875,82.37651824951172,144.67999267578125,270.0589904785156
2024-04-24,167.49566650390625,176.58999633789062,157.82559204101562,140.0121307373047,185.1036834716797,490.1769714355469,402.8763732910156,79.63206481933594,162.1300048828125,270.95556640625
2024-04-25,168.35780334472656,173.6699981689453,154.72122192382812,138.4001922607422,185.3817138671875,438.4079284667969,393.00787353515625,82.58539581298828,170.17999267578125,271.0934753417969
2024-04-26,167.77313232421875,179.6199951171875,170.5404815673828,137.7592010498047,185.4967803955078,440.3050537109375,400.1778564453125,87.68553161621094,168.2899932861328,270.4629211425781
2024-04-29,171.9352264404297,180.9600067138672,164.78802490234375,138.4001922607422,185.29542541503906,429.7068786621094,396.1692810058594,87.70750427246094,194.0500030517578,267.822509765625
2024-04-30,168.79383850097656,175.0,161.44566345214844,136.298095703125,183.81906127929688,427.2734069824219,383.444580078125,86.35326385498047,183.27999877929688,264.6402587890625
2024-05-01,167.77313232421875,179.0,162.5167999267578,142.5101776123047,183.93411254882812,436.232666015625,388.9698181152344,82.99414825439453,179.99000549316406,263.36932373046875
2024-05-02,171.46949768066406,184.72000122070312,165.25416564941406,141.3224334716797,183.7423553466797,438.70587158203125,391.82598876953125,85.76860046386719,180.00999450683594,263.655029296875
2024-05-03,181.72613525390625,186.2100067138672,165.8690948486328,140.70970153808594,182.63987731933594,448.9166564941406,400.5126647949219,88.7389144897461,181.19000244140625,264.5220031738281
2024-05-06,180.07122802734375,188.6999969482422,166.7220458984375,140.0592803955078,184.0683135986328,462.5442810058594,407.2886962890625,92.0880355834961,184.75999450683594,268.6402893066406
2024-05-07,180.75498962402344,188.75999450683594,169.84622192382812,140.19125366210938,183.82862854003906,465.0870361328125,403.1521301269531,90.50292205810547,177.80999755859375,272.3742370605469
2024-05-08,181.09194946289062,188.0,167.99156188964844,140.40805053710938,187.56752014160156,469.417724609375,404.3340148925781,90.36101531982422,174.72000122070312,273.0934753417969
2024-05-09,182.9053955078125,189.5,168.56680297851562,141.25645446777344,189.3411102294922,472.21868896484375,406.0871276855469,88.69695281982422,171.97000122070312,274.42352294921875
2024-05-10,181.6451416015625,187.47999572753906,167.2675323486328,141.31298828125,190.55865478515625,472.99346923828125,408.47052001953125,89.82730865478516,168.47000122070312,276.5909729003906
2024-05-13,184.85035705566406,186.57000732421875,167.75352478027344,142.54788208007812,190.52027893066406,464.858642578125,407.46588134765625,90.3480224609375,171.88999938964844,275.2609558105469
2024-05-14,185.9915313720703,187.07000732421875,168.9436798095703,142.69869995117188,193.18545532226562,468.6726989746094,410.2629699707031,91.30448150634766,177.5500030517578,273.63531494140625
2024-05-15,188.26397705078125,185.99000549316406,171.0959014892578,143.91473388671875,193.76065063476562,478.2975158691406,417.4360046386719,94.57662963867188,173.99000549316406,277.3397521972656
2024-05-16,188.383056640625,183.6300048828125,172.75218200683594,145.432373046875,194.10577392578125,470.04345703125,415.3739013671875,94.3057861328125,174.83999633789062,276.21453857421875
2024-05-17,188.41281127929688,184.6999969482422,174.6168212890625,145.77175903320312,196.3299560546875,468.7323913574219,414.6042785644531,92.42683410644531,177.4600067138672,276.4711608886719
2024-05-20,189.57383728027344,183.5399932861328,175.46974182128906,143.74766540527344,187.5004119873047,465.6830139160156,419.66583251953125,94.72655487060547,174.9499969482422,274.931396484375
2024-05-21,190.87379455566406,183.14999389648438,176.39210510253906,143.71917724609375,191.27767944335938,461.5013732910156,423.3164978027344,95.33220672607422,186.60000610351562,272.37493896484375
2024-05-22,189.43492126464844,183.1300048828125,174.93417358398438,145.8667755126953,190.11764526367188,464.6301574707031,424.77679443359375,94.89644622802734,180.11000061035156,272.00970458984375
2024-05-23,185.44577026367188,181.0500030517578,172.1273651123047,142.2557373046875,188.78506469726562,462.6436462402344,421.3036804199219,103.7404556274414,173.74000549316406,270.6772766113281
2024-05-24,188.52197265625,180.75,173.55555725097656,139.6614990234375,192.41851806640625,474.9998474121094,424.42156982421875,106.40895080566406,179.24000549316406,270.9338684082031
2024-05-28,188.53192138671875,182.14999389648438,174.95399475097656,137.20028686523438,191.25845336914062,476.6883850097656,424.5794677734375,113.83675384521484,176.75,267.4693603515625
2024-05-29,188.82958984375,182.02000427246094,174.45811462402344,137.25730895996094,189.9259033203125,471.1658020019531,423.44476318359375,114.76022338867188,176.19000244140625,265.37677001953125
2024-05-30,189.82192993164062,179.32000732421875,170.69918823242188,138.0555419921875,191.0955047607422,463.9050598144531,409.13818359375,110.43767547607422,178.7899932861328,267.78515625
2024-05-31,190.77455139160156,176.44000244140625,171.0859832763672,139.3764190673828,194.25918579101562,463.6864929199219,409.592041015625,109.5711669921875,178.0800018310547,268.93017578125
2024-06-03,192.54087829589844,178.33999633789062,171.75047302246094,140.3931884765625,193.48263549804688,474.2747802734375,408.0035095214844,114.93513488769531,176.2899932861328,266.87713623046875
2024-06-04,192.8584442138672,179.33999633789062,172.3654022216797,140.45021057128906,190.93252563476562,473.77813720703125,410.51953125,116.3713150024414,174.77000427246094,268.89068603515625
2024-06-05,194.3667755126953,181.27999877929688,173.97213745117188,138.7112274169922,189.11102294921875,491.7264404296875,418.3536376953125,122.3709487915039,175.0,270.9437255859375
2024-06-06,192.98741149902344,185.0,175.2812957763672,139.1388397216797,188.77549743652344,490.4352111816406,418.8567810058594,120.92975616455078,177.94000244140625,273.4508361816406
2024-06-07,195.3789520263672,184.3000030517578,173.0299072265625,139.7660369873047,191.68988037109375,489.64056396484375,418.1957702636719,120.81981658935547,177.47999572753906,275.0597229003906
2024-06-10,191.6378631591797,187.05999755859375,173.77459716796875,139.8135528564453,191.3639373779297,499.2156677246094,422.1621398925781,121.72130584716797,173.7899932861328,271.4766845703125
2024-06-11,205.56019592285156,187.22999572753906,175.3732452392578,139.46194458007812,186.33079528808594,504.0528869628906,426.9079895019531,120.85173797607422,170.66000366210938,271.1114807128906
2024-06-12,211.43478393554688,186.88999938964844,176.53500366210938,138.17906188964844,183.61773681640625,505.41363525390625,435.1761474609375,125.13966369628906,177.2899932861328,266.81781005859375
2024-06-13,212.59579467773438,183.8300018310547,173.92356872558594,138.2170867919922,185.6597442626953,500.7055969238281,435.689208984375,129.5475311279297,182.47000122070312,267.67657470703125
2024-06-14,210.8592071533203,183.66000366210938,175.5420379638672,138.30259704589844,185.77476501464844,501.2623596191406,436.666015625,131.8164520263672,178.00999450683594,267.1535339355469
2024-06-17,215.00714111328125,184.05999755859375,175.98887634277344,138.6922149658203,186.9252166748047,503.7181701660156,442.3886413574219,130.91688537597656,187.44000244140625,267.6568603515625
2024-06-18,212.6453857421875,182.80999755859375,173.85403442382812,138.4071502685547,188.86175537109375,496.61920166015625,440.3857116699219,135.5146484375,184.86000061035156,270.07513427734375
2024-06-20,208.07078552246094,186.10000610351562,175.05552673339844,140.4311981201172,190.46278381347656,498.8165283203125,439.7543029785156,130.7169647216797,181.57000732421875,273.2336730957031
2024-06-21,205.89759826660156,189.0800018310547,178.3620147705078,141.3529815673828,188.190673828125,491.9363098144531,443.77984619140625,126.5090103149414,183.00999450683594,271.6544494628906
2024-06-24,206.54258728027344,185.57000732421875,177.95489501953125,141.70455932617188,190.66409301757812,496.0425720214844,441.697998046875,118.0530776977539,182.5800018310547,272.72039794921875
2024-06-25,207.46546936035156,186.33999633789062,182.73094177246094,139.8705596923828,189.88755798339844,507.6653747558594,444.9342346191406,126.02923583984375,187.35000610351562,269.986328125
2024-06-26,211.61338806152344,193.61000061035156,182.58201599121094,139.5189666748047,189.27395629882812,510.1708679199219,446.1280822753906,126.33909606933594,196.3699951171875,270.0553894042969
2024-06-27,212.45689392089844,197.85000610351562,184.10121154785156,138.54966735839844,190.94207763671875,516.5739135742188,446.8088684082031,123.93025207519531,197.4199981689453,263.1361999511719
2024-06-28,209.0035400390625,193.25,180.8642120361328,138.89178466796875,193.9044647216797,501.322021484375,440.987548828125,123.48046112060547,197.8800048828125,259.0695495605469
2024-07-01,215.0865020751953,197.1999969482422,181.69827270507812,139.1578369140625,196.96266174316406,501.7793884277344,450.6370849609375,124.24009704589844,209.86000061035156,259.8296203613281
2024-07-02,218.5795135498047,200.0,183.93240356445312,138.76821899414062,200.20306396484375,506.5716857910156,453.1531066894531,122.61087799072266,231.25999450683594,264.7549743652344
2024-07-03,219.84970092773438,197.58999633789062,184.50833129882812,138.4451446533203,200.06883239746094,507.029052734375,454.6232604980469,128.21817016601562,246.38999938964844,265.5050964355469
2024-07-05,224.60293579101562,200.0,189.25454711914062,139.1958465576172,197.41783142089844,536.8068237304688,461.3226318359375,125.76937103271484,251.52000427246094,266.85736083984375
2024-07-08,226.07156372070312,199.2899932861328,187.6956329345703,138.24557495117188,197.78414916992188,526.27783203125,460.020263671875,128.13819885253906,252.94000244140625,262.94866943359375
2024-07-09,226.92494201660156,199.33999633789062,187.64599609375,139.73751831054688,200.1555938720703,526.953857421875,453.4096374511719,131.3166961669922,262.3299865722656,262.0010986328125
2024-07-10,231.1919403076172,199.7899932861328,189.8304443359375,141.99916076660156,200.31947326660156,531.6168823242188,460.0301513671875,134.84498596191406,263.260009765625,259.5926818847656
2024-07-11,225.823486328125,195.0500030517578,184.26007080078125,142.2557373046875,199.98208618164062,509.7532958984375,448.63421630859375,127.33860778808594,241.02999877929688,259.1485290527344
2024-07-12,228.7706756591797,194.49000549316406,183.7635955810547,142.4268035888672,197.5624237060547,496.0027770996094,447.49957275390625,129.17771911621094,248.22999572753906,262.2972106933594
2024-07-15,232.60105895996094,192.72000122070312,185.21327209472656,141.81861877441406,202.48846435546875,493.308349609375,447.904052734375,128.37811279296875,252.63999938964844,264.9721374511719
2024-07-16,233.01785278320312,193.02000427246094,182.62173461914062,143.50059509277344,205.92996215820312,486.9749755859375,443.5232849121094,126.29910278320312,256.55999755859375,265.76171875
2024-07-17,227.12342834472656,187.92999267578125,179.7421875,148.7936248779297,209.06295776367188,459.3346862792969,437.60333251953125,117.93312072753906,248.5,269.1670837402344
2024-07-18,222.45947265625,183.75,176.4357147216797,147.69126892089844,202.4209747314453,473.1150817871094,434.4953918457031,121.0316390991211,249.22999572753906,265.6630554199219
2024-07-19,222.5885009765625,183.1300048828125,176.40589904785156,146.99758911132812,202.2281951904297,474.0496826171875,431.2788391113281,117.8731689453125,239.1999969482422,262.0208740234375
2024-07-22,222.24119567871094,182.5500030517578,180.38760375976562,146.56997680664062,202.71018981933594,484.59869384765625,437.03106689453125,123.48046112060547,251.50999450683594,264.24169921875
2024-07-23,223.2831268310547,186.41000366210938,180.50674438476562,144.7739715576172,202.75840759277344,485.8812561035156,438.9156494140625,122.53092193603516,246.3800048828125,261.3595275878906
2024-07-24,216.86279296875,180.8300018310547,171.4114227294922,148.50852966308594,201.08103942871094,458.6188659667969,423.17840576171875,114.19493865966797,215.99000549316406,250.87710571289062
2024-07-25,215.8208465576172,179.85000610351562,166.09918212890625,151.7014617919922,201.15814208984375,450.8040466308594,412.8184509277344,112.22588348388672,220.25,250.4526824951172
2024-07-26,216.28721618652344,182.5,165.8211669921875,152.65171813964844,204.59963989257812,463.0234375,419.5968017578125,113.00550842285156,219.8000030517578,256.09857177734375
2024-07-29,216.56509399414062,183.1999969482422,168.33328247070312,150.67514038085938,203.2596893310547,463.0333251953125,421.0373229980469,111.53621673583984,232.10000610351562,258.2108154296875
2024-07-30,217.1207733154297,181.7100067138672,169.0879364013672,153.30743408203125,207.44342041015625,460.52783203125,417.27813720703125,103.68000030517578,222.6199951171875,259.6914367675781
2024-07-31,220.3756103515625,186.97999572753906,170.32911682128906,150.00045776367188,205.13949584960938,472.1009521484375,412.7691345214844,116.96359252929688,232.07000732421875,262.2281494140625
2024-08-01,216.68417358398438,184.07000732421875,169.55459594726562,152.7657470703125,200.47372436523438,494.8792419433594,411.5456848144531,109.1573715209961,216.86000061035156,262.4847412109375
2024-08-02,218.17263793945312,167.89999389648438,165.48355102539062,155.97764587402344,191.97120666503906,485.33441162109375,403.0406494140625,107.21829223632812,207.6699981689453,263.1263122558594
2024-08-05,207.66392517089844,161.02000427246094,158.12586975097656,153.2313995361328,187.8838348388672,472.9958190917969,389.8786315917969,100.40159606933594,198.8800048828125,253.11767578125
2024-08-06,205.6395721435547,161.92999267578125,157.17263793945312,151.0647430419922,193.12802124023438,491.250244140625,394.2790832519531,104.19976806640625,200.63999938964844,254.9141082763672
2024-08-07,208.209716796875,162.77000427246094,157.81805419921875,150.9982452392578,193.1858673095703,486.1099853515625,393.1148681640625,98.86233520507812,191.75999450683594,253.1966552734375
2024-08-08,211.6728973388672,165.8000030517578,160.88621520996094,152.25257873535156,196.714111328125,506.700927734375,397.31805419921875,104.9194107055664,198.83999633789062,256.4637756347656
2024-08-09,214.58045959472656,166.94000244140625,162.51466369628906,152.63267517089844,198.39146423339844,514.7942504882812,400.6036071777344,104.69952392578125,200.0,256.9088439941406
2024-08-12,216.11038208007812,166.8000030517578,161.14439392089844,151.9295196533203,198.76744079589844,512.9846801757812,401.383056640625,108.96745300292969,197.49000549316406,257.0373840332031
2024-08-13,219.82598876953125,170.22999572753906,163.00120544433594,150.5135955810547,200.4544219970703,525.5022583007812,408.4870300292969,116.08402252197266,207.8300018310547,257.2747497558594
2024-08-14,220.27304077148438,170.10000610351562,159.23793029785156,150.59912109375,202.67166137695312,523.7325439453125,411.2989807128906,118.02310180664062,201.3800048828125,258.2737121582031
2024-08-15,223.25347900390625,177.58999633789062,160.161376953125,151.1787872314453,203.93446350097656,534.2417602539062,416.162109375,122.80078887939453,214.13999938964844,263.8715515136719
2024-08-16,224.57479858398438,177.05999755859375,161.8096923828125,151.46388244628906,206.26736450195312,524.388671875,413.6316833496094,124.51996612548828,216.1199951171875,264.4451904296875
2024-08-19,224.41583251953125,178.22000122070312,165.4934844970703,151.69195556640625,207.694091796875,526.2379760742188,416.6563415527344,129.93736267089844,222.72000122070312,263.5451965332031
2024-08-20,225.03179931640625,178.8800048828125,165.9998779296875,152.19558715820312,206.79757690429688,523.7025756835938,419.8885192871094,127.18869018554688,221.10000610351562,265.09796142578125
2024-08-21,224.92250061035156,180.11000061035156,164.67929077148438,153.40243530273438,206.8747100830078,532.0841674804688,419.23614501953125,128.4380645751953,223.27000427246094,265.2561950683594
2024-08-22,223.06471252441406,176.1300048828125,162.6437530517578,154.2766876220703,208.83160400390625,528.8727416992188,410.74542236328125,123.68036651611328,210.66000366210938,264.9990234375
2024-08-23,225.35963439941406,177.0399932861328,164.45089721679688,155.96817016601562,210.45114135742188,524.9652709960938,411.9711608886719,129.30764770507812,220.32000732421875,264.5045471191406
2024-08-26,225.69740295410156,175.5,164.98707580566406,156.42430114746094,211.28016662597656,518.1249389648438,408.7092590332031,126.39904022216797,213.2100067138672,265.26605224609375
2024-08-27,226.54185485839844,173.1199951171875,163.51751708984375,156.0221710205078,212.25379943847656,516.116455078125,409.05523681640625,128.23817443847656,209.2100067138672,267.74853515625
2024-08-28,225.0119171142578,170.8000030517578,161.700439453125,156.95091247558594,213.32383728027344,513.8098754882812,405.85272216796875,125.54946899414062,205.75,266.23529052734375
2024-08-29,228.2904052734375,172.1199951171875,160.6379852294922,157.24771118164062,214.21075439453125,515.2415771484375,408.3435363769531,117.5333251953125,206.27999877929688,271.3090515136719
2024-08-30,227.5055389404297,178.5,162.22671508789062,158.80845642089844,216.70748901367188,518.3138427734375,412.3171081542969,119.31248474121094,214.11000061035156,273.3365478515625
2024-09-03,221.31619262695312,176.25,156.2491912841797,160.0531768798828,212.36947631835938,508.81866455078125,404.7060852050781,107.94795227050781,210.60000610351562,275.48272705078125
2024-09-04,219.4087371826172,173.3300018310547,155.3456268310547,160.24464416503906,211.4344024658203,509.79302978515625,404.1723327636719,106.1588134765625,219.41000366210938,277.4112548828125
2024-09-05,220.92872619628906,177.88999938964844,156.1300506591797,157.9754180908203,209.79562377929688,513.889404296875,403.668212890625,107.15833282470703,230.1699981689453,275.56182861328125
2024-09-06,219.37893676757812,171.38999938964844,149.85467529296875,157.39137268066406,204.8117218017578,497.39471435546875,397.0556335449219,102.78044128417969,210.72999572753906,276.3035583496094
2024-09-09,219.46832275390625,175.39999389648438,147.85621643066406,159.52655029296875,209.005126953125,501.8888244628906,401.0291442871094,106.41868591308594,216.27000427246094,282.4750671386719
2024-09-10,218.67356872558594,179.5500030517578,147.80650329589844,160.26382446289062,198.16012573242188,501.8888244628906,409.4111328125,108.04788970947266,226.1699981689453,282.2080383300781
2024-09-11,221.20692443847656,184.52000427246094,150.29214477539062,157.81265258789062,199.7699737548828,508.88824462890625,418.1488952636719,116.85365295410156,228.1300048828125,280.84320068359375
2024-09-12,221.31619262695312,187.0,153.8018798828125,157.6403045654297,199.1626739501953,522.5791625976562,422.06304931640625,119.09276580810547,229.80999755859375,282.23773193359375
2024-09-13,221.0479736328125,186.49000549316406,156.5559539794922,158.48289489746094,196.9647674560547,521.6047973632812,425.611572265625,119.05278015136719,230.2899932861328,284.1960144042969
2024-09-16,214.90829467773438,184.88999938964844,157.1525115966797,159.890380859375,200.3773193359375,530.7208862304688,426.3529052734375,116.73370361328125,226.77999877929688,287.29168701171875
2024-09-17,215.3751983642578,186.8800048828125,158.40528869628906,159.9669952392578,201.71726989746094,533.7462768554688,430.1188659667969,115.54417419433594,227.8699951171875,288.35980224609375
2024-09-18,219.24977111816406,186.42999267578125,158.8924560546875,159.08609008789062,200.05918884277344,535.368408203125,425.82904052734375,113.32505798339844,227.1999969482422,285.31365966796875
2024-09-19,227.3763885498047,189.8699951171875,161.2091064453125,157.81265258789062,202.9029998779297,556.4168701171875,433.6179504394531,117.82327270507812,243.9199981689453,282.109130859375
2024-09-20,226.7107391357422,191.60000610351562,162.65077209472656,157.18072509765625,203.49102783203125,558.6561279296875,430.2374572753906,115.95401000976562,238.25,281.6443176269531
2024-09-23,224.99205017089844,193.8800048828125,160.9207763671875,156.28067016601562,203.8284454345703,561.7013549804688,428.497802734375,116.21392059326172,250.0,285.4619445800781
2024-09-24,225.88616943359375,193.9600067138672,161.3582305908203,155.85939025878906,203.97303771972656,560.6266479492188,424.2079772949219,120.82208251953125,254.27000427246094,269.7859191894531
2024-09-25,224.89271545410156,192.52999877929688,160.56283569335938,153.77207946777344,202.62344360351562,565.5827026367188,427.1139831542969,123.4610366821289,257.0199890136719,266.6705017089844
2024-09-26,226.0352020263672,191.16000366210938,161.79571533203125,154.52847290039062,202.2281951904297,565.114990234375,426.3232116699219,123.9908218383789,254.22000122070312,268.7078857421875
2024-09-27,226.3034210205078,187.97000122070312,163.00869750976562,154.53802490234375,202.92227172851562,564.6373291015625,423.0712890625,121.35187530517578,260.4599914550781,272.14971923828125
2024-09-30,231.47943115234375,186.3300018310547,164.89781188964844,155.16998291015625,203.2693328857422,569.6929321289062,425.324951171875,121.39185333251953,261.6300048828125,271.93206787109375
2024-10-01,224.73377990722656,185.1300048828125,166.03125,155.10296630859375,199.58680725097656,573.7034301757812,415.8260498046875,116.95360565185547,258.0199890136719,274.5530090332031
2024-10-02,225.300048828125,184.75999450683594,164.90774536132812,154.3178253173828,199.82785034179688,570.0610961914062,412.30718994140625,118.80288696289062,249.02000427246094,273.95965576171875
2024-10-03,224.19728088378906,181.9600067138672,164.90774536132812,153.6763153076172,197.8419647216797,579.9733276367188,411.7240295410156,122.80130004882812,240.66000366210938,273.8211364746094
2024-10-04,225.31988525390625,186.50999450683594,166.100830078125,153.4752197265625,204.86412048339844,593.080078125,411.2495422363281,124.8704833984375,250.0800018310547,274.87939453125
2024-10-07,220.24325561523438,180.8000030517578,162.0442657470703,152.74754333496094,204.5828399658203,581.9736938476562,404.80499267578125,127.66937255859375,240.8300018310547,270.78485107421875
2024-10-08,224.29660034179688,182.72000122070312,163.4362335205078,152.9007568359375,204.40826416015625,590.0447387695312,409.9151916503906,132.83731079101562,244.5,271.9420471191406
2024-10-09,228.04200744628906,185.1699981689453,160.93069458007812,153.8199462890625,206.99790954589844,587.67626953125,412.63336181640625,132.597412109375,241.0500030517578,273.8903503417969
2024-10-10,227.5452880859375,186.64999389648438,161.14944458007812,153.68588256835938,206.4353790283203,581.0282592773438,411.0321350097656,134.75656127929688,238.77000427246094,274.4244689941406
2024-10-11,226.0650177001953,188.82000732421875,162.30279541015625,154.59552001953125,215.60101318359375,587.118896484375,411.5065612792969,134.74656677246094,217.8000030517578,274.79034423828125
2024-10-14,229.79052734375,187.5399932861328,164.0128936767578,154.72955322265625,214.8153839111328,587.5866088867188,414.2939453125,138.01527404785156,219.16000366210938,277.59918212890625
2024-10-15,232.32388305664062,187.69000244140625,164.51004028320312,157.12326049804688,215.697998046875,583.4564819335938,413.8985900878906,131.54783630371094,219.57000732421875,276.2245178222656
2024-10-16,230.2673797607422,186.88999938964844,164.21176147460938,157.2956085205078,216.910400390625,574.0220336914062,411.3088684082031,135.6661834716797,221.3300018310547,284.3641052246094
2024-10-17,230.63497924804688,187.52999877929688,161.9945526123047,157.47752380371094,217.6669158935547,574.161376953125,411.9019470214844,136.87571716308594,220.88999938964844,287.2026672363281
2024-10-18,233.46636962890625,188.99000549316406,162.4817352294922,158.0998992919922,218.58831787109375,573.7034301757812,413.3253173828125,137.94529724121094,220.6999969482422,287.43011474609375
2024-10-21,234.9367218017578,189.07000732421875,163.12802124023438,155.90725708007812,216.28965759277344,572.39990234375,413.9381408691406,143.6530303955078,218.85000610351562,283.7015380859375
2024-10-22,234.32078552246094,189.6999969482422,164.19186401367188,156.5009002685547,217.37594604492188,579.2169799804688,422.56719970703125,143.5330810546875,217.97000122070312,281.66412353515625
2024-10-23,229.25404357910156,184.7100067138672,161.8454132080078,158.80845642089844,216.6873321533203,560.9849243164062,419.69085693359375,139.50466918945312,213.64999389648438,280.6453857421875
2024-10-24,229.0653076171875,186.3800048828125,161.7857666015625,156.71153259277344,218.21005249023438,565.0553588867188,419.8193359375,140.35433959960938,260.4800109863281,280.111328125
2024-10-25,229.89981079101562,187.8300018310547,164.3211212158203,154.04017639160156,215.6204071044922,570.4990234375,423.1997985839844,141.48388671875,269.19000244140625,278.6376953125
2024-10-28,231.87681579589844,188.38999938964844,165.76280212402344,154.72955322265625,218.7144012451172,575.3854370117188,421.6578369140625,140.4643096923828,262.510009765625,281.0706787109375
2024-10-29,232.1450653076172,190.8300018310547,168.705810546875,153.2837371826172,216.19265747070312,590.4329833984375,426.95587158203125,141.19400024414062,259.5199890136719,278.78607177734375
2024-10-30,228.59835815429688,192.72999572753906,173.45834350585938,153.78163146972656,217.6572265625,588.9600219726562,427.5291442871094,139.28475952148438,257.54998779296875,286.9751281738281
2024-10-31,224.4357147216797,186.39999389648438,170.12759399414062,153.0635223388672,215.2421417236328,564.856201171875,401.6518249511719,132.70736694335938,249.85000610351562,286.6685485839844
2024-11-01,221.4552764892578,197.92999267578125,170.30654907226562,153.32205200195312,216.23147583007812,564.438232421875,405.6253662109375,135.34632873535156,248.97999572753906,287.54876708984375
2024-11-04,220.56114196777344,195.77999877929688,168.26832580566406,151.5124053955078,213.16653442382812,557.9893188476562,403.7374267578125,135.99607849121094,242.83999633789062,288.6466064453125
2024-11-05,221.9917449951172,199.5,168.7654571533203,151.61773681640625,214.82510375976562,569.6829833984375,406.7027587890625,139.8545379638672,251.44000244140625,290.0708312988281
2024-11-06,221.2665252685547,207.08999633789062,175.49659729003906,151.167724609375,239.62564086914062,569.3048095703125,415.3219299316406,145.5522918701172,288.5299987792969,304.02593994140625
2024-11-07,225.99545288085938,210.0500030517578,179.71224975585938,150.0666046142578,229.2670440673828,588.8605346679688,420.5111999511719,148.8209991455078,296.9100036621094,302.4434814453125
2024-11-08,225.7269287109375,208.17999267578125,177.32601928710938,148.86016845703125,229.84896850585938,586.5117797851562,417.6546936035156,147.5714569091797,321.2200012207031,304.4907531738281
2024-11-11,223.01174926757812,206.83999633789062,179.31454467773438,148.4484405517578,232.08946228027344,580.371337890625,413.17706298828125,145.20240783691406,350.0,307.50732421875
2024-11-12,223.01174926757812,208.91000366210938,180.57723999023438,146.15048217773438,232.35133361816406,582.013427734375,418.13897705078125,148.23118591308594,328.489990234375,307.0316467285156
2024-11-13,223.89691162109375,214.10000610351562,177.8529815673828,146.72496032714844,233.9031982421875,577.2166137695312,420.28387451171875,146.21200561523438,330.239990234375,306.6650390625
2024-11-14,226.98007202148438,211.47999572753906,174.5719451904297,145.4132080078125,234.59182739257812,574.3901977539062,421.95440673828125,146.7018280029297,311.17999267578125,305.44622802734375
2024-11-15,223.77755737304688,202.61000061035156,171.49969482421875,147.45266723632812,237.92828369140625,551.4210205078125,410.20184326171875,141.9237060546875,320.7200012207031,306.8235778808594
2024-11-18,226.7811737060547,201.6999969482422,174.29354858398438,148.18992614746094,237.65675354003906,551.739501953125,410.9530334472656,140.09442138671875,338.739990234375,309.3206481933594
2024-11-19,227.0397491455078,204.61000061035156,177.0973358154297,146.49514770507812,235.77511596679688,558.3974609375,412.9595947265625,146.95172119140625,346.0,309.0134582519531
2024-11-20,227.75584411621094,202.8800048828125,174.96963500976562,146.60049438476562,233.53463745117188,562.8060302734375,410.6861572265625,145.83216857910156,342.0299987792969,304.5940246582031
2024-11-21,227.27845764160156,198.3800048828125,166.66758728027344,148.88888549804688,237.3948516845703,560.3878173828125,408.913330078125,146.6118621826172,339.6400146484375,307.08123779296875
2024-11-22,228.62110900878906,197.1199951171875,163.81405639648438,148.5729217529297,241.07081604003906,556.4567260742188,413.00372314453125,141.8937225341797,352.55999755859375,307.1009826660156
2024-11-25,231.6048126220703,201.4499969482422,166.68743896484375,149.15699768066406,242.75845336914062,562.3980102539062,414.776611328125,135.96607971191406,338.5899963378906,310.3412780761719
2024-11-26,233.7829132080078,207.86000061035156,168.14901733398438,149.1376953125,242.44808959960938,570.7875366210938,423.888427734375,136.86573791503906,338.2300109863281,308.9837646484375
2024-11-27,233.65362548828125,205.74000549316406,168.25839233398438,149.9870147705078,242.27349853515625,566.4684448242188,418.93634033203125,135.2863311767578,332.8900146484375,311.8375244140625
2024-11-29,236.04058837890625,207.88999938964844,167.97998046875,149.610595703125,242.20562744140625,571.5639038085938,419.4018249511719,138.19520568847656,345.1600036621094,312.2140808105469
2024-12-02,238.28826904296875,210.7100067138672,170.5054168701172,149.4079132080078,238.84002685546875,589.9850463867188,426.8497619628906,138.57504272460938,357.0899963378906,313.7698059082031
2024-12-03,241.3316650390625,213.44000244140625,170.35629272460938,147.0529327392578,237.4530792236328,610.7051391601562,427.0676574707031,140.20440673828125,351.4200134277344,310.16290283203125
2024-12-04,241.68971252441406,218.16000366210938,173.36888122558594,145.228759765625,236.07577514648438,610.8345336914062,433.22802734375,145.0824737548828,357.92999267578125,307.08123779296875
2024-12-05,241.71954345703125,220.5500030517578,171.6488037109375,144.31185913085938,238.09320068359375,606.0078125,438.3782043457031,145.0124969482422,369.489990234375,306.2686462402344
2024-12-06,241.5206298828125,227.02999877929688,173.70693969726562,144.1091766357422,239.91664123535156,620.776611328125,439.319091796875,142.3933563232422,389.2200012207031,308.18109130859375
2024-12-09,245.40939331054688,226.08999633789062,174.56297302246094,144.38905334472656,236.47344970703125,610.62548828125,441.7456359863281,138.7645263671875,389.7900085449219,305.4957580566406
2024-12-10,246.4238739013672,225.0399932861328,184.31788635253906,144.0319366455078,235.5520477294922,616.3479614257812,439.0814208984375,135.0257568359375,400.989990234375,309.5386657714844
2024-12-11,245.15081787109375,230.25999450683594,194.5007781982422,141.53216552734375,236.20187377929688,629.643798828125,444.6871337890625,139.2643585205078,424.7699890136719,310.9358215332031
2024-12-12,246.6128387451172,228.97000122070312,191.07664489746094,141.1461181640625,234.26205444335938,627.7628173828125,445.2516784667969,137.2949981689453,418.1000061035156,311.371826171875
2024-12-13,246.7819061279297,227.4600067138672,188.9464874267578,141.51284790039062,232.7198944091797,617.3729248046875,442.983642578125,134.20602416992188,436.2300109863281,311.8771667480469
2024-12-16,249.67608642578125,232.92999267578125,195.75498962402344,138.83937072753906,232.37074279785156,621.745361328125,447.26226806640625,131.95675659179688,463.0199890136719,313.0167541503906
2024-12-17,252.10281372070312,231.14999389648438,194.52069091796875,141.31019592285156,231.18743896484375,616.964599609375,450.1047058105469,130.3472900390625,479.8599853515625,315.4047546386719
2024-12-18,246.7023468017578,220.52000427246094,187.5330047607422,139.7080078125,223.4378662109375,594.8035888671875,433.1983337402344,128.86778259277344,440.1300048828125,306.9622802734375
2024-12-19,248.43287658691406,223.2899932861328,187.64248657226562,138.57876586914062,225.94992065429688,593.1900024414062,432.8417663574219,130.63717651367188,436.1700134277344,312.0158996582031
2024-12-20,253.1073760986328,224.9199981689453,190.52915954589844,139.43775939941406,230.45033264160156,582.9111938476562,432.4159240722656,134.65586853027344,421.05999755859375,314.82012939453125
2024-12-23,253.8831329345703,225.05999755859375,193.7343292236328,140.2098846435547,231.216552734375,597.4528198242188,431.078857421875,139.62423706054688,430.6000061035156,314.33465576171875
2024-12-24,256.7972106933594,229.0500030517578,195.20751953125,140.76968383789062,235.01858520507812,605.3213500976562,435.1197204589844,140.174072265625,462.2799987792969,317.7333984375
2024-12-26,257.61273193359375,227.0500030517578,194.6998748779297,140.5090789794922,235.8236083984375,600.9388427734375,433.9114074707031,139.88417053222656,454.1300048828125,317.9910888671875
2024-12-27,254.20138549804688,223.75,191.8729248046875,139.99757385253906,233.91290283203125,597.4131469726562,426.4040832519531,136.96511840820312,431.6600036621094,315.7615051269531
2024-12-30,250.82980346679688,221.3000030517578,190.35995483398438,138.34710693359375,232.1185760498047,588.8772583007812,420.7586975097656,137.4449462890625,417.4100036621094,312.4419860839844
2024-12-31,249.05946350097656,219.38999938964844,188.42886352539062,139.58250427246094,232.49684143066406,583.1702270507812,417.4606018066406,134.2460174560547,403.8399963378906,313.16534423828125
2025-01-02,242.52516174316406,220.22000122070312,188.55825805664062,139.00340270996094,232.77810668945312,596.8453369140625,414.5685729980469,138.26470947265625,379.2799987792969,311.540283203125
2025-01-03,242.03782653808594,224.19000244140625,190.9073944091797,139.16751098632812,235.95941162109375,602.2138061523438,419.2928771972656,144.4226837158203,410.44000244140625,312.0456237792969
2025-01-06,243.66891479492188,227.61000061035156,195.9640350341797,138.6559600830078,234.8090057373047,627.681640625,423.749755859375,149.38104248046875,411.04998779296875,310.1926574707031
2025-01-07,240.89407348632812,222.11000061035156,194.59039306640625,141.13644409179688,237.07080078125,615.4207763671875,418.3222961425781,140.09408569335938,394.3599853515625,308.8351135253906
2025-01-08,241.3813934326172,222.1300048828125,193.05746459960938,137.31439208984375,237.03179931640625,608.2794189453125,420.4913024902344,140.06410217285156,394.94000244140625,309.75665283203125
2025-01-10,235.5631866455078,218.94000244140625,191.15623474121094,137.1116943359375,233.8535614013672,613.39892578125,414.9350891113281,135.86549377441406,394.739990234375,304.9111328125
2025-01-13,233.12649536132812,218.4600067138672,190.1309814453125,139.43775939941406,238.08470153808594,605.8989868164062,413.19195556640625,133.18637084960938,403.30999755859375,304.1283264160156
2025-01-14,232.0125732421875,217.75999450683594,188.78720092773438,139.7080078125,241.262939453125,591.8753051757812,411.6865234375,131.71682739257812,396.3599853515625,306.278564453125
2025-01-15,236.57765197753906,223.35000610351562,194.6501007080078,139.9203338623047,246.0205535888672,614.6538696289062,422.2245178222656,136.1953887939453,428.2200012207031,313.4031982421875
2025-01-16,227.0198516845703,220.66000366210938,192.02224731445312,142.622802734375,247.8923797607422,608.8571166992188,420.5111083984375,133.5262451171875,413.82000732421875,314.3643493652344
2025-01-17,228.73052978515625,225.94000244140625,195.09803771972656,141.90858459472656,252.65975952148438,610.3212890625,424.91845703125,137.66490173339844,426.5,316.7127685546875
2025-01-21,221.43038940429688,230.7100067138672,197.1385955810547,142.9895782470703,256.4326477050781,613.9965209960938,424.3935241699219,140.78387451171875,424.07000732421875,320.6863098144531
2025-01-22,222.61392211914062,235.00999450683594,197.45712280273438,140.2098846435547,256.2474365234375,621.0083618164062,441.9239196777344,147.0218505859375,415.1099853515625,320.6169738769531
2025-01-23,222.44483947753906,235.4199981689453,197.06890869140625,141.53216552734375,259.2794494628906,633.9066162109375,442.4290466308594,147.17178344726562,412.3800048828125,325.2246398925781
2025-01-24,221.56964111328125,234.85000610351562,199.28866577148438,141.70590209960938,258.197265625,644.9024658203125,439.8044128417969,142.5732879638672,406.5799865722656,327.19659423828125
2025-01-27,228.6111602783203,235.4199981689453,190.92733764648438,147.56446838378906,259.1820068359375,657.2430419921875,430.3954162597656,118.38121032714844,397.1499938964844,331.4970703125
2025-01-28,236.9655303955078,238.14999389648438,194.40126037597656,145.14190673828125,260.4395751953125,671.6353149414062,442.9143371582031,128.94775390625,398.0899963378906,331.4376525878906
2025-01-29,238.05955505371094,237.07000732421875,194.5107421875,145.8850860595703,259.8936767578125,673.78662109375,438.09100341796875,123.65947723388672,389.1000061035156,332.8249206542969
2025-01-30,236.29917907714844,234.63999938964844,199.9456329345703,147.54515075683594,261.50225830078125,684.254638671875,411.0129699707031,124.60918426513672,400.2799987792969,339.9296569824219
2025-01-31,234.71780395507812,237.67999267578125,203.08111572265625,146.85023498535156,260.5955810546875,686.4259033203125,411.08233642578125,120.03067016601562,404.6000061035156,338.6910400390625
2025-02-03,226.77120971679688,237.4199981689453,200.30393981933594,146.57998657226562,260.11785888671875,694.6727905273438,406.9820556640625,116.62179565429688,383.67999267578125,342.67449951171875
2025-02-04,231.5352020263672,242.05999755859375,205.43026733398438,148.14356994628906,261.2195129394531,701.3759155273438,408.4180908203125,118.61113739013672,392.2099914550781,342.0105895996094
2025-02-05,231.2069854736328,236.1699981689453,190.4495391845703,149.30177307128906,263.6470642089844,702.05322265625,409.3293151855469,124.78910827636719,378.1700134277344,346.26153564453125
2025-02-06,231.95291137695312,238.8300018310547,190.71829223632812,148.16285705566406,269.95477294921875,709.144775390625,411.8350830078125,128.63784790039062,374.32000732421875,344.31939697265625
2025-02-07,226.39328002929688,229.14999389648438,184.48709106445312,147.7864532470703,268.88232421875,711.6646118164062,405.8232116699219,129.79747009277344,361.6199951171875,344.8544616699219
2025-02-10,226.662109375,233.13999938964844,185.61190795898438,148.86744689941406,264.2417907714844,714.533203125,408.26953125,133.5262451171875,350.7300109863281,348.0352783203125
2025-02-11,231.61053466796875,232.75999450683594,184.4672088623047,150.6916046142578,268.09271240234375,716.923583984375,407.4970397949219,132.7565155029297,328.5,348.11468505859375
2025-02-12,235.84210205078125,228.92999267578125,182.76504516601562,149.85189819335938,268.5411682128906,722.4812622070312,405.1200256347656,131.0970458984375,336.510009765625,348.8789367675781
2025-02-13,240.4818878173828,230.3699951171875,185.28341674804688,151.77259826660156,269.38934326171875,725.6485595703125,406.6056213378906,135.24566650390625,355.94000244140625,352.9881896972656
2025-02-14,243.53855895996094,228.67999267578125,184.37759399414062,150.7108917236328,269.6525573730469,733.72607421875,404.515869140625,138.8045196533203,355.8399963378906,351.1817321777344
2025-02-18,243.40911865234375,226.64999389648438,182.92431640625,150.7887420654297,272.9283142089844,713.5072631835938,405.7142639160156,139.35433959960938,354.1099853515625,354.0800476074219
2025-02-19,243.80738830566406,226.6300048828125,184.41741943359375,153.61013793945312,272.245849609375,700.9577026367188,410.7950744628906,139.18438720703125,360.55999755859375,352.5911865234375
2025-02-20,244.76321411132812,222.8800048828125,183.71067810058594,155.3516082763672,260.10809326171875,692.0632934570312,412.9684753417969,140.06410217285156,354.3999938964844,347.8863830566406
2025-02-21,244.4844207763672,216.5800018310547,178.83322143554688,157.90057373046875,257.6123046875,680.8184814453125,405.108642578125,134.38595581054688,337.79998779296875,345.9409484863281
2025-02-24,246.0277099609375,212.7100067138672,178.4251251220703,159.30154418945312,254.78504943847656,665.4600830078125,400.9306335449219,130.23733520507812,330.5299987792969,347.26104736328125
2025-02-25,245.9679718017578,212.8000030517578,174.6127166748047,161.5878448486328,250.94387817382812,654.8724365234375,394.8769836425781,126.5885238647461,302.79998779296875,349.4744873046875
2025-02-26,239.31695556640625,214.35000610351562,171.9351043701172,158.65945434570312,252.29904174804688,671.0078125,396.6930847167969,131.23699951171875,290.79998779296875,348.0253601074219
2025-02-27,236.27024841308594,208.74000549316406,167.72457885742188,159.2918243408203,252.552490234375,655.6095581054688,389.5477600097656,120.11064910888672,281.95001220703125,353.0973815917969
2025-02-28,240.79054260253906,212.27999877929688,169.4963836669922,160.54685974121094,258.0120544433594,665.52978515625,393.9739074707031,124.87908172607422,292.9800109863281,360.015625
2025-03-03,236.99708557128906,205.02000427246094,166.241455078125,162.74559020996094,254.08309936523438,652.4323120117188,385.5384826660156,114.02263641357422,284.6499938964844,359.13226318359375
2025-03-04,234.90615844726562,203.8000030517578,170.13345336914062,160.93600463867188,243.9732208251953,637.4424438476562,385.6575622558594,115.9520034790039,272.0400085449219,349.61346435546875
2025-03-05,234.71701049804688,208.36000061035156,172.2238006591797,160.64413452148438,245.22113037109375,653.8465576171875,397.9732666015625,117.2615737915039,279.1000061035156,350.06011962890625
2025-03-06,234.30877685546875,200.6999969482422,171.556884765625,161.33489990234375,240.3562774658203,625.4207153320312,393.8746643066406,110.53378295898438,263.45001220703125,341.6033935546875
2025-03-07,238.0325469970703,199.25,173.05990600585938,162.17160034179688,236.203125,623.1597290039062,390.3218688964844,112.65309143066406,262.6700134277344,342.7547912597656
2025-03-10,226.4928436279297,194.5399932861328,165.2968292236328,163.15420532226562,226.3954620361328,595.6002807617188,377.2717590332031,106.94495391845703,222.14999389648438,338.943359375
2025-03-11,219.88165283203125,196.58999633789062,163.47314453125,161.3640899658203,223.3927001953125,603.2894897460938,377.5595703125,108.72437286376953,230.5800018310547,329.6727294921875
2025-03-12,216.03842163085938,198.88999938964844,166.5325469970703,158.43568420410156,222.18380737304688,617.0841064453125,380.35809326171875,115.71273803710938,248.08999633789062,330.36749267578125
2025-03-13,208.7700958251953,193.88999938964844,162.1975860595703,158.57188415527344,219.54177856445312,588.2797241210938,375.892333984375,115.55277252197266,240.67999267578125,326.109375
2025-03-14,212.5635528564453,197.9499969482422,164.91815185546875,158.39675903320312,226.6099395751953,605.7103271484375,385.60791015625,121.6413345336914,249.97999572753906,329.335205078125
2025-03-17,213.07135009765625,195.74000549316406,163.7222900390625,158.42596435546875,228.0625457763672,603.0187377929688,385.74688720703125,119.50183868408203,238.00999450683594,332.06475830078125
2025-03-18,211.7670135498047,192.82000732421875,160.1147918701172,159.7977294921875,229.0764617919922,580.548828125,380.6062316894531,115.40280151367188,225.30999755859375,332.2831726074219
2025-03-19,214.30596923828125,195.5399932861328,163.3236846923828,158.57188415527344,233.11264038085938,582.2435302734375,384.87359619140625,117.49230194091797,235.86000061035156,337.34527587890625
2025-03-20,213.17091369628906,194.9499969482422,162.23744201660156,158.60107421875,233.01513671875,584.177490234375,383.9010314941406,118.50206756591797,236.25999450683594,336.9780578613281
2025-03-21,217.32281494140625,196.2100067138672,163.42333984375,159.1945343017578,235.56942749023438,594.3955688476562,388.28741455078125,117.6722640991211,248.7100067138672,333.1665954589844
2025-03-24,219.7721405029297,203.25999450683594,167.1005859375,158.86375427246094,241.83815002441406,616.92529296875,390.0936279296875,121.38140106201172,278.3900146484375,341.3155822753906
2025-03-25,222.77903747558594,205.7100067138672,169.97064208984375,156.6552734375,244.83114624023438,624.3621826171875,392.15777587890625,120.66156768798828,288.1400146484375,342.05999755859375
2025-03-26,220.56866455078125,201.1300048828125,164.4896240234375,157.3363037109375,244.733642578125,609.0797729492188,387.0072021484375,113.73320007324219,272.05999755859375,341.6232604980469
2025-03-27,222.87860107421875,201.36000061035156,161.67938232421875,158.7080841064453,241.89662170410156,600.7059936523438,387.6125793457031,111.40374755859375,273.1300048828125,347.26104736328125
2025-03-28,216.9544219970703,192.72000122070312,153.79672241210938,159.27236938476562,236.7588348388672,574.9462890625,375.92205810546875,109.64415740966797,263.54998779296875,340.3031921386719
2025-03-31,221.1660614013672,190.25999450683594,154.1056365966797,161.34461975097656,239.14736938476562,574.5675048828125,372.5379943847656,108.35446166992188,259.1600036621094,347.85662841796875
2025-04-01,222.22146606445312,192.1699981689453,156.52725219726562,149.0959014892578,237.54852294921875,584.177490234375,379.2863464355469,110.12405395507812,268.4599914550781,343.77716064453125
2025-04-02,222.91842651367188,196.00999450683594,156.49734497070312,151.14871215820312,239.6543426513672,582.1139526367188,379.2367248535156,110.39398193359375,282.760009765625,343.75726318359375
2025-04-03,202.30825805664062,178.41000366210938,150.19920349121094,155.48780822753906,222.95399475097656,529.9666748046875,370.2752990722656,101.7760238647461,267.2799987792969,336.8688659667969
2025-04-04,187.56253051757812,171.0,145.09689331054688,149.08616638183594,206.2684783935547,503.1602783203125,357.10614013671875,94.28778076171875,239.42999267578125,310.8039245605469
2025-04-07,180.6725616455078,175.25999450683594,146.24288940429688,146.53720092773438,210.34912109375,514.6444091796875,355.14117431640625,97.61698913574219,233.2899932861328,309.9999694824219
2025-04-08,171.67178344726562,170.66000366210938,144.19998168945312,145.9340057373047,212.73275756835938,508.86248779296875,351.86627197265625,96.27731323242188,221.86000061035156,305.97998046875
2025-04-09,197.98709106445312,191.10000610351562,158.1615753173828,146.87770080566406,229.8695068359375,583.9482421875,387.52325439453125,114.30306243896484,272.20001220703125,329.96051025390625
2025-04-10,189.59365844726562,181.22000122070312,152.29193115234375,144.65951538085938,222.7774200439453,544.5910034179688,378.4527282714844,107.5446548461914,252.39999389648438,322.1986389160156
2025-04-11,197.2901153564453,184.8699951171875,156.59701538085938,147.61709594726562,231.69400024414062,541.8794555664062,385.498779296875,110.90386199951172,252.30999755859375,330.9233703613281
2025-04-14,201.6411590576172,182.1199951171875,158.52035522460938,150.1758270263672,230.24224853515625,529.8270874023438,384.8636169433594,110.68391418457031,252.35000610351562,332.69012451171875
2025-04-15,201.2628173828125,179.58999633789062,155.76988220214844,149.45587158203125,228.68258666992188,519.8980712890625,382.7994384765625,112.1735610961914,254.11000061035156,333.3154602050781
2025-04-16,193.42698669433594,174.3300018310547,152.8001708984375,149.73802185058594,225.22972106933594,500.7477722167969,368.78668212890625,104.46538543701172,241.5500030517578,328.86871337890625
2025-04-17,196.1251983642578,172.61000061035156,150.63766479492188,153.20152282714844,227.534912109375,499.9203796386719,364.98577880859375,101.4660873413086,241.3699951171875,327.1614990234375
2025-04-21,192.32179260253906,167.32000732421875,147.15972900390625,152.66641235351562,224.62155151367188,483.1526794433594,356.3916015625,96.88717651367188,227.5,317.7221374511719
2025-04-22,198.8732452392578,173.17999267578125,150.94659423828125,153.4739227294922,231.09564208984375,498.72412109375,364.0331115722656,98.86670684814453,237.97000122070312,328.9382019042969
2025-04-23,203.71214294433594,180.60000610351562,154.81320190429688,151.1681671142578,236.2847137451172,518.6520385742188,371.5456237792969,102.68580627441406,250.74000549316406,331.8861389160156
2025-04-24,207.4657745361328,186.5399932861328,158.72959899902344,150.73036193847656,239.97300720214844,531.491943359375,384.35748291015625,106.40491485595703,259.510009765625,333.2161560058594
2025-04-25,208.371826171875,188.99000549316406,161.40036010742188,150.38986206054688,238.90379333496094,545.5679931640625,388.8729248046875,110.98385620117188,284.95001220703125,332.6802062988281
2025-04-28,209.2281036376953,187.6999969482422,160.05502319335938,151.13897705078125,238.58010864257812,548.0302734375,388.18817138671875,108.70438385009766,285.8800048828125,335.0028076171875
2025-04-29,210.29345703125,187.38999938964844,159.60658264160156,151.68380737304688,239.953369140625,552.7156372070312,391.0462951660156,108.99431610107422,292.0299987792969,338.9830017089844
2025-04-30,211.57785034179688,184.4199981689453,158.2512664794922,152.07293701171875,239.953369140625,547.2926025390625,392.25701904296875,108.89433288574219,282.1600036621094,342.9334411621094
2025-05-01,212.39431762695312,190.1999969482422,160.74261474609375,150.2731170654297,242.18008422851562,570.430419921875,422.16802978515625,111.58370208740234,280.5199890136719,339.9061584472656
2025-05-02,204.45889282226562,189.97999572753906,163.4632110595703,151.8881072998047,247.69287109375,595.163330078125,431.9729919433594,114.47303009033203,287.2099914550781,345.0178527832031
2025-05-05,198.02691650390625,186.35000610351562,163.64259338378906,150.7984619140625,247.7418975830078,597.40625,432.8562316894531,113.7931900024414,280.260009765625,346.0501403808594
2025-05-06,197.64854431152344,185.00999450683594,162.66595458984375,150.2828369140625,244.49505615234375,585.4834594726562,430.0179443359375,113.51325988769531,275.3500061035156,345.1171569824219
2025-05-07,195.39837646484375,188.7100067138672,150.85691833496094,153.03611755371094,244.6324005126953,594.9539184570312,430.0576477050781,117.03242492675781,276.2200012207031,347.2511291503906
2025-05-08,196.6330108642578,192.0800018310547,153.7469024658203,151.44056701660156,248.63455200195312,596.1502075195312,434.84100341796875,117.34236145019531,284.82000732421875,348.66058349609375
2025-05-09,197.66847229003906,193.05999755859375,152.22216796875,150.03961181640625,248.25198364257812,590.6472778320312,435.39678955078125,116.62252044677734,298.260009765625,349.921142578125
2025-05-12,210.15048217773438,208.63999938964844,157.91244506835938,149.96177673339844,255.08900451660156,637.4413452148438,445.8467712402344,122.97103118896484,318.3800048828125,353.2065734863281
2025-05-13,212.2840118408203,211.3699951171875,158.97874450683594,144.41629028320312,257.9925842285156,653.98974609375,445.7276916503906,129.89938354492188,334.07000732421875,354.0815124511719
2025-05-14,211.68582153320312,210.25,164.79855346679688,142.3926544189453,260.5723876953125,657.309326171875,449.4988098144531,135.30810546875,347.67999267578125,354.3996276855469
2025-05-15,210.8084716796875,205.1699981689453,163.39344787597656,145.5545654296875,262.3870849609375,641.8775024414062,450.512939453125,134.79823303222656,342.82000732421875,360.20587158203125
2025-05-16,210.6190643310547,205.58999633789062,165.61572265625,147.2279510498047,262.45574951171875,638.3484497070312,451.6463317871094,135.36810302734375,349.9800109863281,363.0096130371094
2025-05-19,208.14659118652344,206.16000366210938,165.96450805664062,148.35650634765625,259.82684326171875,638.4381713867188,456.2197570800781,135.53805541992188,342.0899963378906,365.77349853515625
2025-05-20,206.232421875,204.07000732421875,163.4133758544922,149.49478149414062,260.6116027832031,635.1185913085938,455.5238342285156,134.3483428955078,343.82000732421875,364.71966552734375
2025-05-21,201.4768829345703,201.1199951171875,167.97755432128906,149.0277862548828,256.06011962890625,633.5234985351562,449.9561767578125,131.76895141601562,334.6199951171875,356.22900390625
2025-05-22,200.7490997314453,203.10000610351562,170.27955627441406,148.47325134277344,255.69720458984375,634.5902709960938,452.23291015625,132.7987060546875,341.0400085449219,355.9009094238281
2025-05-23,194.67758178710938,200.99000549316406,167.8878631591797,148.79428100585938,255.73641967773438,625.1098022460938,447.5799560546875,131.25906372070312,339.3399963378906,351.49652099609375
2025-05-27,199.60260009765625,206.02000427246094,172.30255126953125,150.37408447265625,260.22906494140625,640.3223266601562,458.0292663574219,135.4680633544922,362.8900146484375,357.22320556640625
2025-05-28,199.81195068359375,204.72000122070312,171.76441955566406,149.56947326660156,258.4634094238281,641.5784301757812,454.7184753417969,134.7782440185547,356.8999938964844,357.6507263183594
2025-05-29,199.3433837890625,205.6999969482422,171.26614379882812,150.69789123535156,259.32659912109375,643.0438842773438,456.0308837890625,139.15721130371094,358.42999267578125,360.3052978515625
2025-05-30,200.24066162109375,205.00999450683594,171.1465606689453,152.2973175048828,258.9636535644531,645.4761962890625,457.701171875,135.09817504882812,346.4599914550781,363.0791931152344
2025-06-02,201.08807373046875,206.64999389648438,168.4459228515625,152.4837188720703,259.611083984375,668.8134765625,459.3018798828125,137.34764099121094,342.69000244140625,363.20843505859375
2025-06-03,202.6533203125,205.7100067138672,165.60577392578125,151.52212524414062,261.19036865234375,664.7760620117188,460.29608154296875,141.1867218017578,344.2699890136719,363.74530029296875
2025-06-04,202.20468139648438,207.22999572753906,167.46929931640625,150.3446502685547,259.1794738769531,685.8104248046875,461.1908874511719,141.88656616210938,332.04998779296875,365.8729553222656
2025-06-05,200.02133178710938,207.91000366210938,167.62876892089844,150.77639770507812,256.9527587890625,682.4907836914062,464.9788818359375,139.95703125,284.70001220703125,364.6500549316406
2025-06-06,203.30133056640625,213.57000732421875,173.079833984375,152.1206817626953,260.6606750488281,695.5401000976562,467.6632995605469,141.6865997314453,295.1400146484375,368.0801086425781
2025-06-09,200.83883666992188,216.97999572753906,175.6939697265625,152.31692504882812,261.6513977050781,691.9014282226562,470.0196228027344,142.59640502929688,308.5799865722656,364.5406799316406
2025-06-10,202.05511474609375,217.61000061035156,178.19833374023438,153.51405334472656,263.4759216308594,700.2155151367188,468.2001953125,143.92608642578125,326.0899963378906,368.557373046875
2025-06-11,198.17694091796875,213.1999969482422,176.95114135742188,152.3463592529297,263.03448486328125,691.981201171875,469.8903503417969,142.80625915527344,326.42999267578125,371.1522521972656
2025-06-12,198.5956573486328,213.24000549316406,175.30484008789062,153.72010803222656,263.1227722167969,691.2036743164062,476.104248046875,144.9759063720703,319.1099853515625,369.2532653808594
2025-06-13,195.85398864746094,212.10000610351562,174.27716064453125,154.15184020996094,259.8955383300781,680.7462158203125,472.2168273925781,141.9464111328125,325.30999755859375,350.8105163574219
2025-06-16,197.8180389404297,216.10000610351562,176.3724365234375,152.30712890625,265.20233154296875,700.4749145507812,476.37274169921875,144.66595458984375,329.1300048828125,353.42535400390625
2025-06-17,195.0464630126953,214.82000732421875,175.5542755126953,149.52041625976562,264.37835693359375,695.5963745117188,475.2790832519531,144.09603881835938,316.3500061035156,355.77166748046875
2025-06-18,195.9835968017578,212.52000427246094,172.93020629882812,147.90138244628906,268.733642578125,694.1397705078125,477.4663391113281,145.455810546875,322.04998779296875,338.41259765625
2025-06-20,200.39019775390625,209.69000244140625,166.26522827148438,146.97901916503906,269.7538146972656,680.751220703125,474.6427307128906,143.8260955810547,322.1600036621094,336.6130676269531
2025-06-23,200.888671875,208.47000122070312,164.8184814453125,148.4803009033203,272.9613952636719,696.8934326171875,483.1930847167969,144.1460418701172,348.67999267578125,341.76312255859375
2025-06-24,199.6923065185547,212.77000427246094,166.3949432373047,149.333984375,275.8944396972656,710.5313110351562,487.2793273925781,147.87539672851562,340.4700012207031,349.5975646972656
2025-06-25,200.94850158691406,211.99000549316406,170.296142578125,149.4222869873047,278.6409912109375,707.0195922851562,489.4268798828125,154.28436279296875,327.54998779296875,343.2643737792969
2025-06-26,200.39019775390625,217.1199951171875,173.14968872070312,149.1573486328125,283.24151611328125,724.3888549804688,494.57696533203125,154.99423217773438,325.7799987792969,344.02996826171875
2025-06-27,200.46995544433594,223.3000030517578,178.12847900390625,149.54986572265625,281.6327819824219,731.9110717773438,493.07568359375,157.72378540039062,323.6300048828125,346.5950012207031
2025-06-30,204.54754638671875,219.38999938964844,175.83364868164062,149.8834686279297,284.3793640136719,736.3606567382812,494.53717041015625,157.96376037597656,317.6600036621094,352.9977722167969
2025-07-01,207.18951416015625,220.4600067138672,175.44451904296875,152.9939727783203,284.869873046875,717.5347900390625,489.2080993652344,153.2745361328125,300.7099914550781,353.41534423828125
2025-07-02,211.79550170898438,219.9199981689453,178.23822021484375,152.64073181152344,286.42950439453125,711.8981323242188,488.2536926269531,157.22386169433594,315.6499938964844,352.1725769042969
2025-07-03,212.90213012695312,223.41000366210938,179.126220703125,153.08229064941406,291.75201416015625,717.3253784179688,495.9589538574219,159.3135223388672,315.3500061035156,356.7857666015625
2025-07-07,209.3130340576172,223.47000122070312,176.3923797607422,152.35617065429688,287.7798767089844,716.6668701171875,494.84539794921875,158.21371459960938,293.94000244140625,354.57861328125
2025-07-08,209.3728485107422,219.36000061035156,173.9678497314453,152.8664093017578,278.7217712402344,718.9814453125,493.7517395019531,159.97341918945312,297.80999755859375,352.50067138671875
2025-07-09,210.49942016601562,222.5399932861328,176.22276306152344,153.3472137451172,279.0963134765625,731.0631103515625,500.60198974609375,162.85293579101562,295.8800048828125,355.6921691894531
2025-07-10,211.7655792236328,222.25999450683594,177.22052001953125,154.73077392578125,284.0540771484375,725.5360717773438,498.58367919921875,164.07273864746094,309.8699951171875,353.8230285644531
2025-07-11,210.51937866210938,225.02000427246094,179.78475952148438,153.95559692382812,282.7431640625,715.828857421875,500.4130554199219,164.89259338378906,313.510009765625,345.9189453125
2025-07-14,207.98707580566406,225.69000244140625,181.1516571044922,153.87709045410156,284.5567932128906,719.2308959960938,500.1147766113281,164.04273986816406,316.8999938964844,348.4740905761719
2025-07-15,208.4755859375,226.35000610351562,181.59066772460938,152.258056640625,282.4376220703125,708.7255859375,502.89862060546875,170.671630859375,310.7799987792969,345.01422119140625
2025-07-16,209.52239990234375,223.19000244140625,182.55850219726562,161.68771362304688,281.7181396484375,701.2630004882812,502.6997985839844,171.34152221679688,321.6700134277344,347.8775634765625
2025-07-17,209.38284301757812,223.8800048828125,183.1671142578125,159.92149353027344,285.73956298828125,699.7665405273438,508.7446594238281,172.97125244140625,319.4100036621094,347.7880859375
2025-07-18,210.53929138183594,226.1300048828125,184.64378356933594,160.6279754638672,287.0898742675781,702.6298828125,507.1041564941406,172.38136291503906,329.6499938964844,347.032470703125
2025-07-21,211.83535766601562,229.3000030517578,189.67245483398438,161.2755889892578,286.794189453125,711.2994384765625,507.1141357421875,171.35153198242188,328.489990234375,348.91156005859375
2025-07-22,213.74952697753906,227.47000122070312,190.90966796875,164.77859497070312,287.2475891113281,703.1586303710938,502.3517761230469,167.00225830078125,332.1099853515625,349.8262023925781
2025-07-23,213.5002899169922,228.2899932861328,189.8021697998047,165.92666625976562,292.5011291503906,711.9081420898438,502.94830322265625,170.75161743164062,332.55999755859375,353.2364196777344
2025-07-24,213.11148071289062,232.22999572753906,191.73779296875,166.3780059814453,292.29412841796875,713.1251831054688,507.9294128417969,173.7111358642578,305.29998779296875,351.9240417480469
2025-07-25,213.2311248779297,231.44000244140625,192.7455291748047,165.14166259765625,294.33441162109375,711.0101318359375,510.7430725097656,173.47117614746094,316.05999755859375,354.9762878417969
2025-07-28,213.40060424804688,232.7899932861328,192.14686584472656,163.1007080078125,293.9992980957031,715.9486083984375,509.5400085449219,176.7206268310547,325.5899963378906,353.41534423828125
2025-07-29,210.62904357910156,231.00999450683594,195.30975341796875,164.95523071289062,292.777099609375,698.35986328125,509.609619140625,175.4808349609375,321.20001220703125,349.2595520019531
2025-07-30,208.415771484375,230.19000244140625,196.08799743652344,164.1211700439453,295.3299560546875,693.5811157226562,510.2757568359375,179.24021911621094,319.0400085449219,348.8817443847656
2025-07-31,206.9402618408203,234.11000061035156,191.46839904785156,161.6484832763672,291.98858642578125,771.6278076171875,530.4187622070312,177.84043884277344,308.2699890136719,343.4731750488281
2025-08-01,201.76602172851562,214.75,188.7046356201172,164.1898651123047,285.2171630859375,748.2527465820312,521.0829467773438,173.69113159179688,302.6300048828125,337.3885498046875
2025-08-04,202.7330780029297,211.64999389648438,194.60133361816406,167.83023071289062,290.0370178222656,774.5509643554688,532.5463256835938,179.9700927734375,309.260009765625,340.17236328125
2025-08-05,202.30438232421875,213.75,194.232177734375,167.53587341308594,287.1884765625,761.6712036132812,524.7019653320312,178.23037719726562,308.7200012207031,335.4796447753906
2025-08-06,212.60302734375,222.30999755859375,195.6489715576172,167.388671875,287.16876220703125,770.1812133789062,521.908203125,179.3901824951172,319.9100036621094,337.7762756347656
2025-08-07,219.3624725341797,223.1300048828125,196.07801818847656,168.31103515625,282.8220520019531,760.0449829101562,517.8318481445312,180.73997497558594,322.2699890136719,330.1705017089844
2025-08-08,228.65420532226562,222.69000244140625,200.9669952392578,170.07728576660156,284.61590576171875,767.49755859375,519.0249633789062,182.6696319580078,329.6499938964844,334.8333740234375
2025-08-11,226.74781799316406,221.3000030517578,200.54794311523438,170.55807495117188,285.4044494628906,764.0755615234375,518.7565307617188,182.0297393798828,339.0299987792969,333.9584655761719
2025-08-12,229.21310424804688,221.47000122070312,202.88267517089844,169.53758239746094,288.6472473144531,788.1489868164062,526.183349609375,183.1295623779297,340.8399963378906,335.3827209472656
2025-08-13,232.88612365722656,224.55999755859375,201.50579833984375,171.14682006835938,286.36053466796875,778.2523193359375,517.5733642578125,181.55982971191406,339.3800048828125,341.1692810058594
2025-08-14,232.33717346191406,230.97999572753906,202.48358154296875,171.44117736816406,289.9384460449219,780.2974243164062,519.4623413085938,181.98974609375,335.5799865722656,344.0974426269531
2025-08-15,231.1494140625,231.02999877929688,203.44140625,173.3251495361328,286.3210754394531,783.39013671875,517.1657104492188,180.42001342773438,330.55999755859375,343.0815734863281
2025-08-18,230.45074462890625,231.49000549316406,203.04232788085938,172.9424591064453,287.3461608886719,765.572021484375,514.1134643554688,181.97975158691406,335.1600036621094,341.3585205078125
2025-08-19,230.1213836669922,228.00999450683594,201.11666870117188,174.46337890625,286.4886779785156,749.71923828125,506.8257751464844,175.61080932617188,329.30999755859375,341.0697326660156
2025-08-20,225.5800323486328,223.80999755859375,198.87171936035156,175.48385620117188,288.04595947265625,745.9680786132812,502.7991638183594,175.370849609375,323.8999938964844,342.5437316894531
2025-08-21,224.47213745117188,221.9499969482422,199.3007354736328,175.57215881347656,287.28704833984375,737.3682250976562,502.15185546875,174.95091247558594,320.1099853515625,342.3046875
2025-08-22,227.3267059326172,228.83999633789062,205.62649536132812,175.92539978027344,291.98858642578125,753.021484375,505.1295166015625,177.96043395996094,340.010009765625,348.6291198730469
2025-08-25,226.7278594970703,227.94000244140625,208.02108764648438,175.06192016601562,290.6678161621094,751.5349731445312,502.17181396484375,179.78012084960938,346.6000061035156,347.4140319824219
2025-08-26,228.87376403808594,228.7100067138672,206.6741180419922,174.44911193847656,294.2851257324219,752.3331298828125,499.96099853515625,181.7397918701172,351.6700134277344,349.7644958496094
2025-08-27,230.05152893066406,229.1199951171875,207.01336669921875,174.74563598632812,294.9849548339844,745.62890625,504.6415100097656,181.56982421875,349.6000061035156,348.9378662109375
2025-08-28,232.11758422851562,231.60000610351562,211.16400146484375,173.42112731933594,296.749267578125,749.3501586914062,507.5295104980469,180.1400604248047,345.9800109863281,348.4498291015625
2025-08-29,231.69837951660156,229.0,212.43115234375,175.12124633789062,297.09423828125,736.9691772460938,504.59173583984375,174.1510467529297,333.8699951171875,350.36212158203125
2025-09-02,229.28298950195312,225.33999633789062,210.8746795654297,176.00094604492188,295.3989562988281,733.3875732421875,503.0282287597656,170.75161743164062,329.3599853515625,348.65899658203125
2025-09-03,238.01634216308594,225.99000549316406,230.1412353515625,175.94163513183594,295.211669921875,735.3230590820312,503.2572937011719,170.59165954589844,334.0899963378906,349.45574951171875
2025-09-04,239.3238525390625,235.67999267578125,231.7775421142578,176.69285583496094,299.4598083496094,746.8959350585938,505.866455078125,171.63148498535156,338.5299987792969,349.5752868652344
2025-09-05,239.2340087890625,232.3300018310547,234.4714813232422,176.36666870117188,290.1553039550781,750.6870727539062,492.9501647949219,166.9922637939453,350.8399963378906,341.83660888671875
2025-09-08,237.42745971679688,235.83999633789062,233.72247314453125,176.0701446533203,288.7063903808594,750.537353515625,496.13690185546875,168.2820281982422,346.3999938964844,340.9202880859375
2025-09-09,233.9041748046875,238.24000549316406,239.30490112304688,174.91368103027344,293.57550048828125,763.906005859375,496.3460388183594,170.7316131591797,346.9700012207031,342.6034851074219
2025-09-10,226.35855102539062,230.3300018310547,238.84552001953125,173.75718688964844,296.22686767578125,750.2180786132812,498.29791259765625,177.300537109375,347.7900085449219,336.7571716308594
2025-09-11,229.59239196777344,229.9499969482422,240.0438995361328,176.4358673095703,301.1748046875,749.140625,498.9352722167969,177.1505584716797,368.80999755859375,342.1054992675781
2025-09-12,233.62472534179688,228.14999389648438,240.4733123779297,176.00094604492188,302.5054626464844,753.8197021484375,507.7884521484375,177.80047607421875,395.94000244140625,338.0618896484375
2025-09-15,236.24969482421875,231.42999267578125,251.26864624023438,175.34857177734375,304.4668884277344,762.9083251953125,513.225830078125,177.73048400878906,410.0400085449219,337.6833801269531
2025-09-16,237.6969451904297,234.0500030517578,250.8192596435547,174.41946411132812,304.75274658203125,777.1748046875,506.9320068359375,174.86080932617188,421.6199951171875,338.6594543457031
2025-09-17,238.5353546142578,231.6199951171875,249.19146728515625,175.15089416503906,307.2759704589844,773.9024658203125,507.9079284667969,170.27130126953125,425.8599853515625,344.8045959472656
2025-09-18,237.42745971679688,231.22999572753906,251.68807983398438,172.14605712890625,308.7347717285156,778.4218139648438,506.3444519042969,176.2206573486328,416.8500061035156,336.8169250488281
2025-09-19,245.032958984375,231.47999572753906,254.3744354248047,174.152587890625,310.26251220703125,776.5562133789062,515.78515625,176.6505889892578,426.07000732421875,340.23309326171875
2025-09-22,255.5928192138672,227.6300048828125,252.18740844726562,172.1954803466797,307.9560852050781,763.8824462890625,512.319580078125,183.58984375,434.2099914550781,342.97198486328125
2025-09-23,253.9459686279297,220.7100067138672,251.31858825683594,174.53805541992188,308.25177001953125,754.1387329101562,507.1212463378906,178.410400390625,425.8500061035156,337.3348388671875
2025-09-24,251.8300018310547,220.2100067138672,246.80471801757812,174.64678955078125,308.92205810546875,759.3899536132812,508.0373840332031,176.9505615234375,442.7900085449219,337.31488037109375
2025-09-25,256.3813171386719,218.14999389648438,245.45652770996094,175.6747589111328,308.95159912109375,747.6595458984375,504.9303283691406,177.67050170898438,423.3900146484375,333.58001708984375
2025-09-26,254.97401428222656,219.77999877929688,246.2055206298828,177.6318817138672,311.52410888671875,742.5081787109375,509.34197998046875,178.17044067382812,440.3999938964844,336.01019287109375
2025-09-29,253.9459686279297,222.1699981689453,243.71890258789062,179.519775390625,311.1594543457031,742.1587524414062,512.4689331054688,181.83004760742188,443.2099914550781,338.7889404296875
2025-09-30,254.14559936523438,219.57000732421875,242.77020263671875,183.27584838867188,310.9031677246094,733.1538696289062,515.8051147460938,186.55950927734375,444.7200012207031,340.0040283203125
2025-10-01,254.9640350341797,220.6300048828125,244.5677490234375,183.89854431152344,306.25091552734375,716.1422729492188,517.557861328125,187.21945190429688,459.4599914550781,346.4280090332031
2025-10-02,256.6408386230469,222.41000366210938,245.356689453125,183.82936096191406,303.1362609863281,725.8360595703125,513.604248046875,188.8692626953125,436.0,344.55560302734375
2025-10-03,257.5291442871094,219.50999450683594,245.0171356201172,186.45860290527344,305.5806579589844,709.3735961914062,515.20751953125,187.59939575195312,429.8299865722656,348.429931640625
2025-10-06,256.2016906738281,220.89999389648438,250.09024047851562,185.98416137695312,306.22442626953125,714.465087890625,526.3811645507812,185.51962280273438,453.25,347.8721618652344
2025-10-07,255.99208068847656,221.77999877929688,245.42657470703125,186.70570373535156,304.74871826171875,711.889404296875,521.8101196289062,185.01968383789062,433.0899963378906,350.9995422363281
2025-10-08,257.5690612792969,225.22000122070312,244.2881317138672,187.4964599609375,301.1236572265625,716.6414794921875,522.676513671875,189.0892333984375,438.69000244140625,349.94378662109375
2025-10-09,253.55670166015625,227.74000549316406,241.2023162841797,188.87039184570312,302.6093444824219,732.2852783203125,520.2366943359375,192.54885864257812,435.5400085449219,345.6412353515625
2025-10-10,244.80340576171875,216.3699951171875,236.24905395507812,188.51455688476562,298.0137023925781,704.1223754882812,508.84405517578125,183.139892578125,413.489990234375,342.2648620605469
2025-10-13,247.18885803222656,220.07000732421875,243.8187713623047,188.69247436523438,305.0260314941406,714.5050048828125,511.9212341308594,188.29933166503906,435.8999938964844,341.9162902832031
2025-10-14,247.29864501953125,216.38999938964844,245.11700439453125,188.64305114746094,299.19232177734375,707.466796875,511.4432373046875,180.01022338867188,429.239990234375,346.9757995605469
2025-10-15,248.8656463623047,215.57000732421875,250.68943786621094,188.9593505859375,302.767822265625,716.3519287109375,511.3038024902344,179.8102569580078,435.1499938964844,344.2966613769531
2025-10-16,246.979248046875,214.47000122070312,251.1188507080078,189.8983612060547,295.6861572265625,710.881103515625,509.4913330078125,181.7900390625,428.75,334.048095703125
2025-10-17,251.81002807617188,213.0399932861328,252.95635986328125,190.98565673828125,294.7155456542969,715.7229614257812,511.4532470703125,183.19989013671875,439.30999755859375,340.5119934082031
2025-10-20,261.7411193847656,216.47999572753906,256.2019348144531,191.4798583984375,299.4696350097656,730.947509765625,514.6498413085938,182.6199493408203,447.42999267578125,343.0218200683594
2025-10-21,262.2701110839844,222.02999877929688,250.12020874023438,189.66114807128906,294.25,732.0457153320312,515.5162963867188,181.14010620117188,442.6000061035156,345.8105163574219
2025-10-22,257.9583435058594,217.9499969482422,251.34854125976562,190.70889282226562,291.29852294921875,732.1854248046875,518.3843994140625,180.2602081298828,438.9700012207031,343.9679870605469
2025-10-23,259.0861511230469,221.08999633789062,252.7366485595703,190.24432373046875,291.72442626953125,732.7744750976562,518.404296875,182.13999938964844,448.9800109863281,344.5655517578125
2025-10-24,262.32000732421875,224.2100067138672,259.5674133300781,188.1982421875,297.5679931640625,737.127197265625,521.441650390625,186.23953247070312,433.7200012207031,345.9798583984375
2025-10-27,268.2986145019531,226.97000122070312,268.9046630859375,188.0994110107422,301.2425231933594,749.5663452148438,529.3189697265625,191.46897888183594,452.4200134277344,346.4180908203125
2025-10-28,268.4882507324219,229.25,267.1071472167969,184.7683868408203,302.44097900390625,750.1853637695312,539.8252563476562,201.0079345703125,460.54998779296875,345.50177001953125
2025-10-29,269.1869201660156,230.3000030517578,274.197509765625,184.44219970703125,302.5895690917969,750.4149169921875,539.307373046875,207.01727294921875,461.510009765625,339.9044189453125
2025-10-30,270.8836669921875,222.86000061035156,281.09814453125,186.86387634277344,306.4819641113281,665.3572387695312,523.582763671875,202.8677215576172,440.1000061035156,343.6393127441406
2025-10-31,269.85565185546875,244.22000122070312,280.80853271484375,186.68594360351562,308.1459045410156,647.2674560546875,515.6656494140625,202.4677734375,456.55999755859375,339.3665771484375
2025-11-03,268.53814697265625,254.0,283.3350830078125,184.1061248779297,306.3928527832031,636.645263671875,514.888916015625,206.85728454589844,468.3699951171875,335.54205322265625
2025-11-04,269.5262756347656,249.32000732421875,277.1634826660156,184.69918823242188,306.2937927246094,626.2725830078125,512.2001342773438,198.66818237304688,444.260009765625,338.9283752441406
2025-11-05,269.6260986328125,250.1999969482422,283.9242858886719,183.84913635253906,308.7005615234375,634.88818359375,505.0597839355469,195.18858337402344,462.07000732421875,338.66943359375
2025-11-06,269.25677490234375,243.0399932861328,284.36370849609375,184.80792236328125,310.4239501953125,617.9065551757812,495.04144287109375,188.05935668945312,445.9100036621094,335.6018371582031
2025-11-07,267.9592590332031,244.41000366210938,278.4516906738281,184.4125518798828,311.20635986328125,620.6719360351562,494.7626037597656,188.1293487548828,429.5199890136719,334.6656188964844
2025-11-10,269.1781311035156,248.39999389648438,289.7064208984375,186.2312774658203,313.86077880859375,630.7052001953125,503.9045715332031,199.0281524658203,445.2300109863281,333.5003662109375
2025-11-11,274.99267578125,249.10000610351562,290.9147644042969,191.58859252929688,312.6029052734375,626.0330200195312,506.573486328125,193.1387939453125,439.6199951171875,337.553955078125
2025-11-12,273.21435546875,244.1999969482422,286.3210144042969,192.14210510253906,317.34710693359375,607.9931640625,509.0233154296875,193.7787322998047,430.6000061035156,338.1826477050781
2025-11-13,272.6948547363281,237.5800018310547,278.19207763671875,192.99217224121094,306.5216064453125,608.8717041015625,501.205810546875,186.8394775390625,401.989990234375,335.3883972167969
2025-11-14,272.15533447265625,234.69000244140625,276.0350036621094,193.664306640625,300.70770263671875,608.4424438476562,508.0672607421875,190.1491241455078,404.3500061035156,329.3408508300781
2025-11-17,267.2099609375,232.8699951171875,284.63330078125,197.27210998535156,297.4986572265625,601.0048217773438,505.3883972167969,186.5795135498047,408.9200134277344,325.07965087890625
2025-11-18,267.19000244140625,222.5500030517578,283.8943176269531,197.68724060058594,296.5478515625,596.6920776367188,491.74517822265625,181.340087890625,401.25,320.51904296875
2025-11-19,268.3089294433594,222.69000244140625,292.4127502441406,200.168212890625,300.3709411621094,589.3343505859375,485.1027526855469,186.49951171875,403.989990234375,323.4530029296875
2025-11-20,266.0010986328125,217.13999938964844,289.05731201171875,200.72174072265625,295.5277099609375,588.1663208007812,477.3404846191406,180.6201629638672,395.2300109863281,323.1037292480469
2025-11-21,271.2361755371094,220.69000244140625,299.2534484863281,201.54214477539062,295.1711120605469,593.2578125,471.04486083984375,178.86036682128906,391.0899963378906,327.3050842285156
2025-11-24,275.6620788574219,226.27999877929688,318.14776611328125,203.6672821044922,295.1513366699219,612.0264282226562,472.92059326171875,182.52996826171875,417.7799987792969,328.6223449707031
2025-11-25,276.7110900878906,229.6699981689453,323.0011901855469,205.57713317871094,300.103515625,635.1576538085938,475.90374755859375,177.80047607421875,419.3999938964844,333.8415832519531
2025-11-26,277.29052734375,229.16000366210938,319.5159606933594,206.46241760253906,304.6991882324219,632.5520629882812,484.3943786621094,180.24020385742188,426.5799865722656,333.1031188964844
2025-11-28,278.5893249511719,233.22000122070312,319.74560546875,205.8258056640625,310.0871887207031,646.8681640625,490.88958740234375,176.98056030273438,430.1700134277344,333.75177001953125
2025-12-01,282.8353576660156,233.8800048828125,314.4627990722656,204.254150390625,305.96697998046875,639.7999267578125,485.6315612792969,179.90025329589844,430.1400146484375,329.7101135253906
2025-12-02,285.9224548339844,234.4199981689453,315.38153076171875,204.333740234375,304.9368896484375,646.01953125,488.8841552734375,181.44007873535156,429.239990234375,328.9416809082031
2025-12-03,283.8843688964844,232.3800048828125,319.1963806152344,204.2442169189453,309.1462707519531,638.5320434570312,476.64208984375,179.57028198242188,446.739990234375,328.93170166015625
2025-12-04,280.4375915527344,229.11000061035156,317.1890869140625,201.40928649902344,313.07830810546875,660.425537109375,479.7449951171875,183.37008666992188,454.5299987792969,326.4268798828125
2025-12-05,278.5193786621094,229.52999877929688,320.8341064453125,200.8621826171875,312.0284729003906,672.2955932617188,482.0597229003906,182.40013122558594,455.0,330.558349609375
2025-12-08,277.6302185058594,226.88999938964844,313.49932861328125,200.5538330078125,312.1968078613281,665.6866455078125,489.9018249511719,185.5399627685547,439.5799865722656,326.16741943359375
2025-12-09,276.9208679199219,227.9199981689453,316.85693359375,198.90261840820312,297.6373596191406,655.8631591796875,490.8995361328125,184.95999145507812,445.1700134277344,325.828125
2025-12-10,278.5193786621094,231.77999877929688,319.9847412109375,205.44781494140625,307.1455383300781,649.0444946289062,477.4701843261719,183.77005004882812,451.45001220703125,325.0596923828125
2025-12-11,277.77008056640625,230.27999877929688,312.210205078125,208.8994598388672,314.3460693359375,651.6201782226562,482.3690185546875,180.92019653320312,446.8900146484375,344.91876220703125
2025-12-12,278.0198669433594,226.19000244140625,309.07244873046875,210.46116638183594,315.47515869140625,643.1543579101562,477.4402770996094,175.01052856445312,458.9599914550781,347.11419677734375
2025-12-15,273.8537292480469,222.5399932861328,308.003173828125,213.03746032714844,316.9608459472656,646.9561157226562,473.73870849609375,176.28045654296875,475.30999755859375,346.1761779785156
2025-12-16,274.353271484375,222.55999755859375,306.3543395996094,208.19322204589844,312.5335388183594,656.587890625,475.3051452636719,177.71038818359375,489.8800048828125,344.3998107910156
2025-12-17,271.58587646484375,221.27000427246094,296.5112609863281,209.2177734375,311.9690246582031,648.9443969726562,475.0357360839844,170.93075561523438,467.260009765625,343.7012634277344
2025-12-18,271.935546875,226.75999450683594,302.2472229003906,207.2084503173828,310.0079345703125,663.881591796875,482.87786865234375,174.1305694580078,483.3699951171875,345.2979736328125
2025-12-19,273.4141845703125,227.35000610351562,306.9439392089844,205.27871704101562,314.17767333984375,658.2064819335938,484.8134460449219,180.98020935058594,481.20001220703125,348.5312805175781
2025-12-22,270.7166748046875,228.42999267578125,309.56207275390625,206.22369384765625,320.00146484375,660.9341430664062,483.81573486328125,183.6800537109375,488.7300109863281,351.3654479980469
2025-12-23,272.1053771972656,232.13999938964844,314.1288757324219,204.69183349609375,322.8143310546875,664.3711547851562,485.7413330078125,189.19976806640625,485.55999755859375,352.6528015136719
2025-12-24,273.55401611328125,232.3800048828125,313.8690490722656,206.68125915527344,326.02337646484375,666.9789428710938,486.90863037109375,188.59979248046875,485.3999938964844,354.4091796875
2025-12-26,273.1444091796875,232.52000427246094,313.2894592285156,206.5320587158203,324.7754211425781,662.7225952148438,486.599365234375,190.51968383789062,475.19000244140625,354.26947021484375
2025-12-29,273.50408935546875,232.07000732421875,313.33941650390625,206.46241760253906,320.6551818847656,658.1265258789062,485.9907531738281,188.20980834960938,459.6400146484375,353.8802490234375
2025-12-30,272.82470703125,232.52999877929688,313.6292419433594,205.81585693359375,320.3283386230469,665.3803100585938,486.3699035644531,187.52984619140625,454.42999267578125,352.8923034667969
2025-12-31,271.6058349609375,230.82000732421875,312.7798156738281,205.85565185546875,319.1398010253906,659.5253295898438,482.5186767578125,186.4899139404297,449.7200012207031,349.98828125
2026-01-02,270.75665283203125,226.5,314.9283142089844,206.2535400390625,322.36865234375,649.8535766601562,471.8630065917969,188.83978271484375,438.07000732421875,345.7669982910156
2026-01-05,267.0101623535156,233.05999755859375,316.3173522949219,203.22959899902344,330.8468322753906,658.2264404296875,471.773193359375,188.1098175048828,451.6700134277344,353.0719299316406
2026-01-06,262.1147155761719,240.92999267578125,314.1188659667969,203.70706176757812,332.90625,660.0548706054688,477.4203186035156,187.22987365722656,432.9599914550781,356.8241882324219
2026-01-07,260.08660888671875,241.55999755859375,321.7535095214844,206.39279174804688,325.3250732421875,648.1350708007812,482.3690185546875,189.09976196289062,431.4100036621094,355.14764404296875
2026-01-08,258.7978515625,246.2899932861328,325.2110595703125,204.6619873046875,328.11083984375,645.50732421875,477.0212097167969,185.0299835205078,435.79998779296875,351.50518798828125
2026-01-09,259.1275329589844,247.3800048828125,328.3388671875,203.30918884277344,327.5138854980469,652.5013427734375,478.1885681152344,184.84999084472656,445.010009765625,349.0502014160156
2026-01-12,260.0067138671875,246.47000122070312,331.62652587890625,208.6110076904297,322.8377990722656,641.4207763671875,476.09332275390625,184.92999267578125,448.9599914550781,342.4937438964844
2026-01-13,260.8059387207031,242.60000610351562,335.7336730957031,212.5202178955078,309.3169860839844,630.5501708984375,469.5981750488281,185.79994201660156,447.20001220703125,327.2052917480469
2026-01-14,259.71697998046875,236.64999389648438,335.603759765625,217.39430236816406,306.30242919921875,614.9934692382812,458.3338928222656,183.1300811767578,439.20001220703125,328.4926452636719
2026-01-15,257.9685974121094,238.17999267578125,332.5458984375,218.40892028808594,307.68536376953125,620.2689208984375,455.6200866699219,187.03988647460938,438.57000732421875,327.0755310058594
2026-01-16,255.29112243652344,239.1199951171875,329.7678527832031,217.50372314453125,310.8789978027344,619.7194213867188,458.8127746582031,186.21990966796875,437.5,327.6243896484375
2026-01-20,246.46937561035156,231.0,321.77349853515625,217.0561065673828,301.19854736328125,603.6032104492188,453.48492431640625,178.06036376953125,419.25,325.1495056152344
2026-01-21,247.41848754882812,231.30999755859375,328.1490173339844,216.85716247558594,300.50213623046875,612.4356689453125,443.0986328125,183.31008911132812,431.44000244140625,324.6106262207031
2026-01-22,248.1178436279297,234.33999633789062,330.3074951171875,217.33462524414062,302.0840148925781,647.0759887695312,450.1126403808594,184.82998657226562,449.3599853515625,325.6883850097656
2026-01-23,247.80812072753906,239.16000366210938,327.6993103027344,218.97589111328125,296.2041015625,658.1964721679688,464.888916015625,187.6598358154297,449.05999755859375,325.5087585449219
2026-01-26,255.17123413085938,238.4199981689453,333.02557373046875,220.3187713623047,299.5072021484375,671.7847900390625,469.20904541015625,186.4599151611328,435.20001220703125,327.8139953613281
2026-01-27,258.0285339355469,244.67999267578125,334.31463623046875,223.25315856933594,298.7809143066406,672.394287109375,479.485595703125,188.50979614257812,430.8999938964844,324.5906677246094
2026-01-28,256.2002868652344,243.00999450683594,335.7736511230469,226.5158233642578,299.2385559082031,668.1578979492188,480.533203125,191.5096435546875,431.4599914550781,326.30712890625
2026-01-29,258.0385437011719,241.72999572753906,338.0120544433594,226.0880889892578,304.8598327636719,737.6784057617188,432.5128173828125,192.49957275390625,416.55999755859375,331.1171875
2026-01-30,259.2374267578125,239.3000030517578,337.7622375488281,226.0482940673828,304.33251953125,715.8870849609375,429.31011962890625,191.11965942382812,430.4100036621094,321.1676940917969
2026-02-02,269.7575988769531,242.9600067138672,343.4482421875,229.52980041503906,306.5710754394531,705.8056640625,422.4058837890625,185.59996032714844,421.80999755859375,333.15301513671875
2026-02-03,269.22808837890625,238.6199951171875,339.47100830078125,231.86737060546875,313.24688720703125,691.1082763671875,410.2735595703125,180.33023071289062,421.9599914550781,328.25311279296875
2026-02-04,276.23150634765625,232.99000549316406,332.80572509765625,233.23011779785156,315.654541015625,668.417724609375,413.2467956542969,174.18057250976562,406.010009765625,329.2710266113281
2026-02-05,275.6520690917969,222.69000244140625,331.0169677734375,236.53256225585938,308.5807800292969,669.63671875,392.7735290527344,171.87069702148438,397.2099914550781,328.45269775390625
2026-02-06,277.8599853515625,210.32000732421875,322.63287353515625,238.72093200683594,320.7584533691406,660.8941650390625,400.22650146484375,185.39996337890625,411.1099853515625,330.89764404296875
2026-02-09,274.6199951171875,208.72000122070312,324.09185791015625,237.37806701660156,320.4599914550781,676.640625,412.65814208984375,190.0297088623047,417.32000732421875,324.9100036621094
2026-02-10,273.67999267578125,206.9600067138672,318.3558654785156,237.08961486816406,316.659423828125,670.1461791992188,412.328857421875,188.52978515625,425.2099914550781,328.1700134277344
2026-02-11,275.5,204.0800018310547,310.7412414550781,239.58633422851562,309.2374267578125,668.1179809570312,403.4491271972656,190.0397186279297,428.2699890136719,329.239990234375
2026-02-12,261.7300109863281,199.60000610351562,308.7826232910156,243.25682067871094,301.09906005859375,649.254150390625,400.9248962402344,186.9298858642578,417.07000732421875,324.17999267578125
2026-02-13,255.77999877929688,198.7899932861328,305.50494384765625,242.16262817382812,301.0094909667969,639.2227172851562,400.4060974121094,182.80010986328125,417.44000244140625,314.0799865722656
2026-02-17,263.8800048828125,201.14999389648438,301.8075256347656,242.04327392578125,305.5661926269531,638.7431030273438,395.95623779296875,184.95999145507812,410.6300048828125,319.5
2026-02-18,264.3500061035156,204.7899932861328,303.1166076660156,243.6945037841797,307.2077941894531,642.6697387695312,398.69000244140625,187.96981811523438,411.32000732421875,320.29998779296875
2026-02-19,260.5799865722656,204.86000061035156,302.636962890625,245.60433959960938,306.48150634765625,644.2284545898438,398.4599914550781,187.88983154296875,411.7099914550781,318.92999267578125
2026-02-20,264.5799865722656,210.11000061035156,314.7584228515625,241.2077178955078,309.20758056640625,655.09912109375,397.2300109863281,189.8097381591797,411.82000732421875,320.95001220703125
2026-02-23,266.17999267578125,205.27000427246094,311.2708740234375,244.5399932861328,296.1543884277344,636.7048950195312,384.4700012207031,191.53964233398438,399.8299865722656,306.5199890136719
2026-02-24,272.1400146484375,208.55999755859375,310.6813049316406,246.27999877929688,295.7862243652344,638.7531127929688,389.0,192.83956909179688,409.3800048828125,307.2200012207031
2026-02-25,274.2300109863281,210.63999938964844,312.67987060546875,245.1699981689453,301.75567626953125,653.1307983398438,400.6000061035156,195.54940795898438,417.3999938964844,312.989990234375
2026-02-26,272.95001220703125,207.9199981689453,307.1637878417969,243.47000122070312,304.5712890625,656.447998046875,401.7200012207031,184.87998962402344,408.5799865722656,316.70001220703125
2026-02-27,264.17999267578125,210.0,311.54071044921875,248.42999267578125,298.7709655761719,647.62548828125,392.739990234375,177.180419921875,402.510009765625,320.1400146484375
2026-03-02,264.7200012207031,208.38999938964844,306.3043518066406,248.55999755859375,296.044921875,653.0009155273438,398.54998779296875,182.47012329101562,403.32000732421875,320.510009765625
2026-03-03,263.75,208.72999572753906,303.3664245605469,246.75,298.7311706542969,654.5196533203125,403.92999267578125,180.04025268554688,392.42999267578125,320.8299865722656
2026-03-04,262.5199890136719,216.82000732421875,302.9167785644531,245.3000030517578,297.8656311035156,667.1587524414062,405.20001220703125,183.03009033203125,405.94000244140625,320.4700012207031
2026-03-05,260.2900085449219,218.94000244140625,300.6683349609375,239.6300048828125,292.0553283691406,660.0049438476562,410.67999267578125,183.330078125,405.54998779296875,319.79998779296875
2026-03-06,257.4599914550781,213.2100067138672,298.30999755859375,240.39999389648438,288.0060729980469,644.308349609375,408.9599914550781,177.8103790283203,396.7300109863281,317.3599853515625
2026-03-09,259.8800048828125,213.49000549316406,306.3599853515625,242.58999633789062,288.44384765625,646.836181640625,409.4100036621094,182.64010620117188,398.67999267578125,315.9700012207031
2026-03-10,260.8299865722656,214.3300018310547,307.0400085449219,243.7100067138672,287.2598876953125,653.510498046875,405.760009765625,184.760009765625,399.239990234375,314.42999267578125
2026-03-11,260.80999755859375,212.64999389648438,308.70001220703125,242.99000549316406,286.0560302734375,654.2998046875,404.8800048828125,186.02999877929688,407.82000732421875,308.9599914550781
2026-03-12,255.75999450683594,209.52999877929688,303.54998779296875,242.0399932861328,281.44964599609375,637.6340942382812,401.8599853515625,183.13999938964844,395.010009765625,306.5
2026-03-13,250.1199951171875,207.6699981689453,302.2799987792969,241.52000427246094,281.996826171875,613.1849975585938,395.54998779296875,180.25,391.20001220703125,307.1400146484375
2026-03-16,252.82000732421875,211.74000549316406,305.55999755859375,243.19000244140625,284.7029724121094,627.4500122070312,399.95001220703125,183.22000122070312,395.55999755859375,310.1099853515625
2026-03-17,254.22999572753906,215.1999969482422,310.9200134277344,238.11000061035156,285.42926025390625,622.6599731445312,399.4100036621094,181.92999267578125,399.2699890136719,308.4599914550781
2026-03-18,249.94000244140625,209.8699951171875,307.69000244140625,237.27999877929688,286.27490234375,615.6799926757812,391.7900085449219,180.39999389648438,392.7799987792969,299.0199890136719
2026-03-19,248.9600067138672,208.75999450683594,307.1300048828125,237.60000610351562,286.5037536621094,606.7000122070312,389.0199890136719,178.55999755859375,380.29998779296875,299.7099914550781
2026-03-20,247.99000549316406,205.3699951171875,301.0,235.3699951171875,285.1009216308594,593.6599731445312,381.8699951171875,172.6999969482422,367.9599914550781,301.6199951171875
